name,smiles,n_entries,clf_mL_min_kg,log10_clf,clf_ratio,clf_nonlinear,clf_oor,vdf_L_kg,log10_vdf,vdf_oor
norgestrel,C#CC1(O)CCC2C3CCC4=CC(=O)CCC4C3CCC21CC,1,0.3793,-0.4210,1.00,False,False,1.2542,0.0984,False
ethinamate,C#CC1(OC(N)=O)CCCCC1,1,9.5890,0.9818,1.00,False,False,1.8680,0.2714,False
rasagiline,C#CCN[C@@H]1CCc2ccccc21,4,63.0956,1.8000,1.57,False,False,10.4297,1.0183,False
Islatravir,C#C[C@]1(CO)O[C@@H](n2cnc3c(N)nc(F)nc32)C[C@@H]1O,5,6.7689,0.8305,1.24,False,False,31.3518,1.4963,False
etonogestrel,C#C[C@]1(O)CC[C@H]2[C@@H]3CCC4=CC(=O)CC[C@@H]4[C@H]3C(=C)C[C@@]21CC,1,2.8802,0.4594,1.00,False,False,7.6306,0.8826,False
levonorgestrel,C#C[C@]1(O)CC[C@H]2[C@@H]3CCC4=CC(=O)CC[C@@H]4[C@H]3CC[C@@]21CC,2,1.1270,0.0519,1.29,False,False,2.5548,0.4074,False
danazol,C#C[C@]1(O)CC[C@H]2[C@@H]3CCC4=Cc5oncc5C[C@]4(C)[C@H]3CC[C@@]21C,2,135.9967,2.1335,1.36,False,False,133.0840,2.1241,True
3alpha-hydroxytibolone,C#C[C@]1(O)CC[C@H]2[C@@H]3[C@H](C)CC4=C(CC[C@@H](O)C4)[C@H]3CC[C@@]21C,2,11.7535,1.0702,1.15,False,False,6.0430,0.7813,False
3beta-hydroxytibolone,C#C[C@]1(O)CC[C@H]2[C@@H]3[C@H](C)CC4=C(CC[C@H](O)C4)[C@H]3CC[C@@]21C,2,36.0941,1.5574,1.11,False,False,19.0681,1.2803,False
erlotinib,C#Cc1cccc(Nc2ncnc3cc(OCCOC)c(OCCOC)cc23)c1,2,1.4789,0.1699,1.19,False,False,1.6519,0.2180,False
Icotinib,C#Cc1cccc(Nc2ncnc3cc4c(cc23)OCCOCCOCCO4)c1,3,7.2733,0.8617,1.13,False,False,4.2388,0.6272,False
cinnarizine,C(=C/c1ccccc1)\CN1CCN(C(c2ccccc2)c2ccccc2)CC1,1,16.0832,1.2064,1.00,False,False,41.0504,1.6133,False
teriflunomide,C/C(O)=C(\C#N)C(=O)Nc1ccc(C(F)(F)F)cc1,4,0.0068,-2.1655,1.42,False,True,0.1434,-0.8433,False
cyclosporine,C/C=C/C[C@@H](C)[C@@H](O)[C@H]1C(=O)N[C@@H](CC)C(=O)N(C)CC(=O)N(C)[C@@H](CC(C)C)C(=O)N[C@@H](C(C)C)C(=O)N(C)[C@@H](CC(C)C)C(=O)N[C@@H](C)C(=O)N[C@H](C)C(=O)N(C)[C@@H](CC(C)C)C(=O)N(C)[C@@H](CC(C)C)C(=O)N(C)[C@@H](C(C)C)C(=O)N1C,3,12.8294,1.1082,1.66,False,False,7.8309,0.8938,False
huperzine a,C/C=C1\[C@H]2C=C(C)C[C@]1(N)c1ccc(=O)[nH]c1C2,3,2.7193,0.4345,1.47,False,False,2.0729,0.3166,False
perhexiline,C1CCC(C(CC2CCCCN2)C2CCCCC2)CC1,1,34.8432,1.5421,1.00,False,False,34.2097,1.5341,False
rilmenidine,C1COC(NC(C2CC2)C2CC2)=N1,4,7.1066,0.8517,1.52,False,False,4.8180,0.6829,False
methenamine,C1N2CN3CN1CN(C2)C3,1,1.4386,0.1580,1.00,False,False,0.4982,-0.3026,False
cannabidiol,C=C(C)[C@@H]1CCC(C)=C[C@H]1c1c(O)cc(CCCCC)cc1O,4,202.4328,2.3063,3.28,True,True,245.7127,2.3904,True
Bevirimat,C=C(C)[C@@H]1CC[C@]2(C(=O)O)CC[C@]3(C)[C@H](CC[C@@H]4[C@@]5(C)CC[C@H](OC(=O)CC(C)(C)C(=O)O)C(C)(C)[C@@H]5CC[C@]43C)[C@@H]12,4,0.0331,-1.4797,1.63,False,True,0.1828,-0.7381,False
adagrasib,C=C(F)C(=O)N1CCN(c2nc(OC[C@@H]3CCCN3C)nc3c2CCN(c2cccc4cccc(Cl)c24)C3)C[C@@H]1CC#N,1,3.8466,0.5851,1.00,False,False,7.6598,0.8842,False
voclosporin,C=C/C=C/C[C@@H](C)[C@@H](O)[C@H]1C(=O)N[C@@H](CC)C(=O)N(C)CC(=O)N(C)[C@@H](CC(C)C)C(=O)N[C@@H](C(C)C)C(=O)N(C)[C@@H](CC(C)C)C(=O)N[C@@H](C)C(=O)N[C@H](C)C(=O)N(C)[C@@H](CC(C)C)C(=O)N(C)[C@@H](CC(C)C)C(=O)N(C)[C@@H](C(C)C)C(=O)N1C,5,15.4911,1.1901,2.99,False,False,15.4495,1.1889,False
nalmefene,C=C1CC[C@@]2(O)[C@H]3Cc4ccc(O)c5c4[C@@]2(CCN3CC2CC2)[C@H]1O5,6,36.5156,1.5625,1.32,False,False,36.2041,1.5588,False
calcifediol (25-hydroxyvitamin d3),C=C1CC[C@H](O)C/C1=C/C=C1\CCC[C@]2(C)[C@@H]([C@H](C)CCCC(C)(C)O)CC[C@@H]12,1,0.0685,-1.1643,1.00,False,True,0.3594,-0.4444,False
exemestane,C=C1C[C@@H]2[C@H](CC[C@]3(C)C(=O)CC[C@@H]23)[C@@]2(C)C=CC(=O)C=C12,1,155.9235,2.1929,1.00,False,False,328.7894,2.5169,True
Evobrutinib,C=CC(=O)N1CCC(CNc2ncnc(N)c2-c2ccc(Oc3ccccc3)cc2)CC1,6,46.6369,1.6687,1.57,False,False,12.5366,1.0982,False
zanubrutinib,C=CC(=O)N1CCC([C@@H]2CCNc3c(C(N)=O)c(-c4ccc(Oc5ccccc5)cc4)nn32)CC1,3,25.9345,1.4139,1.15,False,False,7.9468,0.9002,False
ibrutinib,C=CC(=O)N1CCC[C@@H](n2nc(-c3ccc(Oc4ccccc4)cc3)c3c(N)ncnc32)C1,4,253.0404,2.4032,3.67,True,True,169.1800,2.2283,True
sotorasib,C=CC(=O)N1CCN(c2nc(=O)n(-c3c(C)ccnc3C(C)C)c3nc(-c4c(O)cccc4F)c(F)cc23)[C@@H](C)C1,3,5.8208,0.7650,2.55,False,False,3.2768,0.5155,False
futibatinib,C=CC(=O)N1CC[C@H](n2nc(C#Cc3cc(OC)cc(OC)c3)c3c(N)ncnc32)C1,2,6.7003,0.8261,1.29,False,False,1.9995,0.3009,False
ritlecitinib,C=CC(=O)N1C[C@H](Nc2ncnc3[nH]ccc23)CC[C@@H]1C,2,16.0413,1.2052,1.30,False,False,,,False
mobocertinib,C=CC(=O)Nc1cc(Nc2ncc(C(=O)OC(C)C)c(-c3cn(C)c4ccccc34)n2)c(OC)cc1N(C)CCN(C)C,5,59.6960,1.7759,2.02,False,False,90.2325,1.9554,True
osimertinib,C=CC(=O)Nc1cc(Nc2nccc(-c3cn(C)c4ccccc34)n2)c(OC)cc1N(C)CCN(C)C,2,5.8120,0.7643,1.07,False,False,30.0413,1.4777,False
Lazertinib,C=CC(=O)Nc1cc(Nc2nccc(-n3cc(CN(C)C)c(-c4ccccc4)n3)n2)c(OC)cc1N1CCOCC1,1,14.0917,1.1490,1.00,False,False,82.9090,1.9186,True
vigabatrin,C=CC(N)CCC(=O)O,4,1.6269,0.2114,1.01,False,False,0.9738,-0.0115,False
cefdinir,C=CC1=C(C(=O)O)N2C(=O)[C@@H](NC(=O)/C(=N\O)c3csc(N)n3)[C@H]2SC1,5,10.1129,1.0049,2.74,False,False,1.3262,0.1226,False
cefixime,C=CC1=C(C(=O)O)N2C(=O)[C@@H](NC(=O)/C(=N\OCC(=O)O)c3csc(N)n3)[C@H]2SC1,7,3.7471,0.5737,3.17,True,False,1.0145,0.0062,False
secobarbital,C=CCC1(C(C)CCC)C(=O)NC(=O)NC1=O,1,0.7014,-0.1541,1.00,False,False,1.7537,0.2440,False
naloxegol,C=CCN1CC[C@]23c4c5ccc(O)c4O[C@H]2[C@@H](OCCOCCOCCOCCOCCOCCOCCOC)CC[C@@]3(O)[C@H]1C5,9,22.4329,1.3509,2.42,False,False,12.0736,1.0818,False
cabergoline,C=CCN1C[C@H](C(=O)N(CCCN(C)C)C(=O)NCC)C[C@@H]2c3cccc4[nH]cc(c34)C[C@H]21,3,117.8533,2.0713,1.52,False,False,,,False
almitrine,C=CCNc1nc(NCC=C)nc(N2CCN(C(c3ccc(F)cc3)c3ccc(F)cc3)CC2)n1,4,6.3784,0.8047,1.80,False,False,34.0286,1.5318,False
oxprenolol,C=CCOc1ccccc1OCC(O)CNC(C)C,4,13.1666,1.1195,1.20,False,False,2.0798,0.3180,False
tacrolimus,C=CC[C@@H]1/C=C(\C)C[C@H](C)C[C@H](OC)[C@H]2O[C@@](O)(C(=O)C(=O)N3CCCC[C@H]3C(=O)O[C@H](/C(C)=C/[C@@H]3CC[C@@H](O)[C@H](OC)C3)[C@H](C)[C@@H](O)CC1=O)[C@H](C)C[C@@H]2OC,3,4.5716,0.6601,1.99,False,False,14.8422,1.1715,False
asunaprevir,C=C[C@@H]1C[C@]1(NC(=O)[C@@H]1C[C@@H](Oc2ncc(OC)c3ccc(Cl)cc23)CN1C(=O)[C@@H](NC(=O)OC(C)(C)C)C(C)(C)C)C(=O)NS(=O)(=O)C1CC1,7,149.5881,2.1749,3.13,True,True,220.9567,2.3443,True
lefamulin,C=C[C@]1(C)C[C@@H](OC(=O)CS[C@@H]2CC[C@@H](N)C[C@H]2O)[C@]2(C)C(C)CC[C@]3(CCC(=O)[C@H]32)[C@@H](C)[C@@H]1O,1,18.5288,1.2678,1.00,False,False,16.2829,1.2117,False
Avoralstat,C=Cc1cc(C(=O)Nc2ccc(C(=N)N)cc2)c(-c2ccc(C(=O)NCC3CC3)nc2C(=O)O)cc1OC,5,158.8441,2.2010,1.97,False,True,98.5358,1.9936,True
acalabrutinib,CC#CC(=O)N1CCC[C@H]1c1nc(-c2ccc(C(=O)Nc3ccccn3)cc2)c2c(N)nccn12,2,44.5405,1.6488,1.14,False,False,8.2888,0.9185,False
Branebrutinib,CC#CC(=O)N[C@H]1CCCN(c2c(F)cc(C(N)=O)c3[nH]c(C)c(C)c23)C1,5,27.3780,1.4374,1.25,False,False,3.6395,0.5610,False
linagliptin,CC#CCn1c(N2CCC[C@@H](N)C2)nc2c1c(=O)n(Cc1nc(C)c3ccccc3n1)c(=O)n2C,4,2.9486,0.4696,2.38,False,False,26.7840,1.4279,False
mifepristone,CC#C[C@]1(O)CC[C@H]2[C@@H]3CCC4=CC(=O)CCC4=C3[C@@H](c3ccc(N(C)C)cc3)C[C@@]21C,3,0.5658,-0.2474,1.92,False,False,1.4230,0.1532,False
acenocoumarol,CC(=O)CC(c1ccc([N+](=O)[O-])cc1)c1c(O)c2ccccc2oc1=O,2,0.6597,-0.1806,1.40,False,False,0.5726,-0.2422,False
warfarin,CC(=O)CC(c1ccccc1)c1c(O)c2ccccc2oc1=O,4,0.0439,-1.3573,1.29,False,True,0.1811,-0.7420,False
pentoxifylline,CC(=O)CCCCn1c(=O)c2c(ncn2C)n(C)c1=O,3,102.2369,2.0096,1.59,False,False,4.7777,0.6792,False
(s)-warfarin,CC(=O)C[C@@H](c1ccccc1)c1c(O)c2ccccc2oc1=O,4,0.1393,-0.8561,1.77,False,False,0.4607,-0.3366,False
(r)-warfarin,CC(=O)C[C@H](c1ccccc1)c1c(O)c2ccccc2oc1=O,4,0.0822,-1.0849,1.26,False,True,0.3472,-0.4594,False
linezolid,CC(=O)NC[C@H]1CN(c2ccc(N3CCOCC3)c(F)c2)C(=O)O1,3,1.3952,0.1447,1.44,False,False,0.6889,-0.1618,False
Sutezolid,CC(=O)NC[C@H]1CN(c2ccc(N3CCSCC3)c(F)c2)C(=O)O1,4,35.2422,1.5471,1.25,False,False,21.1846,1.3260,False
acetylcysteine (n-acetylcysteine),CC(=O)N[C@@H](CS)C(=O)O,1,12.0438,1.0808,1.00,False,False,17.7790,1.2499,False
4-acetylaminoantipyrine,CC(=O)Nc1c(C)n(C)n(-c2ccccc2)c1=O,3,3.2395,0.5105,1.19,False,False,2.5010,0.3981,False
acetaminophen (paracetamol),CC(=O)Nc1ccc(O)cc1,4,5.7700,0.7612,1.54,False,False,1.5693,0.1957,False
trametinib,CC(=O)Nc1cccc(-n2c(=O)n(C3CC3)c(=O)c3c(Nc4ccc(I)cc4F)n(C)c(=O)c(C)c32)c1,1,1.1643,0.0661,1.00,False,False,13.5077,1.1306,False
acetazolamide,CC(=O)Nc1nnc(S(N)(=O)=O)s1,1,0.4672,-0.3305,1.00,False,False,0.3515,-0.4540,False
acetylcarnitine,CC(=O)O[C@H](CC(=O)[O-])C[N+](C)(C)C,1,12.0506,1.0810,1.00,False,False,4.3820,0.6417,False
fusidic acid,CC(=O)O[C@H]1C[C@@]2(C)[C@@H](C[C@@H](O)[C@H]3[C@@]4(C)CC[C@@H](O)[C@@H](C)[C@@H]4CC[C@@]32C)/C1=C(\CCC=C(C)C)C(=O)O,4,0.2379,-0.6236,1.39,False,False,0.2987,-0.5247,False
megestrol acetate,CC(=O)O[C@]1(C(C)=O)CC[C@H]2[C@@H]3C=C(C)C4=CC(=O)CC[C@]4(C)[C@H]3CC[C@@]21C,1,20.1244,1.3037,1.00,False,False,55.7384,1.7462,True
cyproterone acetate,CC(=O)O[C@]1(C(C)=O)CC[C@H]2[C@@H]3C=C(Cl)C4=CC(=O)[C@@H]5C[C@@H]5[C@]4(C)[C@H]3CC[C@@]21C,2,2.7722,0.4428,1.08,False,False,21.5356,1.3332,False
triflusal,CC(=O)Oc1cc(C(F)(F)F)ccc1C(=O)O,3,9.5226,0.9788,1.10,False,False,0.4221,-0.3745,False
acetylsalicylic acid,CC(=O)Oc1ccccc1C(=O)O,4,24.6317,1.3915,1.17,False,False,0.9094,-0.0413,False
spironolactone,CC(=O)S[C@@H]1CC2=CC(=O)CC[C@]2(C)[C@H]2CC[C@@]3(C)[C@@H](CC[C@@]34CCC(=O)O4)[C@H]12,2,169.8729,2.2301,1.15,False,False,31.2100,1.4943,False
dydrogesterone,CC(=O)[C@H]1CC[C@H]2[C@@H]3C=CC4=CC(=O)CC[C@@]4(C)[C@@H]3CC[C@]12C,1,177.5505,2.2493,1.00,False,False,130.6649,2.1162,True
palbociclib,CC(=O)c1c(C)c2cnc(Nc3ccc(N4CCNCC4)cn3)nc2n(C2CCCC2)c1=O,1,18.3887,1.2646,1.00,False,False,39.2691,1.5941,False
flurbiprofen,CC(C(=O)O)c1ccc(-c2ccccc2)c(F)c1,6,0.2969,-0.5275,1.20,False,False,0.1305,-0.8845,False
tiaprofenic acid,CC(C(=O)O)c1ccc(C(=O)c2ccccc2)s1,1,0.5962,-0.2246,1.00,False,False,0.0996,-1.0016,False
suprofen,CC(C(=O)O)c1ccc(C(=O)c2cccs2)cc1,1,1.8245,0.2611,1.00,False,False,,,False
loxoprofen,CC(C(=O)O)c1ccc(CC2CCCC2=O)cc1,1,1.5198,0.1818,1.00,False,False,0.2066,-0.6849,False
carprofen,CC(C(=O)O)c1ccc2c(c1)[nH]c1ccc(Cl)cc12,1,0.4544,-0.3426,1.00,False,False,0.3698,-0.4320,False
benoxaprofen,CC(C(=O)O)c1ccc2oc(-c3ccc(Cl)cc3)nc2c1,3,0.0557,-1.2544,1.27,False,True,0.1606,-0.7942,False
ketoprofen,CC(C(=O)O)c1cccc(C(=O)c2ccccc2)c1,3,1.0185,0.0080,1.28,False,False,0.1712,-0.7666,False
fenoprofen,CC(C(=O)O)c1cccc(Oc2ccccc2)c1,3,0.6716,-0.1729,1.07,False,False,0.1357,-0.8674,False
anastrozole,CC(C)(C#N)c1cc(Cn2cncn2)cc(C(C)(C)C#N)c1,1,0.3135,-0.5038,1.00,False,False,1.0986,0.0409,False
carebastine,CC(C)(C(=O)O)c1ccc(C(=O)CCCN2CCC(OC(c3ccccc3)c3ccccc3)CC2)cc1,3,1.3321,0.1245,1.04,False,False,1.8166,0.2593,False
fexofenadine,CC(C)(C(=O)O)c1ccc(C(O)CCCN2CCC(C(O)(c3ccccc3)c3ccccc3)CC2)cc1,14,8.8272,0.9458,1.86,False,False,9.0436,0.9563,False
pivmecillinam,CC(C)(C)C(=O)OCOC(=O)[C@@H]1N2C(=O)[C@@H](N=CN3CCCCCC3)[C@H]2SC1(C)C,3,658548.9349,5.8186,4.23,True,True,,,False
stiripentol,CC(C)(C)C(O)/C=C/c1ccc2c(c1)OCO2,3,8.1455,0.9109,2.44,False,False,4.4030,0.6438,False
Icapamespib,CC(C)(C)CNCCn1c(Sc2cc3c(cc2I)OCO3)nc2c(N)ncnc21,3,16.4004,1.2149,1.62,False,False,2.8559,0.4557,False
boceprevir,CC(C)(C)NC(=O)N[C@H](C(=O)N1C[C@H]2[C@@H]([C@H]1C(=O)NC(CC1CCC1)C(=O)C(N)=O)C2(C)C)C(C)(C)C,1,47.1476,1.6735,1.00,False,False,30.3296,1.4819,False
indinavir,CC(C)(C)NC(=O)[C@@H]1CN(Cc2cccnc2)CCN1C[C@@H](O)C[C@@H](Cc1ccccc1)C(=O)N[C@H]1c2ccccc2C[C@H]1O,4,14.2779,1.1547,2.16,False,False,2.1521,0.3329,False
saquinavir,CC(C)(C)NC(=O)[C@@H]1C[C@@H]2CCCC[C@@H]2CN1C[C@@H](O)[C@H](Cc1ccccc1)NC(=O)[C@H](CC(N)=O)NC(=O)c1ccc2ccccc2n1,1,2371.4665,3.3750,1.00,False,True,1899.2264,3.2786,True
finasteride,CC(C)(C)NC(=O)[C@H]1CC[C@H]2[C@@H]3CC[C@H]4NC(=O)C=C[C@]4(C)[C@H]3CC[C@]12C,3,4.1346,0.6164,1.70,False,False,1.9582,0.2919,False
carteolol,CC(C)(C)NCC(O)COc1cccc2c1CCC(=O)N2,2,9.3170,0.9693,1.65,False,False,5.0585,0.7040,False
nadolol,CC(C)(C)NCC(O)COc1cccc2c1C[C@H](O)[C@H](O)C2,2,8.4337,0.9260,1.09,False,False,11.6020,1.0645,False
salbutamol (albuterol),CC(C)(C)NCC(O)c1ccc(O)c(CO)c1,2,14.3706,1.1575,1.03,False,False,5.4303,0.7348,False
penbutolol,CC(C)(C)NC[C@H](O)COc1ccccc1C1CCCC1,1,16.8265,1.2260,1.00,False,False,2.2581,0.3537,False
timolol,CC(C)(C)NC[C@H](O)COc1nsnc1N1CCOCC1,4,13.7866,1.1395,1.27,False,False,3.2417,0.5108,False
glecaprevir,CC(C)(C)[C@@H]1NC(=O)O[C@@H]2CCC[C@H]2OC/C=C/C(F)(F)c2nc3ccccc3nc2O[C@@H]2C[C@@H](C(=O)N[C@]3(C(=O)NS(=O)(=O)C4(C)CC4)C[C@H]3C(F)F)N(C2)C1=O,1,173.1602,2.2384,1.00,False,False,106.4448,2.0271,True
ivacaftor,CC(C)(C)c1cc(C(C)(C)C)c(NC(=O)c2c[nH]c3ccccc3c2=O)cc1O,1,3.2646,0.5138,1.00,False,False,2.0124,0.3037,False
ebastine,CC(C)(C)c1ccc(C(=O)CCCN2CCC(OC(c3ccccc3)c3ccccc3)CC2)cc1,2,494.9214,2.6945,2.09,False,True,428.1218,2.6316,True
terfenadine,CC(C)(C)c1ccc(C(O)CCCN2CCC(C(O)(c3ccccc3)c3ccccc3)CC2)cc1,2,870.3049,2.9397,1.23,False,True,1265.2786,3.1022,True
Vercirnon,CC(C)(C)c1ccc(S(=O)(=O)Nc2ccc(Cl)cc2C(=O)c2cc[n+]([O-])cc2)cc1,3,8.3919,0.9239,1.62,False,False,11.6728,1.0672,False
dabrafenib,CC(C)(C)c1nc(-c2cccc(NS(=O)(=O)c3c(F)cccc3F)c2F)c(-c2ccnc(N)n2)s1,3,3.5506,0.5503,1.20,False,False,2.5108,0.3998,False
bempedoic acid,CC(C)(CCCCCC(O)CCCCCC(C)(C)C(=O)O)C(=O)O,6,0.3842,-0.4155,11.48,True,False,0.4299,-0.3666,False
Odanacatib,CC(C)(F)C[C@H](N[C@@H](c1ccc(-c2ccc(S(C)(=O)=O)cc2)cc1)C(F)(F)F)C(=O)NC1(C#N)CC1,2,0.4397,-0.3569,2.35,False,False,3.2411,0.5107,False
macimorelin,CC(C)(N)C(=O)N[C@H](Cc1c[nH]c2ccccc12)C(=O)N[C@H](Cc1c[nH]c2ccccc12)NC=O,5,352.4532,2.5471,1.99,False,True,151.9586,2.1817,True
naldemedine,CC(C)(NC(=O)C1=C(O)[C@@H]2Oc3c(O)ccc4c3[C@@]23CCN(CC2CC2)[C@H](C4)[C@]3(O)C1)c1nc(-c2ccccc2)no1,8,2.0401,0.3096,1.25,False,False,1.3737,0.1379,False
Venglustat,CC(C)(NC(=O)O[C@@H]1CN2CCC1CC2)c1csc(-c2ccc(F)cc2)n1,7,1.7823,0.2510,1.25,False,False,4.4604,0.6494,False
2-hydroxyflutamide,CC(C)(O)C(=O)Nc1ccc([N+](=O)[O-])c(C(F)(F)F)c1,2,5.9125,0.7718,1.43,False,False,4.4803,0.6513,False
enasidenib,CC(C)(O)CNc1nc(Nc2ccnc(C(F)(F)F)c2)nc(-c2cccc(C(F)(F)F)n2)n1,3,0.5132,-0.2897,1.39,False,False,1.0681,0.0286,False
Mavatrep,CC(C)(O)c1ccccc1-c1ccc2nc(/C=C/c3ccc(C(F)(F)F)cc3)[nH]c2c1,3,0.6866,-0.1633,1.28,False,False,5.3404,0.7276,False
fenofibric acid,CC(C)(Oc1ccc(C(=O)c2ccc(Cl)cc2)cc1)C(=O)O,3,0.2653,-0.5763,1.53,False,False,0.4138,-0.3832,False
ciprofibrate,CC(C)(Oc1ccc(C2CC2(Cl)Cl)cc1)C(=O)O,1,0.0174,-1.7600,1.00,False,True,0.1219,-0.9141,False
bezafibrate,CC(C)(Oc1ccc(CCNC(=O)c2ccc(Cl)cc2)cc1)C(=O)O,2,1.9780,0.2962,1.12,False,False,0.3533,-0.4519,False
clofibric acid,CC(C)(Oc1ccc(Cl)cc1)C(=O)O,3,0.0925,-1.0337,1.23,False,True,0.1317,-0.8804,False
Verinurad,CC(C)(Sc1ccncc1-c1ccc(C#N)c2ccccc12)C(=O)O,4,9.1091,0.9595,1.41,False,False,9.1109,0.9596,False
vitamin e (delta-tocotrienol),CC(C)=CCC/C(C)=C/CC/C(C)=C/CC[C@]1(C)CCc2cc(O)cc(C)c2O1,8,9.8255,0.9924,10.58,True,False,2.6255,0.4192,False
pentazocine,CC(C)=CCN1CCC2(C)c3cc(O)ccc3CC1C2C,1,111.4313,2.0470,1.00,False,False,27.9784,1.4468,False
flutamide,CC(C)C(=O)Nc1ccc([N+](=O)[O-])c(C(F)(F)F)c1,1,617.4669,2.7906,1.00,False,True,,,False
Isobutyramide,CC(C)C(N)=O,1,1.1210,0.0496,1.00,False,False,0.6697,-0.1741,False
sibutramine,CC(C)CC(N(C)C)C1(c2ccc(Cl)cc2)CCC1,1,343.4066,2.5358,1.00,False,True,285.4289,2.4555,True
amprenavir,CC(C)CN(C[C@@H](O)[C@H](Cc1ccccc1)NC(=O)O[C@H]1CCOC1)S(=O)(=O)c1ccc(N)cc1,5,7.1414,0.8538,1.46,False,False,4.9723,0.6966,False
pimavanserin,CC(C)COc1ccc(CNC(=O)N(Cc2ccc(F)cc2)C2CCN(C)CC2)cc1,3,7.2224,0.8587,1.47,False,False,35.1713,1.5462,False
pregabalin,CC(C)C[C@H](CN)CC(=O)O,10,1.0510,0.0216,1.29,False,False,0.5222,-0.2822,False
ixazomib,CC(C)C[C@H](NC(=O)CNC(=O)c1cc(Cl)ccc1Cl)B(O)O,1,0.7440,-0.1284,1.00,False,False,12.1753,1.0855,False
bromocriptine,CC(C)C[C@H]1C(=O)N2CCC[C@H]2[C@]2(O)O[C@](NC(=O)[C@@H]3C=C4c5cccc6[nH]c(Br)c(c56)C[C@H]4N(C)C3)(C(C)C)C(=O)N12,2,283.2637,2.4522,1.30,False,True,155.4854,2.1917,True
dihydro-alpha-ergocryptine (alpha-dihydroergocryptine),CC(C)C[C@H]1C(=O)N2CCC[C@H]2[C@]2(O)O[C@](NC(=O)[C@@H]3C[C@@H]4c5cccc6[nH]cc(c56)C[C@H]4N(C)C3)(C(C)C)C(=O)N12,2,4309.9897,3.6345,2.01,False,True,1500.5458,3.1762,True
ibuprofen,CC(C)Cc1ccc(C(C)C(=O)O)cc1,2,0.8306,-0.0806,1.02,False,False,0.1405,-0.8524,False
dexibuprofen,CC(C)Cc1ccc([C@H](C)C(=O)O)cc1,1,0.8835,-0.0538,1.00,False,False,0.1377,-0.8611,False
disopyramide,CC(C)N(CCC(C(N)=O)(c1ccccc1)c1ccccn1)C(C)C,1,0.7989,-0.0975,1.00,False,False,0.4745,-0.3238,False
selexipag,CC(C)N(CCCCOCC(=O)NS(C)(=O)=O)c1cnc(-c2ccccc2)c(-c2ccccc2)n1,5,6.7370,0.8285,1.58,False,False,0.6905,-0.1608,False
act-333679,CC(C)N(CCCCOCC(=O)O)c1cnc(-c2ccccc2)c(-c2ccccc2)n1,5,1.8630,0.2702,1.15,False,False,1.6776,0.2247,False
pramiracetam,CC(C)N(CCNC(=O)CN1CCCC1=O)C(C)C,4,4.5382,0.6569,1.09,False,False,2.0119,0.3036,False
5-hmt,CC(C)N(CC[C@H](c1ccccc1)c1cc(CO)ccc1O)C(C)C,3,37.6851,1.5762,1.12,False,False,26.7880,1.4279,False
clofazimine,CC(C)N=c1cc2n(-c3ccc(Cl)cc3)c3ccccc3nc-2cc1Nc1ccc(Cl)cc1,1,5.7155,0.7571,1.00,False,False,,,False
proguanil,CC(C)NC(=N)NC(=N)Nc1ccc(Cl)cc1,1,12.4576,1.0954,1.00,False,False,16.9175,1.2283,False
belumosudil,CC(C)NC(=O)COc1cccc(-c2nc(Nc3ccc4[nH]ncc4c3)c3ccccc3n2)c1,2,5.9828,0.7769,1.14,False,False,4.8797,0.6884,False
atenolol,CC(C)NCC(O)COc1ccc(CC(N)=O)cc1,3,4.5994,0.6627,1.12,False,False,2.5739,0.4106,False
betaxolol,CC(C)NCC(O)COc1ccc(CCOCC2CC2)cc1,3,4.5542,0.6584,1.07,False,False,6.2146,0.7934,False
bisoprolol,CC(C)NCC(O)COc1ccc(COCCOC(C)C)cc1,4,4.4084,0.6443,1.03,False,False,3.9997,0.6020,False
propranolol,CC(C)NCC(O)COc1cccc2ccccc12,4,47.0328,1.6724,2.04,False,False,15.1615,1.1807,False
oxamniquine,CC(C)NCC1CCc2cc(CO)c([N+](=O)[O-])cc2N1,1,22.8970,1.3598,1.00,False,False,3.5485,0.5500,False
d-sotalol ((+)-sotalol),CC(C)NC[C@@H](O)c1ccc(NS(C)(=O)=O)cc1,4,2.1402,0.3304,1.20,False,False,1.5535,0.1913,False
maribavir,CC(C)Nc1nc2cc(Cl)c(Cl)cc2n1[C@H]1O[C@@H](CO)[C@H](O)[C@@H]1O,6,1.1178,0.0484,1.65,False,False,0.3599,-0.4438,False
tenofovir alafenamide,CC(C)OC(=O)[C@H](C)N[P@](=O)(CO[C@H](C)Cn1cnc2c(N)ncnc21)Oc1ccccc1,1,39.1167,1.5924,1.00,False,False,1.3716,0.1372,False
sofosbuvir,CC(C)OC(=O)[C@H](C)N[P@](=O)(OC[C@H]1O[C@@H](n2ccc(=O)[nH]c2=O)[C@](C)(F)[C@@H]1O)Oc1ccccc1,2,115.3425,2.0620,1.06,False,False,4.2895,0.6324,False
ozanimod,CC(C)Oc1ccc(-c2nc(-c3cccc4c3CC[C@@H]4NCCO)no2)cc1C#N,5,52.1812,1.7175,1.70,False,False,83.1555,1.9199,True
dihydrotachysterol,CC(C)[C@@H](C)/C=C/[C@@H](C)[C@H]1CC[C@H]2/C(=C/C=C3\C[C@@H](O)CC[C@@H]3C)CCC[C@]12C,1,1.2179,0.0856,1.00,False,False,0.6959,-0.1574,False
ibrexafungerp,CC(C)[C@@H](C)[C@@]1(C)CC[C@]2(C)[C@H]3CC[C@@H]4[C@@]5(COC[C@@]4(C)[C@@H](OC[C@](C)(N)C(C)(C)C)[C@H](n4ncnc4-c4ccncc4)C5)C3=CC[C@@]2(C)[C@@H]1C(=O)O,3,16.0441,1.2053,1.34,False,False,27.4649,1.4388,False
dihydroergocristine,CC(C)[C@@]1(NC(=O)[C@@H]2C[C@@H]3c4cccc5[nH]cc(c45)C[C@H]3N(C)C2)O[C@@]2(O)[C@@H]3CCCN3C(=O)[C@H](Cc3ccccc3)N2C1=O,1,8928.5714,3.9508,1.00,False,True,2705.6277,3.4323,True
Semagacestat,CC(C)[C@H](O)C(=O)N[C@@H](C)C(=O)N[C@@H]1C(=O)N(C)CCc2ccccc21,1,4.6232,0.6649,1.00,False,False,1.0407,0.0173,False
nateglinide,CC(C)[C@H]1CC[C@H](C(=O)N[C@H](Cc2ccccc2)C(=O)O)CC1,2,2.0482,0.3114,1.01,False,False,0.2500,-0.6021,False
propantheline,CC(C)[N+](C)(CCOC(=O)C1c2ccccc2Oc2ccccc21)C(C)C,2,98.9761,1.9955,1.00,False,False,13.2825,1.1233,False
atorvastatin,CC(C)c1c(C(=O)Nc2ccccc2)c(-c2ccccc2)c(-c2ccc(F)cc2)n1CC[C@@H](O)C[C@@H](O)CC(=O)O,3,101.3532,2.0058,1.32,False,False,75.3005,1.8768,True
cobicistat (gs-9350),CC(C)c1nc(CN(C)C(=O)N[C@@H](CCN2CCOCC2)C(=O)N[C@H](CC[C@H](Cc2ccccc2)NC(=O)OCc2cncs2)Cc2ccccc2)cs1,5,8.0002,0.9031,20.52,True,False,2.2833,0.3586,False
ritonavir,CC(C)c1nc(CN(C)C(=O)N[C@H](C(=O)N[C@@H](Cc2ccccc2)C[C@H](O)[C@H](Cc2ccccc2)NC(=O)OCc2cncs2)C(C)C)cs1,2,1.1634,0.0657,2.32,False,False,0.5086,-0.2936,False
rosuvastatin,CC(C)c1nc(N(C)S(C)(=O)=O)nc(-c2ccc(F)cc2)c1/C=C/[C@@H](O)C[C@@H](O)CC(=O)O,4,15.1299,1.1798,1.62,False,False,19.4280,1.2884,False
fluvastatin,CC(C)n1c(/C=C/C(O)CC(O)CC(=O)O)c(-c2ccc(F)cc2)c2ccccc21,4,22.4289,1.3508,3.69,True,False,4.1339,0.6164,False
mavacamten,CC(C)n1c(=O)cc(N[C@@H](C)c2ccccc2)[nH]c1=O,2,0.3233,-0.4904,1.21,False,False,3.6788,0.5657,False
voxelotor,CC(C)n1nccc1-c1ncccc1COc1cccc(O)c1C=O,7,1.4796,0.1701,1.67,False,False,9.2135,0.9644,False
labetalol,CC(CCc1ccccc1)NCC(O)c1ccc(O)c(C(N)=O)c1,3,108.1909,2.0342,1.35,False,False,32.8483,1.5165,False
trimipramine,CC(CN(C)C)CN1c2ccccc2CCc2ccccc21,2,64.7393,1.8112,1.03,False,False,70.2232,1.8465,True
alimemazine,CC(CN(C)C)CN1c2ccccc2Sc2ccccc21,1,81.8900,1.9132,1.00,False,False,85.5768,1.9324,True
promethazine,CC(CN1c2ccccc2Sc2ccccc21)N(C)C,1,32.9772,1.5182,1.00,False,False,53.1061,1.7251,True
phenylpropanolamine,CC(N)C(O)c1ccccc1,3,9.7695,0.9899,1.08,False,False,3.3903,0.5302,False
rimantadine,CC(N)C12CC3CC(CC(C3)C1)C2,2,6.1567,0.7893,1.40,False,False,15.1009,1.1790,False
pinacidil,CC(N/C(=N/c1ccncc1)NC#N)C(C)(C)C,1,14.3673,1.1574,1.00,False,False,2.5376,0.4044,False
bupropion,CC(NC(C)(C)C)C(=O)c1cccc(Cl)c1,5,36.9609,1.5677,1.16,False,False,34.7525,1.5410,False
bicalutamide,CC(O)(CS(=O)(=O)c1ccc(F)cc1)C(=O)Nc1ccc(C#N)c(C(F)(F)F)c1,2,0.0601,-1.2212,1.28,False,True,0.8427,-0.0743,False
Tecarfarin,CC(OC(=O)c1ccc(Cc2c(O)c3ccccc3oc2=O)cc1)(C(F)(F)F)C(F)(F)F,11,1.3888,0.1426,3.28,True,False,4.1870,0.6219,False
lofexidine,CC(Oc1c(Cl)cccc1Cl)C1=NCCN1,3,7.6928,0.8861,1.57,False,False,8.7027,0.9397,False
tiopronin,CC(S)C(=O)NCC(=O)O,1,2.3502,0.3711,1.00,False,False,10.6073,1.0256,False
zileuton,CC(c1cc2ccccc2s1)N(O)C(N)=O,4,8.6723,0.9381,1.05,False,False,1.8059,0.2567,False
muzolimine,CC(c1ccc(Cl)c(Cl)c1)N1N=C(N)CC1=O,1,3.4014,0.5317,1.00,False,False,3.9756,0.5994,False
gepirone,CC1(C)CC(=O)N(CCCCN2CCN(c3ncccn3)CC2)C(=O)C1,1,86.1727,1.9354,1.00,False,False,21.9349,1.3411,False
palovarotene,CC1(C)CCC(C)(C)c2cc(Cn3cccn3)c(/C=C/c3ccc(C(=O)O)cc3)cc21,3,5.0351,0.7020,1.04,False,False,4.9969,0.6987,False
venetoclax,CC1(C)CCC(CN2CCN(c3ccc(C(=O)NS(=O)(=O)c4ccc(NCC5CCOCC5)c([N+](=O)[O-])c4)c(Oc4cnc5[nH]ccc5c4)c3)CC2)=C(c2ccc(Cl)cc2)C1,1,10.7492,1.0314,1.00,False,False,13.8204,1.1405,False
Lapachone,CC1(C)CCC2=C(O1)c1ccccc1C(=O)C2=O,6,658.2998,2.8184,5.74,True,True,967.1025,2.9855,True
omaveloxolone,CC1(C)CC[C@]2(NC(=O)C(C)(F)F)CC[C@]3(C)[C@H](C(=O)C=C4[C@@]5(C)C=C(C#N)C(=O)C(C)(C)[C@@H]5CC[C@]43C)[C@@H]2C1,1,23.0712,1.3631,1.00,False,False,173.5836,2.2395,True
nilutamide,CC1(C)NC(=O)N(c2ccc([N+](=O)[O-])c(C(F)(F)F)c2)C1=O,3,0.8831,-0.0540,1.12,False,False,3.4864,0.5424,False
Acoziborole,CC1(C)OB(O)c2cc(NC(=O)c3ccc(F)cc3C(F)(F)F)ccc21,14,0.0214,-1.6703,4.80,True,True,0.6143,-0.2116,False
dimethadione,CC1(C)OC(=O)NC1=O,3,0.0140,-1.8547,1.65,False,True,0.2421,-0.6161,False
topiramate,CC1(C)O[C@@H]2[C@@H](CO[C@@]3(COS(N)(=O)=O)OC(C)(C)O[C@@H]23)O1,5,0.3794,-0.4209,1.66,False,False,0.6987,-0.1557,False
mecillinam,CC1(C)S[C@@H]2[C@H](N=CN3CCCCCC3)C(=O)N2[C@H]1C(=O)O,3,9.6952,0.9866,1.50,False,False,1.1148,0.0472,False
cyclacillin,CC1(C)S[C@@H]2[C@H](NC(=O)C3(N)CCCCC3)C(=O)N2[C@H]1C(=O)O,5,6.1640,0.7899,2.31,False,False,0.3898,-0.4091,False
phenoxymethylpenicillin,CC1(C)S[C@@H]2[C@H](NC(=O)COc3ccccc3)C(=O)N2[C@H]1C(=O)O,4,14.1573,1.1510,1.30,False,False,0.9671,-0.0145,False
amoxicillin,CC1(C)S[C@@H]2[C@H](NC(=O)[C@H](N)c3ccc(O)cc3)C(=O)N2[C@H]1C(=O)O,6,5.6068,0.7487,1.83,False,False,0.7098,-0.1489,False
ampicillin,CC1(C)S[C@@H]2[C@H](NC(=O)[C@H](N)c3ccccc3)C(=O)N2[C@H]1C(=O)O,4,9.6056,0.9825,1.33,False,False,1.0131,0.0057,False
memantine,CC12CC3CC(C)(C1)CC(N)(C3)C2,3,2.4367,0.3868,1.17,False,False,13.5302,1.1313,False
beta carotene,CC1=C(/C=C/C(C)=C/C=C/C(C)=C/C=C/C=C(C)/C=C/C=C(C)/C=C/C2=C(C)CCCC2(C)C)C(C)(C)CCC1,3,1.1444,0.0586,1.47,False,False,,,False
isotretinoin,CC1=C(/C=C/C(C)=C/C=C/C(C)=C\C(=O)O)C(C)(C)CCC1,2,2.7186,0.4343,1.34,False,False,4.9045,0.6906,False
alitretinoin (9-cis-retinoic acid),CC1=C(/C=C/C(C)=C\C=C\C(C)=C\C(=O)O)C(C)(C)CCC1,6,22.1203,1.3448,1.44,False,False,4.4663,0.6500,False
cefradine,CC1=C(C(=O)O)N2C(=O)[C@@H](NC(=O)[C@H](N)C3=CCC=CC3)[C@H]2SC1,2,4.4884,0.6521,1.28,False,False,0.3779,-0.4226,False
cefadroxil,CC1=C(C(=O)O)N2C(=O)[C@@H](NC(=O)[C@H](N)c3ccc(O)cc3)[C@H]2SC1,3,2.4028,0.3807,1.16,False,False,0.3330,-0.4775,False
cephalexin,CC1=C(C(=O)O)N2C(=O)[C@@H](NC(=O)[C@H](N)c3ccccc3)[C@H]2SC1,3,4.0993,0.6127,1.06,False,False,0.3782,-0.4223,False
Azelnidipine,CC1=C(C(=O)OC(C)C)C(c2cccc([N+](=O)[O-])c2)C(C(=O)OC2CN(C(c3ccccc3)c3ccccc3)C2)=C(N)N1,2,9.5361,0.9794,1.15,False,False,19.1113,1.2813,False
sulindac,CC1=C(CC(=O)O)c2cc(F)ccc2/C1=C\c1ccc([S+](C)[O-])cc1,3,1.8781,0.2737,1.74,False,False,0.6349,-0.1973,False
sulindac sulfone,CC1=C(CC(=O)O)c2cc(F)ccc2C1=Cc1ccc(S(C)(=O)=O)cc1,2,1.0861,0.0359,1.71,False,False,1.0647,0.0272,False
lutein,CC1=C[C@H](O)CC(C)(C)[C@H]1/C=C/C(C)=C/C=C/C(C)=C/C=C/C=C(C)/C=C/C=C(C)/C=C/C1=C(C)C[C@@H](O)CC1(C)C,1,0.1618,-0.7910,1.00,False,False,,,False
eltrombopag,CC1=NN(c2ccc(C)c(C)c2)C(=O)/C1=N\Nc1cccc(-c2cccc(C(=O)O)c2)c1O,3,0.1748,-0.7575,1.06,False,False,0.3510,-0.4547,False
edaravone,CC1=NN(c2ccccc2)C(=O)C1,6,12.9328,1.1117,3.33,True,False,6.2967,0.7991,False
diazoxide,CC1=NS(=O)(=O)c2cc(Cl)ccc2N1,1,0.1035,-0.9850,1.00,False,False,0.2420,-0.6162,False
21-desacetyldeflazacort,CC1=N[C@]2(C(=O)CO)[C@@H](C[C@H]3[C@@H]4CCC5=CC(=O)C=C[C@]5(C)[C@H]4[C@@H](O)C[C@@]32C)O1,4,21.5806,1.3341,1.38,False,False,3.5904,0.5551,False
nifurtimox,CC1CS(=O)(=O)CCN1/N=C/c1ccc([N+](=O)[O-])o1,1,37.8190,1.5777,1.00,False,False,9.6594,0.9850,False
indapamide,CC1Cc2ccccc2N1NC(=O)c1ccc(Cl)c(S(N)(=O)=O)c1,2,0.2966,-0.5278,1.22,False,False,0.4266,-0.3699,False
cevimeline (sni-2011),CC1O[C@@]2(CS1)CN1CCC2CC1,1,0.0137,-1.8621,1.00,False,True,0.0049,-2.3130,True
cefprozil,CC=CC1=C(C(=O)O)N2C(=O)[C@@H](NC(=O)[C@H](N)c3ccc(O)cc3)[C@H]2SC1,2,3.9940,0.6014,1.01,False,False,0.4382,-0.3584,False
methadone,CCC(=O)C(CC(C)N(C)C)(c1ccccc1)c1ccccc1,1,1.9093,0.2809,1.00,False,False,5.3643,0.7295,False
alfentanil,CCC(=O)N(c1ccccc1)C1(COC)CCN(CCn2nnn(CC)c2=O)CC1,5,11.6425,1.0660,1.29,False,False,1.1230,0.0504,False
leniolisib,CCC(=O)N1CC[C@H](Nc2ncnc3c2CN(c2cnc(OC)c(C(F)(F)F)c2)CC3)C1,1,0.9035,-0.0441,1.00,False,False,0.3755,-0.4254,False
tasimelteon,CCC(=O)NC[C@@H]1C[C@H]1c1cccc2c1CCO2,2,12.3211,1.0907,1.11,False,False,1.3375,0.1263,False
dextropropoxyphene,CCC(=O)O[C@](Cc1ccccc1)(c1ccccc1)[C@H](C)CN(C)C,1,37.7468,1.5769,1.00,False,False,45.5903,1.6589,False
beclomethasone 17-monopropionate,CCC(=O)O[C@]1(C(=O)CO)[C@@H](C)C[C@H]2[C@@H]3CCC4=CC(=O)C=C[C@]4(C)[C@@]3(Cl)[C@@H](O)C[C@@]21C,1,93.7383,1.9719,1.00,False,False,71.4196,1.8538,True
simvastatin acid,CCC(C)(C)C(=O)O[C@H]1C[C@@H](C)C=C2C=C[C@H](C)[C@H](CC[C@@H](O)C[C@@H](O)CC(=O)O)[C@H]21,3,380.0732,2.5799,1.27,False,True,172.4400,2.2366,True
simvastatin,CCC(C)(C)C(=O)O[C@H]1C[C@@H](C)C=C2C=C[C@H](C)[C@H](CC[C@@H]3C[C@@H](O)CC(=O)O3)[C@H]21,3,254.2800,2.4053,1.67,False,True,123.8245,2.0928,True
Dalcetrapib,CCC(CC)CC1(C(=O)Nc2ccccc2SC(=O)C(C)C)CCCCC1,5,10.1165,1.0050,1.43,False,False,16.9085,1.2281,False
oseltamivir acid,CCC(CC)O[C@@H]1C=C(C(=O)O)C[C@H](N)[C@H]1NC(C)=O,6,6.9544,0.8423,1.51,False,False,4.3229,0.6358,False
methysergide,CCC(CO)NC(=O)[C@@H]1C=C2c3cccc4c3c(cn4C)C[C@H]2N(C)C1,1,143.4309,2.1566,1.00,False,False,12.7908,1.1069,False
benzoic acid,CCC(COC(=O)c1cc(OC)c(OC)c(OC)c1)(NC)c1ccccc1,5,8.6504,0.9370,1.27,False,False,7.4398,0.8716,False
trimebutine,CCC(COC(=O)c1cc(OC)c(OC)c(OC)c1)(c1ccccc1)N(C)C,5,800.5417,2.9034,1.89,False,True,446.5966,2.6499,True
phenprocoumon,CCC(c1ccccc1)c1c(O)c2ccccc2oc1=O,3,0.0137,-1.8630,1.51,False,True,0.1420,-0.8476,False
ponesimod,CCC/N=C1\S/C(=C\c2ccc(OC[C@H](O)CO)c(Cl)c2)C(=O)N1c1ccccc1C,7,1.9312,0.2858,2.02,False,False,4.8509,0.6858,False
ethosuximide,CCC1(C)CC(=O)NC1=O,1,0.1427,-0.8456,1.00,False,False,0.5917,-0.2279,False
methyprylon,CCC1(CC)C(=O)NCC(C)C1=O,1,1.0421,0.0179,1.00,False,False,0.8301,-0.0809,False
aminoglutethimide,CCC1(c2ccc(N)cc2)CCC(=O)NC1=O,1,1.2317,0.0905,1.00,False,False,1.3235,0.1217,False
phenobarbital,CCC1(c2ccccc2)C(=O)NC(=O)NC1=O,3,0.0546,-1.2626,1.35,False,True,0.6065,-0.2172,False
primidone,CCC1(c2ccccc2)C(=O)NCNC1=O,1,0.5575,-0.2537,1.00,False,False,0.8133,-0.0897,False
glimepiride,CCC1=C(C)CN(C(=O)NCCc2ccc(S(=O)(=O)NC(=O)N[C@H]3CC[C@H](C)CC3)cc2)C1=O,5,0.3774,-0.4232,1.39,False,False,0.2457,-0.6097,False
vinorelbine,CCC1=C[C@@H]2CN(C1)Cc1c([nH]c3ccccc13)[C@@](C(=O)OC)(c1cc3c(cc1OC)N(C)[C@H]1[C@@](O)(C(=O)OC)[C@H](OC(C)=O)[C@]4(CC)C=CCN5CC[C@]31[C@@H]54)C2,1,26.2047,1.4184,1.00,False,False,90.6387,1.9573,True
Mirogabalin,CCC1=C[C@@H]2[C@H](C1)C[C@]2(CN)CC(=O)O,6,3.9338,0.5948,1.18,False,False,1.2157,0.0848,False
acebutolol,CCCC(=O)Nc1ccc(OCC(O)CNC(C)C)c(C(C)=O)c1,1,22.2519,1.3474,1.00,False,False,7.7063,0.8868,False
carisoprodol,CCCC(C)(COC(N)=O)COC(=O)NC(C)C,2,13.6690,1.1357,1.16,False,False,2.0361,0.3088,False
meprobamate,CCCC(C)(COC(N)=O)COC(N)=O,1,0.7595,-0.1195,1.00,False,False,0.7121,-0.1474,False
valproic acid,CCCC(CCC)C(=O)O,1,0.0899,-1.0462,1.00,False,True,0.0973,-1.0118,False
valsartan,CCCCC(=O)N(Cc1ccc(-c2ccccc2-c2nn[nH]n2)cc1)[C@H](C(=O)O)C(C)C,2,1.5760,0.1975,1.37,False,False,0.7873,-0.1038,False
misoprostol acid,CCCCC(C)(O)C/C=C/[C@H]1[C@H](O)CC(=O)[C@@H]1CCCCCCC(=O)O,3,121.5723,2.0848,2.70,False,True,8.3266,0.9205,False
odevixibat,CCCCC1(CCCC)CN(c2ccccc2)c2cc(SC)c(OCC(=O)N[C@@H](C(=O)N[C@@H](CC)C(=O)O)c3ccc(O)cc3)cc2S(=O)(=O)N1,1,782.7789,2.8936,1.00,False,True,159.9444,2.2040,True
maralixibat,CCCCC1(CCCC)CS(=O)(=O)c2ccc(N(C)C)cc2[C@@H](c2ccc(OCc3ccc(C[N+]45CCN(CC4)CC5)cc3)cc2)[C@H]1O,1,2082.4656,3.3186,1.00,False,True,288.4801,2.4601,True
irbesartan,CCCCC1=NC2(CCCC2)C(=O)N1Cc1ccc(-c2ccccc2-c2nn[nH]n2)cc1,5,3.5790,0.5538,2.00,False,False,4.6964,0.6718,False
sparsentan,CCCCC1=NC2(CCCC2)C(=O)N1Cc1ccc(-c2ccccc2S(=O)(=O)Nc2noc(C)c2C)c(COCC)c1,1,1.1474,0.0597,1.00,False,False,,,False
phenylbutazone,CCCCC1C(=O)N(c2ccccc2)N(c2ccccc2)C1=O,3,0.0206,-1.6862,1.16,False,True,0.1351,-0.8694,False
eliglustat,CCCCCCCC(=O)N[C@H](CN1CCCC1)[C@H](O)c1ccc2c(c1)OCCO2,11,142.2092,2.1529,7.58,True,True,77.0350,1.8867,True
fingolimod,CCCCCCCCc1ccc(CCC(N)(CO)CO)cc1,3,1.7110,0.2333,1.17,False,False,24.9855,1.3977,False
lusutrombopag,CCCCCCO[C@@H](C)c1cccc(-c2csc(NC(=O)c3cc(Cl)c(/C=C(\C)C(=O)O)c(Cl)c3)n2)c1OC,3,0.2324,-0.6337,1.75,False,False,0.4988,-0.3021,False
ibandronate,CCCCCN(C)CCC(O)(P(=O)(O)O)P(=O)(O)O,4,138.0788,2.1401,1.43,False,False,233.3913,2.3681,True
Dexloxiglumide,CCCCCN(CCCOC)C(=O)[C@@H](CCC(=O)O)NC(=O)c1ccc(Cl)c(Cl)c1,3,5.5724,0.7460,1.18,False,False,1.3838,0.1411,False
tegaserod,CCCCCNC(=N)N/N=C/c1c[nH]c2ccc(OC)cc12,3,277.7481,2.4437,1.36,False,True,83.8616,1.9236,True
capecitabine,CCCCCOC(=O)Nc1nc(=O)n([C@@H]2O[C@H](C)[C@@H](O)[C@H]2O)cc1F,2,102.2374,2.0096,1.63,False,False,4.0804,0.6107,False
treprostinil,CCCCC[C@H](O)CC[C@@H]1[C@H]2Cc3cccc(OCC(=O)O)c3C[C@H]2C[C@H]1O,1,98.7947,1.9947,1.00,False,False,42.3406,1.6268,False
dronabinol,CCCCCc1cc(O)c2c(c1)OC(C)(C)[C@@H]1CCC(C)=C[C@@H]21,1,274.9368,2.4392,1.00,False,True,114.7355,2.0597,True
Atrasentan,CCCCN(CCCC)C(=O)CN1C[C@H](c2ccc3c(c2)OCO3)[C@@H](C(=O)O)[C@@H]1c1ccc(OC)cc1,3,4.0525,0.6077,2.03,False,False,8.1428,0.9108,False
halofantrine,CCCCN(CCCC)CCC(O)c1cc2c(Cl)cc(Cl)cc2c2cc(C(F)(F)F)ccc12,1,4.1236,0.6153,1.00,False,False,33.7026,1.5277,False
miglustat,CCCCN1C[C@H](O)[C@@H](O)[C@H](O)[C@H]1CO,1,2.1908,0.3406,1.00,False,False,1.4795,0.1701,False
tolbutamide,CCCCNC(=O)NS(=O)(=O)c1ccc(C)cc1,2,0.1895,-0.7225,1.09,False,False,0.1250,-0.9030,False
bumetanide,CCCCNc1cc(C(=O)O)cc(S(N)(=O)=O)c1Oc1ccccc1,3,3.5009,0.5442,1.08,False,False,0.4639,-0.3336,False
benzonatate,CCCCNc1ccc(C(=O)OCCOCCOCCOCCOCCOCCOCCOCCOCCOC)cc1,1,21.4307,1.3310,1.00,False,False,1.8740,0.2728,False
Linerixibat,CCCC[C@]1(CC)CS(=O)(=O)c2cc(CNC(CC(=O)O)CC(=O)O)c(OC)cc2[C@@H](c2ccccc2)N1,1,13824.8848,4.1407,1.00,False,True,8091.4477,3.9080,True
butylscopolamine,CCCC[N+]1(C)[C@@H]2C[C@@H](OC(=O)[C@H](CO)c3ccccc3)C[C@H]1[C@@H]1O[C@@H]12,1,6435.0064,3.8085,1.00,False,True,3510.0035,3.5453,True
Fimasartan,CCCCc1nc(C)c(CC(=S)N(C)C)c(=O)n1Cc1ccc(-c2ccccc2-c2nnn[nH]2)cc1,5,44.2990,1.6464,1.40,False,False,32.9993,1.5185,True
losartan carboxylic acid (e-3174),CCCCc1nc(Cl)c(C(=O)O)n1Cc1ccc(-c2ccccc2-c2nn[nH]n2)cc1,4,4.3466,0.6382,1.16,False,False,1.6069,0.2060,False
eprosartan,CCCCc1ncc(/C=C(\Cc2cccs2)C(=O)O)n1Cc1ccc(C(=O)O)cc1,5,17.0110,1.2307,1.95,False,False,4.8614,0.6868,False
dronedarone,CCCCc1oc2ccc(NS(C)(=O)=O)cc2c1C(=O)c1ccc(OCCCN(CCCC)CCCC)cc1,2,415.9860,2.6191,1.21,False,True,435.1909,2.6387,True
amiodarone,CCCCc1oc2ccccc2c1C(=O)c1cc(I)c(OCCN(CC)CC)c(I)c1,3,12.0289,1.0802,1.40,False,False,1229.7906,3.0898,True
ropinirole,CCCN(CCC)CCc1cccc2c1CC(=O)N2,1,21.4500,1.3314,1.00,False,False,12.3872,1.0930,False
Pridopidine,CCCN1CCC(c2cccc(S(C)(=O)=O)c2)CC1,1,4.8437,0.6852,1.00,False,False,2.7888,0.4454,False
OSU-6162 (PNU-96391),CCCN1CCC[C@@H](c2cccc(S(C)(=O)=O)c2)C1,6,12.6855,1.1033,1.47,False,False,3.6755,0.5653,False
pergolide,CCCN1C[C@H](CSC)C[C@@H]2c3cccc4[nH]cc(c34)C[C@H]21,3,130.6851,2.1162,1.14,False,False,59.6662,1.7757,True
chlorpropamide,CCCNC(=O)NS(=O)(=O)c1ccc(Cl)cc1,1,0.0329,-1.4829,1.00,False,True,0.1139,-0.9434,False
propafenone,CCCNCC(O)COc1ccccc1C(=O)CCc1ccccc1,3,122.3521,2.0876,2.22,False,False,35.1256,1.5456,True
Mesdopetam,CCCNCCOc1cc(F)cc(S(C)(=O)=O)c1,5,6.1370,0.7880,1.37,False,False,3.5682,0.5525,False
macitentan,CCCNS(=O)(=O)Nc1ncnc(OCCOc2ncc(Br)cn2)c1-c1ccc(Br)cc1,1,0.4105,-0.3867,1.00,False,False,0.5597,-0.2520,False
Dexpramipexole,CCCN[C@@H]1CCc2nc(N)sc2C1,3,9.0553,0.9569,1.15,False,False,5.2493,0.7201,False
pramipexole,CCCN[C@H]1CCc2nc(N)sc2C1,1,7.2590,0.8609,1.00,False,False,5.5495,0.7443,False
propiverine,CCCOC(C(=O)OC1CCN(C)CC1)(c1ccccc1)c1ccccc1,3,4.6029,0.6630,1.14,False,False,5.4712,0.7381,False
udenafil,CCCOc1ccc(S(=O)(=O)NCCC2CCCN2C)cc1-c1nc(=O)c2c([nH]1)c(CCC)nn2C,5,9.7285,0.9880,3.05,True,False,8.3684,0.9226,False
abrocitinib,CCCS(=O)(=O)N[C@H]1C[C@@H](N(C)c2ncnc3[nH]ccc23)C1,7,13.6753,1.1359,2.27,False,False,3.6168,0.5583,False
vemurafenib,CCCS(=O)(=O)Nc1ccc(F)c(C(=O)c2c[nH]c3ncc(-c4ccc(Cl)cc4)cc23)c1F,1,1.5289,0.1844,1.00,False,False,3.6336,0.5603,False
albendazole,CCCSc1ccc2nc(NC(=O)OC)[nH]c2c1,1,951.4295,2.9784,1.00,False,True,840.2235,2.9244,True
ticagrelor,CCCSc1nc(N[C@@H]2C[C@H]2c2ccc(F)c(F)c2)c2nnn([C@@H]3C[C@H](OCCO)[C@@H](O)[C@H]3O)c2n1,12,6.6966,0.8259,1.98,False,False,4.4874,0.6520,False
brivaracetam,CCC[C@@H]1CC(=O)N([C@@H](CC)C(N)=O)C1,14,0.8034,-0.0951,1.54,False,False,0.5735,-0.2414,False
clindamycin,CCC[C@@H]1C[C@@H](C(=O)N[C@@H]([C@H]2O[C@H](SC)[C@H](O)[C@@H](O)[C@H]2O)[C@H](C)Cl)N(C)C1,2,5.9245,0.7727,1.14,False,False,1.5462,0.1893,False
telaprevir,CCC[C@H](NC(=O)[C@@H]1[C@H]2CCC[C@H]2CN1C(=O)[C@@H](NC(=O)[C@@H](NC(=O)c1cnccn1)C1CCCCC1)C(C)(C)C)C(=O)C(=O)NC1CC1,3,60.9214,1.7848,1.66,False,False,33.7121,1.5278,False
perindoprilat,CCC[C@H](N[C@@H](C)C(=O)N1[C@H](C(=O)O)C[C@@H]2CCCC[C@@H]21)C(=O)O,2,10.7031,1.0295,1.51,False,False,24.4263,1.3879,False
perindopril,CCC[C@H](N[C@@H](C)C(=O)N1[C@H](C(=O)O)C[C@@H]2CCCC[C@@H]21)C(=O)OCC,2,6.9435,0.8416,1.23,False,False,1.3224,0.1214,False
albendazole sulfoxide,CCC[S+]([O-])c1ccc2[nH]c(NC(=O)OC)nc2c1,3,22.3515,1.3493,1.46,False,False,25.4854,1.4063,False
propylthiouracil,CCCc1cc(=O)[nH]c(=S)[nH]1,3,2.8352,0.4526,1.05,False,False,0.3139,-0.5033,False
olmesartan,CCCc1nc(C(C)(C)O)c(C(=O)O)n1Cc1ccc(-c2ccccc2-c2nnn[nH]2)cc1,5,1.7632,0.2463,1.42,False,False,2.0618,0.3143,False
vardenafil,CCCc1nc(C)c2c(=O)nc(-c3cc(S(=O)(=O)N4CCN(CC)CC4)ccc3OCC)[nH]n12,3,62.1518,1.7935,1.17,False,False,18.4382,1.2657,False
telmisartan,CCCc1nc2c(C)cc(-c3nc4ccccc4n3C)cc2n1Cc1ccc(-c2ccccc2C(=O)O)cc1,4,7.3280,0.8650,1.71,False,False,16.5037,1.2176,False
enprofylline,CCCn1c(=O)[nH]c(=O)c2[nH]cnc21,3,4.8029,0.6815,1.39,False,False,,,False
Tonapofylline,CCCn1c(=O)c2[nH]c(C34CCC(CCC(=O)O)(CC3)CC4)nc2n(CCC)c1=O,6,1.3554,0.1321,1.54,False,False,1.9174,0.2827,False
zaleplon,CCN(C(C)=O)c1cccc(-c2ccnc3c(C#N)cnn23)c1,3,46.1089,1.6638,1.18,False,False,4.2707,0.6305,False
rivastigmine,CCN(C)C(=O)Oc1cccc([C@H](C)N(C)C)c1,3,34.9342,1.5433,3.92,True,False,5.1545,0.7122,False
entacapone,CCN(CC)C(=O)/C(C#N)=C/c1cc(O)c(O)c([N+](=O)[O-])c1,7,30.5491,1.4850,1.63,False,False,6.2144,0.7934,False
milnacipran,CCN(CC)C(=O)C1(c2ccccc2)CC1CN,3,9.1041,0.9592,1.12,False,False,5.9503,0.7745,False
diethylcarbamazine,CCN(CC)C(=O)N1CCN(C)CC1,2,4.8835,0.6887,1.57,False,False,4.8517,0.6859,False
celiprolol,CCN(CC)C(=O)Nc1ccc(OCC(O)CNC(C)(C)C)c(C(C)=O)c1,2,14.2390,1.1535,1.40,False,False,5.9162,0.7720,False
levomilnacipran,CCN(CC)C(=O)[C@@]1(c2ccccc2)C[C@H]1CN,4,5.9411,0.7739,1.30,False,False,6.3266,0.8012,False
disulfiram,CCN(CC)C(=S)SSC(=S)N(CC)CC,1,13.1690,1.1196,1.00,False,False,8.3233,0.9203,False
lidocaine,CCN(CC)CC(=O)Nc1c(C)cccc1C,1,44.1040,1.6445,1.00,False,False,9.1645,0.9621,False
chloroquine,CCN(CC)CCCC(C)Nc1ccnc2cc(Cl)ccc12,2,10.6546,1.0275,1.25,False,False,169.9430,2.2303,True
flurazepam,CCN(CC)CCN1C(=O)CN=C(c2ccccc2F)c2cc(Cl)ccc21,1,1400.5602,3.1463,1.00,False,True,162.4892,2.2108,True
sunitinib,CCN(CC)CCNC(=O)c1c(C)[nH]c(/C=C2\C(=O)Nc3ccc(F)cc32)c1C,1,7.9951,0.9028,1.00,False,False,44.1636,1.6451,False
metoclopramide,CCN(CC)CCNC(=O)c1cc(Cl)c(N)cc1OC,2,7.6978,0.8864,1.24,False,False,4.7875,0.6801,False
procainamide,CCN(CC)CCNC(=O)c1ccc(N)cc1,2,10.1059,1.0046,1.56,False,False,2.2466,0.3515,False
clomifene (clomiphene),CCN(CC)CCOc1ccc(C(=C(Cl)c2ccccc2)c2ccccc2)cc1,1,16.6702,1.2219,1.00,False,False,184.9164,2.2670,True
amodiaquine,CCN(CC)Cc1cc(Nc2ccnc3cc(Cl)ccc23)ccc1O,3,1723.5419,3.2364,1.22,False,True,995.9258,2.9982,True
Givinostat,CCN(CC)Cc1ccc2cc(COC(=O)Nc3ccc(C(=O)NO)cc3)ccc2c1,5,36.3960,1.5611,1.22,False,False,18.7730,1.2735,False
alverine,CCN(CCCc1ccccc1)CCCc1ccccc1,1,567.1185,2.7537,1.00,False,True,712.4579,2.8528,True
hydroxychloroquine,CCN(CCO)CCCC(C)Nc1ccnc2cc(Cl)ccc12,1,26.1787,1.4179,1.00,False,False,616.5026,2.7899,True
pemigatinib,CCN1C(=O)N(c2c(F)c(OC)cc(OC)c2F)Cc2cnc3[nH]c(CN4CCOCC4)cc3c21,3,3.5567,0.5511,1.29,False,False,3.9271,0.5941,False
(+)-ethotoin,CCN1C(=O)N[C@@H](c2ccccc2)C1=O,1,0.4349,-0.3616,1.00,False,False,0.4331,-0.3634,False
(-)-ethotoin,CCN1C(=O)N[C@H](c2ccccc2)C1=O,1,0.5037,-0.2978,1.00,False,False,0.5059,-0.2959,False
amisulpride,CCN1CCCC1CNC(=O)c1cc(S(=O)(=O)CC)c(N)cc1OC,2,17.0428,1.2315,4.63,True,False,17.3214,1.2386,False
sultopride,CCN1CCCC1CNC(=O)c1cc(S(=O)(=O)CC)ccc1OC,2,6.0282,0.7802,1.03,False,False,1.8789,0.2739,False
sulpiride,CCN1CCCC1CNC(=O)c1cc(S(N)(=O)=O)ccc1OC,1,16.9765,1.2298,1.00,False,False,13.2284,1.1215,False
remoxipride,CCN1CCC[C@H]1CNC(=O)c1c(OC)ccc(Br)c1OC,2,1.8661,0.2709,1.12,False,False,0.7471,-0.1266,False
abemaciclib,CCN1CCN(Cc2ccc(Nc3ncc(F)c(-c4cc(F)c5nc(C)n(C(C)C)c5c4)n3)nc2)CC1,4,11.8915,1.0752,1.37,False,False,24.8031,1.3945,False
Blonanserin,CCN1CCN(c2cc(-c3ccc(F)cc3)c3c(n2)CCCCCC3)CC1,3,755.9214,2.8785,1.29,False,True,637.6285,2.8046,True
fenfluramine,CCNC(C)Cc1cccc(C(F)(F)F)c1,3,8.6365,0.9363,1.13,False,False,15.9556,1.2029,False
etilefrine,CCNCC(O)c1cccc(O)c1,1,191.2412,2.2816,1.00,False,False,26.6579,1.4258,False
elacestrant,CCNCCc1ccc(CN(CC)c2cc(OC)ccc2[C@@H]2CCc3cc(O)ccc3C2)cc1,5,110.9515,2.0451,2.64,False,False,286.2058,2.4567,True
desethylamodiaquine,CCNCc1cc(Nc2ccnc3cc(Cl)ccc23)ccc1O,3,14.1577,1.1510,1.23,False,False,65.8801,1.8188,True
dexfenfluramine,CCN[C@@H](C)Cc1cccc(C(F)(F)F)c1,1,14.0083,1.1464,1.00,False,False,17.5862,1.2452,False
meperidine,CCOC(=O)C1(c2ccccc2)CCN(C)CC1,2,0.7241,-0.1402,1269.27,True,True,9.2686,0.9670,False
diphenoxylate,CCOC(=O)C1(c2ccccc2)CCN(CCC(C#N)(c2ccccc2)c2ccccc2)CC1,1,23.5040,1.3711,1.00,False,False,6.9189,0.8400,False
felodipine,CCOC(=O)C1=C(C)NC(C)=C(C(=O)OC)C1c1cccc(Cl)c1Cl,3,100.1131,2.0005,1.21,False,False,22.1996,1.3463,False
nitrendipine,CCOC(=O)C1=C(C)NC(C)=C(C(=O)OC)C1c1cccc([N+](=O)[O-])c1,1,178.7166,2.2522,1.00,False,False,145.3717,2.1625,True
lacidipine,CCOC(=O)C1=C(C)NC(C)=C(C(=O)OCC)C1c1ccccc1/C=C/C(=O)OC(C)(C)C,4,95.4938,1.9800,1.49,False,False,66.5580,1.8232,True
amlodipine,CCOC(=O)C1=C(COCCN)NC(C)=C(C(=O)OC)C1c1ccccc1Cl,3,10.0407,1.0018,1.24,False,False,29.0673,1.4634,False
levamlodipine,CCOC(=O)C1=C(COCCN)NC(C)=C(C(=O)OC)[C@@H]1c1ccccc1Cl,1,7.5759,0.8794,1.00,False,False,32.2058,1.5079,False
oseltamivir (gs4104),CCOC(=O)C1=C[C@@H](OC(CC)CC)[C@H](NC(C)=O)[C@@H](N)C1,6,138.7023,2.1421,1.61,False,False,16.4990,1.2175,False
ximelagatran,CCOC(=O)CN[C@@H](C(=O)N1CC[C@H]1C(=O)NCc1ccc(/C(N)=N/O)cc1)C1CCCCC1,1,53.0350,1.7246,1.00,False,False,2.5714,0.4102,False
loratadine,CCOC(=O)N1CCC(=C2c3ccc(Cl)cc3CCc3cccnc32)CC1,3,136.0541,2.1337,1.87,False,False,68.3783,1.8349,True
molsidomine,CCOC(=O)N=C1CN(N2CCOCC2)NO1,2,11.8736,1.0746,1.90,False,False,1.5986,0.2037,False
vorapaxar,CCOC(=O)N[C@@H]1CC[C@@H]2[C@@H](C1)C[C@H]1C(=O)O[C@H](C)[C@H]1[C@H]2/C=C/c1ccc(-c2cccc(F)c2)cn1,5,0.3256,-0.4873,2.30,False,False,6.1434,0.7884,False
ezogabine (retigabine),CCOC(=O)Nc1ccc(NCc2ccc(F)cc2)cc1N,4,11.1970,1.0491,1.50,False,False,7.9879,0.9024,False
moricizine (en-313),CCOC(=O)Nc1ccc2c(c1)N(C(=O)CCN1CCOCC1)c1ccccc1S2,5,32.5554,1.5126,1.72,False,False,7.0479,0.8481,False
telotristat ethyl,CCOC(=O)[C@@H](N)Cc1ccc(-c2cc(O[C@H](c3ccc(Cl)cc3-n3ccc(C)n3)C(F)(F)F)nc(N)n2)cc1,1,19108.7671,4.2812,1.00,False,True,992.6632,2.9968,True
enalapril,CCOC(=O)[C@H](CCc1ccccc1)N[C@@H](C)C(=O)N1CCC[C@H]1C(=O)O,2,20.6111,1.3141,1.50,False,False,1.3590,0.1332,False
moexipril,CCOC(=O)[C@H](CCc1ccccc1)N[C@@H](C)C(=O)N1Cc2cc(OC)c(OC)cc2C[C@H]1C(=O)O,2,21.3223,1.3288,1.70,False,False,4.3348,0.6370,False
quinapril,CCOC(=O)[C@H](CCc1ccccc1)N[C@@H](C)C(=O)N1Cc2ccccc2C[C@H]1C(=O)O,2,16.3762,1.2142,1.22,False,False,0.9112,-0.0404,False
ramipril,CCOC(=O)[C@H](CCc1ccccc1)N[C@@H](C)C(=O)N1[C@H](C(=O)O)C[C@@H]2CCC[C@@H]21,3,71.0927,1.8518,2.03,False,False,12.6463,1.1020,False
trandolapril,CCOC(=O)[C@H](CCc1ccccc1)N[C@@H](C)C(=O)N1[C@H](C(=O)O)C[C@H]2CCCC[C@@H]21,3,126.4472,2.1019,1.33,False,False,83.0087,1.9191,True
cilazapril,CCOC(=O)[C@H](CCc1ccccc1)N[C@H]1CCCN2CCC[C@@H](C(=O)O)N2C1=O,4,2.1349,0.3294,1.19,False,False,2.9278,0.4665,False
benazepril,CCOC(=O)[C@H](CCc1ccccc1)N[C@H]1CCc2ccccc2N(CC(=O)O)C1=O,1,17.5833,1.2451,1.00,False,False,0.9134,-0.0393,False
Temocapril,CCOC(=O)[C@H](CCc1ccccc1)N[C@H]1CS[C@H](c2cccs2)CN(CC(=O)O)C1=O,1,33.7724,1.5286,1.00,False,False,2.3392,0.3691,False
bilastine,CCOCCn1c(C2CCN(CCc3ccc(C(C)(C)C(=O)O)cc3)CC2)nc2ccccc21,3,3.6437,0.5615,1.15,False,False,4.0416,0.6066,False
emedastine,CCOCCn1c(N2CCCN(C)CC2)nc2ccccc21,1,24.0500,1.3811,1.00,False,False,13.3264,1.1247,False
Tesaglitazar,CCO[C@@H](Cc1ccc(OCCc2ccc(OS(C)(=O)=O)cc2)cc1)C(=O)O,1,0.0421,-1.3759,1.00,False,True,0.1521,-0.8178,False
Saroglitazar,CCO[C@@H](Cc1ccc(OCCn2c(C)ccc2-c2ccc(SC)cc2)cc1)C(=O)O,11,1.0678,0.0285,3.41,True,False,0.4425,-0.3541,False
Seladelpar,CCO[C@H](COc1ccc(C(F)(F)F)cc1)CSc1ccc(OCC(=O)O)c(C)c1,1,3.3772,0.5286,1.00,False,False,1.9591,0.2921,False
iptacopan,CCO[C@H]1CCN(Cc2c(OC)cc(C)c3[nH]ccc23)[C@H](c2ccc(C(=O)O)cc2)C1,4,1.2638,0.1017,1.68,False,False,2.1422,0.3309,False
repaglinide,CCOc1cc(CC(=O)N[C@@H](CC(C)C)c2ccccc2N2CCCCC2)ccc1C(=O)O,5,11.7055,1.0684,1.28,False,False,1.6480,0.2170,False
Mosapride,CCOc1cc(N)c(Cl)cc1C(=O)NCC1CN(Cc2ccc(F)cc2)CCO1,1,13.5458,1.1318,1.00,False,False,2.6271,0.4195,False
Cinitapride,CCOc1cc(N)c([N+](=O)[O-])cc1C(=O)NC1CCN(CC2CC=CCC2)CC1,3,122.2329,2.0872,1.38,False,False,71.6824,1.8554,True
apremilast,CCOc1cc([C@@H](CS(C)(=O)=O)N2C(=O)c3cccc(NC(C)=O)c3C2=O)ccc1OC,3,2.5491,0.4064,1.13,False,False,1.6991,0.2302,False
neratinib,CCOc1cc2ncc(C#N)c(Nc3ccc(OCc4ccccn4)c(Cl)c3)c2cc1NC(=O)/C=C/CN(C)C,2,79.1178,1.8983,1.25,False,False,81.9359,1.9135,True
drotaverine,CCOc1ccc(/C=C2\NCCc3cc(OCC)c(OCC)cc32)cc1OCC,2,5.8788,0.7693,1.11,False,False,5.7367,0.7587,False
Luseogliflozin,CCOc1ccc(Cc2cc([C@@H]3S[C@H](CO)[C@@H](O)[C@H](O)[C@H]3O)c(OC)cc2C)cc1,6,0.6944,-0.1584,1.10,False,False,0.6503,-0.1869,False
Henagliflozin,CCOc1ccc(Cc2cc([C@@]34OC[C@@](CO)(O3)[C@@H](O)[C@H](O)[C@H]4O)ccc2Cl)cc1F,7,1.6570,0.2193,1.25,False,False,1.9185,0.2830,False
ertugliflozin,CCOc1ccc(Cc2cc([C@]34OC[C@](CO)(O3)[C@@H](O)[C@H](O)[C@H]4O)ccc2Cl)cc1,3,2.3514,0.3713,1.11,False,False,2.4719,0.3930,False
reboxetine,CCOc1ccccc1OC(c1ccccc1)C1CNCCO1,4,0.4082,-0.3892,1.26,False,False,0.4587,-0.3385,False
viloxazine,CCOc1ccccc1OCC1CNCCO1,1,2.3216,0.3658,1.00,False,False,0.6754,-0.1705,False
candesartan,CCOc1nc2cccc(C(=O)O)c2n1Cc1ccc(-c2ccccc2-c2nnn[nH]2)cc1,4,2.7960,0.4465,1.82,False,False,2.2301,0.3483,False
azilsartan,CCOc1nc2cccc(C(=O)O)c2n1Cc1ccc(-c2ccccc2-c2noc(=O)[nH]2)cc1,1,0.4835,-0.3156,1.00,False,False,0.5237,-0.2809,False
finerenone,CCOc1ncc(C)c2c1[C@H](c1ccc(C#N)cc1OC)C(C(N)=O)=C(C)N2,6,10.7345,1.0308,1.31,False,False,2.0464,0.3110,False
tinidazole,CCS(=O)(=O)CCn1c([N+](=O)[O-])cnc1C,3,0.4847,-0.3145,1.41,False,False,0.6078,-0.2162,False
baricitinib,CCS(=O)(=O)N1CC(CC#N)(n2cc(-c3ncnc4[nH]ccc34)cn2)C1,3,3.3046,0.5191,1.14,False,False,1.9391,0.2876,False
levetiracetam,CC[C@@H](C(N)=O)N1CCCC1=O,4,0.8678,-0.0616,1.52,False,False,0.5443,-0.2642,False
methylergometrine,CC[C@@H](CO)NC(=O)[C@@H]1C=C2c3cccc4[nH]cc(c34)C[C@H]2N(C)C1,2,11.1892,1.0488,1.23,False,False,1.6210,0.2098,False
ethambutol,CC[C@@H](CO)NCCN[C@@H](CC)CO,3,12.7147,1.1043,1.60,False,False,11.2786,1.0523,False
procaterol,CC[C@@H](NC(C)C)[C@@H](O)c1ccc(O)c2[nH]c(=O)ccc12,1,12.1477,1.0845,1.00,False,False,4.4174,0.6452,False
tapentadol,CC[C@@H](c1cccc(O)c1)[C@@H](C)CN(C)C,1,68.0272,1.8327,1.00,False,False,28.3299,1.4522,False
pimecrolimus,CC[C@@H]1/C=C(\C)C[C@H](C)C[C@H](OC)[C@H]2O[C@@](O)(C(=O)C(=O)N3CCCC[C@H]3C(=O)O[C@H](/C(C)=C/[C@@H]3CC[C@H](Cl)[C@H](OC)C3)[C@H](C)[C@@H](O)CC1=O)[C@H](C)C[C@@H]2OC,3,16.6699,1.2219,1.28,False,False,65.2590,1.8146,True
Vaniprevir,CC[C@@H]1C[C@]1(NC(=O)[C@@H]1C[C@@H]2CN1C(=O)[C@H](C(C)(C)C)NC(=O)OCC(C)(C)CCCCc1cccc3c1CN(C3)C(=O)O2)C(=O)NS(=O)(=O)C1CC1,7,90.4521,1.9564,21.51,True,True,34.3622,1.5361,True
topotecan,CC[C@@]1(O)C(=O)OCc2c1cc1n(c2=O)Cc2cc3c(CN(C)C)c(O)ccc3nc2-1,2,25.9458,1.4141,1.41,False,False,9.5687,0.9809,False
lovastatin acid,CC[C@H](C)C(=O)O[C@H]1C[C@@H](C)C=C2C=C[C@H](C)[C@H](CC[C@@H](O)C[C@@H](O)CC(=O)O)[C@H]21,1,565.0436,2.7521,1.00,False,True,129.1528,2.1111,True
lovastatin,CC[C@H](C)C(=O)O[C@H]1C[C@@H](C)C=C2C=C[C@H](C)[C@H](CC[C@@H]3C[C@@H](O)CC(=O)O3)[C@H]21,1,441.9401,2.6454,1.00,False,True,99.4844,1.9978,True
idelalisib,CC[C@H](Nc1ncnc2[nH]cnc12)c1nc2cccc(F)c2c(=O)n1-c1ccccc1,1,3.3989,0.5313,1.00,False,False,2.6485,0.4230,False
levacetylmethadol (laam),CC[C@H](OC(C)=O)C(C[C@H](C)N(C)C)(c1ccccc1)c1ccccc1,3,15.4318,1.1884,2.98,False,False,112.1814,2.0499,True
Solithromycin,CC[C@H]1OC(=O)[C@@](C)(F)C(=O)[C@H](C)[C@@H](O[C@@H]2O[C@H](C)C[C@H](N(C)C)[C@H]2O)[C@](C)(OC)C[C@@H](C)C(=O)[C@H](C)[C@H]2N(CCCCn3cc(-c4cccc(N)c4)nn3)C(=O)O[C@]12C,6,17.1170,1.2334,3.60,True,False,7.8462,0.8947,False
Modithromycin,CC[C@H]1OC(=O)[C@H](C)C(=O)[C@H](C)[C@@H](O[C@@H]2O[C@H](C)C[C@H](N(C)C)[C@H]2O)[C@@]2(C)C[C@@H](C)/C(=N\C(C)=O)[C@H](C)[C@@H](OC/C(=N\OCc3ccc(-n4cccn4)nc3)CO2)[C@]1(C)O,5,6.5311,0.8150,1.33,False,False,9.5551,0.9802,False
telithromycin,CC[C@H]1OC(=O)[C@H](C)C(=O)[C@H](C)[C@@H](O[C@@H]2O[C@H](C)C[C@H](N(C)C)[C@H]2O)[C@](C)(OC)C[C@@H](C)C(=O)[C@H](C)[C@H]2N(CCCCn3cnc(-c4cccnc4)c3)C(=O)O[C@]12C,3,20.9872,1.3220,2.06,False,False,16.2117,1.2098,False
Nafithromycin,CC[C@H]1OC(=O)[C@H](C)C(=O)[C@H](C)[C@@H](O[C@@H]2O[C@H](C)C[C@H](N(C)C)[C@H]2O)[C@](C)(OC)C[C@@H](C)C(=O)[C@H](C)[C@H]2[C@H](/C(N)=N/O[C@@H](C)c3nnc(-c4ccccn4)s3)C(=O)O[C@@]21C,4,25.1774,1.4010,2.36,False,False,15.5181,1.1908,False
roxithromycin,CC[C@H]1OC(=O)[C@H](C)[C@@H](O[C@H]2C[C@@](C)(OC)[C@@H](O)[C@H](C)O2)[C@H](C)[C@@H](O[C@@H]2O[C@H](C)C[C@H](N(C)C)[C@H]2O)[C@](C)(O)C[C@@H](C)C(=NOCOCCOC)[C@H](C)[C@@H](O)[C@]1(C)O,3,0.6053,-0.2180,1.40,False,False,0.5139,-0.2891,False
clarithromycin,CC[C@H]1OC(=O)[C@H](C)[C@@H](O[C@H]2C[C@@](C)(OC)[C@@H](O)[C@H](C)O2)[C@H](C)[C@@H](O[C@@H]2O[C@H](C)C[C@H](N(C)C)[C@H]2O)[C@](C)(OC)C[C@@H](C)C(=O)[C@H](C)[C@@H](O)[C@]1(C)O,8,11.7378,1.0696,3.75,True,False,3.5362,0.5485,False
obeticholic acid,CC[C@H]1[C@@H](O)[C@@H]2[C@H](CC[C@]3(C)[C@@H]([C@H](C)CCC(=O)O)CC[C@@H]23)[C@@]2(C)CC[C@@H](O)C[C@@H]12,1,14.3414,1.1566,1.00,False,False,83.7386,1.9229,True
ajmaline,CC[C@H]1[C@@H]2C[C@H]3[C@@H]4N(C)c5ccccc5[C@]45C[C@@H](C2[C@H]5O)N3[C@@H]1O,1,264.5503,2.4225,1.00,False,True,40.9996,1.6128,False
vinflunine,CC[C@]12C=CCN3CC[C@@]4(c5cc([C@@]6(C(=O)OC)C[C@@H]7C[C@@H](C(C)(F)F)C[N@](Cc8c6[nH]c6ccccc86)C7)c(OC)cc5N(C)[C@H]4[C@@](O)(C(=O)OC)[C@@H]1OC(C)=O)[C@@H]32,1,15.1065,1.1792,1.00,False,False,43.1615,1.6351,False
methantheline,CC[N+](C)(CC)CCOC(=O)C1c2ccccc2Oc2ccccc21,1,105.3519,2.0226,1.00,False,False,18.8812,1.2760,False
Denatonium,CC[N+](CC)(CC(=O)Nc1c(C)cccc1C)Cc1ccccc1,3,1022.8450,3.0098,1.77,False,True,1054.6538,3.0231,True
fidaxomicin,CCc1c(Cl)c(O)c(Cl)c(O)c1C(=O)O[C@H]1[C@H](O)[C@H](OC)[C@H](OC/C2=C\C=C\C[C@H](O)/C(C)=C/[C@H](CC)[C@@H](O[C@@H]3OC(C)(C)[C@@H](OC(=O)C(C)C)[C@H](O)[C@@H]3O)/C(C)=C/C(C)=C/C[C@@H]([C@@H](C)O)OC2=O)O[C@@H]1C,2,702.7266,2.8468,1.44,False,True,563.4060,2.7508,True
Cenerimod,CCc1cc(-c2noc(-c3cc(OC)nc(C4CCCC4)c3)n2)cc(C)c1OC[C@@H](O)CO,4,0.3358,-0.4739,1.32,False,False,5.2587,0.7209,False
siponimod,CCc1cc(/C(C)=N/OCc2ccc(C3CCCCC3)c(C(F)(F)F)c2)ccc1CN1CC(C(=O)O)C1,3,0.8474,-0.0719,1.31,False,False,2.8936,0.4614,False
ethionamide,CCc1cc(C(N)=S)ccn1,2,9.2910,0.9681,1.64,False,False,1.2305,0.0901,False
alectinib,CCc1cc2c(cc1N1CCC(N3CCOCC3)CC1)C(C)(C)c1[nH]c3cc(C#N)ccc3c1C2=O,1,75.1880,1.8761,1.00,False,False,152.3289,2.1828,True
clotiazepam,CCc1cc2c(s1)N(C)C(=O)CN=C2c1ccccc1Cl,1,2.2538,0.3529,1.00,False,False,0.9015,-0.0450,False
pioglitazone,CCc1ccc(CCOc2ccc(CC3SC(=O)NC3=O)cc2)nc1,3,0.6397,-0.1941,1.01,False,False,0.3825,-0.4174,False
Tofogliflozin,CCc1ccc(Cc2ccc3c(c2)[C@]2(OC3)O[C@H](CO)[C@@H](O)[C@H](O)[C@H]2O)cc1,7,1.9555,0.2913,1.63,False,False,0.9703,-0.0131,False
Aficamten,CCc1nc(-c2ccc3c(c2)CC[C@H]3NC(=O)c2cnn(C)c2)no1,2,0.7532,-0.1231,1.11,False,False,4.9255,0.6924,False
pyrimethamine,CCc1nc(N)nc(N)c1-c1ccc(Cl)cc1,1,0.2132,-0.6713,1.00,False,False,2.0515,0.3121,False
Ziritaxestat,CCc1nc2c(C)cc(N3CCN(CC(=O)N4CC(O)C4)CC3)cn2c1N(C)c1nc(-c2ccc(F)cc2)c(C#N)s1,1,3.5714,0.5528,1.00,False,False,2.1645,0.3354,False
Telacebec,CCc1nc2ccc(Cl)cn2c1C(=O)NCc1ccc(N2CCC(c3ccc(OC(F)(F)F)cc3)CC2)cc1,7,21.7141,1.3367,2.95,False,False,44.2810,1.6462,True
nefazodone,CCc1nn(CCCN2CCN(c3cccc(Cl)c3)CC2)c(=O)n1CCOc1ccccc1,3,60.9536,1.7850,2.34,False,False,9.0061,0.9545,False
ripretinib,CCn1c(=O)c(-c2cc(NC(=O)Nc3ccccc3)c(F)cc2Br)cc2cnc(NC)cc21,2,3.5168,0.5461,1.35,False,False,4.4905,0.6523,False
istradefylline,CCn1c(=O)c2c(nc(/C=C/c3ccc(OC)c(OC)c3)n2C)n(CC)c1=O,1,0.8580,-0.0665,1.00,False,False,7.0423,0.8477,False
pefloxacin,CCn1cc(C(=O)O)c(=O)c2cc(F)c(N3CCN(C)CC3)cc21,1,1.6026,0.2048,1.00,False,False,1.3008,0.1142,False
lomefloxacin,CCn1cc(C(=O)O)c(=O)c2cc(F)c(N3CCNC(C)C3)c(F)c21,5,3.5088,0.5452,1.19,False,False,2.3523,0.3715,False
norfloxacin,CCn1cc(C(=O)O)c(=O)c2cc(F)c(N3CCNCC3)cc21,2,14.2325,1.1533,1.06,False,False,6.1907,0.7917,False
enoxacin,CCn1cc(C(=O)O)c(=O)c2cc(F)c(N3CCNCC3)nc21,5,5.8246,0.7653,2.11,False,False,2.6158,0.4176,False
rosoxacin,CCn1cc(C(=O)O)c(=O)c2ccc(-c3ccncc3)cc21,1,2.0385,0.3093,1.00,False,False,0.6283,-0.2018,False
nalidixic acid,CCn1cc(C(=O)O)c(=O)c2ccc(C)nc21,1,1.7107,0.2332,1.00,False,False,0.3184,-0.4970,False
cinoxacin,CCn1nc(C(=O)O)c(=O)c2cc3c(cc21)OCO3,1,2.4986,0.3977,1.00,False,False,0.3440,-0.4635,False
metformin,CN(C)C(=N)NC(=N)N,5,19.4484,1.2889,1.77,False,False,10.3411,1.0146,False
loperamide,CN(C)C(=O)C(CCN1CCC(O)(c2ccc(Cl)cc2)CC1)(c1ccccc1)c1ccccc1,3,63.2374,1.8010,1.19,False,False,87.1731,1.9404,True
cariprazine,CN(C)C(=O)N[C@H]1CC[C@H](CCN2CCN(c3cccc(Cl)c3Cl)CC2)CC1,1,17.6803,1.2475,1.00,False,False,,,False
pyridostigmine,CN(C)C(=O)Oc1ccc[n+](C)c1,1,158.2203,2.1993,1.00,False,False,24.1098,1.3822,False
neostigmine,CN(C)C(=O)Oc1cccc([N+](C)(C)C)c1,1,722.2302,2.8587,1.00,False,True,53.7765,1.7306,True
ribociclib,CN(C)C(=O)c1cc2cnc(Nc3ccc(N4CCNCC4)cn3)nc2n1C1CCCC1,2,14.9927,1.1759,1.06,False,False,47.1484,1.6735,True
zimelidine,CN(C)C/C=C(/c1ccc(Br)cc1)c1cccnc1,2,25.0217,1.3983,1.30,False,False,13.2357,1.1217,False
afatinib,CN(C)C/C=C/C(=O)Nc1cc2c(Nc3ccc(F)c(Cl)c3)ncnc2cc1O[C@H]1CCOC1,3,15.8758,1.2007,2.02,False,False,73.6482,1.8672,True
medifoxamine,CN(C)CC(Oc1ccccc1)Oc1ccccc1,4,85.4816,1.9319,2.87,False,False,11.4487,1.0588,False
desvenlafaxine,CN(C)CC(c1ccc(O)cc1)C1(O)CCCCC1,5,5.4544,0.7367,1.26,False,False,4.7267,0.6746,False
olopatadine,CN(C)CC/C=C1/c2ccccc2COc2ccc(CC(=O)O)cc21,2,4.2727,0.6307,1.03,False,False,2.1344,0.3293,False
brompheniramine,CN(C)CCC(c1ccc(Br)cc1)c1ccccn1,1,8.0247,0.9044,1.00,False,False,16.0772,1.2062,False
pheniramine,CN(C)CCC(c1ccccc1)c1ccccn1,1,1.5659,0.1948,1.00,False,False,2.3726,0.3752,False
cyclobenzaprine,CN(C)CCC=C1c2ccccc2C=Cc2ccccc21,3,13.3763,1.1263,1.01,False,False,21.1539,1.3254,False
amitriptyline,CN(C)CCC=C1c2ccccc2CCc2ccccc21,3,18.3878,1.2645,1.52,False,False,42.4054,1.6274,False
doxepin,CN(C)CCC=C1c2ccccc2COc2ccccc21,3,54.6773,1.7378,1.56,False,False,72.9824,1.8632,True
imipramine,CN(C)CCCN1c2ccccc2CCc2ccccc21,2,22.2879,1.3481,1.11,False,False,32.0446,1.5058,False
chlorpromazine,CN(C)CCCN1c2ccccc2Sc2ccc(Cl)cc21,3,144.2854,2.1592,2.22,False,True,103.9681,2.0169,True
benzydamine,CN(C)CCCOc1nn(Cc2ccccc2)c2ccccc12,1,2.4048,0.3811,1.00,False,False,1.6240,0.2106,False
escitalopram,CN(C)CCC[C@@]1(c2ccc(F)cc2)OCc2cc(C#N)ccc21,2,6.5181,0.8141,1.27,False,False,16.2155,1.2099,False
doxylamine,CN(C)CCOC(C)(c1ccccc1)c1ccccn1,2,3.4179,0.5338,1.03,False,False,3.6997,0.5682,False
diphenhydramine,CN(C)CCOC(c1ccccc1)c1ccccc1,2,21.2917,1.3282,1.42,False,False,11.5270,1.0617,False
toremifene,CN(C)CCOc1ccc(/C(=C(/CCCl)c2ccccc2)c2ccccc2)cc1,1,0.7003,-0.1547,1.00,False,False,6.1115,0.7862,False
almotriptan,CN(C)CCc1c[nH]c2ccc(CS(=O)(=O)N3CCCC3)cc12,8,11.2677,1.0518,1.46,False,False,3.2903,0.5172,False
zolmitriptan (311c90),CN(C)CCc1c[nH]c2ccc(C[C@H]3COC(=O)N3)cc12,7,25.2377,1.4020,1.59,False,False,5.9203,0.7723,False
rizatriptan (mk-462),CN(C)CCc1c[nH]c2ccc(Cn3cncn3)cc12,5,29.9277,1.4761,1.61,False,False,6.0275,0.7801,False
EVT 201 (Dimdazenil),CN(C)Cc1nc(-c2ncn3c2CN(C)C(=O)c2c(Cl)cccc2-3)no1,3,2.8739,0.4585,1.11,False,False,1.0030,0.0013,False
Dapoxetine,CN(C)[C@@H](CCOc1cccc2ccccc12)c1ccccc1,2,5.8465,0.7669,1.07,False,False,8.7360,0.9413,False
lymecycline,CN(C)[C@@H]1C(O)=C(C(=O)NCNCCCC[C@H](N)C(=O)O)C(=O)[C@@]2(O)C(O)=C3C(=O)c4c(O)cccc4[C@@](C)(O)[C@H]3C[C@@H]12,1,3.2646,0.5138,1.00,False,False,2.2781,0.3576,False
tetracycline,CN(C)[C@@H]1C(O)=C(C(N)=O)C(=O)[C@@]2(O)C(O)=C3C(=O)c4c(O)cccc4[C@@](C)(O)[C@H]3C[C@@H]12,2,2.3818,0.3769,1.24,False,False,1.4956,0.1748,False
omadacycline,CN(C)c1cc(CNCC(C)(C)C)c(O)c2c1C[C@H]1C[C@H]3[C@H](N(C)C)C(O)=C(C(N)=O)C(=O)[C@@]3(O)C(O)=C1C2=O,1,7.2450,0.8600,1.00,False,False,10.7891,1.0330,False
minocycline,CN(C)c1ccc(O)c2c1C[C@H]1C[C@H]3[C@H](N(C)C)C(O)=C(C(N)=O)C(=O)[C@@]3(O)C(O)=C1C2=O,1,1.2860,0.1092,1.00,False,False,1.8060,0.2567,False
methylene blue,CN(C)c1ccc2nc3ccc(N(C)C)cc3[s+]c2c1,1,2.4997,0.3979,1.00,False,False,3.7181,0.5703,False
altretamine,CN(C)c1nc(N(C)C)nc(N(C)C)n1,1,54.1741,1.7338,1.00,False,False,,,False
terbinafine,CN(C/C=C/C#CC(C)(C)C)Cc1cccc2ccccc12,4,13.1609,1.1193,1.08,False,False,31.9206,1.5041,False
creatine,CN(CC(=O)O)C(=N)N,1,3.0369,0.4824,1.00,False,False,0.5259,-0.2791,False
revefenacin,CN(CCN1CCC(OC(=O)Nc2ccccc2-c2ccccc2)CC1)C(=O)c1ccc(CN2CCC(C(N)=O)CC2)cc1,1,34.2583,1.5348,1.00,False,False,168.0288,2.2254,True
xanthinol,CN(CCO)CC(O)Cn1cnc2c1c(=O)n(C)c(=O)n2C,1,8.0131,0.9038,1.00,False,False,3.3925,0.5305,False
rosiglitazone,CN(CCOc1ccc(CC2SC(=O)NC2=O)cc1)c1ccccn1,3,0.5583,-0.2531,1.14,False,False,0.1840,-0.7352,False
"dofetilide (uk-68,798)",CN(CCOc1ccc(NS(C)(=O)=O)cc1)CCc1ccc(NS(C)(=O)=O)cc1,1,5.4722,0.7382,1.00,False,False,4.1172,0.6146,False
bromhexine,CN(Cc1cc(Br)cc(Br)c1N)C1CCCCC1,2,24.7451,1.3935,1.50,False,False,10.0562,1.0024,False
methotrexate,CN(Cc1cnc2nc(N)nc(N)c2n1)c1ccc(C(=O)N[C@@H](CCC(=O)O)C(=O)O)cc1,5,3.6357,0.5606,1.38,False,False,0.9953,-0.0020,False
mizolastine,CN(c1nccc(=O)[nH]1)C1CCN(c2nc3ccccc3n2Cc2ccc(F)cc2)CC1,1,1.6077,0.2062,1.00,False,False,1.7538,0.2440,False
temazepam,CN1C(=O)C(O)N=C(c2ccccc2)c2cc(Cl)ccc21,2,1.3295,0.1237,1.15,False,False,1.0929,0.0386,False
lormetazepam,CN1C(=O)C(O)N=C(c2ccccc2Cl)c2cc(Cl)ccc21,2,3.9235,0.5937,1.10,False,False,3.4212,0.5342,False
clobazam,CN1C(=O)CC(=O)N(c2ccccc2)c2cc(Cl)ccc21,4,0.7605,-0.1189,2.62,False,False,1.3289,0.1235,False
methsuximide,CN1C(=O)CC(C)(c2ccccc2)C1=O,1,8.1105,0.9090,1.00,False,False,,,False
chlormezanone,CN1C(=O)CCS(=O)(=O)C1c1ccc(Cl)cc1,1,0.4238,-0.3729,1.00,False,False,0.9928,-0.0031,False
diazepam,CN1C(=O)CN=C(c2ccccc2)c2cc(Cl)ccc21,3,1.4083,0.1487,1.21,False,False,3.3871,0.5298,False
flunitrazepam,CN1C(=O)CN=C(c2ccccc2F)c2cc([N+](=O)[O-])ccc21,2,4.4756,0.6509,1.15,False,False,7.5689,0.8790,False
trimethadione,CN1C(=O)OC(C)(C)C1=O,3,0.6821,-0.1661,1.26,False,False,0.6732,-0.1719,False
piroxicam,CN1C(C(=O)Nc2ccccn2)=C(O)c2ccccc2S1(=O)=O,1,0.0303,-1.5185,1.00,False,True,0.1302,-0.8853,False
lornoxicam,CN1C(C(=O)Nc2ccccn2)=C(O)c2sc(Cl)cc2S1(=O)=O,1,0.4010,-0.3969,1.00,False,False,0.1500,-0.8240,False
tenoxicam,CN1C(C(=O)Nc2ccccn2)=C(O)c2sccc2S1(=O)=O,3,0.0189,-1.7238,1.17,False,True,0.1241,-0.9061,False
Verubecestat,CN1C(N)=N[C@](C)(c2cc(NC(=O)c3ccc(F)cn3)ccc2F)CS1(=O)=O,3,6.0544,0.7821,1.16,False,False,7.8138,0.8929,False
tadalafil,CN1CC(=O)N2[C@H](c3ccc4c(c3)OCO4)c3[nH]c4ccccc4c3C[C@@H]2C1=O,2,0.6648,-0.1773,1.25,False,False,0.9871,-0.0056,False
cyproheptadine,CN1CCC(=C2c3ccccc3C=Cc3ccccc32)CC1,1,9.1137,0.9597,1.00,False,False,6.7860,0.8316,False
ketotifen,CN1CCC(=C2c3ccccc3CC(=O)c3sccc32)CC1,1,96.3948,1.9841,1.00,False,False,152.7295,2.1839,True
azatadine,CN1CCC(=C2c3ccccc3CCc3cccnc32)CC1,1,23.2288,1.3660,1.00,False,False,21.9216,1.3409,False
lasmiditan,CN1CCC(C(=O)c2cccc(NC(=O)c3c(F)cc(F)cc3F)n2)CC1,4,28.1893,1.4501,1.30,False,False,10.0487,1.0021,False
tepotinib,CN1CCC(COc2cnc(-c3cccc(Cn4nc(-c5cccc(C#N)c5)ccc4=O)c3)nc2)CC1,1,5.0721,0.7052,1.00,False,False,14.4918,1.1611,False
azelastine,CN1CCCC(n2nc(Cc3ccc(Cl)cc3)c3ccccc3c2=O)CC1,5,11.8755,1.0747,1.82,False,False,25.0743,1.3992,False
sulforidazine,CN1CCCCC1CCN1c2ccccc2Sc2ccc(S(C)(=O)=O)cc21,3,13.7094,1.1370,1.10,False,False,11.9713,1.0781,False
mesoridazine,CN1CCCCC1CCN1c2ccccc2Sc2ccc([S+](C)[O-])cc21,3,3.2700,0.5145,1.23,False,False,2.9340,0.4675,False
pyrantel,CN1CCCN=C1/C=C/c1cccs1,1,1856.2519,3.2686,1.00,False,True,,,False
clemastine,CN1CCC[C@@H]1CCO[C@](C)(c1ccccc1)c1ccc(Cl)cc1,2,17.9554,1.2542,1.04,False,False,32.5248,1.5122,False
eletriptan,CN1CCC[C@@H]1Cc1c[nH]c2ccc(CCS(=O)(=O)c3ccccc3)cc12,9,15.1586,1.1807,1.39,False,False,6.3189,0.8006,False
zopiclone,CN1CCN(C(=O)OC2c3nccnc3C(=O)N2c2ccc(Cl)cn2)CC1,2,5.3166,0.7256,1.12,False,False,1.9557,0.2913,False
eszopiclone,CN1CCN(C(=O)O[C@H]2c3nccnc3C(=O)N2c2ccc(Cl)cn2)CC1,3,2.8815,0.4596,1.14,False,False,1.4572,0.1635,False
cyclizine,CN1CCN(C(c2ccccc2)c2ccccc2)CC1,1,30.8673,1.4895,1.00,False,False,55.9086,1.7475,True
pirenzepine,CN1CCN(CC(=O)N2c3ccccc3C(=O)Nc3cccnc32)CC1,4,12.6638,1.1026,1.91,False,False,13.8381,1.1411,False
thiothixene,CN1CCN(CC/C=C2/c3ccccc3Sc3ccc(S(=O)(=O)N(C)C)cc32)CC1,1,40.7000,1.6096,1.00,False,False,48.2762,1.6837,False
trifluoperazine,CN1CCN(CCCN2c3ccccc3Sc3ccc(C(F)(F)F)cc32)CC1,2,99.0123,1.9957,1.45,False,False,130.8933,2.1169,True
prochlorperazine,CN1CCN(CCCN2c3ccccc3Sc3ccc(Cl)cc32)CC1,1,264.5503,2.4225,1.00,False,True,,,False
entrectinib,CN1CCN(c2ccc(C(=O)Nc3n[nH]c4ccc(Cc5cc(F)cc(F)c5)cc34)c(NC3CCOCC3)c2)CC1,1,5.1217,0.7094,1.00,False,False,8.2923,0.9187,False
mianserin,CN1CCN2c3ccccc3Cc3ccccc3C2C1,2,26.2366,1.4189,1.07,False,False,45.3267,1.6564,True
mirtazapine,CN1CCN2c3ncccc3Cc3ccccc3C2C1,3,9.5267,0.9789,1.15,False,False,20.2996,1.3075,False
nefopam,CN1CCOC(c2ccccc2)c2ccccc2C1,1,49.8577,1.6977,1.00,False,False,22.0151,1.3427,False
oxymorphone,CN1CC[C@]23c4c5ccc(O)c4O[C@H]2C(=O)CC[C@@]3(O)[C@H]1C5,3,254.5629,2.4058,1.12,False,True,178.5759,2.2518,True
hydromorphone,CN1CC[C@]23c4c5ccc(O)c4O[C@H]2C(=O)CC[C@H]3[C@H]1C5,1,23.6147,1.3732,1.00,False,False,4.0891,0.6116,False
pholcodine,CN1CC[C@]23c4c5ccc(OCCN6CCOCC6)c4O[C@H]2[C@@H](O)C=C[C@H]3[C@H]1C5,3,8.3341,0.9209,1.48,False,False,31.4146,1.4971,False
edoxaban,CN1CCc2nc(C(=O)N[C@@H]3C[C@@H](C(=O)N(C)C)CC[C@@H]3NC(=O)C(=O)Nc3ccc(Cl)cn3)sc2C1,6,8.4320,0.9259,1.42,False,False,6.5168,0.8140,False
ergotamine,CN1C[C@H](C(=O)N[C@]2(C)O[C@@]3(O)[C@@H]4CCCN4C(=O)[C@H](Cc4ccccc4)N3C2=O)C=C2c3cccc4[nH]cc(c34)C[C@H]21,1,288.6003,2.4603,1.00,False,True,54.2219,1.7342,True
nomifensine,CN1Cc2c(N)cccc2C(c2ccccc2)C1,1,126.7982,2.1031,1.00,False,False,31.5074,1.4984,False
tropisetron,CN1[C@@H]2CC[C@H]1C[C@@H](OC(=O)c1c[nH]c3ccccc13)C2,1,36.1847,1.5585,1.00,False,False,17.8574,1.2518,False
scopolamine,CN1[C@@H]2C[C@@H](OC(=O)[C@H](CO)c3ccccc3)C[C@H]1[C@@H]1O[C@@H]12,1,62.6566,1.7970,1.00,False,False,23.3810,1.3689,False
nizatidine,CNC(=C[N+](=O)[O-])NCCSCc1csc(CN(C)C)n1,2,8.7451,0.9418,1.25,False,False,1.1791,0.0716,False
Almorexant,CNC(=O)[C@@H](c1ccccc1)N1CCc2cc(OC)c(OC)cc2[C@@H]1CCc1ccc(C(F)(F)F)cc1,2,107.9589,2.0333,1.41,False,False,330.7127,2.5195,True
regorafenib,CNC(=O)c1cc(Oc2ccc(NC(=O)Nc3ccc(Cl)c(C(F)(F)F)c3)c(F)c2)ccn1,1,0.8388,-0.0764,1.00,False,False,2.6252,0.4192,False
sorafenib,CNC(=O)c1cc(Oc2ccc(NC(=O)Nc3ccc(Cl)c(C(F)(F)F)c3)cc2)ccn1,1,1.0783,0.0328,1.00,False,False,2.7075,0.4326,False
capmatinib,CNC(=O)c1ccc(-c2cnc3ncc(Cc4ccc5ncccc5c4)n3n2)cc1F,3,8.8419,0.9465,1.20,False,False,6.8222,0.8339,False
enzalutamide,CNC(=O)c1ccc(N2C(=S)N(c3ccc(C#N)c(C(F)(F)F)c3)C(=O)C2(C)C)cc1F,1,0.1348,-0.8703,1.00,False,False,1.2833,0.1083,False
apalutamide,CNC(=O)c1ccc(N2C(=S)N(c3cnc(C#N)c(C(F)(F)F)c3)C(=O)C23CCC3)cc1F,1,0.2857,-0.5441,1.00,False,False,4.3290,0.6364,False
axitinib,CNC(=O)c1ccccc1Sc1ccc2c(/C=C/c3ccccn3)n[nH]c2c1,1,6.0522,0.7819,1.00,False,False,4.0348,0.6058,False
ketamine,CNC1(c2ccccc2Cl)CCCCC1=O,1,105208.3333,5.0221,1.00,False,True,26415.9452,4.4219,True
fluoxetine,CNCCC(Oc1ccc(C(F)(F)F)cc1)c1ccccc1,2,4.1510,0.6182,1.08,False,False,20.6406,1.3147,False
nortriptyline,CNCCC=C1c2ccccc2CCc2ccccc21,2,12.0975,1.0827,1.20,False,False,28.9347,1.4614,False
maprotiline,CNCCCC12CCC(c3ccccc31)c1ccccc12,1,13.6870,1.1363,1.00,False,False,49.4628,1.6943,False
protriptyline,CNCCCC1c2ccccc2C=Cc2ccccc21,1,5.2415,0.7195,1.00,False,False,33.2370,1.5216,False
desipramine,CNCCCN1c2ccccc2CCc2ccccc21,4,20.8579,1.3193,1.20,False,False,37.3707,1.5725,False
atomoxetine,CNCC[C@@H](Oc1ccccc1C)c1ccccc1,2,3.7084,0.5692,1.30,False,False,1.2649,0.1021,False
duloxetine,CNCC[C@H](Oc1cccc2ccccc12)c1cccs1,3,15.8124,1.1990,1.53,False,False,14.3575,1.1571,False
n-desmethyl zolmitriptan (183c91),CNCCc1c[nH]c2ccc(C[C@H]3COC(=O)N3)cc12,7,49.9845,1.6988,1.40,False,False,12.9212,1.1113,False
phenylephrine,CNC[C@H](O)c1cccc(O)c1,3,2095.7198,3.3213,1.35,False,True,329.3863,2.5177,True
procarbazine,CNNCc1ccc(C(=O)NC(C)C)cc1,1,401.2841,2.6035,1.00,False,True,4.8640,0.6870,False
pseudoephedrine,CN[C@@H](C)[C@@H](O)c1ccccc1,4,7.0162,0.8461,1.37,False,False,3.5412,0.5491,False
ephedrine,CN[C@@H](C)[C@H](O)c1ccccc1,1,15.2978,1.1846,1.00,False,False,9.4039,0.9733,False
frovatriptan,CN[C@@H]1CCc2[nH]c3ccc(C(N)=O)cc3c2C1,4,8.5296,0.9309,2.55,False,False,20.7806,1.3177,False
sertraline,CN[C@H]1CC[C@@H](c2ccc(Cl)c(Cl)c2)c2ccccc21,5,51.1657,1.7090,3.19,True,False,111.8428,2.0486,True
esketamine (s-ketamine),CN[C@]1(c2ccccc2Cl)CCCCC1=O,2,187.6572,2.2734,1.04,False,False,88.0962,1.9450,True
4-methylaminoantipyrine,CNc1c(C)n(C)n(-c2ccccc2)c1=O,4,3.0376,0.4825,1.62,False,False,0.7597,-0.1194,False
cefditoren,CO/N=C(\C(=O)N[C@@H]1C(=O)N2C(C(=O)O)=C(/C=C\c3scnc3C)CS[C@H]12)c1csc(N)n1,2,7.2096,0.8579,1.12,False,False,0.8933,-0.0490,False
cefuroxime,CO/N=C(\C(=O)N[C@@H]1C(=O)N2C(C(=O)O)=C(COC(N)=O)CS[C@H]12)c1ccco1,3,5.4089,0.7331,1.45,False,False,0.6052,-0.2181,False
gemifloxacin,CO/N=C1\CN(c2nc3c(cc2F)c(=O)c(C(=O)O)cn3C2CC2)CC1CN,7,6.9609,0.8427,1.34,False,False,4.2941,0.6329,False
moxidectin,CO/N=C1\C[C@]2(C[C@@H]3C[C@@H](C/C=C(\C)C[C@@H](C)/C=C/C=C4\CO[C@@H]5[C@H](O)C(C)=C[C@@H](C(=O)O3)[C@]45O)O2)O[C@H](/C(C)=C/C(C)C)[C@H]1C,6,0.6289,-0.2014,1.60,False,False,39.2107,1.5934,True
monomethyl fumarate,COC(=O)/C=C/C(=O)O,1,14.1023,1.1493,1.00,False,False,0.7387,-0.1315,False
nilvadipine,COC(=O)C1=C(C#N)NC(C)=C(C(=O)OC(C)C)C1c1cccc([N+](=O)[O-])c1,4,72.7062,1.8616,1.81,False,False,75.0549,1.8754,True
lercanidipine,COC(=O)C1=C(C)NC(C)=C(C(=O)OC(C)(C)CN(C)CCC(c2ccccc2)c2ccccc2)C1c1cccc([N+](=O)[O-])c1,1,198.0826,2.2968,1.00,False,False,144.0600,2.1585,True
(r)-lercanidipine,COC(=O)C1=C(C)NC(C)=C(C(=O)OC(C)(C)CN(C)CCC(c2ccccc2)c2ccccc2)[C@@H]1c1cccc([N+](=O)[O-])c1,1,423.6570,2.6270,1.00,False,True,275.1020,2.4395,True
(s)-lercanidipine,COC(=O)C1=C(C)NC(C)=C(C(=O)OC(C)(C)CN(C)CCC(c2ccccc2)c2ccccc2)[C@H]1c1cccc([N+](=O)[O-])c1,1,348.0925,2.5417,1.00,False,True,280.2822,2.4476,True
isradipine,COC(=O)C1=C(C)NC(C)=C(C(=O)OC(C)C)C1c1cccc2nonc12,3,76.4418,1.8833,1.26,False,False,45.2633,1.6557,False
nifedipine,COC(=O)C1=C(C)NC(C)=C(C(=O)OC)C1c1ccccc1[N+](=O)[O-],3,14.0468,1.1476,1.10,False,False,3.5546,0.5508,False
nisoldipine,COC(=O)C1=C(C)NC(C)=C(C(=O)OCC(C)C)C1c1ccccc1[N+](=O)[O-],2,627.1530,2.7974,1.79,False,True,297.7396,2.4738,True
nicardipine,COC(=O)C1=C(C)NC(C)=C(C(=O)OCCN(C)Cc2ccccc2)C1c1cccc([N+](=O)[O-])c1,4,53.6331,1.7294,4.32,True,False,24.0063,1.3803,False
manidipine,COC(=O)C1=C(C)NC(C)=C(C(=O)OCCN2CCN(C(c3ccccc3)c3ccccc3)CC2)C1c1cccc([N+](=O)[O-])c1,2,218.7954,2.3400,1.30,False,True,67.4420,1.8289,True
remimazolam,COC(=O)CC[C@@H]1N=C(c2ccccn2)c2cc(Br)ccc2-n2c(C)cnc21,6,932.0329,2.9694,1.68,False,True,40.6474,1.6090,True
riociguat,COC(=O)N(C)c1c(N)nc(-c2nn(Cc3ccccc3F)c3ncccc23)nc1N,5,1.0626,0.0264,1.24,False,False,0.5796,-0.2369,False
encorafenib,COC(=O)N[C@@H](C)CNc1nccc(-c2cn(C(C)C)nc2-c2cc(Cl)cc(NS(C)(=O)=O)c2F)n1,2,6.7984,0.8324,1.26,False,False,3.0143,0.4792,False
pibrentasvir,COC(=O)N[C@H](C(=O)N1CCC[C@H]1c1nc2cc([C@H]3CC[C@H](c4cc5nc([C@@H]6CCCN6C(=O)[C@@H](NC(=O)OC)[C@@H](C)OC)[nH]c5cc4F)N3c3cc(F)c(N4CCC(c5ccc(F)cc5)CC4)c(F)c3)c(F)cc2[nH]1)[C@@H](C)OC,7,105.4443,2.0230,13.26,True,True,112.4254,2.0509,True
daclatasvir,COC(=O)N[C@H](C(=O)N1CCC[C@H]1c1ncc(-c2ccc(-c3ccc(-c4cnc([C@@H]5CCCN5C(=O)[C@@H](NC(=O)OC)C(C)C)[nH]4)cc3)cc2)[nH]1)C(C)C,6,1.2472,0.0959,1.24,False,False,1.0622,0.0262,False
elbasvir,COC(=O)N[C@H](C(=O)N1CCC[C@H]1c1ncc(-c2ccc3c(c2)O[C@@H](c2ccccc2)n2c-3cc3cc(-c4cnc([C@@H]5CCCN5C(=O)[C@@H](NC(=O)OC)C(C)C)[nH]4)ccc32)[nH]1)C(C)C,1,5.2314,0.7186,1.00,False,False,9.3938,0.9728,False
atazanavir,COC(=O)N[C@H](C(=O)N[C@@H](Cc1ccccc1)[C@@H](O)CN(Cc1ccc(-c2ccccn2)cc1)NC(=O)[C@@H](NC(=O)OC)C(C)(C)C)C(C)(C)C,1,8.2892,0.9185,1.00,False,False,3.8037,0.5802,False
vericiguat,COC(=O)Nc1c(N)nc(-c2nn(Cc3ccccc3F)c3ncc(F)cc23)nc1N,4,0.2993,-0.5238,1.39,False,False,0.5135,-0.2895,False
Oxfendazole,COC(=O)Nc1nc2cc([S+]([O-])c3ccccc3)ccc2[nH]1,7,2.7236,0.4351,12.88,True,False,2.2926,0.3603,False
mebendazole,COC(=O)Nc1nc2ccc(C(=O)c3ccccc3)cc2[nH]1,1,1149.1083,3.0604,1.00,False,True,736.2252,2.8670,True
eplerenone,COC(=O)[C@@H]1CC2=CC(=O)CC[C@]2(C)[C@@]23O[C@@H]2C[C@@]2(C)[C@@H](CC[C@@]24CCC(=O)O4)[C@H]13,3,1.7429,0.2413,1.20,False,False,0.6237,-0.2050,False
yohimbine,COC(=O)[C@@H]1[C@H]2C[C@H]3c4[nH]c5ccccc5c4CCN3C[C@@H]2CC[C@@H]1O,1,40.4322,1.6067,1.00,False,False,3.7457,0.5735,False
cocaine,COC(=O)[C@H]1[C@@H](OC(=O)c2ccccc2)C[C@@H]2CC[C@H]1N2C,3,91.0271,1.9592,1.40,False,False,8.4497,0.9268,False
deserpidine,COC(=O)[C@H]1[C@H]2C[C@@H]3c4[nH]c5ccccc5c4CCN3C[C@H]2C[C@@H](OC(=O)c2cc(OC)c(OC)c(OC)c2)[C@@H]1OC,1,14.2062,1.1525,1.00,False,False,52.7657,1.7224,True
nintedanib,COC(=O)c1ccc2c(c1)NC(=O)/C2=C(\Nc1ccc(N(C)C(=O)CN2CCN(C)CC2)cc1)c1ccccc1,2,245.3365,2.3898,1.58,False,True,428.6578,2.6321,True
ambrisentan,COC(c1ccccc1)(c1ccccc1)[C@H](Oc1nc(C)cc(C)n1)C(=O)O,3,0.3865,-0.4128,1.20,False,False,0.4209,-0.3758,False
"10alpha-methoxy-9,10-dihydrolysergol",COC12C[C@@H](CO)CN(C)C1Cc1c[nH]c3cccc2c13,1,18.6541,1.2708,1.00,False,False,15.0202,1.1767,False
idebenone,COC1=C(OC)C(=O)C(CCCCCCCCCCO)=C(C)C1=O,2,5.5693,0.7458,1.04,False,False,2.7900,0.4456,False
griseofulvin,COC1=CC(=O)C[C@@H](C)[C@]12Oc1c(Cl)c(OC)cc(OC)c1C2=O,1,1.7213,0.2359,1.00,False,False,1.1550,0.0626,False
cefpodoxime,COCC1=C(C(=O)O)N2C(=O)[C@@H](NC(=O)/C(=N\OC)c3csc(N)n3)[C@H]2SC1,5,3.7811,0.5776,1.26,False,False,0.8603,-0.0654,False
prucalopride,COCCCN1CCC(NC(=O)c2cc(Cl)c(N)c3c2OCC3)CC1,1,4.3687,0.6404,1.00,False,False,9.0703,0.9576,False
aliskiren,COCCCOc1cc(C[C@@H](C[C@H](N)[C@@H](O)C[C@H](C(=O)NCC(C)(C)C(N)=O)C(C)C)C(C)C)ccc1OC,4,45.1417,1.6546,1.59,False,False,149.2451,2.1739,True
rabeprazole,COCCCOc1ccnc(C[S+]([O-])c2nc3ccccc3[nH]2)c1C,3,7.0128,0.8459,1.06,False,False,0.6266,-0.2030,False
nimodipine,COCCOC(=O)C1=C(C)NC(C)=C(C(=O)OC(C)C)C1c1cccc([N+](=O)[O-])c1,1,234.4996,2.3701,1.00,False,True,81.1105,1.9091,True
Preladenant,COCCOc1ccc(N2CCN(CCn3ncc4c3nc(N)n3nc(-c5ccco5)nc43)CC2)cc1,6,6.6272,0.8213,1.74,False,False,3.6766,0.5654,False
metoprolol,COCCc1ccc(OCC(O)CNC(C)C)cc1,3,34.6247,1.5394,1.24,False,False,9.9886,0.9995,False
lacosamide,COC[C@@H](NC(C)=O)C(=O)NCc1ccccc1,4,0.4645,-0.3330,1.34,False,False,0.5737,-0.2413,False
velpatasvir,COC[C@H]1C[C@@H](c2ncc(-c3ccc4c(c3)COc3cc5c(ccc6nc([C@@H]7CC[C@H](C)N7C(=O)[C@@H](NC(=O)OC)C(C)C)[nH]c65)cc3-4)[nH]2)N(C(=O)[C@H](NC(=O)OC)c2ccccc2)C1,4,6.9753,0.8436,2.84,False,False,8.3767,0.9231,False
cerivastatin,COCc1c(C(C)C)nc(C(C)C)c(/C=C/[C@@H](O)C[C@@H](O)CC(=O)O)c1-c1ccc(F)cc1,3,3.8102,0.5809,1.13,False,False,0.9372,-0.0282,False
relugolix,CONC(=O)Nc1ccc(-c2sc3c(c2CN(C)C)c(=O)n(-c2ccc(OC)nn2)c(=O)n3Cc2c(F)cccc2F)cc1,4,63.0081,1.7994,1.58,False,False,111.5778,2.0476,True
spiramycin,CO[C@@H]1[C@@H](O[C@@H]2O[C@H](C)[C@@H](O[C@H]3C[C@@](C)(O)[C@@H](O)[C@H](C)O3)[C@H](N(C)C)[C@H]2O)[C@@H](CC=O)C[C@@H](C)[C@@H](O[C@H]2CC[C@H](N(C)C)[C@@H](C)O2)/C=C/C=C/C[C@@H](C)OC(=O)C[C@H]1O,3,40.7321,1.6099,1.20,False,False,20.0827,1.3028,False
midostaurin,CO[C@@H]1[C@H](N(C)C(=O)c2ccccc2)C[C@H]2O[C@]1(C)n1c3ccccc3c3c4c(c5c6ccccc6n2c5c31)C(=O)NC4,1,0.5594,-0.2523,1.00,False,False,1.1229,0.0504,False
rifampicin,CO[C@H]1/C=C/O[C@@]2(C)Oc3c(C)c(O)c4c(O)c(c(/C=N/N5CCN(C)CC5)c(O)c4c3C2=O)NC(=O)/C(C)=C\C=C\[C@H](C)[C@H](O)[C@@H](C)[C@@H](O)[C@@H](C)[C@H](OC(C)=O)[C@@H]1C,3,2.1542,0.3333,2.02,False,False,0.5758,-0.2397,False
rifapentine,CO[C@H]1/C=C/O[C@@]2(C)Oc3c(C)c(O)c4c(O)c(c(/C=N/N5CCN(C6CCCC6)CC5)c(O)c4c3C2=O)NC(=O)/C(C)=C\C=C\[C@H](C)[C@H](O)[C@@H](C)[C@@H](O)[C@@H](C)[C@H](OC(C)=O)[C@@H]1C,3,0.4349,-0.3616,1.27,False,False,0.5249,-0.2799,False
rifaximin,CO[C@H]1/C=C/O[C@@]2(C)Oc3c(C)c(O)c4c(O)c(c5c(nc6cc(C)ccn65)c4c3C2=O)NC(=O)/C(C)=C\C=C\[C@H](C)[C@H](O)[C@@H](C)[C@@H](O)[C@@H](C)[C@H](OC(C)=O)[C@@H]1C,2,8297.9314,3.9190,1.01,False,True,1996.3011,3.3002,True
everolimus,CO[C@H]1C[C@@H]2CC[C@@H](C)[C@@](O)(O2)C(=O)C(=O)N2CCCC[C@H]2C(=O)O[C@H]([C@H](C)C[C@@H]2CC[C@@H](OCCO)[C@H](OC)C2)CC(=O)[C@H](C)/C=C(\C)[C@@H](O)[C@@H](OC)C(=O)[C@H](C)C[C@H](C)/C=C/C=C/C=C/1C,2,4.1542,0.6185,1.10,False,False,11.9006,1.0756,False
Ridaforolimus,CO[C@H]1C[C@@H]2CC[C@@H](C)[C@@](O)(O2)C(=O)C(=O)N2CCCC[C@H]2C(=O)O[C@H]([C@H](C)C[C@@H]2CC[C@@H](OP(C)(C)=O)[C@H](OC)C2)CC(=O)[C@H](C)/C=C(\C)[C@@H](O)[C@@H](OC)C(=O)[C@H](C)C[C@H](C)/C=C/C=C/C=C/1C,2,7.1249,0.8528,2.18,False,False,44.0697,1.6441,True
artemether,CO[C@H]1O[C@@H]2O[C@@]3(C)CC[C@H]4[C@H](C)CC[C@@H]([C@H]1C)[C@@]24OO3,3,67.9854,1.8324,4.09,True,False,10.4527,1.0192,False
pralsetinib,CO[C@]1(C(=O)N[C@@H](C)c2ccc(-n3cc(F)cn3)nc2)CC[C@H](c2nc(C)cc(Nc3cc(C)[nH]n3)n2)CC1,1,4.2574,0.6291,1.00,False,False,5.7687,0.7611,False
mycophenolic acid,COc1c(C)c2c(c(O)c1C/C=C(\C)CCC(=O)O)C(=O)OC2,3,3.6406,0.5612,1.08,False,False,5.2660,0.7215,False
mycophenolate mofetil,COc1c(C)c2c(c(O)c1C/C=C(\C)CCC(=O)OCCN1CCOCC1)C(=O)OC2,1,46961.5854,4.6717,1.00,False,True,8579.1295,3.9334,True
gatifloxacin,COc1c(N2CCNC(C)C2)c(F)cc2c(=O)c(C(=O)O)cn(C3CC3)c12,1,2.7702,0.4425,1.00,False,False,1.6477,0.2169,False
Nemonoxacin,COc1c(N2C[C@@H](C)C[C@H](N)C2)ccc2c(=O)c(C(=O)O)cn(C3CC3)c12,7,3.8476,0.5852,1.65,False,False,3.9238,0.5937,False
methoxsalen,COc1c2occc2cc2ccc(=O)oc12,1,21.6450,1.3354,1.00,False,False,3.7481,0.5738,False
pinaverium,COc1cc(Br)c(C[N+]2(CCOCCC3CCC4CC3C4(C)C)CCOCC2)cc1OC,2,3740.5392,3.5729,3.38,True,True,629.2319,2.7988,True
zafirlukast,COc1cc(C(=O)NS(=O)(=O)c2ccccc2C)ccc1Cc1cn(C)c2ccc(NC(=O)OC3CCCC3)cc12,1,2.4376,0.3870,1.00,False,False,2.3638,0.3736,False
iloperidone,COc1cc(C(C)=O)ccc1OCCCN1CCC(c2noc3cc(F)ccc23)CC1,1,15.1968,1.1818,1.00,False,False,35.6302,1.5518,False
gefapixant,COc1cc(C(C)C)c(Oc2cnc(N)nc2N)cc1S(N)(=O)=O,9,4.6904,0.6712,2.42,False,False,3.3200,0.5211,False
acitretin,COc1cc(C)c(/C=C/C(C)=C/C=C/C(C)=C/C(=O)O)c(C)c1C,1,8.1095,0.9090,1.00,False,False,4.7042,0.6725,False
ro 13-7652,COc1cc(C)c(/C=C/C(C)=C/C=C/C(C)=C\C(=O)O)c(C)c1C,1,4.1977,0.6230,1.00,False,False,21.7700,1.3379,False
tafenoquine,COc1cc(C)c2c(Oc3cccc(C(F)(F)F)c3)c(OC)cc(NC(C)CCCN)c2n1,2,0.8087,-0.0922,1.21,False,False,24.2392,1.3845,False
Anacetrapib,COc1cc(F)c(C(C)C)cc1-c1ccc(C(F)(F)F)cc1CN1C(=O)O[C@H](c2cc(C(F)(F)F)cc(C(F)(F)F)c2)[C@@H]1C,9,4.9288,0.6927,14.71,True,False,13.9377,1.1442,True
cisapride,COc1cc(N)c(Cl)cc1C(=O)N[C@@H]1CCN(CCCOc2ccc(F)cc2)C[C@@H]1OC,3,8.7566,0.9423,1.20,False,False,5.1107,0.7085,False
brigatinib,COc1cc(N2CCC(N3CCN(C)CC3)CC2)ccc1Nc1ncc(Cl)c(Nc2ccccc2P(C)(C)=O)n1,2,3.0896,0.4899,1.08,False,False,7.5764,0.8795,False
primaquine,COc1cc(NC(C)CCCN)c2ncccc2c1,3,6.6091,0.8201,1.27,False,False,3.3382,0.5235,False
bosutinib,COc1cc(Nc2c(C#N)cnc3cc(OCCCN4CCN(C)CC4)c(OC)cc23)c(Cl)cc1Cl,2,91.2132,1.9601,1.21,False,False,309.5841,2.4908,True
tamatinib (r406),COc1cc(Nc2ncc(F)c(Nc3ccc4c(n3)NC(=O)C(C)(C)O4)n2)cc(OC)c1OC,1,8.0619,0.9064,1.00,False,False,10.8190,1.0342,False
erdafitinib,COc1cc(OC)cc(N(CCNC(C)C)c2ccc3ncc(-c4cnn(C)c4)nc3c2)c1,2,0.1034,-0.9853,1.01,False,False,0.5175,-0.2861,False
vandetanib,COc1cc2c(Nc3ccc(Br)cc3F)ncnc2cc1OCC1CCN(C)CC1,4,3.0911,0.4901,1.16,False,False,58.5082,1.7672,True
tetrabenazine,COc1cc2c(cc1OC)C1CC(=O)C(CC(C)C)CN1CC2,1,3306.8783,3.5194,1.00,False,True,609.8399,2.7852,True
dihydrotetrabenazine (htbz),COc1cc2c(cc1OC)C1CC(O)C(CC(C)C)CN1CC2,2,16.4290,1.2156,1.58,False,False,9.8003,0.9912,False
ivabradine,COc1cc2c(cc1OC)CC(=O)N(CCCN(C)C[C@H]1Cc3cc(OC)c(OC)cc31)CC2,3,40.9823,1.6126,1.09,False,False,6.9704,0.8433,False
moexiprilat,COc1cc2c(cc1OC)CN(C(=O)[C@H](C)N[C@@H](CCc1ccccc1)C(=O)O)[C@H](C(=O)O)C2,2,41.7196,1.6203,1.41,False,False,116.9619,2.0680,True
valbenazine,COc1cc2c(cc1OC)[C@H]1C[C@@H](OC(=O)[C@@H](N)C(C)C)[C@H](CC(C)C)CN1CC2,10,3.8407,0.5844,2.35,False,False,5.9212,0.7724,False
alfuzosin,COc1cc2nc(N(C)CCCNC(=O)C3CCCO3)nc(N)c2cc1OC,3,12.3033,1.0900,1.17,False,False,4.0469,0.6071,False
terazosin,COc1cc2nc(N3CCN(C(=O)C4CCCO4)CC3)nc(N)c2cc1OC,2,1.2717,0.1044,1.00,False,False,0.9343,-0.0295,False
doxazosin,COc1cc2nc(N3CCN(C(=O)C4COc5ccccc5O4)CC3)nc(N)c2cc1OC,3,1.6822,0.2259,1.63,False,False,2.2974,0.3612,False
prazosin,COc1cc2nc(N3CCN(C(=O)c4ccco4)CC3)nc(N)c2cc1OC,4,6.9583,0.8425,1.87,False,False,1.7246,0.2367,False
lenvatinib,COc1cc2nccc(Oc3ccc(NC(=O)NC4CC4)c(Cl)c3)c2cc1C(N)=O,3,2.2519,0.3525,1.17,False,False,5.0085,0.6997,False
tivozanib,COc1cc2nccc(Oc3ccc(NC(=O)Nc4cc(C)on4)c(Cl)c3)c2cc1OC,1,0.1607,-0.7941,1.00,False,False,1.6831,0.2261,False
dacomitinib,COc1cc2ncnc(Nc3ccc(F)c(Cl)c3)c2cc1NC(=O)/C=C/CN1CCCCC1,2,7.2810,0.8622,1.35,False,False,38.6204,1.5868,False
gefitinib,COc1cc2ncnc(Nc3ccc(F)c(Cl)c3)c2cc1OCCCN1CCOCC1,4,24.6540,1.3919,1.20,False,False,64.6672,1.8107,True
arzoxifene,COc1ccc(-c2sc3cc(O)ccc3c2Oc2ccc(OCCN3CCCCC3)cc2)cc1,4,94.3720,1.9748,2.12,False,False,256.1682,2.4085,True
daridorexant,COc1ccc(-n2nccn2)c(C(=O)N2CCC[C@@]2(C)c2nc3c(C)c(Cl)ccc3[nH]2)c1,2,1.0322,0.0138,1.26,False,False,0.8428,-0.0743,False
Fipaxalparant,COc1ccc(C(=O)NC2(C(=O)O)Cc3ccccc3C2)cc1OCCc1cccc(C)c1,3,0.5953,-0.2253,2.02,False,False,1.1415,0.0575,False
encainide,COc1ccc(C(=O)Nc2ccccc2CCC2CCCCN2C)cc1,1,48.0031,1.6813,1.00,False,False,4.9873,0.6979,False
formoterol,COc1ccc(CC(C)NCC(O)c2ccc(O)c(NC=O)c2)cc1,1,63244.0476,4.8010,1.00,False,True,27816.4296,4.4443,True
verapamil,COc1ccc(CCN(C)CCCC(C#N)(c2ccc(OC)c(OC)c2)C(C)C)cc1OC,5,99.4493,1.9976,2.94,False,False,28.0399,1.4478,False
astemizole,COc1ccc(CCN2CCC(Nc3nc4ccccc4n3Cc3ccc(F)cc3)CC2)cc1,1,136.8363,2.1362,1.00,False,False,597.1040,2.7761,True
vernakalant,COc1ccc(CCO[C@@H]2CCCC[C@H]2N2CC[C@@H](O)C2)cc1OC,1,43.1593,1.6351,1.00,False,False,7.0624,0.8490,False
eluxadoline,COc1ccc(CN(C(=O)[C@@H](N)Cc2c(C)cc(C(N)=O)cc2C)[C@@H](C)c2nc(-c3ccccc3)c[nH]2)cc1C(=O)O,2,1279.7672,3.1071,1.41,False,True,999.6804,2.9999,True
trimetazidine,COc1ccc(CN2CCNCC2)c(OC)c1OC,2,6.8199,0.8338,1.06,False,False,4.0328,0.6056,False
avanafil,COc1ccc(CNc2nc(N3CCC[C@H]3CO)ncc2C(=O)NCc2ncccn2)cc1Cl,3,4.1859,0.6218,1.61,False,False,2.7360,0.4371,False
papaverine,COc1ccc(Cc2nccc3cc(OC)c(OC)cc23)cc1OC,1,74.2945,1.8710,1.00,False,False,,,False
glyburide,COc1ccc(Cl)cc1C(=O)NCCc1ccc(S(=O)(=O)NC(=O)NC2CCCCC2)cc1,2,1.6163,0.2085,1.58,False,False,0.2861,-0.5435,False
desglymidodrine,COc1ccc(OC)c(C(O)CN)c1,2,36.9979,1.5682,2.21,False,False,4.1519,0.6183,False
midodrine,COc1ccc(OC)c(C(O)CNC(=O)CN)c1,2,41.7550,1.6207,1.92,False,False,5.3353,0.7272,False
diltiazem,COc1ccc([C@@H]2Sc3ccccc3N(CCN(C)C)C(=O)[C@@H]2OC(C)=O)cc1,3,29.7549,1.4736,1.57,False,False,11.9121,1.0760,False
melatonin,COc1ccc2[nH]cc(CCNC(C)=O)c2c1,2,113.8209,2.0562,1.12,False,False,10.2923,1.0125,False
acemetacin,COc1ccc2c(c1)c(CC(=O)OCC(=O)O)c(C)n2C(=O)c1ccc(Cl)cc1,1,24.2542,1.3848,1.00,False,False,2.1629,0.3350,False
noscapine,COc1ccc2c(c1OC)C(=O)O[C@@H]2[C@H]1c2c(cc3c(c2OC)OCO3)CCN1C,4,65.3780,1.8154,3.00,False,False,20.9010,1.3202,False
oxycodone,COc1ccc2c3c1O[C@H]1C(=O)CC[C@@]4(O)[C@@H](C2)N(C)CC[C@]314,3,24.3235,1.3860,1.09,False,False,7.1475,0.8542,False
hydrocodone,COc1ccc2c3c1O[C@H]1C(=O)CC[C@H]4[C@@H](C2)N(C)CC[C@]314,3,15.4205,1.1881,1.37,False,False,10.3359,1.0143,False
galantamine,COc1ccc2c3c1O[C@H]1C[C@@H](O)C=C[C@@]31CCN(C)C2,3,4.6547,0.6679,1.04,False,False,3.3635,0.5268,False
dihydrocodeine,COc1ccc2c3c1O[C@H]1[C@@H](O)CC[C@H]4[C@@H](C2)N(C)CC[C@@]341,3,20.4263,1.3102,1.57,False,False,4.3484,0.6383,False
6-methoxy-2-naphthylacetic acid,COc1ccc2cc(CC(=O)O)ccc2c1,2,0.2138,-0.6699,1.29,False,False,0.4759,-0.3225,False
nabumetone,COc1ccc2cc(CCC(C)=O)ccc2c1,1,6.5881,0.8188,1.00,False,False,14.8590,1.1720,False
naproxen,COc1ccc2cc([C@H](C)C(=O)O)ccc2c1,2,0.0798,-1.0980,1.09,False,True,0.1216,-0.9150,False
agomelatine,COc1ccc2cccc(CCNC(C)=O)c2c1,1,508.3161,2.7061,1.00,False,True,48.4111,1.6849,False
omeprazole,COc1ccc2nc([S+]([O-])Cc3ncc(C)c(OC)c3C)[nH]c2c1,2,4.5111,0.6543,1.11,False,False,0.3819,-0.4180,False
elagolix,COc1cccc(-c2c(C)n(Cc3c(F)cccc3C(F)(F)F)c(=O)n(C[C@H](NCCCC(=O)O)c3ccccc3)c2=O)c1F,5,31.0767,1.4924,2.15,False,False,11.2798,1.0523,False
tramadol,COc1cccc(C2(O)CCCCC2CN(C)C)c1,4,9.1439,0.9611,1.16,False,False,4.3470,0.6382,False
letermovir,COc1cccc(N2CCN(C3=Nc4c(F)cccc4[C@H](CC(=O)O)N3c3cc(C(F)(F)F)ccc3OC)CC2)c1,3,0.7209,-0.1421,1.56,False,False,0.6776,-0.1690,False
methocarbamol,COc1ccccc1OCC(O)COC(N)=O,1,6.0666,0.7829,1.00,False,False,0.6461,-0.1897,False
carvedilol,COc1ccccc1OCCNCC(O)COc1cccc2[nH]c3ccccc3c12,4,25.6337,1.4088,1.62,False,False,13.0315,1.1150,False
bosentan,COc1ccccc1Oc1c(NS(=O)(=O)c2ccc(C(C)(C)C)cc2)nc(-c2ncccn2)nc1OCCO,8,3.4583,0.5389,3.03,True,False,1.5243,0.1831,False
pantoprazole,COc1ccnc(C[S+]([O-])c2nc3ccc(OC(F)F)cc3[nH]2)c1OC,1,1.3701,0.1367,1.00,False,False,0.1862,-0.7299,False
moxonidine,COc1nc(C)nc(Cl)c1NC1=NCCN1,2,9.1230,0.9601,1.56,False,False,1.8565,0.2687,False
bedaquiline,COc1nc2ccc(Br)cc2cc1[C@@H](c1ccccc1)[C@@](O)(CCN(C)C)c1cccc2ccccc12,2,1.4419,0.1589,1.47,False,False,5.1993,0.7159,False
Golidocitinib,COc1nn(C)cc1Nc1nccc(-c2c[nH]c3c(NC(=O)[C@@H](C)N4CCN(C)CC4)cccc23)n1,4,4.9169,0.6917,1.14,False,False,20.2862,1.3072,False
lapatinib,CS(=O)(=O)CCNCc1ccc(-c2ccc3ncnc(Nc4ccc(OCc5cccc(F)c5)c(Cl)c4)c3c2)o1,2,16.7712,1.2246,1.01,False,False,14.3687,1.1574,False
Iguratimod,CS(=O)(=O)Nc1cc2occ(NC=O)c(=O)c2cc1Oc1ccccc1,3,0.2744,-0.5615,1.23,False,False,0.1742,-0.7590,False
nimesulide,CS(=O)(=O)Nc1ccc([N+](=O)[O-])cc1Oc1ccccc1,1,1.0102,0.0044,1.00,False,False,0.2772,-0.5571,False
busulfan,CS(=O)(=O)OCCCCOS(C)(=O)=O,2,2.8731,0.4583,1.48,False,False,0.7257,-0.1392,False
laropiprant,CS(=O)(=O)c1cc(F)cc2c3c(n(Cc4ccc(Cl)cc4)c12)[C@@H](CC(=O)O)CC3,1,1.7535,0.2439,1.00,False,False,2.5353,0.4040,False
vismodegib,CS(=O)(=O)c1ccc(C(=O)Nc2ccc(Cl)c(-c3ccccn3)c2)c(Cl)c1,1,0.0315,-1.5018,1.00,False,True,0.7237,-0.1404,False
rofecoxib,CS(=O)(=O)c1ccc(C2=C(c3ccccc3)C(=O)OC2)cc1,3,1.5528,0.1911,1.10,False,False,1.4488,0.1610,False
Omarigliptin,CS(=O)(=O)n1cc2c(n1)CN([C@H]1CO[C@H](c3cc(F)ccc3F)[C@@H](N)C1)C2,8,0.6502,-0.1870,1.40,False,False,2.9063,0.4633,False
sulindac sulfide,CSc1ccc(/C=C2/C(C)=C(CC(=O)O)c3cc(F)ccc32)cc1,2,1.7212,0.2358,2.25,False,False,1.3448,0.1287,False
fexinidazole,CSc1ccc(OCc2ncc([N+](=O)[O-])n2C)cc1,9,42.2892,1.6262,3.80,True,False,42.1136,1.6244,True
thioridazine,CSc1ccc2c(c1)N(CCC1CCCCN1C)c1ccccc1S2,3,10.2042,1.0088,1.22,False,False,7.1037,0.8515,False
(r)-fenoprofen,C[C@@H](C(=O)O)c1cccc(Oc2ccccc2)c1,1,7.9365,0.8996,1.00,False,False,0.4810,-0.3179,False
ergometrine,C[C@@H](CO)NC(=O)[C@@H]1C=C2c3cccc4[nH]cc(c34)C[C@H]2N(C)C1,1,15.9261,1.2021,1.00,False,False,2.6061,0.4160,False
lisdexamfetamine,C[C@@H](Cc1ccccc1)NC(=O)[C@@H](N)CCCCN,7,228.7445,2.3594,1.75,False,True,12.8654,1.1094,False
(+)-prenylamine,C[C@@H](Cc1ccccc1)NCCC(c1ccccc1)c1ccccc1,1,286.8617,2.4577,1.00,False,True,596.0763,2.7753,True
cinacalcet,C[C@@H](NCCCc1cccc(C(F)(F)F)c1)c1cccc2ccccc12,4,78.6460,1.8957,1.90,False,False,239.3233,2.3790,True
ritodrine,C[C@@H](NCCc1ccc(O)cc1)[C@@H](O)c1ccc(O)cc1,3,176.4727,2.2467,1.22,False,False,72.1028,1.8580,True
Evocalcet,C[C@@H](N[C@H]1CCN(c2ccc(CC(=O)O)cc2)C1)c1cccc2ccccc12,5,0.3391,-0.4697,1.27,False,False,0.4857,-0.3137,False
rolapitant,C[C@@H](OC[C@@]1(c2ccccc2)CC[C@]2(CCC(=O)N2)CN1)c1cc(C(F)(F)F)cc(C(F)(F)F)c1,4,0.3904,-0.4084,1.23,False,False,4.9938,0.6984,False
aprepitant,C[C@@H](O[C@H]1OCCN(Cc2n[nH]c(=O)[nH]2)[C@H]1c1ccc(F)cc1)c1cc(C(F)(F)F)cc(C(F)(F)F)c1,3,0.9717,-0.0125,2.35,False,False,0.9838,-0.0071,False
crizotinib,C[C@@H](Oc1cc(-c2cnn(C3CCNCC3)c2)cnc1N)c1c(Cl)ccc(F)c1Cl,2,26.9615,1.4307,1.11,False,False,81.8017,1.9128,True
Savolitinib,C[C@@H](c1ccc2nccn2c1)n1nnc2ncc(-c3cnn(C)c3)nc21,1,9.8522,0.9935,1.00,False,False,5.2033,0.7163,False
isavuconazole,C[C@@H](c1nc(-c2ccc(C#N)cc2)cs1)[C@](O)(Cn1cncn1)c1cc(F)ccc1F,3,0.5046,-0.2970,1.11,False,False,5.5024,0.7406,False
voriconazole,C[C@@H](c1ncncc1F)[C@](O)(Cn1cncn1)c1ccc(F)cc1F,3,10.6917,1.0290,4.55,True,False,5.0263,0.7012,False
Milvexian,C[C@@H]1CCC[C@H](n2cnc(-c3cc(Cl)ccc3-n3cc(Cl)nn3)cc2=O)c2cc(ccn2)-c2c(cnn2C(F)F)NC1=O,6,4.1849,0.6217,1.61,False,False,3.8749,0.5883,False
tofacitinib,C[C@@H]1CCN(C(=O)CC#N)C[C@@H]1N(C)c1ncnc2[nH]ccc12,9,13.4691,1.1293,18.69,True,False,2.1154,0.3254,False
dolutegravir (s/gsk1394572),C[C@@H]1CCO[C@H]2Cn3cc(C(=O)NCc4ccc(F)cc4F)c(=O)c(O)c3C(=O)N12,6,0.1620,-0.7904,1.30,False,False,0.1897,-0.7219,False
Ensartinib,C[C@@H]1CN(C(=O)c2ccc(NC(=O)c3cc(O[C@H](C)c4c(Cl)ccc(F)c4Cl)c(N)nn3)cc2)C[C@H](C)N1,1,9.1419,0.9610,1.00,False,False,14.1679,1.1513,False
levocabastine,C[C@@H]1CN([C@H]2CC[C@](C#N)(c3ccc(F)cc3)CC2)CC[C@]1(C(=O)O)c1ccccc1,1,0.3732,-0.4281,1.00,False,False,1.1535,0.0620,False
sparfloxacin,C[C@@H]1CN(c2c(F)c(N)c3c(=O)c(C(=O)O)cn(C4CC4)c3c2F)C[C@H](C)N1,6,2.9907,0.4758,1.28,False,False,4.9317,0.6930,False
Zoliflodacin,C[C@@H]1CN2c3c(cc4c(N5C(=O)OC[C@@H]5C)noc4c3F)CC3(C(=O)NC(=O)NC3=O)[C@H]2[C@H](C)O1,6,3.4736,0.5408,1.63,False,False,1.7712,0.2483,False
vamorolone,C[C@@H]1C[C@H]2[C@@H]3CCC4=CC(=O)C=C[C@]4(C)C3=CC[C@]2(C)[C@@]1(O)C(=O)CO,6,33.7236,1.5279,1.31,False,False,6.8816,0.8377,False
dexamethasone,C[C@@H]1C[C@H]2[C@@H]3CCC4=CC(=O)C=C[C@]4(C)[C@@]3(F)[C@@H](O)C[C@]2(C)[C@@]1(O)C(=O)CO,5,2.9359,0.4677,1.77,False,False,1.1877,0.0747,False
fluocortolone,C[C@@H]1C[C@H]2[C@@H]3C[C@H](F)C4=CC(=O)C=C[C@]4(C)[C@H]3[C@@H](O)C[C@]2(C)[C@H]1C(=O)CO,3,6.7724,0.8307,1.11,False,False,1.0300,0.0128,False
fosfomycin,C[C@@H]1O[C@@H]1P(=O)(O)O,3,4.5682,0.6597,1.18,False,False,1.8850,0.2753,False
atogepant,C[C@@H]1[C@H](c2c(F)ccc(F)c2F)C[C@H](NC(=O)c2cnc3c(c2)C[C@@]2(C3)C(=O)Nc3ncccc32)C(=O)N1CC(F)(F)F,5,4.4978,0.6530,1.32,False,False,3.9795,0.5998,False
ubrogepant,C[C@@H]1[C@H](c2ccccc2)C[C@H](NC(=O)c2cnc3c(c2)C[C@@]2(C3)C(=O)Nc3ncccc32)C(=O)N1CC(F)(F)F,4,18.2611,1.2615,1.08,False,False,6.9131,0.8397,False
zuranolone,C[C@@]1(O)CC[C@H]2[C@H](CC[C@@H]3[C@@H]2CC[C@]2(C)[C@@H](C(=O)Cn4cc(C#N)cn4)CC[C@@H]32)C1,1,18.7674,1.2734,1.00,False,False,27.2980,1.4361,False
dexketoprofen,C[C@H](C(=O)O)c1cccc(C(=O)c2ccccc2)c1,1,1.3140,0.1186,1.00,False,False,0.1490,-0.8267,False
(s)-fenoprofen,C[C@H](C(=O)O)c1cccc(Oc2ccccc2)c1,1,0.6911,-0.1604,1.00,False,False,0.1436,-0.8428,False
ursodeoxycholic acid,C[C@H](CCC(=O)O)[C@H]1CC[C@H]2[C@@H]3[C@@H](O)C[C@@H]4C[C@H](O)CC[C@]4(C)[C@H]3CC[C@]12C,2,6.1445,0.7885,1.72,False,False,,,False
Lecozotan,C[C@H](CN(C(=O)c1ccc(C#N)cc1)c1ccccn1)N1CCN(c2cccc3c2OCCO3)CC1,3,0.7210,-0.1421,1.07,False,False,0.4248,-0.3718,False
isoxsuprine,C[C@H](COc1ccccc1)N[C@H](C)[C@@H](O)c1ccc(O)cc1,3,16.8054,1.2254,1.02,False,False,14.2923,1.1551,False
captopril,C[C@H](CS)C(=O)N1CCC[C@H]1C(=O)O,3,22.8612,1.3591,2.01,False,False,2.0731,0.3166,False
zofenoprilat,C[C@H](CS)C(=O)N1C[C@@H](Sc2ccccc2)C[C@H]1C(=O)O,2,16.5030,1.2176,1.78,False,False,3.3264,0.5220,False
zofenopril,C[C@H](CSC(=O)c1ccccc1)C(=O)N1C[C@@H](Sc2ccccc2)C[C@H]1C(=O)O,1,91.0382,1.9592,1.00,False,False,5.6751,0.7540,False
silodosin,C[C@H](Cc1cc2c(c(C(N)=O)c1)N(CCCO)CC2)NCCOc1ccccc1OCC(F)(F)F,3,6.4542,0.8098,1.16,False,False,2.9380,0.4680,False
(-)-prenylamine,C[C@H](Cc1ccccc1)NCCC(c1ccccc1)c1ccccc1,1,94.8587,1.9771,1.00,False,False,67.3455,1.8283,True
tenofovir,C[C@H](Cn1cnc2c(N)ncnc21)OCP(=O)(O)O,1,32.3553,1.5099,1.00,False,False,56.6988,1.7536,True
dextroamphetamine,C[C@H](N)Cc1ccccc1,7,13.7894,1.1395,1.33,False,False,13.4019,1.1272,False
Taranabant,C[C@H](NC(=O)C(C)(C)Oc1ccc(C(F)(F)F)cn1)[C@@H](Cc1ccc(Cl)cc1)c1cccc(C#N)c1,13,9.0291,0.9556,2.37,False,False,38.3332,1.5836,True
safinamide,C[C@H](NCc1ccc(OCc2cccc(F)c2)cc1)C(N)=O,10,2.5399,0.4048,9.46,True,False,2.2544,0.3530,False
enalaprilat,C[C@H](N[C@@H](CCc1ccccc1)C(=O)O)C(=O)N1CCC[C@H]1C(=O)O,2,8.2200,0.9149,1.05,False,False,3.5387,0.5488,False
quinaprilat,C[C@H](N[C@@H](CCc1ccccc1)C(=O)O)C(=O)N1Cc2ccccc2C[C@H]1C(=O)O,5,1.8532,0.2679,2.26,False,False,0.4597,-0.3376,False
ramiprilat,C[C@H](N[C@@H](CCc1ccccc1)C(=O)O)C(=O)N1[C@H](C(=O)O)C[C@@H]2CCC[C@@H]21,3,8.4659,0.9277,1.24,False,False,31.4575,1.4977,True
trandolaprilat,C[C@H](N[C@@H](CCc1ccccc1)C(=O)O)C(=O)N1[C@H](C(=O)O)C[C@H]2CCCC[C@@H]21,3,4.2882,0.6323,2.94,False,False,30.7727,1.4882,False
sapropterin,C[C@H](O)[C@H](O)[C@H]1CNc2nc(N)[nH]c(=O)c2N1,1,310.9294,2.4927,1.00,False,True,98.7975,1.9947,True
lorcaserin,C[C@H]1CNCCc2ccc(Cl)cc21,1,4.7524,0.6769,1.00,False,False,4.5261,0.6557,False
cabotegravir,C[C@H]1CO[C@@H]2Cn3cc(C(=O)NCc4ccc(F)cc4F)c(=O)c(O)c3C(=O)N12,1,0.0505,-1.2969,1.00,False,True,0.1772,-0.7515,False
methylprednisolone,C[C@H]1C[C@@H]2[C@H]([C@@H](O)C[C@@]3(C)[C@H]2CC[C@]3(O)C(=O)CO)[C@@]2(C)C=CC(=O)C=C12,8,5.6383,0.7511,1.90,False,False,1.4851,0.1718,False
betamethasone,C[C@H]1C[C@H]2[C@@H]3CCC4=CC(=O)C=C[C@]4(C)[C@@]3(F)[C@@H](O)C[C@]2(C)[C@@]1(O)C(=O)CO,1,1.9588,0.2920,1.00,False,False,0.8870,-0.0521,False
Cipargamin,C[C@H]1Cc2c([nH]c3cc(Cl)c(F)cc23)[C@@]2(N1)C(=O)Nc1ccc(Cl)cc12,7,1.0099,0.0043,1.46,False,False,2.0253,0.3065,False
Imeglimin,C[C@H]1N=C(N(C)C)N=C(N)N1,6,24.2898,1.3854,2.11,False,False,23.8554,1.3776,False
digitoxin,C[C@H]1O[C@@H](O[C@H]2[C@@H](O)C[C@H](O[C@H]3[C@@H](O)C[C@H](O[C@H]4CC[C@@]5(C)[C@H](CC[C@@H]6[C@@H]5CC[C@]5(C)[C@@H](C7=CC(=O)OC7)CC[C@]65O)C4)O[C@@H]3C)O[C@@H]2C)C[C@H](O)[C@@H]1O,1,0.1785,-0.7484,1.00,False,False,,,False
artenimol (dihydroartemisinin),C[C@H]1[C@@H](O)O[C@@H]2O[C@]3(C)CC[C@H]4[C@H](C)CC[C@@H]1[C@]24OO3,3,51.8045,1.7144,1.65,False,False,5.0241,0.7011,False
aztreonam,C[C@H]1[C@H](NC(=O)/C(=N\OC(C)(C)C(=O)O)c2csc(N)n2)C(=O)N1S(=O)(=O)O,1,297.6190,2.4737,1.00,False,True,105.1330,2.0217,True
artesunate,C[C@H]1[C@H](OC(=O)CCC(=O)O)O[C@@H]2O[C@@]3(C)CC[C@H]4[C@H](C)CC[C@@H]1[C@@]24OO3,2,340.9611,2.5327,1.21,False,True,18.4751,1.2666,False
doxycycline,C[C@H]1c2cccc(O)c2C(=O)C2=C(O)[C@]3(O)C(=O)C(C(N)=O)=C(O)[C@@H](N(C)C)[C@@H]3[C@@H](O)[C@@H]21,3,0.6754,-0.1704,1.47,False,False,0.8189,-0.0868,False
methyldopa,C[C@](N)(Cc1ccc(O)c(O)c1)C(=O)O,1,9.2752,0.9673,1.00,False,False,2.0116,0.3035,False
delamanid,C[C@]1(COc2ccc(N3CCC(Oc4ccc(OC(F)(F)F)cc4)CC3)cc2)Cn2cc([N+](=O)[O-])nc2O1,3,5.1359,0.7106,1.75,False,False,,,False
fluoxymesterone,C[C@]1(O)CC[C@H]2[C@@H]3CCC4=CC(=O)CC[C@]4(C)[C@@]3(F)[C@@H](O)C[C@@]21C,1,7.7809,0.8910,1.00,False,False,1.3339,0.1251,False
oxymetholone,C[C@]12C/C(=C/O)C(=O)C[C@@H]1CC[C@@H]1[C@@H]2CC[C@@]2(C)[C@H]1CC[C@]2(C)O,1,69.7082,1.8433,1.00,False,False,48.2224,1.6832,False
prednisone,C[C@]12C=CC(=O)C=C1CC[C@@H]1[C@@H]2C(=O)C[C@@]2(C)[C@H]1CC[C@]2(O)C(=O)CO,3,21.0593,1.3234,1.94,False,False,5.2287,0.7184,False
prednisolone,C[C@]12C=CC(=O)C=C1CC[C@@H]1[C@@H]2[C@@H](O)C[C@@]2(C)[C@H]1CC[C@]2(O)C(=O)CO,8,1.9874,0.2983,2.65,False,False,0.5454,-0.2633,False
triamcinolone,C[C@]12C=CC(=O)C=C1CC[C@H]1[C@@H]3C[C@@H](O)[C@](O)(C(=O)CO)[C@@]3(C)C[C@H](O)[C@@]12F,1,39.1604,1.5928,1.00,False,False,8.8153,0.9452,False
dutasteride,C[C@]12C=CC(=O)N[C@@H]1CC[C@@H]1[C@@H]2CC[C@]2(C)[C@@H](C(=O)Nc3cc(C(F)(F)F)ccc3C(F)(F)F)CC[C@@H]12,1,1.7233,0.2364,1.00,False,False,12.0723,1.0818,False
canrenoic acid,C[C@]12CCC(=O)C=C1C=C[C@@H]1[C@@H]2CC[C@@]2(C)[C@H]1CC[C@@]2(O)CCC(=O)O,1,1.9511,0.2903,1.00,False,False,0.7163,-0.1449,False
canrenone,C[C@]12CCC(=O)C=C1C=C[C@@H]1[C@@H]2CC[C@@]2(C)[C@H]1CC[C@@]21CCC(=O)O1,2,14.7200,1.1679,1.53,False,False,16.4173,1.2153,False
cortisone,C[C@]12CCC(=O)C=C1CC[C@@H]1[C@@H]2C(=O)C[C@@]2(C)[C@H]1CC[C@]2(O)C(=O)CO,3,15.4832,1.1899,3.73,True,False,6.8841,0.8378,False
methyltestosterone,C[C@]12CCC(=O)C=C1CC[C@@H]1[C@@H]2CC[C@@]2(C)[C@H]1CC[C@]2(C)O,1,42.5931,1.6293,1.00,False,False,8.2605,0.9170,False
hydrocortisone,C[C@]12CCC(=O)C=C1CC[C@@H]1[C@@H]2[C@@H](O)C[C@@]2(C)[C@H]1CC[C@]2(O)C(=O)CO,6,5.8951,0.7705,1.88,False,False,0.7355,-0.1334,False
fludrocortisone,C[C@]12CCC(=O)C=C1CC[C@H]1[C@@H]3CC[C@](O)(C(=O)CO)[C@@]3(C)C[C@H](O)[C@@]12F,1,7.2590,0.8609,1.00,False,False,1.6152,0.2082,False
drospirenone,C[C@]12CCC(=O)C=C1[C@@H]1C[C@@H]1[C@H]1[C@@H]3[C@@H]4C[C@@H]4[C@@]4(CCC(=O)O4)[C@@]3(C)CC[C@@H]12,3,1.4490,0.1611,1.07,False,False,3.4095,0.5327,False
dienogest,C[C@]12CCC3=C4CCC(=O)C=C4CC[C@H]3[C@@H]1CC[C@@]2(O)CC#N,1,0.7483,-0.1259,1.00,False,False,0.6738,-0.1715,False
estetrol,C[C@]12CC[C@@H]3c4ccc(O)cc4CC[C@H]3[C@@H]1[C@@H](O)[C@@H](O)[C@@H]2O,3,47.4522,1.6763,1.75,False,False,99.5575,1.9981,True
estromustine,C[C@]12CC[C@@H]3c4ccc(OC(=O)N(CCCl)CCCl)cc4CC[C@H]3[C@@H]1CC[C@@H]2O,1,29.7717,1.4738,1.00,False,False,39.7858,1.5997,False
oxandrolone,C[C@]12COC(=O)C[C@@H]1CC[C@@H]1[C@@H]2CC[C@@]2(C)[C@H]1CC[C@]2(C)O,1,0.7498,-0.1250,1.00,False,False,0.5758,-0.2397,False
Vilaprisan,C[C@]12C[C@H](c3ccc(S(C)(=O)=O)cc3)C3=C4CCC(=O)C=C4CC[C@H]3[C@@H]1CC[C@@]2(O)C(F)(F)C(F)(F)F,2,3.0299,0.4814,1.07,False,False,10.2440,1.0105,False
betaine,C[N+](C)(C)CC(=O)[O-],1,1.2891,0.1103,1.00,False,False,1.6050,0.2055,False
amitriptylinoxide,C[N+](C)([O-])CCC=C1c2ccccc2CCc2ccccc21,1,6.9497,0.8420,1.00,False,False,0.8965,-0.0474,False
diphemanil,C[N+]1(C)CCC(=C(c2ccccc2)c2ccccc2)CC1,1,173.5590,2.2394,1.00,False,False,119.0119,2.0756,True
ademetionine (same),C[S+](CC[C@H](N)C(=O)[O-])C[C@H]1O[C@@H](n2cnc3c(N)ncnc32)[C@H](O)[C@@H]1O,2,44.9312,1.6525,1.25,False,False,16.9583,1.2294,False
milrinone,Cc1[nH]c(=O)c(C#N)cc1-c1ccncc1,6,6.5212,0.8143,1.47,False,False,0.5285,-0.2769,False
panobinostat,Cc1[nH]c2ccccc2c1CCNCc1ccc(/C=C/C(=O)NO)cc1,1,38.1156,1.5811,1.00,False,False,95.8664,1.9817,True
BMS-986142,Cc1c(-c2c(F)cc(C(N)=O)c3[nH]c4c(c23)CC[C@H](C(C)(C)O)C4)cccc1-n1c(=O)c2cccc(F)c2n(C)c1=O,6,8.2024,0.9139,1.86,False,False,6.5654,0.8173,False
bazedoxifene,Cc1c(-c2ccc(O)cc2)n(Cc2ccc(OCCN3CCCCCC3)cc2)c2ccc(O)cc12,10,66.9654,1.8259,1.74,False,False,197.1814,2.2949,True
3-methylflavone-8-carboxylic acid (mfca),Cc1c(-c2ccccc2)oc2c(C(=O)O)cccc2c1=O,1,2.1372,0.3298,1.00,False,False,0.4904,-0.3095,False
rimonabant,Cc1c(C(=O)NN2CCCCC2)nn(-c2ccc(Cl)cc2Cl)c1-c1ccc(Cl)cc1,1,0.0970,-1.0134,1.00,False,True,1.5551,0.1918,False
troglitazone,Cc1c(C)c2c(c(C)c1O)CCC(C)(COc1ccc(CC3SC(=O)NC3=O)cc1)O2,1,9.2915,0.9681,1.00,False,False,9.4524,0.9755,False
Fevipiprant,Cc1c(CC(=O)O)c2cccnc2n1Cc1ccc(S(C)(=O)=O)cc1C(F)(F)F,4,16.4927,1.2173,1.98,False,False,23.9484,1.3793,False
opicapone,Cc1c(Cl)c(C)[n+]([O-])c(Cl)c1-c1noc(-c2cc(O)c(O)c([N+](=O)[O-])c2)n1,8,10.4436,1.0188,3.97,True,False,1.3304,0.1240,False
tolfenamic acid,Cc1c(Cl)cccc1Nc1ccccc1C(=O)O,4,3.5811,0.5540,1.19,False,False,0.8875,-0.0518,False
grepafloxacin,Cc1c(F)c(N2CCNC(C)C2)cc2c1c(=O)c(C(=O)O)cn2C1CC1,5,7.4630,0.8729,1.48,False,False,7.4953,0.8748,False
Losmapimod,Cc1c(F)cc(C(=O)NC2CC2)cc1-c1ccc(C(=O)NCC(C)(C)C)cn1,4,6.4488,0.8095,1.26,False,False,4.9292,0.6928,False
4-aminoantipyrine,Cc1c(N)c(=O)n(-c2ccccc2)n1C,3,12.7380,1.1051,1.69,False,False,5.2016,0.7161,False
4-formylaminoantipyrine,Cc1c(NC=O)c(=O)n(-c2ccccc2)n1C,3,6.0645,0.7828,1.81,False,False,5.2330,0.7188,False
deferiprone,Cc1c(O)c(=O)ccn1C,3,5.2860,0.7231,1.23,False,False,0.8858,-0.0527,False
nelfinavir,Cc1c(O)cccc1C(=O)N[C@@H](CSc1ccccc1)[C@H](O)CN1C[C@H]2CCCC[C@H]2C[C@H]1C(=O)NC(C)(C)C,2,9.0176,0.9551,1.10,False,False,3.1845,0.5030,False
lansoprazole,Cc1c(OCC(F)(F)F)ccnc1C[S+]([O-])c1nc2ccccc2[nH]1,2,2.5876,0.4129,1.07,False,False,0.2547,-0.5939,False
rilpivirine,Cc1cc(/C=C/C#N)cc(C)c1Nc1ccnc(Nc2ccc(C#N)cc2)n1,1,2.4795,0.3944,1.00,False,False,11.8070,1.0721,False
etravirine,Cc1cc(C#N)cc(C)c1Oc1nc(Nc2ccc(C#N)cc2)nc(N)c1Br,1,25.8518,1.4125,1.00,False,False,,,False
Valemetostat,Cc1cc(C)c(CNC(=O)c2cc(Cl)c3c(c2C)O[C@@](C)([C@H]2CC[C@H](N(C)C)CC2)O3)c(=O)[nH]1,3,4.8211,0.6831,1.54,False,False,8.9330,0.9510,False
metaxalone,Cc1cc(C)cc(OCC2CNC(=O)O2)c1,2,12.5173,1.0975,1.03,False,False,10.6847,1.0288,False
sulfamethazine,Cc1cc(C)nc(NS(=O)(=O)c2ccc(N)cc2)n1,2,0.4957,-0.3048,1.28,False,False,0.2947,-0.5306,False
Pleconaril,Cc1cc(CCCOc2c(C)cc(-c3noc(C(F)(F)F)n3)cc2C)on1,7,5.7959,0.7631,1.58,False,False,15.4072,1.1877,False
Selonsertib,Cc1cc(F)c(C(=O)Nc2cccc(-c3nncn3C(C)C)n2)cc1-n1cnc(C2CC2)c1,5,0.4931,-0.3071,1.27,False,False,0.7769,-0.1096,False
isoxicam,Cc1cc(NC(=O)C2=C(O)c3ccccc3S(=O)(=O)N2C)no1,1,0.0731,-1.1360,1.00,False,True,0.1858,-0.7310,False
sulfamethoxazole,Cc1cc(NS(=O)(=O)c2ccc(N)cc2)no1,1,0.2376,-0.6242,1.00,False,False,0.1913,-0.7183,False
ceritinib,Cc1cc(Nc2ncc(Cl)c(=Nc3ccccc3S(=O)(=O)C(C)C)[nH]2)c(OC(C)C)cc1C1CCNCC1,2,17.7225,1.2485,1.06,False,False,55.5075,1.7444,True
tucatinib,Cc1cc(Nc2ncnc3ccc(NC4=NC(C)(C)CO4)cc23)ccc1Oc1ccn2ncnc2c1,1,27.2628,1.4356,1.00,False,False,19.6505,1.2934,False
deacetylmetipranolol,Cc1cc(OCC(O)CNC(C)C)c(C)c(C)c1O,1,87.7124,1.9431,1.00,False,False,22.7065,1.3562,False
deacetylmoxisylyte,Cc1cc(OCCN(C)C)c(C(C)C)cc1O,1,6.8157,0.8335,1.00,False,False,1.2333,0.0911,False
olanzapine,Cc1cc2c(s1)Nc1ccccc1N=C2N1CCN(C)CC1,3,3.6629,0.5638,1.03,False,False,9.7747,0.9901,False
riboflavin,Cc1cc2nc3c(=O)[nH]c(=O)nc-3n(C[C@H](O)[C@H](O)[C@H](O)CO)c2cc1C,3,25.0938,1.3996,2.70,False,False,7.3721,0.8676,False
celecoxib,Cc1ccc(-c2cc(C(F)(F)F)nn2-c2ccc(S(N)(=O)=O)cc2)cc1,1,7.6316,0.8826,1.00,False,False,4.8895,0.6893,False
etoricoxib,Cc1ccc(-c2ncc(Cl)cc2-c2ccc(S(C)(=O)=O)cc2)cn1,8,0.7358,-0.1332,1.15,False,False,1.6058,0.2057,False
suvorexant,Cc1ccc(-n2nccn2)c(C(=O)N2CCN(c3nc4cc(Cl)ccc4o3)CC[C@H]2C)c1,6,1.5639,0.1942,3.35,True,False,1.3987,0.1457,False
acrivastine,Cc1ccc(/C(=C\CN2CCCC2)c2cccc(/C=C/C(=O)O)n2)cc1,2,4.4183,0.6453,1.26,False,False,0.5656,-0.2475,False
triprolidine,Cc1ccc(/C(=C\CN2CCCC2)c2ccccn2)cc1,3,12.7659,1.1061,1.16,False,False,4.6786,0.6701,False
pirfenidone,Cc1ccc(=O)n(-c2ccccc2)c1,3,2.1896,0.3404,1.41,False,False,0.4284,-0.3682,False
tolcapone,Cc1ccc(C(=O)c2cc(O)c(O)c([N+](=O)[O-])c2)cc1,8,2.2770,0.3574,1.44,False,False,0.3889,-0.4102,False
tolmetin,Cc1ccc(C(=O)c2ccc(CC(=O)O)n2C)cc1,3,0.9581,-0.0186,1.39,False,False,0.0810,-1.0917,False
gemfibrozil,Cc1ccc(C)c(OCCCC(C)(C)C(=O)O)c1,1,1.2979,0.1132,1.00,False,False,0.3658,-0.4368,False
meclofenamic acid,Cc1ccc(Cl)c(Nc2ccccc2C(=O)O)c1Cl,1,2.3652,0.3739,1.00,False,False,0.2867,-0.5426,False
phentolamine,Cc1ccc(N(CC2=NCCN2)c2cccc(O)c2)cc1,1,72.2998,1.8591,1.00,False,False,20.7823,1.3177,False
avacopan,Cc1ccc(NC(=O)[C@H]2CCCN(C(=O)c3c(C)cccc3F)[C@H]2c2ccc(NC3CCCC3)cc2)cc1C(F)(F)F,5,19.4313,1.2885,3.49,True,False,55.0541,1.7408,True
imatinib,Cc1ccc(NC(=O)c2ccc(CN3CCN(C)CC3)cc2)cc1Nc1nccc(-c2cccnc2)n1,3,3.4714,0.5405,1.22,False,False,4.8277,0.6837,False
lumiracoxib,Cc1ccc(Nc2c(F)cccc2Cl)c(CC(=O)O)c1,2,3.3048,0.5192,1.01,False,False,1.0104,0.0045,False
pazopanib,Cc1ccc(Nc2nccc(N(C)c3ccc4c(C)n(C)nc4c3)n2)cc1S(N)(=O)=O,1,0.0636,-1.1968,1.00,False,True,0.2543,-0.5947,False
tolterodine,Cc1ccc(O)c([C@H](CCN(C(C)C)C(C)C)c2ccccc2)c1,1,79.3651,1.8996,1.00,False,False,16.2166,1.2100,False
tolazamide,Cc1ccc(S(=O)(=O)NC(=O)NN2CCCCCC2)cc1,1,0.1956,-0.7086,1.00,False,False,0.1206,-0.9187,False
gliclazide,Cc1ccc(S(=O)(=O)NC(=O)NN2C[C@H]3CCC[C@H]3C2)cc1,1,0.3446,-0.4626,1.00,False,False,0.3133,-0.5040,False
vortioxetine,Cc1ccc(Sc2ccccc2N2CCNCC2)c(C)c1,9,9.6749,0.9856,2.98,False,False,45.2381,1.6555,True
canagliflozin,Cc1ccc([C@@H]2O[C@H](CO)[C@@H](O)[C@H](O)[C@H]2O)cc1Cc1ccc(-c2ccc(F)cc2)s1,3,3.5651,0.5521,1.10,False,False,3.2591,0.5131,False
Amenamevir,Cc1cccc(C)c1N(CC(=O)Nc1ccc(-c2ncon2)cc1)C(=O)C1CCS(=O)(=O)CC1,5,4.2753,0.6310,3.04,True,False,2.6622,0.4252,False
tocainide,Cc1cccc(C)c1NC(=O)C(C)N,2,2.7461,0.4387,1.41,False,False,2.8132,0.4492,False
Nefiracetam,Cc1cccc(C)c1NC(=O)CN1CCCC1=O,7,1.5425,0.1882,1.52,False,False,0.5569,-0.2542,False
mexiletine,Cc1cccc(C)c1OCC(C)N,5,9.6329,0.9838,1.20,False,False,8.3066,0.9194,False
meclizine,Cc1cccc(CN2CCN(C(c3ccccc3)c3ccc(Cl)cc3)CC2)c1,1,10.5066,1.0215,1.00,False,False,4.7393,0.6757,False
torasemide,Cc1cccc(Nc2ccncc2S(=O)(=O)NC(=O)NC(C)C)c1,2,0.7170,-0.1445,1.10,False,False,0.2049,-0.6884,False
tolvaptan,Cc1ccccc1C(=O)Nc1ccc(C(=O)N2CCC[C@@H](O)c3cc(Cl)ccc32)c(C)c1,12,4.6254,0.6652,1.68,False,False,3.4425,0.5369,False
orphenadrine,Cc1ccccc1C(OCCN(C)C)c1ccccc1,1,11.7287,1.0692,1.00,False,False,15.2016,1.1819,False
metolazone,Cc1ccccc1N1C(=O)c2cc(S(N)(=O)=O)c(Cl)cc2NC1C,3,2.5614,0.4085,1.28,False,False,1.6353,0.2136,False
telotristat,Cc1ccn(-c2cc(Cl)ccc2[C@@H](Oc2cc(-c3ccc(C[C@H](N)C(=O)O)cc3)nc(N)n2)C(F)(F)F)n1,1,51.3136,1.7102,1.00,False,False,22.2137,1.3466,False
nevirapine,Cc1ccnc2c1NC(=O)c1cccnc1N2C1CC1,6,0.3476,-0.4589,2.46,False,False,1.2996,0.1138,False
tiagabine,Cc1ccsc1C(=CCCN1CCC[C@@H](C(=O)O)C1)c1sccc1C,5,2.2850,0.3589,1.33,False,False,1.4083,0.1487,False
telbivudine,Cc1cn([C@@H]2C[C@@H](O)[C@H](CO)O2)c(=O)[nH]c1=O,4,4.8509,0.6858,1.78,False,False,18.6783,1.2713,False
stavudine (d4t),Cc1cn([C@H]2C=C[C@@H](CO)O2)c(=O)[nH]c1=O,4,4.8572,0.6864,1.01,False,False,0.7454,-0.1276,False
zidovudine,Cc1cn([C@H]2C[C@H](N=[N+]=[N-])[C@@H](CO)O2)c(=O)[nH]c1=O,3,31.5378,1.4988,1.13,False,False,3.0900,0.4900,False
risdiplam,Cc1cn2nc(-c3cc(=O)n4cc(N5CCNC6(CC6)C5)ccc4n3)cc(C)c2n1,4,1.4431,0.1593,1.26,False,False,5.3822,0.7310,False
Presatovir,Cc1cn2nc([C@@H]3CCCCN3C(=O)c3cc(Cl)ccc3NS(C)(=O)=O)cc2nc1N1CC[C@H](N)C1,4,0.5656,-0.2475,1.30,False,False,1.5454,0.1890,False
fomepizole,Cc1cn[nH]c1,1,0.7449,-0.1279,1.00,False,False,,,False
glipizide,Cc1cnc(C(=O)NCCc2ccc(S(=O)(=O)NC(=O)NC3CCCCC3)cc2)cn1,3,0.5400,-0.2676,1.62,False,False,0.1720,-0.7645,False
paritaprevir,Cc1cnc(C(=O)N[C@H]2CCCCC/C=C\[C@@H]3C[C@@]3(C(=O)NS(=O)(=O)C3CC3)NC(=O)[C@@H]3C[C@@H](Oc4nc5ccccc5c5ccccc45)CN3C2=O)cn1,3,72.0981,1.8579,7.52,True,False,17.6484,1.2467,False
acipimox,Cc1cnc(C(=O)O)c[n+]1[O-],3,3.5345,0.5483,1.18,False,False,0.5150,-0.2882,False
meloxicam,Cc1cnc(NC(=O)C2=C(O)c3ccccc3S(=O)(=O)N2C)s1,2,0.0872,-1.0596,1.03,False,True,0.1602,-0.7954,False
fedratinib,Cc1cnc(Nc2ccc(OCCN3CCCC3)cc2)nc1Nc1cccc(S(=O)(=O)NC(C)(C)C)c1,8,10.6955,1.0292,6.44,True,False,45.7633,1.6605,True
rupatadine,Cc1cncc(CN2CCC(=C3c4ccc(Cl)cc4CCc4cccnc43)CC2)c1,3,175.6654,2.2447,1.08,False,False,97.4894,1.9890,True
Acoramidis,Cc1n[nH]c(C)c1CCCOc1cc(C(=O)O)ccc1F,4,0.8857,-0.0527,3.72,True,False,1.9420,0.2882,False
roxadustat,Cc1nc(C(=O)NCC(=O)O)c(O)c2ccc(Oc3ccccc3)cc12,4,0.3644,-0.4384,1.17,False,False,0.3071,-0.5127,False
Brecanavir,Cc1nc(COc2ccc(C[C@H](NC(=O)O[C@H]3CO[C@H]4OCC[C@H]43)[C@H](O)CN(CC(C)C)S(=O)(=O)c3ccc4c(c3)OCO4)cc2)cs1,6,1087.3602,3.0364,5.05,True,True,175.4374,2.2441,True
Pritelivir,Cc1nc(N(C)C(=O)Cc2ccc(-c3ccccn3)cc2)sc1S(N)(=O)=O,12,0.2679,-0.5720,2.18,False,False,1.5183,0.1814,False
alpelisib,Cc1nc(NC(=O)N2CCC[C@H]2C(N)=O)sc1-c1ccnc(C(C)(C)C(F)(F)F)c1,1,8.5800,0.9335,1.00,False,False,10.1772,1.0076,False
Tegoprazan,Cc1nc2cc(C(=O)N(C)C)cc(O[C@H]3CCOc4cc(F)cc(F)c43)c2[nH]1,3,4.1986,0.6231,1.08,False,False,1.5269,0.1838,False
risperidone,Cc1nc2n(c(=O)c1CCN1CCC(c3noc4cc(F)ccc34)CC1)CCCC2,2,5.7879,0.7625,2.74,False,False,2.1928,0.3410,False
paliperidone,Cc1nc2n(c(=O)c1CCN1CCC(c3noc4cc(F)ccc34)CC1)CCCC2O,1,1.3118,0.1179,1.00,False,False,2.7486,0.4391,False
thiamine,Cc1ncc(C[n+]2csc(CCO)c2C)c(N)n1,3,623.9321,2.7951,1.45,False,True,204.4938,2.3107,True
lemborexant,Cc1ncc(OC[C@@]2(c3cccc(F)c3)C[C@H]2C(=O)Nc2ccc(F)cn2)c(C)n1,8,6.4868,0.8120,3.02,True,False,25.7387,1.4106,False
secnidazole,Cc1ncc([N+](=O)[O-])n1CC(C)O,3,0.3396,-0.4690,1.13,False,False,0.5986,-0.2228,False
midazolam,Cc1ncc2n1-c1ccc(Cl)cc1C(c1ccccc1F)=NC2,9,20.4582,1.3109,1.96,False,False,5.3495,0.7283,False
ondansetron,Cc1nccn1CC1CCc2c(c3ccccc3n2C)C1=O,1,9.0060,0.9545,1.00,False,False,3.6648,0.5640,False
Imidafenacin,Cc1nccn1CCC(C(N)=O)(c1ccccc1)c1ccccc1,1,11.5580,1.0629,1.00,False,False,3.0021,0.4774,False
raltegravir,Cc1nnc(C(=O)NC(C)(C)c2nc(C(=O)NCc3ccc(F)cc3)c(O)c(=O)n2C)o1,9,7.4366,0.8714,1.50,False,False,4.7602,0.6776,False
maraviroc,Cc1nnc(C(C)C)n1[C@@H]1C[C@H]2CC[C@@H](C1)N2CC[C@H](NC(=O)C1CCC(F)(F)CC1)c1ccccc1,7,59.8912,1.7774,12.70,True,True,35.5613,1.5510,False
sulfisoxazole,Cc1noc(NS(=O)(=O)c2ccc(N)cc2)c1C,2,0.3307,-0.4805,2.99,False,False,0.1668,-0.7779,False
fezolinetant,Cc1nsc(-c2nnc3n2CCN(C(=O)c2ccc(F)cc2)[C@@H]3C)n1,4,6.5131,0.8138,1.15,False,False,2.1566,0.3338,False
dicloxacillin,Cc1onc(-c2c(Cl)cccc2Cl)c1C(=O)N[C@@H]1C(=O)N2[C@@H]1SC(C)(C)[C@@H]2C(=O)O,4,2.0325,0.3080,1.26,False,False,0.2648,-0.5770,False
flucloxacillin,Cc1onc(-c2c(F)cccc2Cl)c1C(=O)N[C@@H]1C(=O)N2[C@@H]1SC(C)(C)[C@@H]2C(=O)O,2,2.7664,0.4419,1.10,False,False,0.3273,-0.4851,False
valdecoxib,Cc1onc(-c2ccccc2)c1-c1ccc(S(N)(=O)=O)cc1,4,1.3650,0.1351,1.09,False,False,1.1161,0.0477,False
econazole,Clc1ccc(COC(Cn2ccnc2)c2ccc(Cl)cc2Cl)cc1,3,6.8246,0.8341,1.06,False,False,2.2649,0.3551,False
piperaquine,Clc1ccc2c(N3CCN(CCCN4CCN(c5ccnc6cc(Cl)ccc56)CC4)CC3)ccnc2c1,5,62.7181,1.7974,1.98,False,False,1331.2783,3.1243,True
amoxapine,Clc1ccc2c(c1)C(N1CCNCC1)=Nc1ccccc1O2,3,35.4968,1.5502,2.83,False,False,20.3209,1.3079,True
estazolam,Clc1ccc2c(c1)C(c1ccccc1)=NCc1nncn1-2,3,0.2165,-0.6644,1.19,False,False,0.3160,-0.5003,False
desloratadine,Clc1ccc2c(c1)CCc1cccnc1C2=C1CCNCC1,4,19.5619,1.2914,1.32,False,False,38.5782,1.5863,False
tizanidine,Clc1ccc2nsnc2c1NC1=NCCN1,4,100.4692,2.0020,1.35,False,False,19.6046,1.2924,False
clotrimazole,Clc1ccccc1C(c1ccccc1)(c1ccccc1)n1ccnc1,1,54.8404,1.7391,1.00,False,False,14.1968,1.1522,False
ticlopidine,Clc1ccccc1CN1CCc2sccc2C1,1,51.6386,1.7130,1.00,False,False,32.9503,1.5179,False
theophylline,Cn1c(=O)c2[nH]cnc2n(C)c1=O,2,0.7534,-0.1230,1.07,False,False,0.4263,-0.3703,False
caffeine,Cn1c(=O)c2c(ncn2C)n(C)c1=O,2,1.4684,0.1669,1.09,False,False,0.6168,-0.2098,False
dyphylline,Cn1c(=O)c2c(ncn2CC(O)CO)n(C)c1=O,3,4.2640,0.6298,1.76,False,False,0.7883,-0.1033,False
alogliptin,Cn1c(=O)cc(N2CCC[C@@H](N)C2)n(Cc2ccccc2C#N)c1=O,6,4.0594,0.6085,1.36,False,False,5.8641,0.7682,False
Brensocatib,Cn1c(=O)oc2ccc(-c3ccc(C[C@@H](C#N)NC(=O)[C@@H]4CNCCCO4)cc3)cc21,3,1.9314,0.2859,1.22,False,False,3.7913,0.5788,False
Tanaproget,Cn1c(C#N)ccc1-c1ccc2c(c1)C(C)(C)OC(=S)N2,6,16.6078,1.2203,1.89,False,False,16.2402,1.2106,False
dabigatran,Cn1c(CNc2ccc(C(=N)N)cc2)nc2cc(C(=O)N(CCC(=O)O)c3ccccn3)ccc21,3,42.0940,1.6242,1.09,False,False,29.5085,1.4699,False
doravirine,Cn1c(Cn2ccc(C(F)(F)F)c(Oc3cc(Cl)cc(C#N)c3)c2=O)n[nH]c1=O,12,1.7991,0.2551,2.34,False,False,2.2666,0.3554,False
avapritinib,Cn1cc(-c2cc3c(N4CCN(c5ncc([C@@](C)(N)c6ccc(F)cc6)cn5)CC4)ncnn3c2)cn1,1,3.1606,0.4998,1.00,False,False,14.3935,1.1582,False
Enzastaurin,Cn1cc(C2=C(c3cn(C4CCN(Cc5ccccn5)CC4)c4ccccc34)C(=O)NC2=O)c2ccccc21,10,23.0136,1.3620,2.01,False,False,22.0222,1.3429,False
flosequinan,Cn1cc([S+](C)[O-])c(=O)c2ccc(F)cc21,1,5.9228,0.7725,1.00,False,False,0.9179,-0.0372,False
methimazole,Cn1cc[nH]c1=S,2,1.2426,0.0943,1.37,False,False,0.5390,-0.2684,False
selumetinib,Cn1cnc2c(F)c(Nc3ccc(Br)cc3Cl)c(C(=O)NOCCO)cc21,3,4.3990,0.6433,1.27,False,False,3.3025,0.5188,False
talazoparib,Cn1ncnc1[C@H]1c2n[nH]c(=O)c3cc(F)cc(c23)N[C@@H]1c1ccc(F)cc1,1,2.0561,0.3130,1.00,False,False,13.5471,1.1318,False
tedizolid,Cn1nnc(-c2ccc(-c3ccc(N4C[C@H](CO)OC4=O)cc3F)cn2)n1,5,1.9154,0.2823,1.41,False,False,1.7856,0.2518,False
pexidartinib,FC(F)(F)c1ccc(CNc2ccc(Cc3c[nH]c4ncc(Cl)cc34)cn2)cn1,3,1.1451,0.0589,1.21,False,False,2.5435,0.4054,False
Sarizotan,Fc1ccc(-c2cncc(CNC[C@H]3CCc4ccccc4O3)c2)cc1,8,0.9509,-0.0218,1.29,False,False,0.5420,-0.2660,False
flunarizine,Fc1ccc(C(c2ccc(F)cc2)N2CCN(C/C=C/c3ccccc3)CC2)cc1,2,3.3988,0.5313,1.13,False,False,3.5677,0.5524,False
quazepam,Fc1ccccc1C1=NCC(=S)N(CC(F)(F)F)c2ccc(Cl)cc21,1,11.7854,1.0713,1.00,False,False,18.1118,1.2580,False
Zagociguat,Fc1ccccc1Cc1nc(-c2nc(C(F)(F)F)n[nH]2)cn2ccnc12,4,0.0254,-1.5959,1.07,False,True,0.1387,-0.8579,False
diphenoxylic acid,N#CC(CCN1CCC(C(=O)O)(c2ccccc2)CC1)(c1ccccc1)c1ccccc1,1,3.5035,0.5445,1.00,False,False,1.6440,0.2159,False
momelotinib,N#CCNC(=O)c1ccc(-c2ccnc(Nc3ccc(N4CCOCC4)cc3)n2)cc1,1,9.8897,0.9952,1.00,False,False,6.4219,0.8077,False
vildagliptin,N#C[C@@H]1CCCN1C(=O)CNC12CC3CC(CC(O)(C3)C1)C2,4,10.8203,1.0342,1.38,False,False,2.1017,0.3226,False
saxagliptin,N#C[C@@H]1C[C@@H]2C[C@@H]2N1C(=O)[C@@H](N)C12CC3CC(CC(O)(C3)C1)C2,4,13.2294,1.1215,1.17,False,False,3.0266,0.4810,False
finafloxacin,N#Cc1c(N2C[C@@H]3NCCO[C@H]3C2)c(F)cc2c(=O)c(C(=O)O)cn(C3CC3)c12,6,9.1358,0.9607,2.17,False,False,4.0075,0.6029,False
letrozole,N#Cc1ccc(C(c2ccc(C#N)cc2)n2cncn2)cc1,1,0.4049,-0.3927,1.00,False,False,1.4842,0.1715,False
perampanel,N#Cc1ccccc1-c1cc(-c2ccccn2)cn(-c2ccccc2)c1=O,4,0.1095,-0.9606,1.25,False,True,0.9683,-0.0140,False
ivosidenib,N#Cc1ccnc(N2C(=O)CC[C@H]2C(=O)N(c2cncc(F)c2)[C@H](C(=O)NC2CC(F)(F)C2)c2ccccc2Cl)c1,3,0.9540,-0.0205,1.68,False,False,4.1026,0.6131,False
guanfacine,N=C(N)NC(=O)Cc1c(Cl)cccc1Cl,1,7.1003,0.8513,1.00,False,False,8.4834,0.9286,False
amiloride,N=C(N)NC(=O)c1nc(Cl)c(N)nc1N,1,9.2094,0.9642,1.00,False,False,13.6187,1.1341,False
desmopressin,N=C(N)NCCC[C@@H](NC(=O)[C@@H]1CCCN1C(=O)[C@@H]1CSSCCC(=O)N[C@@H](Cc2ccc(O)cc2)C(=O)N[C@@H](Cc2ccccc2)C(=O)N[C@@H](CCC(N)=O)C(=O)N[C@@H](CC(N)=O)C(=O)N1)C(=O)NCC(N)=O,2,718.4968,2.8564,1.12,False,True,190.3306,2.2795,True
melagatran,N=C(N)c1ccc(CNC(=O)[C@@H]2CCN2C(=O)[C@H](NCC(=O)O)C2CCCCC2)cc1,11,10.9314,1.0387,1.38,False,False,2.7223,0.4349,False
darifenacin,NC(=O)C(c1ccccc1)(c1ccccc1)[C@@H]1CCN(CCc2ccc3c(c2)CCO3)C1,4,202.1902,2.3058,7.59,True,True,93.3611,1.9702,True
piracetam,NC(=O)CN1CCCC1=O,1,3.2180,0.5076,1.00,False,False,1.2259,0.0885,False
modafinil,NC(=O)C[S+]([O-])C(c1ccccc1)c1ccccc1,3,0.7864,-0.1043,1.28,False,False,0.9819,-0.0079,False
armodafinil,NC(=O)C[S@@+]([O-])C(c1ccccc1)c1ccccc1,5,0.5424,-0.2657,1.36,False,False,0.5746,-0.2406,False
lonafarnib,NC(=O)N1CCC(CC(=O)N2CCC([C@H]3c4ncc(Br)cc4CCc4cc(Cl)cc(Br)c43)CC2)CC1,1,11.4634,1.0593,1.00,False,False,2.7095,0.4329,False
oxcarbazepine,NC(=O)N1c2ccccc2CC(=O)c2ccccc21,1,51.4799,1.7116,1.00,False,False,,,False
licarbazepine,NC(=O)N1c2ccccc2CC(O)c2ccccc21,2,1.1590,0.0641,1.21,False,False,1.5012,0.1764,False
(r)-licarbazepine,NC(=O)N1c2ccccc2C[C@@H](O)c2ccccc21,2,4.8865,0.6890,1.24,False,False,5.8012,0.7635,False
eslicarbazepine,NC(=O)N1c2ccccc2C[C@H](O)c2ccccc21,5,0.8304,-0.0807,1.77,False,False,0.7576,-0.1206,False
hydroxyurea,NC(=O)NO,2,2.3070,0.3630,1.92,False,False,0.6449,-0.1905,False
felbamate,NC(=O)OCC(COC(N)=O)c1ccccc1,2,485.0508,2.6858,1.46,False,True,781.1208,2.8927,True
chlorphenesin carbamate,NC(=O)OCC(O)COc1ccc(Cl)cc1,2,2.1599,0.3344,1.08,False,False,1.1124,0.0463,False
solriamfetol,NC(=O)OC[C@H](N)Cc1ccccc1,3,3.7139,0.5698,1.23,False,False,2.0171,0.3047,False
cenobamate,NC(=O)O[C@@H](Cn1ncnn1)c1ccccc1Cl,11,0.1520,-0.8181,3.38,True,True,0.6546,-0.1840,False
Avagacestat,NC(=O)[C@@H](CCC(F)(F)F)N(Cc1ccc(-c2ncon2)cc1F)S(=O)(=O)c1ccc(Cl)cc1,8,7.2101,0.8579,2.47,False,False,24.1038,1.3821,False
Vixotrigine,NC(=O)[C@@H]1CC[C@H](c2ccc(OCc3ccccc3F)cc2)N1,8,3.2658,0.5140,1.27,False,False,3.6293,0.5598,False
samidorphan,NC(=O)c1ccc2c(c1O)[C@]13CCN(CC4CC4)[C@H](C2)[C@]1(O)CCC(=O)C3,7,11.5021,1.0608,1.49,False,False,7.5499,0.8779,False
niraparib,NC(=O)c1cccc2cn(-c3ccc([C@@H]4CCCNC4)cc3)nc12,1,1.8695,0.2717,1.00,False,False,11.8238,1.0728,False
salicylamide,NC(=O)c1ccccc1O,1,24.3961,1.3873,1.00,False,False,1.0984,0.0407,False
nicotinamide,NC(=O)c1cccnc1,2,5.9587,0.7752,6.24,True,False,0.7476,-0.1263,False
rufinamide,NC(=O)c1cn(Cc2c(F)cccc2F)nn1,4,1.8373,0.2642,1.92,False,False,1.9371,0.2871,False
Peficitinib,NC(=O)c1cnc2[nH]ccc2c1N[C@@H]1[C@@H]2CC3C[C@H]1C[C@](O)(C3)C2,7,24.9380,1.3969,1.34,False,False,12.6246,1.1012,False
pyrazinamide,NC(=O)c1cnccn1,1,0.8654,-0.0628,1.00,False,False,0.7193,-0.1431,False
favipiravir,NC(=O)c1nc(F)cnc1O,1,4.2383,0.6272,1.00,False,False,0.4770,-0.3214,False
Mizoribine,NC(=O)c1ncn([C@@H]2O[C@H](CO)[C@@H](O)[C@H]2O)c1O,4,3.2828,0.5162,1.24,False,False,0.8026,-0.0955,False
ribavirin,NC(=O)c1ncn([C@@H]2O[C@H](CO)[C@@H](O)[C@H]2O)n1,2,10.6167,1.0260,1.01,False,False,40.0769,1.6029,False
guanadrel,NC(N)=NCC1COC2(CCCCC2)O1,2,27.6465,1.4416,1.18,False,False,8.5898,0.9340,False
guanabenz,NC(N)=NN=Cc1c(Cl)cccc1Cl,2,119.9602,2.0790,2.08,False,False,62.0659,1.7929,True
capivasertib,NC1(C(=O)N[C@@H](CCO)c2ccc(Cl)cc2)CCN(c2ncnc3[nH]ccc23)CC1,2,31.8522,1.5031,1.00,False,False,26.9262,1.4302,False
epinastine,NC1=NCC2c3ccccc3Cc3ccccc3N12,2,21.8937,1.3403,2.29,False,False,16.8966,1.2278,False
Clinafloxacin,NC1CCN(c2c(F)cc3c(=O)c(C(=O)O)cn(C4CC4)c3c2Cl)C1,5,5.7483,0.7595,1.33,False,False,2.9640,0.4719,False
aminolevulinic acid,NCC(=O)CCC(=O)O,1,3.2175,0.5075,1.00,False,False,0.2061,-0.6858,False
baclofen,NCC(CC(=O)O)c1ccc(Cl)cc1,3,2.8803,0.4594,1.08,False,False,1.1251,0.0512,False
gabapentin,NCC1(CC(=O)O)CCCCC1,5,2.5870,0.4128,1.34,False,False,1.4474,0.1606,False
gamma-aminobutyric acid,NCCCC(=O)O,1,497.7063,2.6970,1.00,False,True,218.9046,2.3403,True
alendronic acid (alendronate),NCCCC(O)(P(=O)(O)O)P(=O)(O)O,1,147.2255,2.1680,1.00,False,False,22.3706,1.3497,False
aminocaproic acid,NCCCCCC(=O)O,1,2.0000,0.3010,1.00,False,False,0.3688,-0.4332,False
Mavorixafor,NCCCCN(Cc1nc2ccccc2[nH]1)[C@H]1CCCc2cccnc21,4,34.7625,1.5411,4.69,True,False,31.2238,1.4945,True
lisinopril,NCCCC[C@H](N[C@@H](CCc1ccccc1)C(=O)O)C(=O)N1CCC[C@H]1C(=O)O,2,3.6217,0.5589,1.11,False,False,2.2357,0.3494,False
triethylenetetramine,NCCNCCNCCN,1,37.8931,1.5786,1.00,False,False,8.2020,0.9139,False
cysteamine,NCCS,1,21.4558,1.3315,1.00,False,False,3.4924,0.5431,False
taurine,NCCS(=O)(=O)O,1,4.8391,0.6848,1.00,False,False,0.4232,-0.3735,False
Etamicastat,NCCc1c[nH]c(=S)n1[C@H]1COc2c(F)cc(F)cc2C1,8,21.7736,1.3379,2.24,False,False,28.8570,1.4603,False
Lesogaberan,NC[C@@H](F)C[PH](=O)O,1,8.1528,0.9113,1.00,False,False,7.9058,0.8979,False
tranexamic acid,NC[C@H]1CC[C@H](C(=O)O)CC1,1,3.8599,0.5866,1.00,False,False,3.7028,0.5685,False
isoniazid,NNC(=O)c1ccncc1,3,8.3237,0.9203,1.89,False,False,1.8808,0.2743,False
phenelzine,NNCCc1ccccc1,1,9.2958,0.9683,1.00,False,False,7.8471,0.8947,False
dihydralazine,NNc1nnc(NN)c2ccccc12,1,25.0363,1.3986,1.00,False,False,10.4047,1.0172,False
hydralazine,NNc1nncc2ccccc12,6,18.4427,1.2658,3.22,True,False,2.9272,0.4664,False
Aprocitentan,NS(=O)(=O)Nc1ncnc(OCCOc2ncc(Br)cn2)c1-c1ccc(Br)cc1,6,0.0817,-1.0878,1.64,False,True,0.3171,-0.4988,False
furosemide,NS(=O)(=O)c1cc(C(=O)O)c(NCc2ccco2)cc1Cl,3,2.1036,0.3230,1.30,False,False,0.6135,-0.2122,False
piretanide,NS(=O)(=O)c1cc(C(=O)O)cc(N2CCCC2)c1Oc1ccccc1,3,2.5453,0.4057,1.21,False,False,0.2345,-0.6298,False
chlorthalidone,NS(=O)(=O)c1cc(C2(O)NC(=O)c3ccccc32)ccc1Cl,4,0.0481,-1.3174,1.34,False,True,0.2042,-0.6899,False
diclofenamide,NS(=O)(=O)c1cc(Cl)c(Cl)c(S(N)(=O)=O)c1,5,0.7973,-0.0984,1.50,False,False,3.0825,0.4889,False
bendroflumethiazide,NS(=O)(=O)c1cc2c(cc1C(F)(F)F)NC(Cc1ccccc1)NS2(=O)=O,4,4.8304,0.6840,1.64,False,False,3.5739,0.5531,False
trichlormethiazide,NS(=O)(=O)c1cc2c(cc1Cl)NC(C(Cl)Cl)NS2(=O)=O,1,5.3283,0.7266,1.00,False,False,0.9319,-0.0306,False
chlorothiazide,NS(=O)(=O)c1cc2c(cc1Cl)NC=NS2(=O)=O,1,39.6825,1.5986,1.00,False,False,7.5586,0.8784,False
hydrochlorothiazide,NS(=O)(=O)c1cc2c(cc1Cl)NCNS2(=O)=O,4,6.0229,0.7798,1.25,False,False,4.9019,0.6904,False
loracarbef,N[C@@H](C(=O)N[C@@H]1C(=O)N2C(C(=O)O)=C(Cl)CC[C@H]12)c1ccccc1,2,2.7180,0.4343,1.12,False,False,0.3023,-0.5196,False
cefaclor,N[C@@H](C(=O)N[C@@H]1C(=O)N2C(C(=O)O)=C(Cl)CS[C@H]12)c1ccccc1,4,5.2049,0.7164,2.15,False,False,0.3156,-0.5008,False
sitagliptin,N[C@@H](CC(=O)N1CCn2c(nnc2C(F)(F)F)C1)Cc1cc(F)c(F)cc1F,9,6.7519,0.8294,1.38,False,False,6.3847,0.8051,False
carbocisteine,N[C@@H](CSCC(=O)O)C(=O)O,1,6.3981,0.8061,1.00,False,False,0.8365,-0.0776,False
tryptophan,N[C@@H](Cc1c[nH]c2ccccc12)C(=O)O,3,3.5610,0.5516,2.05,False,False,0.9403,-0.0267,False
levothyroxine (l-t4),N[C@@H](Cc1cc(I)c(Oc2cc(I)c(O)c(I)c2)c(I)c1)C(=O)O,2,0.0914,-1.0389,1.24,False,True,,,False
melphalan,N[C@@H](Cc1ccc(N(CCCl)CCCl)cc1)C(=O)O,3,9.0905,0.9586,1.22,False,False,0.8241,-0.0840,False
levodopa,N[C@@H](Cc1ccc(O)c(O)c1)C(=O)O,1,56.3672,1.7510,1.00,False,False,7.3204,0.8645,False
Sitafloxacin,N[C@@H]1CN(c2c(F)cc3c(=O)c(C(=O)O)cn([C@@H]4C[C@@H]4F)c3c2Cl)CC12CC2,4,3.0731,0.4876,1.61,False,False,1.6059,0.2057,False
cycloserine,N[C@@H]1CONC1=O,3,0.1963,-0.7072,1.13,False,False,0.2192,-0.6591,False
(+)-tranylcypromine,N[C@@H]1C[C@H]1c1ccccc1,1,181.0610,2.2578,1.00,False,False,18.4980,1.2671,False
trovafloxacin,N[C@@H]1[C@H]2CN(c3nc4c(cc3F)c(=O)c(C(=O)O)cn4-c3ccc(F)cc3F)C[C@@H]12,5,1.9209,0.2835,1.74,False,False,1.6189,0.2092,False
rimegepant,N[C@@H]1c2cccnc2[C@H](OC(=O)N2CCC(n3c(=O)[nH]c4ncccc43)CC2)CC[C@H]1c1cccc(F)c1F,7,2.8232,0.4507,4.60,True,False,2.3845,0.3774,False
droxidopa,N[C@H](C(=O)O)[C@H](O)c1ccc(O)c(O)c1,3,11.7375,1.0696,1.74,False,False,2.7608,0.4410,False
(-)-tranylcypromine,N[C@H]1C[C@@H]1c1ccccc1,1,24.1967,1.3838,1.00,False,False,3.6033,0.5567,False
ambroxol,Nc1c(Br)cc(Br)cc1CN[C@H]1CC[C@H](O)CC1,3,10.8736,1.0364,1.21,False,False,8.8950,0.9491,False
bromfenac,Nc1c(CC(=O)O)cccc1C(=O)c1ccc(Br)cc1,1,1.8287,0.2621,1.00,False,False,0.2415,-0.6172,False
tacrine,Nc1c2c(nc3ccccc13)CCCC2,3,170.9376,2.2328,1.43,False,True,29.3834,1.4681,False
1-hydroxytacrine,Nc1c2c(nc3ccccc13)CCCC2O,1,66.1376,1.8204,1.00,False,False,18.3238,1.2630,False
amrinone,Nc1cc(-c2ccncc2)c[nH]c1=O,3,4.8407,0.6849,1.08,False,False,1.7483,0.2426,False
minoxidil,Nc1cc(N2CCCCC2)nc(N)[n+]1[O-],3,22.0353,1.3431,1.11,False,False,2.3688,0.3745,False
phenazopyridine,Nc1ccc(/N=N/c2ccccc2)c(N)n1,1,110.2880,2.0425,1.00,False,False,89.8537,1.9535,True
aminosalicylic acid (para-aminosalicylic acid),Nc1ccc(C(=O)O)c(O)c1,1,4.8337,0.6843,1.00,False,False,0.5336,-0.2728,False
mesalazine (5-asa),Nc1ccc(O)c(C(=O)O)c1,3,27.4288,1.4382,1.17,False,False,18.0285,1.2560,False
sulfadiazine,Nc1ccc(S(=O)(=O)Nc2ncccn2)cc1,1,0.3263,-0.4863,1.00,False,False,0.3344,-0.4757,False
dapsone,Nc1ccc(S(=O)(=O)c2ccc(N)cc2)cc1,1,0.6184,-0.2087,1.00,False,False,1.2128,0.0838,False
lenalidomide,Nc1cccc2c1CN(C1CCC(=O)NC1=O)C2=O,6,4.0911,0.6118,1.37,False,False,1.6062,0.2058,False
cidofovir,Nc1ccn(C[C@@H](CO)OCP(=O)(O)O)c(=O)n1,6,16.6209,1.2207,1.41,False,False,70.7562,1.8498,True
zalcitabine,Nc1ccn([C@H]2CC[C@@H](CO)O2)c(=O)n1,2,6.1078,0.7859,1.25,False,False,1.0666,0.0280,False
Apricitabine,Nc1ccn([C@H]2CO[C@@H](CO)S2)c(=O)n1,3,4.3491,0.6384,1.16,False,False,1.1986,0.0787,False
amifampridine,Nc1ccncc1N,4,212.8988,2.3282,2.11,False,True,20.3083,1.3077,False
delafloxacin,Nc1nc(-n2cc(C(=O)O)c(=O)c3cc(F)c(N4CC(O)C4)c(Cl)c32)c(F)cc1F,8,4.9944,0.6985,1.54,False,False,2.0118,0.3036,False
ceftibuten (7432-s),Nc1nc(/C(=C/CC(=O)O)C(=O)N[C@@H]2C(=O)N3C(C(=O)O)=CCS[C@H]23)cs1,8,1.0598,0.0252,1.54,False,False,0.1921,-0.7164,False
Peldesine,Nc1nc(=O)c2[nH]cc(Cc3cccnc3)c2[nH]1,5,15.1374,1.1801,1.82,False,False,5.2657,0.7215,False
folic acid,Nc1nc(=O)c2nc(CNc3ccc(C(=O)N[C@@H](CCC(=O)O)C(=O)O)cc3)cnc2[nH]1,2,1.1951,0.0774,1.12,False,False,0.2496,-0.6028,False
penciclovir,Nc1nc(=O)c2ncn(CCC(CO)CO)c2[nH]1,5,13.2535,1.1223,1.10,False,False,2.5527,0.4070,False
acyclovir,Nc1nc(=O)c2ncn(COCCO)c2[nH]1,7,11.6938,1.0680,1.69,False,False,2.8703,0.4579,False
emtricitabine,Nc1nc(=O)n([C@@H]2CS[C@H](CO)O2)cc1F,1,5.0808,0.7059,1.00,False,False,1.4869,0.1723,False
tioguanine,Nc1nc(=S)c2[nH]cnc2[nH]1,1,397.9862,2.5999,1.00,False,True,,,False
mirabegron,Nc1nc(CC(=O)Nc2ccc(CCNC[C@H](O)c3ccccc3)cc2)cs1,4,38.0246,1.5801,1.42,False,False,126.3870,2.1017,True
cladribine,Nc1nc(Cl)nc2c1ncn2[C@H]1C[C@H](O)[C@@H](CO)O1,2,28.9987,1.4624,1.21,False,False,54.6678,1.7377,True
fludarabine,Nc1nc(F)nc2c1ncn2[C@@H]1O[C@H](CO)[C@@H](O)[C@@H]1O,1,5.8168,0.7647,1.00,False,False,4.8851,0.6889,False
triamterene,Nc1nc(N)c2nc(-c3ccccc3)c(N)nc2n1,1,50.3160,1.7017,1.00,False,False,,,False
abacavir,Nc1nc(NC2CC2)c2ncn([C@H]3C=C[C@@H](CO)C3)c2n1,5,11.4233,1.0578,2.81,False,False,1.3795,0.1397,False
leucovorin,Nc1nc2c(c(=O)[nH]1)N(C=O)C(CNc1ccc(C(=O)N[C@@H](CCC(=O)O)C(=O)O)cc1)CN2,1,2.2604,0.3542,1.00,False,False,1.7613,0.2458,False
ganciclovir,Nc1nc2c(ncn2COC(CO)CO)c(=O)[nH]1,2,7.8827,0.8967,1.01,False,False,2.4509,0.3893,False
riluzole,Nc1nc2ccc(OC(F)(F)F)cc2s1,6,14.1984,1.1522,1.66,False,False,11.9854,1.0787,False
adefovir,Nc1ncnc2c1ncn2CCOCP(=O)(O)O,3,11.7114,1.0686,1.32,False,False,7.4993,0.8750,False
lamotrigine,Nc1nnc(-c2cccc(Cl)c2Cl)c(N)n1,4,0.5086,-0.2936,2.35,False,False,1.2431,0.0945,False
Vafidemstat,Nc1nnc(CN[C@@H]2C[C@H]2c2ccc(OCc3ccccc3)cc2)o1,5,1.5510,0.1906,1.44,False,False,3.6820,0.5661,False
selinexor,O=C(/C=C\n1cnc(-c2cc(C(F)(F)F)cc(C(F)(F)F)c2)n1)NNc1cnccn1,3,3.4751,0.5410,1.04,False,False,2.1061,0.3235,False
praziquantel,O=C(C1CCCCC1)N1CC(=O)N2CCc3ccccc3C2C1,2,425.3210,2.6287,1.27,False,True,87.7385,1.9432,True
vorinostat,O=C(CCCCCCC(=O)Nc1ccccc1)NO,1,85.7877,1.9334,1.00,False,False,14.8550,1.1719,False
bromperidol,O=C(CCCN1CCC(O)(c2ccc(Br)cc2)CC1)c1ccc(F)cc1,2,23.6022,1.3730,1.75,False,False,41.1249,1.6141,True
haloperidol,O=C(CCCN1CCC(O)(c2ccc(Cl)cc2)CC1)c1ccc(F)cc1,1,30.3538,1.4822,1.00,False,False,87.4610,1.9418,True
benperidol,O=C(CCCN1CCC(n2c(O)nc3ccccc32)CC1)c1ccc(F)cc1,1,22.1484,1.3453,1.00,False,False,8.9169,0.9502,False
Lafutidine,O=C(C[S+]([O-])Cc1ccco1)NC/C=C\COc1cc(CN2CCCCC2)ccn1,3,2.3560,0.3722,1.16,False,False,0.5410,-0.2668,False
benznidazole,O=C(Cn1ccnc1[N+](=O)[O-])NCc1ccccc1,1,0.4919,-0.3081,1.00,False,False,0.5154,-0.2879,False
rebamipide,O=C(NC(Cc1cc(=O)[nH]c2ccccc12)C(=O)O)c1ccc(Cl)cc1,1,25.5938,1.4081,1.00,False,False,4.2878,0.6322,False
lomitapide,O=C(NC1CCN(CCCCC2(C(=O)NCC(F)(F)F)c3ccccc3-c3ccccc32)CC1)c1ccccc1-c1ccc(C(F)(F)F)cc1,4,63.6809,1.8040,1.28,False,False,330.4880,2.5192,True
indoramin,O=C(NC1CCN(CCc2c[nH]c3ccccc23)CC1)c1ccccc1,1,63.4008,1.8021,1.00,False,False,22.7804,1.3576,False
flecainide,O=C(NCC1CCCCN1)c1cc(OCC(F)(F)F)ccc1OCC(F)(F)F,2,10.5581,1.0236,1.55,False,False,7.9885,0.9025,False
moclobemide,O=C(NCCN1CCOCC1)c1ccc(Cl)cc1,3,5.9042,0.7712,1.13,False,False,1.0169,0.0073,False
xamoterol,O=C(NCCNCC(O)COc1ccc(O)cc1)N1CCOCC1,2,68.8908,1.8382,1.06,False,False,94.8292,1.9769,True
nicorandil,O=C(NCCO[N+](=O)[O-])c1cccnc1,4,11.2323,1.0505,1.39,False,False,,,False
tecovirimat,O=C(NN1C(=O)[C@@H]2[C@@H]3C=C[C@@H]([C@H]4C[C@@H]34)[C@@H]2C1=O)c1ccc(C(F)(F)F)cc1,3,12.8936,1.1104,1.94,False,False,31.6915,1.5009,False
Telcagepant,O=C(N[C@@H]1CC[C@@H](c2cccc(F)c2F)CN(CC(F)(F)F)C1=O)N1CCC(n2c(=O)[nH]c3ncccc32)CC1,5,3.9353,0.5950,2.57,False,False,2.0039,0.3019,False
Omapatrilat,O=C(N[C@H]1CCS[C@H]2CCC[C@@H](C(=O)O)N2C1=O)[C@@H](S)Cc1ccccc1,7,121.3338,2.0840,22.48,True,True,68.2522,1.8341,True
Encenicline,O=C(N[C@H]1CN2CCC1CC2)c1cc2cccc(Cl)c2s1,6,5.0646,0.7045,1.20,False,False,25.8493,1.4124,False
roflumilast n-oxide,O=C(Nc1c(Cl)c[n+]([O-])cc1Cl)c1ccc(OC(F)F)c(OCC2CC2)c1,3,0.1884,-0.7249,1.16,False,False,0.4381,-0.3584,False
roflumilast,O=C(Nc1c(Cl)cncc1Cl)c1ccc(OC(F)F)c(OCC2CC2)c1,3,2.0467,0.3111,1.17,False,False,3.6676,0.5644,False
vibegron,O=C(Nc1ccc(C[C@@H]2CC[C@H]([C@H](O)c3ccccc3)N2)cc1)[C@@H]1CCc2nccc(=O)n21,1,11.0161,1.0420,1.00,False,False,80.1173,1.9037,True
asciminib,O=C(Nc1ccc(OC(F)(F)Cl)cc1)c1cnc(N2CC[C@@H](O)C2)c(-c2ccn[nH]2)c1,1,1.7160,0.2345,1.00,False,False,2.0057,0.3023,False
avatrombopag,O=C(Nc1nc(-c2cc(Cl)cs2)c(N2CCN(C3CCCCC3)CC2)s1)c1cnc(N2CCC(C(=O)O)CC2)c(Cl)c1,7,1.3328,0.1248,2.15,False,False,2.3240,0.3662,False
filgotinib,O=C(Nc1nc2cccc(-c3ccc(CN4CCS(=O)(=O)CC4)cc3)n2n1)C1CC1,2,9.6458,0.9843,1.12,False,False,5.6606,0.7529,False
tizoxanide,O=C(Nc1ncc([N+](=O)[O-])s1)c1ccccc1O,5,3.8902,0.5900,1.75,False,False,0.8005,-0.0966,False
r-138727,O=C(O)/C=C1/CN(C(C(=O)C2CC2)c2ccccc2F)CCC1S,5,17.3007,1.2381,1.94,False,False,4.4509,0.6484,False
fenbufen,O=C(O)CCC(=O)c1ccc(-c2ccccc2)cc1,1,3.6295,0.5598,1.00,False,False,3.3090,0.5197,False
lipoic acid (r-lipoic acid),O=C(O)CCCC[C@@H]1CCSS1,3,21.9607,1.3416,1.44,False,False,0.9184,-0.0370,False
bepotastine,O=C(O)CCCN1CCC(OC(c2ccc(Cl)cc2)c2ccccn2)CC1,2,5.9795,0.7767,1.28,False,False,1.4329,0.1562,False
gamma-hydroxybutyric acid,O=C(O)CCCO,3,11.6261,1.0654,1.73,False,False,0.3617,-0.4416,False
chlorambucil,O=C(O)CCCc1ccc(N(CCCl)CCCl)cc1,4,4.9775,0.6970,1.26,False,False,0.4307,-0.3658,False
oxaprozin,O=C(O)CCc1nc(-c2ccccc2)c(-c2ccccc2)o1,1,0.0406,-1.3918,1.00,False,True,0.1783,-0.7489,False
benazeprilat,O=C(O)CN1C(=O)[C@@H](N[C@@H](CCc2ccccc2)C(=O)O)CCc2ccccc21,1,1.8856,0.2755,1.00,False,False,3.6407,0.5612,False
daprodustat,O=C(O)CNC(=O)C1C(=O)N(C2CCCCC2)C(=O)N(C2CCCCC2)C1=O,6,5.4102,0.7332,1.59,False,False,0.8789,-0.0561,False
Vadadustat,O=C(O)CNC(=O)c1ncc(-c2cccc(Cl)c2)cc1O,7,0.3069,-0.5130,1.48,False,False,0.1297,-0.8870,False
aceclofenac,O=C(O)COC(=O)Cc1ccccc1Nc1c(Cl)cccc1Cl,2,0.9995,-0.0002,1.19,False,False,0.2808,-0.5517,False
Ralinepag,O=C(O)COC[C@H]1CC[C@H](COC(=O)N(c2ccccc2)c2ccc(Cl)cc2)CC1,2,0.5083,-0.2939,1.21,False,False,1.0892,0.0371,False
bendazac,O=C(O)COc1nn(Cc2ccccc2)c2ccccc12,1,0.7487,-0.1257,1.00,False,False,0.2269,-0.6442,False
erdosteine,O=C(O)CSCC(=O)NC1CCSC1=O,1,26.2702,1.4195,1.00,False,False,12.5096,1.0972,False
lesinurad,O=C(O)CSc1nnc(Br)n1-c1ccc(C2CC2)c2ccccc12,5,1.5191,0.1816,1.42,False,False,0.9023,-0.0447,False
pitavastatin,O=C(O)C[C@H](O)C[C@H](O)/C=C/c1c(C2CC2)nc2ccccc2c1-c1ccc(F)cc1,3,1.2546,0.0985,1.29,False,False,1.1165,0.0479,False
etrasimod,O=C(O)C[C@H]1CCc2c1[nH]c1ccc(OCc3ccc(C4CCCC4)c(C(F)(F)F)c3)cc21,5,0.2907,-0.5366,1.15,False,False,0.8523,-0.0694,False
2-pyridylacetic acid,O=C(O)Cc1ccccn1,3,1.6305,0.2123,1.03,False,False,0.5408,-0.2669,False
Setipiprant,O=C(O)Cn1c2c(c3cc(F)ccc31)CN(C(=O)c1cccc3ccccc13)CC2,7,5.6836,0.7546,2.36,False,False,4.6676,0.6691,False
fosinoprilat,O=C(O)[C@@H]1C[C@@H](C2CCCCC2)CN1C(=O)CP(=O)(O)CCCCc1ccccc1,7,2.3392,0.3691,1.79,False,False,2.6220,0.4186,False
cilazaprilat,O=C(O)[C@H](CCc1ccccc1)N[C@H]1CCCN2CCC[C@@H](C(=O)O)N2C1=O,6,2.0611,0.3141,2.72,False,False,7.3096,0.8639,False
clopidogrel carboxylic acid,O=C(O)[C@H](c1ccccc1Cl)N1CCc2sccc2C1,1,2.4700,0.3927,1.00,False,False,1.9012,0.2790,False
diflunisal,O=C(O)c1cc(-c2ccc(F)cc2F)ccc1O,3,0.1140,-0.9431,1.41,False,True,0.1148,-0.9399,False
olsalazine,O=C(O)c1cc(/N=N/c2ccc(O)c(C(=O)O)c2)ccc1O,3,48.8925,1.6892,2.66,False,False,,,False
sulfasalazine,O=C(O)c1cc(/N=N/c2ccc(S(=O)(=O)Nc3ccccn3)cc2)ccc1O,1,2.8420,0.4536,1.00,False,False,1.9070,0.2803,False
Tropifexor,O=C(O)c1cc(F)c2nc(N3[C@@H]4CC[C@H]3C[C@@H](OCc3c(-c5ccccc5OC(F)(F)F)noc3C3CC3)C4)sc2c1,4,0.6095,-0.2151,1.55,False,False,0.8722,-0.0594,False
rhein,O=C(O)c1cc(O)c2c(c1)C(=O)c1cccc(O)c1C2=O,1,0.5589,-0.2527,1.00,False,False,0.2081,-0.6818,False
deferasirox,O=C(O)c1ccc(-n2nc(-c3ccccc3O)nc2-c2ccccc2O)cc1,2,0.7933,-0.1006,1.82,False,False,0.7693,-0.1139,False
ataluren,O=C(O)c1cccc(-c2noc(-c3ccccc3F)n2)c1,10,1.4333,0.1564,1.79,False,False,0.4472,-0.3495,False
benzoic acid,O=C(O)c1ccccc1,1,6.3766,0.8046,1.00,False,False,,,False
salicylic acid,O=C(O)c1ccccc1O,5,0.8724,-0.0593,3.97,True,False,0.2015,-0.6957,False
Cilofexor,O=C(O)c1ccnc(N2CC(O)(c3ccc(OCc4c(-c5c(Cl)cccc5Cl)noc4C4CC4)cc3Cl)C2)c1,4,3.1306,0.4956,3.02,True,False,2.3300,0.3674,False
pyrazinoic acid,O=C(O)c1cnccn1,1,4.5000,0.6532,1.00,False,False,4.5974,0.6625,False
dolasetron,O=C(O[C@@H]1C[C@@H]2C[C@H]3C[C@H](C1)N2CC3=O)c1c[nH]c2ccccc12,7,17.2696,1.2373,1.90,False,False,13.1999,1.1206,False
solifenacin,O=C(O[C@H]1CN2CCC1CC2)N1CCc2ccccc2[C@@H]1c1ccccc1,7,8.0073,0.9035,2.36,False,False,35.2605,1.5473,False
trospium,O=C(O[C@H]1C[C@H]2CC[C@@H](C1)[N+]21CCCC1)C(O)(c1ccccc1)c1ccccc1,3,114.6707,2.0595,1.19,False,False,137.7627,2.1391,True
salsalate,O=C(Oc1ccccc1C(=O)O)c1ccccc1O,1,4.5729,0.6602,1.00,False,False,0.3563,-0.4481,False
Etavopivat,O=C([C@H](CO)c1ccccc1)N1CC2=C(C1)CN(S(=O)(=O)c1cnc3c(c1)OCCO3)C2,4,28.7834,1.4591,1.57,False,False,30.1807,1.4797,False
olaparib,O=C(c1cc(Cc2n[nH]c(=O)c3ccccc23)ccc1F)N1CCN(C(=O)C2CC2)CC1,1,1.6345,0.2134,1.00,False,False,2.8728,0.4583,False
cobimetinib,O=C(c1ccc(F)c(F)c1Nc1ccc(I)cc1F)N1CC(O)([C@@H]2CCCCN2)C1,2,5.5133,0.7414,1.34,False,False,31.6996,1.5011,False
mitapivat,O=C(c1ccc(NS(=O)(=O)c2cccc3cccnc23)cc1)N1CCN(CC2CC2)CC1,6,2.8023,0.4475,1.39,False,False,9.5452,0.9798,False
raloxifene,O=C(c1ccc(OCCN2CCCCC2)cc1)c1c(-c2ccc(O)cc2)sc2cc(O)ccc12,2,1322.1422,3.1213,1.11,False,True,2466.0505,3.3920,True
Soticlestat,O=C(c1cccnc1-c1ccncc1)N1CCC(O)(Cc2ccccc2)CC1,6,48.6894,1.6874,6.44,True,False,14.9027,1.1733,False
sulfinpyrazone,O=C1C(CC[S+]([O-])c2ccccc2)C(=O)N(c2ccccc2)N1c1ccccc1,1,0.5476,-0.2615,1.00,False,False,0.1897,-0.7220,False
n-desmethylclobazam,O=C1CC(=O)N(c2ccccc2)c2cc(Cl)ccc2N1,2,0.3541,-0.4509,1.38,False,False,1.9530,0.2907,False
buspirone,O=C1CC2(CCCC2)CC(=O)N1CCCCN1CCN(c2ncccn2)CC1,3,789.9886,2.8976,1.60,False,True,201.1811,2.3036,True
thalidomide,O=C1CCC(N2C(=O)c3ccccc3C2=O)C(=O)N1,3,2.4819,0.3948,1.09,False,False,1.3220,0.1212,False
nitisinone (ntbc),O=C1CCCC(=O)C1C(=O)c1ccc(C(F)(F)F)cc1[N+](=O)[O-],1,0.0277,-1.5577,1.00,False,True,0.1306,-0.8839,False
naltrexone,O=C1CC[C@@]2(O)[C@H]3Cc4ccc(O)c5c4[C@@]2(CCN3CC2CC2)[C@H]1O5,2,273.5796,2.4371,1.81,False,True,105.8423,2.0247,True
Iberdomide,O=C1CC[C@H](N2Cc3c(OCc4ccc(CN5CCOCC5)cc4)cccc3C2=O)C(=O)N1,6,5.8407,0.7665,1.50,False,False,5.8617,0.7680,False
cilostazol,O=C1CCc2cc(OCCCCc3nnnn3C3CCCCC3)ccc2N1,3,2.3409,0.3694,1.25,False,False,2.5200,0.4014,False
aripiprazole,O=C1CCc2ccc(OCCCCN3CCN(c4cccc(Cl)c4Cl)CC3)cc2N1,3,0.8352,-0.0782,1.29,False,False,6.6272,0.8213,False
dantrolene,O=C1CN(/N=C/c2ccc(-c3ccc([N+](=O)[O-])cc3)o2)C(=O)N1,1,0.4919,-0.3081,1.00,False,False,0.4770,-0.3215,False
nitrofurantoin,O=C1CN(/N=C/c2ccc([N+](=O)[O-])o2)C(=O)N1,2,11.0732,1.0443,1.06,False,False,0.7276,-0.1381,False
anagrelide,O=C1CN2Cc3c(ccc(Cl)c3Cl)N=C2N1,2,17.2516,1.2368,1.10,False,False,2.3043,0.3625,False
halazepam,O=C1CN=C(c2ccccc2)c2cc(Cl)ccc2N1CC(F)(F)F,1,5.8374,0.7662,1.00,False,False,10.7802,1.0326,False
nitrazepam,O=C1CN=C(c2ccccc2)c2cc([N+](=O)[O-])ccc2N1,1,0.8683,-0.0613,1.00,False,False,2.2930,0.3604,False
clonazepam,O=C1CN=C(c2ccccc2Cl)c2cc([N+](=O)[O-])ccc2N1,1,0.9041,-0.0438,1.00,False,False,3.0529,0.4847,False
desalkylflurazepam,O=C1CN=C(c2ccccc2F)c2cc(Cl)ccc2N1,1,1.6817,0.2257,1.00,False,False,11.8153,1.0724,False
bromazepam,O=C1CN=C(c2ccccn2)c2cc(Br)ccc2N1,2,0.5183,-0.2854,1.00,False,False,1.3501,0.1304,False
ziprasidone,O=C1Cc2cc(CCN3CCN(c4nsc5ccccc45)CC3)c(Cl)cc2N1,3,18.1534,1.2590,1.33,False,False,9.1631,0.9620,False
3-hydroxyanagrelide,O=C1NC2=Nc3ccc(Cl)c(Cl)c3CN2C1O,2,14.5341,1.1624,3.17,True,False,2.9690,0.4726,False
sertindole,O=C1NCCN1CCN1CCC(c2cn(-c3ccc(F)cc3)c3ccc(Cl)cc23)CC1,1,3.5980,0.5561,1.00,False,False,24.3602,1.3867,False
oxazepam,O=C1Nc2ccc(Cl)cc2C(c2ccccc2)=NC1O,1,1.1905,0.0757,1.00,False,False,1.0307,0.0131,False
lorazepam,O=C1Nc2ccc(Cl)cc2C(c2ccccc2Cl)=NC1O,2,1.0309,0.0132,1.04,False,False,1.2583,0.0998,False
efavirenz,O=C1Nc2ccc(Cl)cc2[C@@](C#CC2CC2)(C(F)(F)F)O1,1,1.3157,0.1192,1.00,False,False,11.0043,1.0416,False
lurasidone,O=C1[C@@H]2[C@H]3CC[C@H](C3)[C@@H]2C(=O)N1C[C@@H]1CCCC[C@H]1CN1CCN(c2nsc3ccccc23)CC1,3,49.2305,1.6922,1.20,False,False,92.6479,1.9668,True
ezetimibe,O=C1[C@H](CC[C@H](O)c2ccc(F)cc2)[C@@H](c2ccc(O)cc2)N1c1ccc(F)cc1,1,33.8203,1.5292,1.00,False,False,56.7479,1.7539,True
baloxavir,O=C1c2c(O)c(=O)ccn2N([C@@H]2c3ccccc3SCc3c2ccc(F)c3F)[C@@H]2COCCN12,5,1.5927,0.2021,1.27,False,False,11.7906,1.0715,False
palonosetron,O=C1c2cccc3c2[C@H](CCC3)CN1[C@@H]1CN2CCC1CC2,3,1.7937,0.2537,1.03,False,False,6.6595,0.8234,False
risedronic acid (risedronate),O=P(O)(O)C(O)(Cc1cccnc1)P(=O)(O)O,3,312.9866,2.4955,1.15,False,True,4919.1856,3.6919,True
ifosfamide,O=P1(NCCCl)OCCCN1CCCl,2,1.6910,0.2281,1.06,False,False,0.7537,-0.1228,False
isosorbide dinitrate,O=[N+]([O-])O[C@H]1CO[C@H]2[C@@H]1OC[C@H]2O[N+](=O)[O-],4,297.9647,2.4742,1.18,False,True,,,False
pretomanid,O=[N+]([O-])c1cn2c(n1)OC[C@@H](OCc1ccc(OC(F)(F)F)cc1)C2,12,1.9183,0.2829,3.23,True,False,3.0789,0.4884,False
oxypurinol,O=c1[nH]c(=O)c2cn[nH]c2[nH]1,1,0.4489,-0.3478,1.00,False,False,0.7987,-0.0976,False
brivudine,O=c1[nH]c(=O)n([C@H]2C[C@H](O)[C@@H](CO)O2)cc1/C=C/Br,1,3.5338,0.5482,1.00,False,False,5.8101,0.7642,False
trifluridine,O=c1[nH]c(=O)n([C@H]2C[C@H](O)[C@@H](CO)O2)cc1C(F)(F)F,1,58.1317,1.7644,1.00,False,False,,,False
chlorzoxazone,O=c1[nH]c2cc(Cl)ccc2o1,2,4.5161,0.6548,1.70,False,False,0.5250,-0.2798,False
pimozide,O=c1[nH]c2ccccc2n1C1CCN(CCCC(c2ccc(F)cc2)c2ccc(F)cc2)CC1,1,8.6843,0.9387,1.00,False,False,16.4288,1.2156,False
domperidone,O=c1[nH]c2ccccc2n1CCCN1CCC(n2c(=O)[nH]c3cc(Cl)ccc32)CC1,2,27.4432,1.4384,1.54,False,False,24.1206,1.3824,False
flibanserin,O=c1[nH]c2ccccc2n1CCN1CCN(c2cccc(C(F)(F)F)c2)CC1,1,12.4395,1.0948,1.00,False,False,11.2710,1.0520,False
quercetin,O=c1c(O)c(-c2ccc(O)c(O)c2)oc2cc(O)cc(O)c12,3,12.3682,1.0923,2.49,False,False,,,False
Gepotidacin,O=c1ccc2ncc(=O)n3c2n1C[C@H]3CN1CCC(NCc2cc3c(cn2)OCCC3)CC1,4,22.8474,1.3588,2.80,False,False,22.9870,1.3615,False
didanosine,O=c1nc[nH]c2c1ncn2[C@H]1CC[C@@H](CO)O1,2,28.8772,1.4606,1.19,False,False,3.6688,0.5645,False
dicoumarol,O=c1oc2ccccc2c(O)c1Cc1c(O)c2ccccc2oc1=O,2,0.0630,-1.2008,2.56,False,True,0.2027,-0.6932,False
procyclidine,OC(CCN1CCCC1)(c1ccccc1)C1CCCCC1,1,1.2912,0.1110,1.00,False,False,1.4086,0.1488,False
biperiden,OC(CCN1CCCCC1)(c1ccccc1)C1CC2C=CC1C2,1,51.9859,1.7159,1.00,False,False,56.2167,1.7499,True
trihexyphenidyl,OC(CCN1CCCCC1)(c1ccccc1)C1CCCCC1,1,5.0740,0.7053,1.00,False,False,14.0885,1.1489,False
nebivolol,OC(CNCC(O)C1CCc2cc(F)ccc2O1)C1CCc2cc(F)ccc2O1,2,135.7333,2.1327,1.19,False,False,144.0998,2.1587,True
fluconazole,OC(Cn1cncn1)(Cn1cncn1)c1ccc(F)cc1F,5,0.2520,-0.5985,1.54,False,False,0.6918,-0.1600,False
mefloquine,OC(c1cc(C(F)(F)F)nc2c(C(F)(F)F)cccc12)C1CCCCN1,3,0.4257,-0.3709,1.34,False,False,17.0439,1.2316,False
mazindol,OC1(c2ccc(Cl)cc2)c2ccccc2C2=NCCN21,2,6.6150,0.8205,1.02,False,False,5.4635,0.7375,False
trichloroethanol,OCC(Cl)(Cl)Cl,2,2.4279,0.3852,1.15,False,False,2.2182,0.3460,False
dipyridamole,OCCN(CCO)c1nc(N2CCCCC2)c2nc(N(CCO)CCO)nc(N3CCCCC3)c2n1,3,3.3302,0.5225,1.35,False,False,7.0299,0.8469,False
zuclopenthixol,OCCN1CCN(CC/C=C2/c3ccccc3Sc3ccc(Cl)cc32)CC1,1,40.9521,1.6123,1.00,False,False,62.4031,1.7952,True
fluphenazine,OCCN1CCN(CCCN2c3ccccc3Sc3ccc(C(F)(F)F)cc32)CC1,1,250.6266,2.3990,1.00,False,True,312.4695,2.4948,True
miglitol,OCCN1C[C@H](O)[C@@H](O)[C@H](O)[C@H]1CO,1,1.9848,0.2977,1.00,False,False,0.3643,-0.4385,False
quetiapine,OCCOCCN1CCN(C2=Nc3ccccc3Sc3ccccc32)CC1,3,20.8312,1.3187,1.67,False,False,8.1644,0.9119,False
ospemifene,OCCOc1ccc(/C(=C(/CCCl)c2ccccc2)c2ccccc2)cc1,1,3.2224,0.5082,1.00,False,False,6.8773,0.8374,False
migalastat,OC[C@H]1NC[C@H](O)[C@@H](O)[C@H]1O,8,4.3055,0.6340,1.90,False,False,1.5107,0.1792,False
empagliflozin,OC[C@H]1O[C@@H](c2ccc(Cl)c(Cc3ccc(O[C@H]4CCOC4)cc3)c2)[C@H](O)[C@@H](O)[C@@H]1O,11,3.1023,0.4917,3.03,True,False,2.7907,0.4457,False
vilanterol,OCc1cc([C@@H](O)CNCCCCCCOCCOCc2c(Cl)cccc2Cl)ccc1O,2,2022.4095,3.3059,1.15,False,True,,,False
triclosan,Oc1cc(Cl)ccc1Oc1ccc(Cl)cc1Cl,1,376.4352,2.5757,1.00,False,True,618.9181,2.7916,True
fenoldopam,Oc1ccc(C2CNCCc3c2cc(O)c(O)c3Cl)cc1,1,477.3361,2.6788,1.00,False,True,,,False
lasofoxifene,Oc1ccc2c(c1)CC[C@H](c1ccccc1)[C@@H]2c1ccc(OCCN2CCCC2)cc1,2,1.5507,0.1905,1.40,False,False,22.9960,1.3617,False
8-hydroxyamoxapine,Oc1ccc2c(c1)N=C(N1CCNCC1)c1cc(Cl)ccc1O2,2,8.2465,0.9163,1.77,False,False,9.8666,0.9942,False
7-hydroxyamoxapine,Oc1ccc2c(c1)Oc1ccc(Cl)cc1C(N1CCNCC1)=N2,2,95.9313,1.9820,1.27,False,False,25.7862,1.4114,False
nalbuphine,Oc1ccc2c3c1O[C@H]1[C@@H](O)CC[C@@]4(O)[C@@H](C2)N(CC2CCC2)CC[C@]314,3,207.1762,2.3163,1.65,False,True,119.3478,2.0768,True
allopurinol,Oc1ncnc2[nH]ncc12,2,10.4849,1.0206,1.02,False,False,1.0587,0.0248,False
deucravacitinib,[2H]C([2H])([2H])NC(=O)c1nnc(NC(=O)C2CC2)cc1Nc1cccc(-c2ncn(C)n2)c1OC,5,4.1610,0.6192,2.75,False,False,4.1064,0.6135,False
deutetrabenazine,[2H]C([2H])([2H])Oc1cc2c(cc1OC([2H])([2H])[2H])[C@@H]1CC(=O)[C@@H](CC(C)C)CN1CC2,1,29761.9048,4.4737,1.00,False,True,,,False
Seletalisib,[O-][n+]1cccc(-c2nc3c(Cl)cccc3cc2[C@@H](Nc2ncnc3cccnc23)C(F)(F)F)c1,5,0.4691,-0.3287,1.16,False,False,0.8168,-0.0879,False
Eltoprazine,c1cc2c(c(N3CCNCC3)c1)OCCO2,4,9.2729,0.9672,1.09,False,False,4.9508,0.6947,False
Dotarizine,c1ccc(C(c2ccccc2)N2CCN(CCCC3(c4ccccc4)OCCO3)CC2)cc1,3,77.4835,1.8892,1.36,False,False,27.9828,1.4469,False
levamisole,c1ccc([C@H]2CN3CCSC3=N2)cc1,3,7.7507,0.8893,1.91,False,False,3.2452,0.5112,False
Entospletinib,c1cn2cc(-c3ccc4cn[nH]c4c3)nc(Nc3ccc(N4CCOCC4)cc3)c2n1,5,24.4700,1.3886,3.86,True,False,16.0958,1.2067,False
varenicline,c1cnc2cc3c(cc2n1)C1CNCC3C1,7,2.3327,0.3679,1.70,False,False,3.1017,0.4916,False
