canon_smiles,clint_hep,source
C#CC[C@@H](C(=O)N[C@H](/C=C/C(=O)OCC)C[C@@H]1CCNC1=O)n1cccc(NC(=O)c2cc(C)on2)c1=O,94.01,tdc_hep
C#Cc1cccc(Nc2ncnc3cc(OCCOC)c(OCCOC)cc23)c1,8.59,tdc_hep
C#Cc1cccc(Nc2ncnc3cc4c(cc23)OCCOCCOCCO4)c1,12.715,tdc_hep
C(=C/c1nn[nH]n1)\c1ccccc1,3.0,tdc_hep
C=CC(=O)Nc1ccc(C)cc1,54.239999999999995,tdc_hep
C=CC(=O)Nc1ccc(F)cc1,20.51,tdc_hep
C=CC(=O)Nc1ccc(OC)cc1,26.689999999999998,tdc_hep
C=CC(=O)Nc1ccc2ncnc(Nc3cccc(C)c3)c2c1,82.745,tdc_hep
C=CC(=O)Nc1cccc(CN2C(=O)N(c3c(Cl)c(OC)cc(OC)c3Cl)Cc3cnc(NCCCCN(CC)CC)nc32)c1,39.81,tdc_hep
C=CC(=O)Nc1cccc(Oc2nc(Nc3ccc(N4CCN(C)CC4)cc3OC)ncc2Cl)c1,41.370000000000005,tdc_hep
C=CC(=O)Nc1ccccc1,31.63,tdc_hep
C=CCOc1cc(-c2cccc3c(=O)cc(N4CCOCC4)oc23)ccc1NC(=O)CN1CCOCC1,83.18,tdc_hep
C=CCc1ccccc1OCC(O)CNC(C)C,81.59,tdc_hep
CC,150.0,tdc_hep
CC#C[C@@H](CC(=O)O)c1ccc(OCc2cccc(-c3ccc(C(F)(F)F)cc3)c2)cc1,15.49,tdc_hep
CC#C[C@]1(O)CC[C@H]2[C@@H]3CCC4=CC(=O)CCC4=C3[C@@H](c3ccc(N(C)C)cc3)C[C@@]21C,26.92,tdc_hep
CC(=O)N1N=C(c2ccc(Br)cc2)CC1c1ccc(C)cc1,30.9,tdc_hep
CC(=O)N[C@@H](CCN)C(=O)N[C@H](C(=O)N[C@@H](CCN)C(=O)N[C@H]1CCNC(=O)[C@H]([C@@H](C)O)NC(=O)[C@H](CCN)NC(=O)[C@H](CCN)NC(=O)[C@H](CC(C)C)NC(=O)[C@@H](Cc2ccccc2)NC(=O)[C@H](CCN)NC1=O)[C@@H](C)O,3.0,tdc_hep
CC(=O)Nc1ccc2c(c1)c(-c1cc(NC3CC3)n3ncc(C#N)c3n1)cn2CCCO,12.3,tdc_hep
CC(=O)Nc1ccc2ccn(-c3cc(NC4COC4)n4ncc(C#N)c4n3)c2c1,21.88,tdc_hep
CC(=O)Nc1ccc2ccn(-c3cc(Nc4ccn(C)n4)n4ncc(C#N)c4n3)c2c1,42.66,tdc_hep
CC(=O)Nc1nc(CCc2ccc(NC(=N)N)cc2)cs1,12.88,tdc_hep
CC(=O)c1cc2ccc(O)cc2oc1=O,150.0,tdc_hep
CC(=O)c1cn(Cc2ccccc2)c(=O)n(Cc2ccc(F)cc2)c1=O,150.0,tdc_hep
CC(=O)c1ncccc1NC(=O)[C@H]1CC[C@H](N2C(=O)[C@@H]3[C@@H]4CC[C@@H](C4)[C@@H]3C2=O)CC1,150.0,tdc_hep
CC(C(=O)O)c1ccc(C(=O)c2cccs2)cc1,12.885,tdc_hep
CC(C(=O)O)c1cccc(C(=O)c2ccccc2)c1,28.35,tdc_hep
CC(C(=O)OC1CC[N+](C)(C)CC1)(c1ccccc1)N1CCC(F)(F)CC1,38.0,tdc_hep
CC(C(=O)O[C@@H]1CC[N+](C)(C)C1)(c1ccccc1)C1CCCC1,119.0,tdc_hep
CC(C)(C(=O)O)c1ccc(C(O)CCCN2CCC(C(O)(c3ccccc3)c3ccccc3)CC2)cc1,3.0,tdc_hep
CC(C)(C)NC(=O)NCCN1CC(NC(=O)c2cc(Cl)cc(Cl)c2)C1,3.31,tdc_hep
CC(C)(C)NC(=O)NCCN1CCC(CO)(CNC(=O)c2cc(Cl)cc(Cl)c2)CC1,7.08,tdc_hep
CC(C)(C)NC(=O)NCCN1CCN(CC(=O)NC23CC4CC(CC(C4)C2)C3)CC1,33.88,tdc_hep
CC(C)(C)NC(=O)[C@@H]1CN(Cc2cccnc2)CCN1C[C@@H](O)C[C@@H](Cc1ccccc1)C(=O)N[C@H]1c2ccccc2C[C@H]1O,31.965000000000003,tdc_hep
CC(C)(C)NC(=O)[C@@H]1C[C@@H]2CCCC[C@@H]2CN1C[C@@H](O)[C@H](Cc1ccccc1)NC(=O)[C@H](CC(N)=O)NC(=O)c1ccc2ccccc2n1,87.85,tdc_hep
CC(C)(C)NC(=O)c1ccc(Oc2cc(F)c(CC(=O)O)cc2Cl)c(NS(=O)(=O)c2ccc(C3CC3)cc2Cl)c1,6.0,tdc_hep
CC(C)(C)NCC(O)COc1nsnc1N1CCOCC1,77.285,tdc_hep
CC(C)(C)NCC(O)c1ccc(O)c(CO)c1,12.0,tdc_hep
CC(C)(C)NS(=O)(=O)c1cncc(-c2ccc3nc(N)nn3c2)c1,20.0,tdc_hep
CC(C)(C)NS(=O)(=O)c1cncc(-c2ccc3nc(NC(=O)NCC(=O)N4CCCC4)nn3c2)c1,3.895,tdc_hep
CC(C)(C)NS(=O)(=O)c1cncc(-c2ccc3nc(NC(=O)NCC(=O)N4CCOCC4)nn3c2)c1,4.195,tdc_hep
CC(C)(C)S(=O)(=O)N[C@H]1CC[C@H](C(=O)Nc2ccc(C(F)(F)F)cn2)CC1,5.75,tdc_hep
CC(C)(C)c1cc(NC(=O)NCc2ccccc2Sc2ccc3nnc(-c4ccccc4SCCO)n3c2)n(-c2ccc(O)c(Cl)c2)n1,47.955000000000005,tdc_hep
CC(C)(C)c1ccc(C(O)CCCN2CCC(C(O)(c3ccccc3)c3ccccc3)CC2)cc1,60.885,tdc_hep
CC(C)(C)c1ccc2c(c1)CC[C@H]2NC(=O)Nc1cccc2[nH]ncc12,20.42,tdc_hep
CC(C)(C)c1csc(N2CCN(C(=O)[C@@H]3CCCC[C@H]3C(=O)NC3(C#N)CC3)CC2)n1,150.0,tdc_hep
CC(C)(CCCCCOCCc1ccccc1)NCCc1ccc(O)c2nc(O)sc12,93.03,tdc_hep
CC(C)(CO)Nc1nc(SCc2cccc(F)c2F)nc2nc(N)sc12,5.88,tdc_hep
CC(C)(Cc1cccc(CC(=O)NCc2cccc(-c3ccc(O)cc3)c2)c1)NC[C@H](O)c1ccc(O)c(NS(C)(=O)=O)c1,37.0,tdc_hep
CC(C)(N)C(=O)N[C@H](COCc1ccc(F)cc1F)C(=O)N1CCC2=NN(CC(F)(F)F)C(=O)[C@]2(Cc2ccccn2)C1,15.49,tdc_hep
CC(C)(N)C(=O)N[C@H](COCc1ccccc1)C(=O)N1CCC2(CC1)CN(S(C)(=O)=O)c1ccccc12,14.45,tdc_hep
CC(C)(O)c1ccc(Nc2nc3ccc(C#N)cc3[nH]2)cc1,4.79,tdc_hep
CC(C)=CCC[N+]12CCC(CC1)[C@@H](OC(=O)[C@](C)(c1ccccc1)N1CCCCC1)C2,101.0,tdc_hep
CC(C)C(=O)Nc1nc(-c2ccccn2)cc2ccccc12,61.66,tdc_hep
CC(C)CCOc1ccc(N)cc1,150.0,tdc_hep
CC(C)CNc1nc(N2CCN(CC3CCCOC3)CC2)ncc1C(=O)NCc1ccccc1,89.13,tdc_hep
CC(C)COc1cc(-c2cccc3c(=O)cc(N4CCOCC4)oc23)ccc1NC(=O)CN1CCOCC1,150.0,tdc_hep
CC(C)C[C@H](CO)Nc1nc(SCc2ccccc2)nc2[nH]c(=O)sc12,13.49,tdc_hep
CC(C)C[C@H](CO)Nc1nc(SCc2ccccc2)nc2nc(N)sc12,20.42,tdc_hep
CC(C)C[C@H](CO)Nc1nc(S[C@@H](C)c2ccccc2F)nc2nc(N)sc12,30.9,tdc_hep
CC(C)C[C@H](N)C(=O)NC[C@H](O)C[C@@H](N)CC(=O)NN(C)CC(=O)O,3.0,tdc_hep
CC(C)N(CCCNC(=O)Nc1ccc(C(C)(C)C)cc1)C[C@H]1O[C@@H](n2ccc3c(N)ncnc32)[C@H](O)[C@@H]1O,33.88,tdc_hep
CC(C)N(CCCNC(=O)Nc1ccc(C(C)(C)C)cc1)C[C@H]1O[C@@H](n2cnc3c(N)ncnc32)[C@H](O)[C@@H]1O,26.92,tdc_hep
CC(C)N(CCNCCc1ccc(O)c2[nH]c(=O)sc12)C(=O)CCOCCc1ccccc1,99.0,tdc_hep
CC(C)N1CCC(N(C(=O)Cc2ccccc2)c2ccc(Cl)cc2)CC1,28.18,tdc_hep
CC(C)N1CCN(Cc2cnc(-c3cc(-c4cccc5[nH]ccc45)cc4[nH]ncc34)o2)CC1,9.07,tdc_hep
CC(C)NCC(O)COc1ccc(CCOCC2CC2)cc1,7.5,tdc_hep
CC(C)NCC(O)COc1ccc(COCCOC(C)C)cc1,25.12,tdc_hep
CC(C)NC[C@@H](C(=O)N1CCN(c2ncnc3c2[C@H](C)C[C@H]3O)CC1)c1ccc(Cl)cc1,3.0,tdc_hep
CC(C)Nc1nc(NCc2ccccc2)c2sccc2n1,144.54,tdc_hep
CC(C)OC(=O)C(C)(C)Oc1ccc(C(=O)c2ccc(Cl)cc2)cc1,54.0,tdc_hep
CC(C)Oc1cc(-c2cccc3c(=O)cc(N4CCOCC4)oc23)ccc1NC(=O)CN1CCOCC1,87.1,tdc_hep
CC(C)Oc1ccc2c(=O)c(-c3ccccc3)coc2c1,109.65,tdc_hep
CC(C)S(=O)(=O)c1ccc(-c2cnc(N)c(C(=O)Nc3ccccc3)n2)cc1,20.89,tdc_hep
CC(C)[C@H](C(=O)Nc1nccs1)c1ccc(Cl)cc1,12.02,tdc_hep
CC(C)[C@H]1C(=O)N[C@H](CO)Cc2ccccc2N1C,144.54,tdc_hep
CC(C)c1cc(C(=O)N2Cc3ccc(CN4CCN(C)CC4)cc3C2)c(O)cc1O,23.44,tdc_hep
CC(C)c1ccc(NC(=O)Cn2cnc3c2c(=O)n(C)c(=O)n3C)cc1,16.6,tdc_hep
CC(C)c1ccc(NC(=O)NCCCSC[C@H]2O[C@@H](n3cnc4c(N)ncnc43)[C@H](O)[C@@H]2O)cc1,109.65,tdc_hep
CC(C)c1ccc(Sc2cnc(O)c(C(=O)NCc3ccccc3)c2)cc1,30.9,tdc_hep
CC(C)c1ccccc1Cc1cc(C(=O)Nc2ccc(S(=O)(=O)c3ccccc3C(C)(C)C)cc2)c(O)c(O)c1O,3.0,tdc_hep
CC(C)c1nc2ccc(-c3ccc(F)cc3)cc2c(=O)n1C[C@H]1CCCN(C(C)C)C1,29.51,tdc_hep
CC(C)c1nc2ccccc2n1-c1nc(N2CCOCC2)c2nc(OC3CN(C4CCS(=O)(=O)CC4)C3)n(C)c2n1,10.0,tdc_hep
CC(C)c1nnc2ccc(-c3ocnc3-c3cc(F)ccc3F)cn12,3.0,tdc_hep
CC(C)n1c(/C=C/C(O)CC(O)CC(=O)O)c(-c2ccc(F)cc2)c2ccccc21,3.0,tdc_hep
CC(CCc1cccc(OCc2ccc3ccccc3n2)c1)CC(=O)O,104.71,tdc_hep
CC(CO)(CO)Nc1nc(SCc2cccc(F)c2F)nc2nc(N)sc12,5.96,tdc_hep
CC(NC(=O)c1cc(O)nc2ccccc12)c1ccccc1,5.25,tdc_hep
CC(NC(C)(C)C)C(=O)c1cccc(Cl)c1,44.71,tdc_hep
CC(c1cc2ccccc2s1)N(O)C(N)=O,7.76,tdc_hep
CC/C(=C(/c1ccc(O)cc1)c1ccc(/C=C/C(=O)O)cc1)c1ccccc1,62.065000000000005,tdc_hep
CC/C(=C(\c1ccccc1)c1ccc(/C=C/C(=O)O)cc1)c1ccccc1,107.15,tdc_hep
CC1(C)C(=O)Nc2ccccc21,3.0,tdc_hep
CC1(C)CCC(c2ccc(Cl)cc2)=C(CN2CCN(c3ccc(C(=O)NS(=O)(=O)c4ccc(N[C@H](CCN5CCOCC5)CSc5ccccc5)c(S(=O)(=O)C(F)(F)F)c4)cc3)CC2)C1,9.77,tdc_hep
CC1(C)S[C@@H]2[C@H](NC(=O)C(C(=O)O)c3ccccc3)C(=O)N2[C@H]1C(=O)O,3.39,tdc_hep
CC1(C)[C@@H]2CC[C@@]1(CS(=O)(=O)N1CCN(c3ccc(C#N)cn3)CC1)C(=O)C2,150.0,tdc_hep
CC1(C)[C@@H]2CC[C@@]1(CS(=O)(=O)N1CCN(c3ccc(C(F)(F)F)cn3)CC1)C(=O)C2,141.0,tdc_hep
CC1(C)[C@H](C(=O)O)N2C(=O)C[C@H]2S1(=O)=O,3.0,tdc_hep
CC1(C)[C@H](NC(=O)/C(=N\OCc2cc(=O)c(O)cn2O)c2csc(N)n2)C(=O)N1OS(=O)(=O)O,7.24,tdc_hep
CC1(CCCc2cc(=O)oc3[nH]c(=O)[nH]c(=O)c23)CC1,22.83,tdc_hep
CC1(COc2cc(-c3cccc4c(=O)cc(N5CCOCC5)oc34)ccc2NC(=O)CN2CCOCC2)COC1,95.5,tdc_hep
CC1=C(C(=O)O)N2C(=O)[C@@H](NC(=O)[C@H](N)c3ccc(O)cc3)[C@H]2SC1,3.0,tdc_hep
CC1=C(C)C(=O)C(C(CCCCCC(=O)O)c2ccccc2)=C(C)C1=O,85.0,tdc_hep
CC1CCC2C(C)C(=O)OC3OC4(C)CCC1C32OO4,18.2,tdc_hep
CC1CN(S(=O)(=O)c2ccccc2)CCN1Cc1cc(Cl)ccc1OCC(=O)O,7.0,tdc_hep
CC1CNC(Nc2c(Cl)cccc2Cl)=N1,3.0,tdc_hep
CC1N=C(N)N=C(N)N1c1ccc(Cl)cc1,3.0,tdc_hep
CC1Sc2c(C(=O)O)c(=O)c3cc(F)c(N4CCNCC4)cc3n21,3.0,tdc_hep
CCC(=C(c1ccc(O)cc1)c1ccc(OCCN(C)C)cc1)c1ccccc1,56.23,tdc_hep
CCC(=O)NC(c1cccs1)c1cc(Cl)c2cccnc2c1O,150.0,tdc_hep
CCC(=O)N[C@H]1CC[C@@H](C(=O)N(C)c2ccc(-c3nc4ccccc4o3)cc2)C1,6.08,tdc_hep
CCC(=O)O[C@]1(C(=O)SCF)[C@H](C)C[C@H]2[C@@H]3C[C@H](F)C4=CC(=O)C=C[C@]4(C)[C@@]3(F)[C@@H](O)C[C@@]21C,128.575,tdc_hep
CCC(C)(C)C(=O)O[C@H]1C[C@@H](C)C=C2C=C[C@H](C)[C@H](CC[C@@H](O)C[C@@H](O)CC(=O)O)[C@H]21,46.28,tdc_hep
CCC(C)(C)C[C@H](c1ccc(C(=O)O)c(Oc2cccc(Cl)c2)c1)N1CCC[C@H](n2cc(C)c(=O)[nH]c2=O)C1,117.49,tdc_hep
CCC(C)(CC)C[C@H](c1ccc(C(=O)O)c(Oc2cccc(Br)c2)c1)N1CCC[C@H](n2cc(C)c(=O)[nH]c2=O)C1,69.18,tdc_hep
CCC(C)NC(=O)c1c(C)nn(-c2ccccc2)c1NS(=O)(=O)c1ccc(C)cc1,17.32,tdc_hep
CCC(CC)C[C@H](c1ccc(C(=O)O)c(Oc2cccc(Cl)c2)c1)N1CCC[C@H](n2cc(C)c(=O)[nH]c2=O)C1,36.31,tdc_hep
CCC(CC)NC(=O)c1c(C)nn(-c2ccccc2)c1NS(=O)(=O)c1ccc(C)cc1,8.245000000000001,tdc_hep
CCC(CC)NC(=O)c1c(C)nn(C(C)C)c1NS(=O)(=O)c1ccc(C)cc1,59.87,tdc_hep
CCC(CC)NC(=O)c1cn(-c2ccccc2)nc1NS(=O)(=O)c1ccc(C)cc1,7.0,tdc_hep
CCC(CC)NC(=O)c1cnn(-c2ccccc2)c1NS(=O)(=O)C1CCCC1,5.29,tdc_hep
CCC(CC)NC(=O)c1cnn(-c2ccccc2)c1NS(=O)(=O)c1ccc(-c2cnco2)cc1,52.0,tdc_hep
CCC(CC)NC(=O)c1cnn(-c2ccccc2)c1NS(=O)(=O)c1ccc(C)cc1,47.91,tdc_hep
CCC(CC)NC(=O)c1cnn(-c2ccccc2Cl)c1NS(=O)(=O)c1ccc(C)cc1,56.0,tdc_hep
CCC(CC)NC(=O)c1cnn(-c2ccccn2)c1NS(=O)(=O)c1ccc(C)cc1,9.95,tdc_hep
CCC(CC)NC(=O)c1cnn(C)c1NS(=O)(=O)c1ccc(C)cc1,27.0,tdc_hep
CCC(CC)NC(=O)c1cnn(Cc2ccccc2)c1NS(=O)(=O)c1ccc(C)cc1,12.0,tdc_hep
CCC(CC)NC(=O)c1nnn(-c2ccccc2)c1NS(=O)(=O)c1ccc(C)cc1,56.0,tdc_hep
CCC(CC)n1nc(C)c(C(=O)N[C@@H](C)C(C)(C)C)c1NS(=O)(=O)c1ccc(C)cc1,15.0,tdc_hep
CCC(NC(=O)Nc1cc(Cl)ccc1Cl)(C(F)(F)F)C(F)(F)F,22.91,tdc_hep
CCC1(C2=NCCN2)Cc2ccccc2O1,3.0,tdc_hep
CCC1(CCC(C)C)C(=O)N=C(O)NC1=O,11.75,tdc_hep
CCC1=C(C)CN(C(=O)NCCc2ccc(S(=O)(=O)NC(=O)N[C@H]3CC[C@H](C)CC3)cc2)C1=O,23.2,tdc_hep
CCCC(=O)Nc1ccc(Cl)c(-c2nc3ncccc3o2)c1,81.0,tdc_hep
CCCC(=O)Nc1ccc(OCC(O)CNC(C)C)c(C(C)=O)c1,6.92,tdc_hep
CCCC(C)(C)C[C@H](c1ccc(C(=O)O)c(Oc2cccc(Cl)c2)c1)N1CCC[C@H](n2cc(C)c(=O)[nH]c2=O)C1,52.48,tdc_hep
CCCCC(=O)N(Cc1ccc(-c2ccccc2-c2nnn[nH]2)cc1)[C@H](C(=O)O)C(C)C,3.0,tdc_hep
CCCCC1=NC2(CCCC2)C(=O)N1Cc1ccc(-c2ccccc2-c2nn[nH]n2)cc1,9.74,tdc_hep
CCCCC1C(=O)N(c2ccccc2)N(c2ccccc2)C1=O,8.71,tdc_hep
CCCCCCCC(=O)N[C@@H](C)C(=O)N[C@H](C(=O)N[C@@H](CCN)C(=O)N[C@H]1CCNC(=O)[C@H]([C@@H](C)O)NC(=O)[C@H](CCN)NC(=O)[C@H](CCN)NC(=O)[C@H](CC(C)C)NC(=O)[C@@H](Cc2ccccc2)NC(=O)[C@H](CCN)NC1=O)[C@@H](C)O,3.0,tdc_hep
CCCCCCCC(=O)N[C@@H](CCN)C(=O)N[C@@H](C)C(=O)N[C@@H](CCN)C(=O)N[C@H]1CCNC(=O)[C@H]([C@@H](C)O)NC(=O)[C@H](CCN)NC(=O)[C@H](CCN)NC(=O)[C@H](CC(C)C)NC(=O)[C@@H](Cc2ccccc2)NC(=O)[C@H](CCN)NC1=O,3.0,tdc_hep
CCCCCCCC(=O)N[C@@H](CCN)C(=O)N[C@H](C(=O)N[C@@H](C)C(=O)N[C@H]1CCNC(=O)[C@H]([C@@H](C)O)NC(=O)[C@H](CCN)NC(=O)[C@H](CCN)NC(=O)[C@H](CC(C)C)NC(=O)[C@@H](Cc2ccccc2)NC(=O)[C@H](CCN)NC1=O)[C@@H](C)O,3.0,tdc_hep
CCCCCCCC(=O)N[C@@H](CCN)C(=O)N[C@H](C(=O)N[C@@H](CCN)C(=O)N[C@H]1CCNC(=O)[C@H](C)NC(=O)[C@H](CCN)NC(=O)[C@H](CCN)NC(=O)[C@H](CC(C)C)NC(=O)[C@@H](Cc2ccccc2)NC(=O)[C@H](CCN)NC1=O)[C@@H](C)O,3.0,tdc_hep
CCCCCCCC(=O)N[C@@H](CCN)C(=O)N[C@H](C(=O)N[C@@H](CCN)C(=O)N[C@H]1CCNC(=O)[C@H]([C@@H](C)O)NC(=O)[C@H](C)NC(=O)[C@H](CCN)NC(=O)[C@H](CC(C)C)NC(=O)[C@@H](Cc2ccccc2)NC(=O)[C@H](CCN)NC1=O)[C@@H](C)O,3.0,tdc_hep
CCCCC[C@H](c1ccc(C(=O)O)c(Oc2cccc(Br)c2)c1)N1CCC[C@H](n2cc(C)c(=O)[nH]c2=O)C1,30.2,tdc_hep
CCCCN(CCNCCc1ccc(O)c2[nH]c(=O)sc12)C(=O)CCOCCc1ccccc1,87.96000000000001,tdc_hep
CCCCN(CCNC[C@H](O)c1ccc(O)c2[nH]c(=O)sc12)C(=O)CCOCCc1ccccc1,150.0,tdc_hep
CCCCNC(=O)NS(=O)(=O)c1ccc(C)cc1,6.46,tdc_hep
CCCCNC(=O)c1ccc(Oc2ccc(CC(=O)O)cc2OC)c(NS(=O)(=O)c2ccc(Cl)cc2Cl)c1,3.0,tdc_hep
CCCCNc1cc(C(=O)O)cc(S(N)(=O)=O)c1Oc1ccccc1,144.54,tdc_hep
CCCCOc1nc(N)c2[nH]c(=O)n(Cc3cccc(CC(=O)O)c3)c2n1,3.0,tdc_hep
CCCCc1oc2ccccc2c1C(=O)c1cc(I)c(OCCN(CC)CC)c(I)c1,11.0,tdc_hep
CCCCn1c(SCC(=O)Nc2cc(C)on2)nnc1-c1ccco1,150.0,tdc_hep
CCCN(CCNCCc1ccc(O)c2[nH]c(=O)sc12)C(=O)CCOCCc1ccccc1,107.0,tdc_hep
CCCN1CCCC[C@H]1C(=O)Nc1c(C)cccc1C,15.49,tdc_hep
CCCNC(=O)CSc1ccc(S(=O)(=O)N2CCCC2)cn1,28.975,tdc_hep
CCCNCC(O)COc1ccccc1C(=O)CCc1ccccc1,38.02,tdc_hep
CCCS(=O)(=O)N1N=Cc2cc(Cl)ccc2B1O,3.0,tdc_hep
CCCS(=O)(=O)Nc1ccc(F)c(C(=O)c2c[nH]c3ncc(-c4ccc(Cl)cc4)cc23)c1F,6.61,tdc_hep
CCCSc1c(C(=O)NC2CCCCC2)cnn1-c1cccc(C(=O)O)c1,16.98,tdc_hep
CCCSc1ccc2nc(NC(=O)OC)[nH]c2c1,47.885000000000005,tdc_hep
CCC[C@@H](CNC(=O)c1nc(Cl)c(N)nc1N)[N+](C)(C)CCCc1ccc(OC)cc1,23.99,tdc_hep
CCC[C@H](CO)Nc1nc(S[C@@H](C)c2cccc(C#N)c2)nc2[nH]c(=O)sc12,22.39,tdc_hep
CCC[C@H]1CN(Cc2cc(Cl)ccc2OCC(=O)O)CCN1S(=O)(=O)c1ccccc1,10.0,tdc_hep
CCCc1nc2c(C)cc(-c3nc4ccccc4n3C)cc2n1Cc1ccc(-c2ccccc2C(=O)O)cc1,3.98,tdc_hep
CCN(C(=O)Cc1ccc(S(C)(=O)=O)cc1)C1CCN(CC[C@H](c2ccc(S(C)(=O)=O)cc2)c2cc(F)cc(F)c2)CC1,5.79,tdc_hep
CCN(C(=O)c1ccc(-c2ccc(Cl)cc2)o1)c1ccc(N2CCNCC2)cc1,3.0,tdc_hep
CCN(C(=O)c1cnn(-c2ccccc2)c1NS(=O)(=O)c1ccc(-c2cnco2)cc1)C1CCCCC1,22.25,tdc_hep
CCN(CC)CCN1C(=O)C(O)(c2ccccc2Cl)c2c1cc(C(N)=O)cc2C(F)(F)F,15.14,tdc_hep
CCN(CC)CCN1C(=O)[C@@](O)(c2ccccc2Cl)c2c1cc(C(N)=O)cc2C(F)(F)F,33.855,tdc_hep
CCN(CC)CCNc1ncnc2c1sc1nc(N3CCOCC3)c3c(c12)CCCC3,26.3,tdc_hep
CCN(CC)CCn1c2ccccc2c2cnc(N)c(C#N)c21,77.0,tdc_hep
CCN(CC)Cc1cc(Nc2ccnc3cc(Cl)ccc23)ccc1O,32.36,tdc_hep
CCN(CC)S(=O)(=O)c1ccc(-c2nnc(SCC(=O)N3CCc4ccccc43)o2)cc1,150.0,tdc_hep
CCN(CC)c1ccc2cc(C(C)=O)c(=O)oc2c1,150.0,tdc_hep
CCN(CCNCCc1ccc(O)c2[nH]c(=O)sc12)C(=O)CCOCCc1ccccc1,135.0,tdc_hep
CCN(Cc1cc(C(F)(F)F)ccc1-c1cc(CC(=O)O)ccc1OC)C(=O)NCc1ccccc1,21.66,tdc_hep
CCN1CCN(C(=O)N[C@@H](C(=O)N[C@@H]2C(=O)N3C(C(=O)O)=C(CSc4nnnn4C)CS[C@H]23)c2ccc(O)cc2)C(=O)C1=O,3.0,tdc_hep
CCN1CCN(c2ccc(Nc3cc(N(C)C(=O)Nc4c(Cl)c(OC)cc(OC)c4Cl)ncn3)cc2)CC1,57.97,tdc_hep
CCNC(=O)C[C@@H]1N=C(c2ccc(Cl)cc2)c2cc(OC)ccc2-n2c(C)nnc21,6.615,tdc_hep
CCNC(=O)C[C@H]1N=C(c2ccc(Cl)cc2)c2cc(OC)ccc2-n2c(C)nnc21,6.31,tdc_hep
CCNC(=O)OC1CCN(c2nncc3cc(OC)c(OC)cc23)CC1,49.224999999999994,tdc_hep
CCNC(=O)c1ccc(C)c(-n2cnc3ccc(N4CCN(C)CC4)cc3c2=O)c1,3.0,tdc_hep
CCNC(=O)c1cnc(N2CCN(C3CCN(Cc4ccc(Cl)cc4F)CC3)[C@@H](CC)C2)c(Cl)c1,38.0,tdc_hep
CCO/N=C/c1ccc(OCCC2CCN(c3ccc(C)nn3)CC2)cc1,26.0,tdc_hep
CCOC(=O)/C=C/[C@H](C[C@@H]1CCNC1=O)NC(=O)[C@@H](CC(=O)[C@@H](NC(=O)c1cc(C)on1)C(C)C)Cc1ccc(F)cc1,95.37,tdc_hep
CCOC(=O)C1=C(C)NC(C)=C(C(=O)OC)C1c1cccc([N+](=O)[O-])c1,75.0,tdc_hep
CCOC(=O)C1=C(C)NC(C)=C(C(C)=O)[C@H]1c1cccc2c(=O)cc(C)oc12,75.21,tdc_hep
CCOC(=O)C1=C(C)NC2=C(C(=O)CC(C)(C)C2)C1c1ccc(-c2ccccc2)cc1,117.49,tdc_hep
CCOC(=O)CN(c1ccccc1C)S(=O)(=O)c1ccc(Cl)cc1,150.0,tdc_hep
CCOC(=O)c1c(-c2ccccc2)nc2cc(C)ccn12,147.91,tdc_hep
CCOC(=O)c1c(-c2ccccc2)nc2ccc(C)cn12,125.89,tdc_hep
CCOC(=O)c1c(C)n(Cc2ccco2)c2ccc(O)cc12,150.0,tdc_hep
CCOC(=O)c1ccc(OCCC2CCN(c3ccc(C)nn3)CC2)cc1,150.0,tdc_hep
CCOC(=O)c1cnc2c(N)cccc2c1O,150.0,tdc_hep
CCOc1cc(-c2cccc3c(=O)cc(N4CCOCC4)oc23)ccc1NC(=O)CN1CCOCC1,51.29,tdc_hep
CCOc1cc(CC(=O)N[C@@H](CC(C)C)c2ccccc2N2CCCCC2)ccc1C(=O)O,29.51,tdc_hep
CCOc1cc(Nc2nc3c(cc2F)ncn3[C@@H](CO)c2ccc(F)cn2)n[nH]1,30.2,tdc_hep
CCOc1cc2ncc(C(N)=O)c(Nc3ccc(C)cc3F)c2cc1N1CCN(C)CC1,12.0,tdc_hep
CCOc1ccc(-c2ccc(Cn3c(CC(C)(C)C(=O)O)c(SC(C)(C)C)c4cc(OCc5ccc(C)cn5)ccc43)cc2)cn1,6.92,tdc_hep
CCOc1ccc(-n2c([C@@H](C)N(CC3CCN(C)CC3)C(=O)Cc3ccc(F)c(C(F)(F)F)c3)nc3ncccc3c2=O)cc1,19.95,tdc_hep
CCOc1ccc(-n2c([C@@H](C)N(Cc3cccnc3)C(=O)Cc3ccc(C(F)(F)F)cc3)nc3ccccc3c2=O)cc1,43.36,tdc_hep
CCOc1ccc(-n2c([C@@H](C)N(Cc3cccnc3)C(=O)Cc3ccc(OC(F)(F)F)cc3)nc3ncccc3c2=O)cc1,20.0,tdc_hep
CCOc1ccc(CCNCCCSCCNC[C@H](O)c2ccc(O)c3[nH]c(=O)sc23)cc1,8.0,tdc_hep
CCOc1ccc(NC(=O)CCc2c(C)nc3nc(C)nn3c2C)cc1,4.17,tdc_hep
CCOc1ccc(NC(C)=O)cc1,26.92,tdc_hep
CCOc1ccc2ccc(=O)oc2c1,50.02499999999999,tdc_hep
CCOc1ccc2nc(N)sc2c1,43.074999999999996,tdc_hep
CCOc1ccc2nc3ccc(=O)cc-3oc2c1,150.0,tdc_hep
CCOc1ccc2oc(C(=O)NC(CCSC)c3nc4ccccc4[nH]3)c(C)c2c1,27.0,tdc_hep
CCOc1ccc2oc(C(=O)NC(CCSC)c3nc4cnccc4[nH]3)c(C)c2c1,21.0,tdc_hep
CCOc1ccc2oc(C(=O)NC(CCSC)c3nc4ncccc4[nH]3)c(C)c2c1,46.0,tdc_hep
CCOc1nc2ccc(OCCC3CCN(c4ccc(C)nn4)CC3)cc2o1,4.0,tdc_hep
CCOc1nc2cccc(C(=O)O)c2n1Cc1ccc(-c2ccccc2-c2nnn[nH]2)cc1,3.0,tdc_hep
CCOc1ncc(C)c2c1[C@H](c1ccc(C#N)cc1OC)C(C(N)=O)=C(C)N2,15.8,tdc_hep
CCOc1noc2cc(OCCC3CCN(c4ccc(C)nn4)CC3)ccc12,18.82,tdc_hep
CCS(=O)(=O)CCCC12CCC(c3nnc(-c4ccccc4C(F)(F)F)n3C)(CC1)CC2,3.0,tdc_hep
CCS(=O)(=O)Nc1cccc2c1c(Oc1ccc(Cl)cc1)c(C)n2CC(=O)O,3.0,tdc_hep
CCS(=O)(=O)c1ccc(-c2cc(C(F)(F)F)ccc2OCC(=O)O)c(C)c1,3.5,tdc_hep
CCS(=O)(=O)c1ccc(-c2cc(Cl)ccc2OCC(=O)O)c(F)c1,3.62,tdc_hep
CCS(=O)(=O)c1ccc(Oc2c(C)n(CC(=O)O)c3ccc(C(F)(F)F)cc23)cc1,3.0,tdc_hep
CCS(=O)(=O)c1ccc2[nH]c(-c3cccc(-c4ccccc4)c3)nc2c1,24.55,tdc_hep
CC[C@@H](Nc1c(Nc2cccc(C(=O)N(C)C)c2O)c(=O)c1=O)c1ccc(C)o1,75.93,tdc_hep
CC[C@@H](Nc1c(Nc2cccc(C(=O)N(C)C)c2O)c(=O)c1=O)c1ccccc1,65.0,tdc_hep
CC[C@@]1(O)C(=O)OCc2c1cc1n(c2=O)Cc2cc3c(CN(C)C)c(O)ccc3nc2-1,3.24,tdc_hep
CC[C@H](CO)Nc1nc(NCc2ccccc2)c2ncn(C(C)C)c2n1,107.15,tdc_hep
CC[C@H](CO)Nc1nc(SCc2cccc(F)c2F)nc2nc(N)sc12,5.16,tdc_hep
CC[C@H](CO)Nc1nc(SCc2ccccc2)nc2[nH]c(=O)sc12,10.0,tdc_hep
CC[C@H](N)C(=O)N[C@H](C#N)Cc1ccc(-c2ccccc2)cc1,91.0,tdc_hep
CC[C@H](Nc1ncnc2[nH]cnc12)c1nc2cccc(F)c2c(=O)n1-c1ccccc1,12.375,tdc_hep
CC[C@H]1CN(Cc2cc(Cl)ccc2OCC(=O)O)CCN1S(=O)(=O)c1ccccc1,4.0,tdc_hep
CCc1[nH]c2nc(Sc3cnc4ccc[n+]([O-])c4c3)nc(N3CC[C@@H](N)C3)c2c1Cl,112.2,tdc_hep
CCc1[nH]c2nc(Sc3cnc4ccc[n+]([O-])c4c3)nc(N3C[C@@H]4[C@@H](N)[C@@H]4C3)c2c1Cl,58.88,tdc_hep
CCc1c(C(=O)C(N)=O)c2c(OCC(=O)OC)cccc2n1Cc1ccccc1,50.12,tdc_hep
CCc1c(C)nc(SCC(=O)Nc2nc(-c3ccc(OC)cc3)cs2)nc1O,66.07,tdc_hep
CCc1c2c(nc3ccc(O)cc13)-c1cc3c(c(=O)n1C2)COC(=O)[C@]3(O)CC,23.99,tdc_hep
CCc1c2c(nc3ccc(OC(=O)N4CCC(N5CCCCC5)CC4)cc13)-c1cc3c(c(=O)n1C2)COC(=O)[C@]3(O)CC,3.0,tdc_hep
CCc1cc2c(cc1N1CCC(N3CCOCC3)CC1)C(C)(C)c1[nH]c3cc(C#N)ccc3c1C2=O,5.01,tdc_hep
CCc1cccc2c1N(C)Cc1cc3c(cc1-2)OCO3,150.0,tdc_hep
CCc1cccc2cc(C(O)CNC(C)(C)C)oc12,79.355,tdc_hep
CCc1cnn2c(NCc3ccc[n+]([O-])c3)cc(N3CCCC[C@H]3CCO)nc12,150.0,tdc_hep
CCc1nc2cc(O)ccc2c(Oc2ccc(/C=C/C(=O)O)cc2)c1-c1ccccc1,70.615,tdc_hep
CCc1nc2ccc(C(=O)NCc3ccc4c(c3)OCO4)cn2c1N(C)Cc1cccs1,150.0,tdc_hep
CCc1nn(C2CCCC2)c2c1CCn1c(-c3cccs3)nnc1-2,39.5,tdc_hep
CCn1c(C)c(C(=O)O)c(-c2cccc(N3CCN(c4ccc(NS(=O)(=O)c5ccc(N[C@H](CCN6CCC(O)CC6)CSc6ccccc6)c(S(=O)(=O)C(F)(F)F)c5)cc4)CC3)c2)c1-c1ccc(Cl)cc1,17.38,tdc_hep
CCn1c(SCC(=O)Nc2cc(C)on2)nnc1-c1ccccc1,150.0,tdc_hep
CCn1c(SCC(=O)Nc2cc(C)on2)nnc1-c1cccnc1,75.86,tdc_hep
CCn1c(SCC(=O)Nc2cccc(C)c2)nnc1-c1ccccc1,150.0,tdc_hep
CCn1cc(C(=O)O)c(=O)c2ccc(C)nc21,3.46,tdc_hep
CCn1nc(C)c(C(=O)N[C@@H](C)C(C)(C)C)c1NS(=O)(=O)c1ccc(C)cc1,5.5,tdc_hep
CN(C)C(=O)C(CCN1CCC(O)(c2ccc(Cl)cc2)CC1)(c1ccccc1)c1ccccc1,52.5,tdc_hep
CN(C)C(C)(C(=O)OC1CC[N+](C)(C)CC1)c1ccccc1,16.0,tdc_hep
CN(C)CCC(c1ccc(Cl)cc1)c1ccccn1,23.0,tdc_hep
CN(C)CCCN1c2ccccc2CCc2ccccc21,77.81,tdc_hep
CN(C)CCCN1c2ccccc2Sc2ccc(Cl)cc21,82.225,tdc_hep
CN(C)CCCOc1nn(Cc2ccccc2)c2ccccc12,78.88,tdc_hep
CN(C)CCNc1cc(-c2ccc(N3CCN(C)CC3)cc2)nc2ccccc12,3.0,tdc_hep
CN(C)CCNc1cc(-c2ccccc2)nc2cc(-c3ccc(F)cc3)nn12,23.99,tdc_hep
CN(C)CCOc1cc(NS(=O)(=O)c2c(Cl)cc(C(F)(F)F)cc2Cl)ccc1Cl,12.88,tdc_hep
CN(C)CC[C@H](CSc1ccccc1)Nc1ccc(S(=O)(=O)NC(=O)c2ccc(N3CCN(Cc4ccccc4-c4ccc(Cl)cc4)CC3)cc2)cc1[N+](=O)[O-],9.55,tdc_hep
CN(C)N(C)C(=O)[C@@]1(Cc2ccccc2)CCCN(C(=O)[C@@H](Cc2c[nH]c3ccccc23)NC(=O)C(C)(C)N)C1,8.91,tdc_hep
CN(C)S(=O)(=O)NC(=O)CCCc1c(-c2ccc(F)cc2)[nH]c2ccc(C#N)cc12,23.5,tdc_hep
CN(C)c1nc(Cc2ccc(NC(=O)c3ccc(C(F)(F)F)cc3)cc2)nc(N(C)C)c1CC(=O)O,11.545,tdc_hep
CN(C)c1nc(NC[C@H]2CC[C@H](CNS(=O)(=O)c3ccc(Br)cc3OC(F)(F)F)CC2)nc2ccccc12,50.12,tdc_hep
CN(CC(=O)N(Cc1ccc(C2CCCCC2)cc1)c1ccc(C(=O)O)c(O)c1)S(=O)(=O)c1c(F)c(F)c(F)c(F)c1F,74.13,tdc_hep
CN(CC(=O)O)NC(=O)C[C@H](N)C[C@@H](O)CN,3.0,tdc_hep
CN(CCCOCCOCCc1ccccc1)CCc1ccc(O)c2nc(O)sc12,150.0,tdc_hep
CN(CCNCCc1ccc(O)c2nc(O)sc12)C(=O)CCOCCc1ccccc1,140.0,tdc_hep
CN(CCNC[C@H](O)c1ccc(O)c2[nH]c(=O)sc12)C(=O)CCOCCc1ccccc1,43.0,tdc_hep
CN(CCOc1ccc(NS(C)(=O)=O)cc1)CCc1ccc(NS(C)(=O)=O)cc1,8.93,tdc_hep
CN(CCc1ccc(O)c2nc(O)sc12)CCN(C)C(=O)CCOCCc1ccccc1,150.0,tdc_hep
CN(c1ccnc(Nc2cc(N3CCOCC3)cc(N3CCOCC3)c2)n1)c1cccc2[nH]ncc12,51.29,tdc_hep
CN1C(=O)CN=C(c2ccccc2F)c2cc([N+](=O)[O-])ccc21,5.01,tdc_hep
CN1CCC(Oc2cccc3ncnc(Nc4ccc(OCc5ccccn5)c(Cl)c4)c23)CC1,11.0,tdc_hep
CN1CCC[C@H]1CCN1CCCc2cc(NC(=N)c3cccs3)ccc21,40.74,tdc_hep
CN1CCN(CC(=O)N2c3ccccc3C(=O)Nc3cccnc32)CC1,6.76,tdc_hep
CN1CCN(CCOc2n[nH]c3ncnc(Nc4ccc(OCc5ccccn5)c(Cl)c4)c23)CC1,13.49,tdc_hep
CN1CCN(c2ccc(-c3cnc4cccc(-c5cc(F)c(CN6CCOCC6)c(F)c5)c4n3)cc2)CC1,14.45,tdc_hep
CN1CCN(c2nc3ccccc3cc2Cn2nc(-c3ccc4nc(N)sc4c3)c3c(N)ncnc32)CC1,44.295,tdc_hep
CNC(=O)Cc1ccc2c(=O)cc(-c3cccnc3)[nH]c2c1,3.0,tdc_hep
CNC(=O)Nc1nc2ccc(-c3cncc(S(=O)(=O)NC(C)(C)C)c3)cn2n1,3.0,tdc_hep
CNC(=O)c1c(F)cccc1Nc1nc(Nc2cc3c(cc2OC)CCN3C(=O)CN(C)C)nc2[nH]ccc12,21.88,tdc_hep
CNC(=O)c1ccc(C)c(-n2c(C)cc(OCc3ccc(F)cc3F)c(Br)c2=O)c1,3.0,tdc_hep
CNC(=O)c1ccccc1Nc1nc(Nc2ccc(N3CCOCC3)cc2OC)ncc1Cl,16.22,tdc_hep
CNC(=O)c1cnn(-c2ccccc2)c1NS(=O)(=O)c1ccc(C)cc1,64.0,tdc_hep
CNC(=O)c1nc(-c2ccc(Cl)c(S(=O)(=O)Nc3cccc(F)c3F)c2)cnc1N,19.95,tdc_hep
CNC1=Nc2ccc(Cl)cc2C(c2ccccc2)=[N+]([O-])C1,3.89,tdc_hep
CNCCC=C1c2ccccc2CCc2ccccc21,144.0,tdc_hep
CNCCCN1c2ccccc2CCc2ccccc21,78.46,tdc_hep
CNCC[C@@H](Oc1cc(Cl)ccc1C#N)c1ccccc1,150.0,tdc_hep
CNCC[C@@H](Oc1cc(OC)ccc1C#N)c1ccccc1,142.0,tdc_hep
CNCc1ccc(-c2[nH]c3cc(F)cc4c3c2CCNC4=O)cc1,12.02,tdc_hep
CN[C@@H](C)C(=O)N[C@H](C(=O)N1CC[C@H]2CCN(CCc3ccccc3)C[C@H]21)C1CCCCC1,10.47,tdc_hep
CN[C@@H](C)C(=O)N[C@H](C(=O)N1CC[C@H]2CC[C@H](NC(=O)c3cccc4ccccc34)[C@H]21)C(C)(C)C,12.02,tdc_hep
CN[C@@H](C)C(=O)N[C@H](C(=O)N[C@H]1C[C@@H]2CC[C@H]1N(CCc1ccccc1)C2)C1CCCCC1,19.95,tdc_hep
CN[C@@H](C)C(=O)N[C@H]1CN(C(=O)CC(C)C)CC[C@H]2CC[C@@H](C(=O)NC(c3ccccc3)c3ccccc3)N2C1=O,16.98,tdc_hep
CNc1nc(C)c(-c2nc(Nc3cccc(N4CCCCC4)c3)ncc2C#N)s1,150.0,tdc_hep
CNc1nc(C)c(-c2nc(Nc3cccc(N4CCCN(C(C)=O)CC4)c3)ncc2C#N)s1,150.0,tdc_hep
CNc1nc(C)c(-c2nc(Nc3cccc(N4CCCNCC4)c3)ncc2C#N)s1,19.5,tdc_hep
CNc1nc(C)c(-c2nc(Nc3cccc(N4CCNCC4)c3)ncc2C#N)s1,12.3,tdc_hep
CNc1ncnc2c(CNc3cc(NC(=O)c4ccc5c(c4)OCCO5)ccc3C)cccc12,41.69,tdc_hep
COC(=O)C1=C(C)NC(C)=C(C(=O)OC(C)C)[C@@H]1c1cccc2nonc12,137.945,tdc_hep
COC(=O)C1=C(C)NC(C)=C(C(=O)OCCN(C)Cc2ccccc2)C1c1cccc([N+](=O)[O-])c1,150.0,tdc_hep
COC(=O)C1=C(C)NC2=C(C(=O)CC(C)(C)C2)C1c1ccc(-c2ccc(C(F)(F)F)cc2)cc1,12.3,tdc_hep
COC(=O)c1ccc(C)c(NS(=O)(=O)c2ccc3c(c2)c(=O)sn3C)c1,150.0,tdc_hep
COC1=CC(c2cc3ccccc3[nH]2)=N/C1=C\c1[nH]c(C)cc1C,22.39,tdc_hep
COCC(C)n1nc(C)c(C(=O)N[C@@H](C)C(C)(C)C)c1NS(=O)(=O)c1ccc(C)cc1,3.0,tdc_hep
COCC1=C(C(=O)O)N2C(=O)[C@@H](NC(=O)/C(=N\OC)c3csc(N)n3)[C@H]2SC1,3.0,tdc_hep
COCC1=C(C(=O)OC(C)OC(=O)OC(C)C)N2C(=O)[C@@H](NC(=O)/C(=N\OC)c3csc(N)n3)[C@H]2SC1,114.82,tdc_hep
COCCC(C)n1nc(C)c(C(=O)N[C@@H](C)C(C)(C)C)c1NS(=O)(=O)c1ccc(C)cc1,9.9,tdc_hep
COCCN(C)c1ccc(Nc2ncc3cc(-c4ccncc4)ccc3n2)cc1,40.74,tdc_hep
COCCNc1nc(NCc2ccccc2F)c2sccc2n1,147.91,tdc_hep
COCCOc1cc(-c2cccc3c(=O)cc(N4CCOCC4)oc23)ccc1NC(=O)CN1CCOCC1,43.65,tdc_hep
COCCOc1nc(N)c2[nH]c(=O)n(Cc3cccc(CC(=O)OC)c3)c2n1,125.0,tdc_hep
COC[C@@H](O)Cn1c(=O)cnn(-c2ccc(Cl)c(C(=O)NCC3(O)CCCCCC3)c2)c1=O,5.5,tdc_hep
COC[C@H](O)Cn1c(=O)cnn(-c2ccc(Cl)c(C(=O)NCC3(O)CCCCCC3)c2)c1=O,4.0,tdc_hep
COCc1c(C(C)C)nc(C(C)C)c(/C=C/[C@@H](O)C[C@@H](O)CC(=O)O)c1-c1ccc(F)cc1,10.36,tdc_hep
COCc1ccoc1C(=O)N(c1ccc(OC)cc1OC)C(C(=O)NC[C@@H](C)O)c1ccccc1F,34.5,tdc_hep
CO[C@H]1/C=C/O[C@@]2(C)Oc3c(C)c(O)c4c(O)c(cc(O)c4c3C2=O)NC(=O)/C(C)=C\C=C\[C@H](C)[C@H](O)[C@@H](C)[C@@H](O)[C@@H](C)[C@H](OC(C)=O)[C@@H]1C,3.0,tdc_hep
CO[C@H]1CC[C@]2(CC1)Cc1ccc(-c3cc(Cl)cc(C#N)c3)cc1C21N=C(C)C(N)=N1,12.59,tdc_hep
CO[C@H]1CC[C@]2(CC1)Cc1ccc(OCC(C)C)cc1C21N=C(C)C(N)=N1,7.24,tdc_hep
CO[C@H]1C[C@@H]2CC[C@@H](C)[C@@](O)(O2)C(=O)C(=O)N2CCCC[C@H]2C(=O)O[C@H]([C@H](C)C[C@@H]2CC[C@@H](OC(=O)C(C)(CO)CO)[C@H](OC)C2)CC(=O)[C@H](C)/C=C(\C)[C@@H](O)[C@@H](OC)C(=O)[C@H](C)C[C@H](C)/C=C/C=C/C=C/1C,150.0,tdc_hep
COc1c(C)c2c(c(O)c1C/C=C(\C)CCC(=O)O)C(=O)OC2,14.79,tdc_hep
COc1c(Nc2ccc(S(C)(=O)=O)nc2C)ncnc1OC1CCN(C(=O)OC(C)C)CC1,6.31,tdc_hep
COc1c2occc2cc2ccc(=O)oc12,52.0,tdc_hep
COc1cc(-c2ccc(Nc3ccccc3C(=O)O)c(OC)c2)ccc1Nc1ccccc1C(=O)O,31.62,tdc_hep
COc1cc(-c2cccc3c(=O)cc(N4CCOCC4)oc23)ccc1NC(=O)CN1CCOCC1,27.54,tdc_hep
COc1cc(-n2cnc3cc(-c4ccc(Cl)cc4)sc3c2=O)ccc1OC[C@H](O)C1CC1,16.34,tdc_hep
COc1cc(-n2cnc3cc(-c4ccc(Cl)cc4)sc3c2=O)ccc1OC[C@H](OP(=O)(O)O)C1CC1,12.3,tdc_hep
COc1cc(C(=O)OCCCCNC(=N)N)cc(OC)c1O,138.04,tdc_hep
COc1cc(C(CO)CO)ccc1Nc1ncc(Cl)c(-c2cnc3ccccn23)n1,19.95,tdc_hep
COc1cc(C2CCN(C(C)=O)CC2)ccc1Nc1ncc(Cl)c(-c2cnc3ccccn23)n1,23.99,tdc_hep
COc1cc(N2CC3CNCC(C2)O3)ccc1Nc1ncc(Cl)c(-c2cnc3ccccn23)n1,13.8,tdc_hep
COc1cc(N2CCN(C(=O)CO)CC2)ccc1Nc1ncc(Cl)c(-c2cnc3ccccn23)n1,12.3,tdc_hep
COc1cc(N2CCN(C(=O)[C@@H](C)O)CC2)ccc1Nc1ncc(Cl)c(-c2cnc3ccccn23)n1,12.59,tdc_hep
COc1cc(NC(=O)Nc2cccc(CNC(=O)O[C@H]3CCOC3)c2)ccc1-c1cnco1,13.0,tdc_hep
COc1cc(NC(=O)c2ccccn2)ccc1Cl,150.0,tdc_hep
COc1cc(Nc2nc3c(cc2F)ncn3[C@@H](CO)c2ccc(F)cn2)n[nH]1,27.54,tdc_hep
COc1cc(O)c(C(CC(=O)N2CC(C)CC(C)C2)c2ccc3c(c2)OCO3)c(OC)c1,150.0,tdc_hep
COc1cc2c(Nc3ccc(F)c(Cl)c3)c(C(N)=O)cnc2cc1OCCN(C)CCO,12.59,tdc_hep
COc1cc2c(cc1-c1c(C)noc1C)ncc1[nH]c(=O)n([C@H](C)c3ccccn3)c12,3.3150000000000004,tdc_hep
COc1cc2c(ccc(=O)n2CCN2CCC(NCc3cc4c(cn3)OCCO4)CC2)cn1,35.48,tdc_hep
COc1cc2cc(-c3ccc(O)cc3O)nc(C)c2cc1OC,150.0,tdc_hep
COc1cc2nc(N3CCN(C(=O)c4ccco4)CC3)nc(N)c2cc1OC,8.695,tdc_hep
COc1cc2ncnc(Nc3cc4ccccc4cn3)c2cc1OC,3.0,tdc_hep
COc1cc2ncnc(Nc3ccc(F)c(Cl)c3)c2cc1NC(=O)/C=C/CN1CCCCC1,6.385,tdc_hep
COc1cc2nnc(C(N)=O)c(Nc3ccc(F)cc3F)c2cc1N1CCN(C)CC1,16.0,tdc_hep
COc1ccc(-c2cc3c(C)nc(N)nc3n([C@H]3CC[C@H](OCCO)CC3)c2=O)cn1,6.86,tdc_hep
COc1ccc(-c2ccc3c(N4CCOC[C@@H]4C)nc(N4CCOC[C@@H]4C)nc3n2)cc1C(=O)N(C)C,4.27,tdc_hep
COc1ccc(-c2ccc3c(N4CCOC[C@@H]4C)nc(N4CCOC[C@@H]4C)nc3n2)cc1C(C)O,38.02,tdc_hep
COc1ccc(-c2nc(O)c3ccccc3n2)cc1,150.0,tdc_hep
COc1ccc(-c2nc3c(NCCCN(C)C(=O)C4CCC4)c(Br)cnc3[nH]2)cc1,138.04,tdc_hep
COc1ccc(/C=C2\NC(=O)NC2=O)cc1,39.81,tdc_hep
COc1ccc(C#Cc2ccc([C@@H]3[C@H](CO)N4CCCCN(C(=O)Nc5cccc(F)c5)C[C@@H]34)cc2)cc1,18.2,tdc_hep
COc1ccc(C(=O)NCc2cn(-c3cc(C)nc4ccc(OC)cc34)nn2)cc1,13.8,tdc_hep
COc1ccc(C)c(Nc2ncc3ccn(-c4ccccn4)c3n2)c1,92.755,tdc_hep
COc1ccc(C2CC(c3ccc(Br)cc3)=NN2C(C)=O)cc1,16.6,tdc_hep
COc1ccc(CC(=O)NC(N/C(=N/C#N)Nc2ccccc2C)C(C)(C)C)cc1OC,26.0,tdc_hep
COc1ccc(CC(=O)Nc2nc3ccccc3[nH]2)cc1,12.88,tdc_hep
COc1ccc(CC(C)(C)NC[C@H](O)c2cc(O)cc3c2OCC(=O)N3)cc1,14.0,tdc_hep
COc1ccc(CCN2C(=O)N(NS(C)(=O)=O)C[C@@H]2c2ccc(OC)cc2)cc1,19.05,tdc_hep
COc1ccc(CCN2C(=O)N(NS(C)(=O)=O)C[C@H]2c2ccc(OC)cc2)cc1,21.88,tdc_hep
COc1ccc(CCO[C@@H]2CCCC[C@H]2N2CC[C@@H](O)C2)cc1OC,6.46,tdc_hep
COc1ccc(CNC(=O)CSc2nc3cccnc3s2)cc1,105.13,tdc_hep
COc1ccc(CNC(=O)Nc2ncc([N+](=O)[O-])s2)cc1,91.0,tdc_hep
COc1ccc(CNCc2cccc(CCNC[C@H](O)c3ccc(O)c4[nH]c(=O)sc34)c2)cc1,13.0,tdc_hep
COc1ccc(COc2nc(Br)cnc2NS(=O)(=O)c2ccc(C)cc2)cc1OCCN(C)C,31.0,tdc_hep
COc1ccc(C[C@@H](C)NC[C@H](O)c2ccc(O)c(NC=O)c2)cc1,3.91,tdc_hep
COc1ccc(Cc2c(N)n[nH]c2N)cc1,3.63,tdc_hep
COc1ccc(Cl)cc1C(=O)NCCc1ccc(S(=O)(=O)NC(=O)NC2CCCCC2)cc1,14.45,tdc_hep
COc1ccc(N(C(=O)Oc2c(C)cccc2C)c2ccnc(Nc3ccc(N4CCN(C)CC4)cc3)n2)c(OC)c1,35.48,tdc_hep
COc1ccc(N(C(=O)c2ccccc2)C(C(=O)NC2CCCC2)c2ccccc2F)c(OC)c1,150.0,tdc_hep
COc1ccc(N(C(=O)c2ccccc2)C(C(=O)NC[C@@H](C)O)c2ccccc2F)c(OC)c1,150.0,tdc_hep
COc1ccc(N(C(=O)c2ccco2)C(C(=O)NC2CCCC2)c2ccccc2F)c(OC)c1,150.0,tdc_hep
COc1ccc(N(C(=O)c2ccoc2Cl)C(C(=O)NC[C@@H](C)O)c2ccccc2F)c(OC)c1,33.0,tdc_hep
COc1ccc(N(C(=O)c2occc2C)C(C(=O)NC[C@@H](C)O)c2ccccc2F)c(OC)c1,87.0,tdc_hep
COc1ccc(N(C(=O)c2occc2CO)C(C(=O)NC[C@@H](C)O)c2ccccc2F)c(OC)c1,8.0,tdc_hep
COc1ccc(N(C(=O)c2occc2Cl)C(C(=O)NC[C@@H](C)O)c2ccccc2F)c(OC)c1,59.0,tdc_hep
COc1ccc(N(C(C)=O)C(C(=O)NC2CCCC2)c2ccccc2F)c(OC)c1,150.0,tdc_hep
COc1ccc(N2CCN(C(=O)[C@@H]3CCCC[C@H]3C(=O)NC3(C#N)CC3)[C@H](C)C2)cc1OC,3.0,tdc_hep
COc1ccc(NC(=O)CCc2c(C)nc3nc(C)nn3c2C)cc1,3.09,tdc_hep
COc1ccc(OC)c(C(O)CN)c1,3.0,tdc_hep
COc1ccc(OC)c(C(O)CNC(=O)CN)c1,3.0,tdc_hep
COc1ccc([C@@H]2Sc3ccccc3N(CCN(C)C)C(=O)[C@@H]2OC(C)=O)cc1,79.665,tdc_hep
COc1ccc([C@]2(C#N)CC[C@@H](C(=O)O)CC2)cc1OC1CCCC1,28.0,tdc_hep
COc1ccc2c(Oc3ccc(CC(=O)Nc4cn(C)nc4C)c(OC)c3)ccnc2c1,23.44,tdc_hep
COc1ccc2nc(C)cc(-n3cc(CN4CCN(C(C)=O)CC4)nn3)c2c1,5.13,tdc_hep
COc1ccc2nc(C)cc(-n3cc(CNC(C)=O)nn3)c2c1,6.76,tdc_hep
COc1ccc2nc(C)cc(N3CC(CNC(=O)C4CC4)OC3=O)c2c1,19.5,tdc_hep
COc1ccc2nc(C)cc(OCC(=O)NCc3ccccc3)c2c1,120.23,tdc_hep
COc1ccc2nc(C)cc(OCC(=O)Nc3ccccc3OC)c2c1,150.0,tdc_hep
COc1ccc2nc(NC(=O)CCc3ccc(OC)c(OC)c3)sc2c1,150.0,tdc_hep
COc1ccc2ncc(=O)n(CCN3CCC(NCc4cc5c(cn4)OCCO5)CC3)c2c1,150.0,tdc_hep
COc1ccc2ncc(C#N)c(CCN3CCC(NCc4cc5c(cn4)OCS5)CC3)c2c1,72.44,tdc_hep
COc1ccc2ncc(F)c(CCN3CCC(NCc4cc5c(cn4)OCCO5)CC3)c2n1,138.04,tdc_hep
COc1ccc2ncc(F)c(CCN3CCC(NCc4ccc5c(n4)NC(=O)CO5)CC3)c2n1,39.81,tdc_hep
COc1cccc(CNc2nc(NC(C)C)nc3ccsc23)c1OC,150.0,tdc_hep
COc1cccc(NC(=O)c2cccc(Cc3c(C)nn(CCO)c3-c3ccccc3)c2)c1,150.0,tdc_hep
COc1cccc(Nc2c(C(N)=O)cnc3c(C)cc(S(=O)(=O)c4cccc(C(=O)N(C)C)c4)cc23)c1,75.025,tdc_hep
COc1cccc(Nc2nc(NCC3CCCO3)c3ccccc3n2)c1,150.0,tdc_hep
COc1cccc2c1c(NS(=O)(=O)c1ccc(Cl)s1)nn2Cc1cccc(CNC(=O)C(C)(C)O)c1,32.5,tdc_hep
COc1cccc2c1c(NS(=O)(=O)c1ccc(Cl)s1)nn2Cc1cccc(CNC(=O)[C@@H]2COCCN2)c1,23.0,tdc_hep
COc1cccc2c1c(NS(=O)(=O)c1ccc(Cl)s1)nn2Cc1cccc(CNC(=O)[C@H]2COCCN2)c1,22.0,tdc_hep
COc1cccc2c1c(NS(=O)(=O)c1ccc(Cl)s1)nn2Cc1cccc(CNC(C)=O)c1,81.5,tdc_hep
COc1cccc2sc(NC(=O)c3ccccc3)nc12,16.0,tdc_hep
COc1ccccc1-c1csc(-n2ncc(C#N)c2N)n1,54.95,tdc_hep
COc1ccccc1C(=O)/C=C/c1ccccc1C(F)(F)F,150.0,tdc_hep
COc1ccccc1C(=O)Nc1ccc(Cc2ccncc2)cc1,103.2,tdc_hep
COc1ccccc1CCNCc1ccc(CCNC[C@H](O)c2ccc(O)c3[nH]c(=O)sc23)cc1,29.0,tdc_hep
COc1ccccc1CCNCc1cccc(CCNC[C@H](O)c2ccc(O)c3[nH]c(=O)sc23)c1,29.0,tdc_hep
COc1ccccc1CN(C)Cc1cccc(CCNC[C@H](O)c2ccc(O)c3[nH]c(=O)sc23)c1,33.0,tdc_hep
COc1ccccc1CN1C(=O)c2ccccc2C1C(=O)NC1CCC(C)CC1,150.0,tdc_hep
COc1ccccc1OCCNCC(O)COc1cccc2[nH]c3ccccc3c12,26.3,tdc_hep
COc1ccccc1Oc1c(NS(=O)(=O)c2ccc(C(C)(C)C)cc2)nc(-c2ncccn2)nc1OCCO,4.79,tdc_hep
COc1ccccc1SC[C@@H](C)CN[C@@H]1COc2ccccc2SC1,51.29,tdc_hep
COc1ccnc(CCc2nc3c(C)ccnc3[nH]2)c1,3.0,tdc_hep
COc1ccnc(CCc2nc3cc(Br)cnc3[nH]2)c1,16.1,tdc_hep
COc1ccnc(CCc2nc3cccnc3[nH]2)c1,18.89,tdc_hep
COc1ccnc(CSc2nc3ccccc3[nH]2)c1,150.0,tdc_hep
COc1ccncc1-c1ccccc1CN(C(=O)c1ccc(-c2ccc(C#N)cc2)o1)c1ccc(N2CCNCC2)cc1,25.7,tdc_hep
COc1cnc(-c2ccccn2)nc1N(C)c1ccccc1,150.0,tdc_hep
COc1nc(Br)cnc1NS(=O)(=O)c1ccc(Cl)s1,3.0,tdc_hep
COc1nc(C)nc(Cl)c1NC1=NCCN1,3.0,tdc_hep
COc1nc(N)nc2c1ncn2[C@@H]1O[C@H](CO)[C@@H](O)[C@H]1O,10.47,tdc_hep
COc1nc2ccc(Br)cc2cc1[C@@H](c1ccccc1)[C@@](O)(CCN(C)C)c1cccc2ccccc12,14.13,tdc_hep
COc1ncccc1-c1cccc2c(N)c3c(nc12)CN(C1CCC1)C3=O,4.88,tdc_hep
CS(=O)(=O)C1(c2cc(N3CCOCC3)nc(-c3cccc4[nH]ncc34)n2)CC1,3.0,tdc_hep
CS(=O)(=O)CCNCc1ccc(-c2ccc3ncnc(Nc4ccc(OCc5cccc(F)c5)c(Cl)c4)c3c2)o1,91.2,tdc_hep
CS(=O)(=O)N1CCN(Cc2cc3nc(-c4cccc5[nH]ncc45)nc(N4CCOCC4)c3s2)CC1,33.11,tdc_hep
CS(=O)(=O)N1CC[C@H](N(Cc2ccccc2Cl)c2ccc(C#N)c(Cl)c2)C1,72.44,tdc_hep
CS(=O)(=O)N1CCc2c(-c3cnc(N)nc3)nc(N3CCOCC3)nc21,4.1850000000000005,tdc_hep
CS(=O)(=O)NC(=O)CCCc1c(-c2ccc(F)cc2)[nH]c2ccc(C#N)cc12,14.3,tdc_hep
CS(=O)(=O)Nc1ccc(CCOCCCS(=O)(=O)CCNCCc2ccc(O)c3nc(O)sc23)cc1,105.0,tdc_hep
CS(=O)(=O)c1ccc(-c2cnc(N)c(-c3ccc(C(F)(F)F)nc3)c2)cc1,4.79,tdc_hep
CS(=O)(=O)c1ccc(-c2cnc(N)c(C(=O)Nc3ccccc3)n2)cc1,19.05,tdc_hep
CS(=O)(=O)c1ccc([C@@H](CC2CCCC2)C(=O)Nc2nccs2)cc1,20.89,tdc_hep
CS(=O)(=O)c1ccc([C@@H](O)[C@@H](CF)NC(=O)C(Cl)Cl)cc1,69.18,tdc_hep
CS(=O)(=O)c1ccc([C@H](CC2CCCC2)C(=O)Nc2nccs2)cc1,35.48,tdc_hep
CS(=O)(=O)c1ccc2nc(N3CCN(C(=O)[C@@H]4CCCC[C@H]4C(=O)NC4(C#N)CC4)CC3)sc2c1,3.0,tdc_hep
CSCCC(NC(=O)c1ccccc1)c1nc2ccccc2n1Cc1ccc(C#N)cc1,150.0,tdc_hep
CSCCC(NC(=O)c1cnccn1)c1nc2ccccc2[nH]1,74.0,tdc_hep
CSCCC(NC(=O)c1sccc1Cl)c1nc2ccccc2[nH]1,150.0,tdc_hep
CSc1c(C(=O)NC2C3CC4CC(C3)CC2C4)cnn1-c1ccc(C(=O)O)cc1,12.3,tdc_hep
CSc1ccc(N2C(N)=NC(N)=NC2(C)C)cc1,70.79,tdc_hep
CSc1ccc2c(c1)N(CCC1CCCCN1C)c1ccccc1S2,114.0,tdc_hep
C[C@@H](C(=O)NCCN1CCCC1)c1ccc(OS(=O)(=O)C(F)(F)F)cc1,6.0,tdc_hep
C[C@@H](C(=O)NS(C)(=O)=O)c1ccc(OS(=O)(=O)C(F)(F)F)cc1,3.0,tdc_hep
C[C@@H](C(=O)O)c1cccc(C(=O)c2ccccc2)c1,21.3,tdc_hep
C[C@@H](C(N)=O)c1ccc(OS(=O)(=O)C(F)(F)F)cc1,3.0,tdc_hep
C[C@@H](NC(=O)C1CCNCC1)c1ccc(Nc2ncc3cc(-c4ccncc4)ccc3n2)cc1,3.0,tdc_hep
C[C@@H](NCc1ccccc1-c1ccc(CCNC[C@H](O)c2ccc(O)c3[nH]c(=O)sc23)cc1)c1ccccc1,108.0,tdc_hep
C[C@@H](O)[C@H](NC(=O)c1ccc(C#Cc2ccc(CN3CCOCC3)cc2)cc1)C(=O)NO,27.02,tdc_hep
C[C@@H](O)[C@H]1C(=O)N2C(C(=O)O)=C(SC3CN(C4=NCCS4)C3)[C@H](C)[C@H]12,4.79,tdc_hep
C[C@@H](O)[C@H]1C(=O)N2C(C(=O)OCOC(=O)C(C)(C)C)=C(SC3CN(C4=NCCS4)C3)[C@H](C)[C@H]12,150.0,tdc_hep
C[C@@H](c1ccc(-c2ccc(F)cc2F)cc1)N1CC[C@@](CCO)(c2ccc(F)cc2)OC1=O,64.57,tdc_hep
C[C@@H](c1ccc(-c2ccc(F)cc2F)cc1)N1CC[C@](CCO)(c2ccc(F)cc2)OC1=O,3.3600000000000003,tdc_hep
C[C@@H]1CN(C(=O)N[C@H](Cc2ccc(F)cc2)C(=O)N2CCC(C(=O)NC(C)(C)C)(C3CCCCC3)CC2)C[C@H](C)N1,10.72,tdc_hep
C[C@@H]1CN(C(=O)[C@@H]2CN(C(C)(C)C)C[C@H]2c2ccc(F)cc2F)C[C@H](C)[C@@]1(O)c1ccccc1,25.12,tdc_hep
C[C@@H]1CN(Cc2cc(Cl)ccc2OCC(=O)O)CCN1S(=O)(=O)c1ccccc1,7.48,tdc_hep
C[C@@H]1CN(Cc2cc(Cl)ccc2OCC(=O)O)C[C@H](C)N1C(=O)Cc1ccccc1,20.0,tdc_hep
C[C@@H]1CN(Cc2nnc(-c3cc(-c4cccc5[nH]ccc45)cc4[nH]ncc34)o2)C[C@H](C)O1,54.95,tdc_hep
C[C@@H]1CN(c2ccc(F)cc2C(F)(F)F)CCN1S(=O)(=O)c1ccc(C(N)=O)cc1Cl,63.1,tdc_hep
C[C@@H]1CN(c2ccc3c(n2)NC(=O)CO3)[C@H](c2ccccc2)CO1,52.48,tdc_hep
C[C@@H]1CN[C@@H](C2CC2)C(=O)N(C)[C@H](C)C(=O)N[C@H](Cc2ccc(F)cc2)C(=O)NCCCc2ccccc2O1,26.92,tdc_hep
C[C@@H]1C[C@H]2[C@@H]3CCC4=CC(=O)C=C[C@]4(C)[C@@]3(F)[C@@H](O)C[C@]2(C)[C@@]1(O)C(=O)CO,31.0,tdc_hep
C[C@@H]1Cc2c([nH]c3cc(Cl)c(F)cc23)[C@]2(N1)C(=O)Nc1ccc(Cl)cc12,7.24,tdc_hep
C[C@@](C(=O)OC1CC[N+](C)(C)CC1)(c1ccccc1)C1CCCC1,128.0,tdc_hep
C[C@@](C(=O)O[C@H]1C[N+]2(CC(=O)Nc3cccc(F)c3)CCC1CC2)(c1ccccc1)N1CCCCC1,67.0,tdc_hep
C[C@@](C(=O)O[C@H]1C[N+]2(CC(=O)Nc3ccccc3)CCC1CC2)(c1ccccc1)N1CCCCC1,64.0,tdc_hep
C[C@@](C(=O)O[C@H]1C[N+]2(CC(=O)Nc3ccccn3)CCC1CC2)(c1ccccc1)N1CCCCC1,64.0,tdc_hep
C[C@@](C(=O)O[C@H]1C[N+]2(CC(=O)Nc3ccncn3)CCC1CC2)(c1ccccc1)N1CCCCC1,39.0,tdc_hep
C[C@@](C(=O)O[C@H]1C[N+]2(CCCOc3ccc(F)cc3)CCC1CC2)(c1ccccc1)N1CCCCC1,66.0,tdc_hep
C[C@@](C(=O)O[C@H]1C[N+]2(CCCc3cc4ccccc4s3)CCC1CC2)(c1ccccc1)N1CCCCC1,65.0,tdc_hep
C[C@@](C(=O)O[C@H]1C[N+]2(CCCc3ccc4ncsc4c3)CCC1CC2)(c1ccccc1)N1CCCCC1,66.0,tdc_hep
C[C@@](C(=O)O[C@H]1C[N+]2(CCCc3ccncc3)CCC1CC2)(c1ccccc1)N1CCCCC1,82.0,tdc_hep
C[C@@](C(=O)O[C@H]1C[N+]2(CCCc3cncnc3)CCC1CC2)(c1ccccc1)N1CCCCC1,66.0,tdc_hep
C[C@@](C(=O)O[C@H]1C[N+]2(CCOCCc3ccccc3)CCC1CC2)(c1ccccc1)N1CCCCC1,77.0,tdc_hep
C[C@@](C(=O)O[C@H]1C[N+]2(CCOc3ccc(Cl)cc3)CCC1CC2)(c1ccccc1)N1CCCCC1,60.0,tdc_hep
C[C@@](C(=O)O[C@H]1C[N+]2(CCc3c[nH]c4ccccc34)CCC1CC2)(c1ccccc1)N1CCCCC1,53.0,tdc_hep
C[C@@](C(=O)O[C@H]1C[N+]2(CCc3ccccc3)CCC1CC2)(c1ccccc1)N1CCCCC1,76.0,tdc_hep
C[C@@](C(=O)O[C@H]1C[N+]2(CCc3ccccc3F)CCC1CC2)(c1ccccc1)N1CCCCC1,130.0,tdc_hep
C[C@@](C(=O)O[C@H]1C[N+]2(Cc3cc(-c4ccccc4)on3)CCC1CC2)(c1ccccc1)N1CCCCC1,110.0,tdc_hep
C[C@@](C(=O)O[C@H]1C[N+]2(Cc3nc(-c4ccccc4)no3)CCC1CC2)(c1ccccc1)N1CCCCC1,55.0,tdc_hep
C[C@@](CCc1ccc(-c2ccc(Cl)cc2)cc1)(C(=O)NO)S(C)(=O)=O,3.0,tdc_hep
C[C@@]1(C(=O)Nc2ccc(F)nc2)CCCN1c1nc(Nc2cc(C3CC3)n[nH]2)c2cccn2n1,70.79,tdc_hep
C[C@H](C#Cc1ccc(Cc2ccc(F)cc2)s1)N(O)C(N)=O,3.0,tdc_hep
C[C@H](C(=O)O)c1cccc(C(=O)c2ccccc2)c1,21.0,tdc_hep
C[C@H](CO)Nc1nc(SCc2cccc(Cl)c2F)nc2[nH]c(=O)sc12,18.455,tdc_hep
C[C@H](CO)Nc1nc(SCc2cccc(F)c2F)nc2[nH]c(=O)cnc12,32.61,tdc_hep
C[C@H](CO)Nc1nc(SCc2cccc(F)c2F)nc2[nH]ncc12,17.78,tdc_hep
C[C@H](CO)Nc1nc(SCc2cccc(F)c2F)nc2nc(N)sc12,12.375,tdc_hep
C[C@H](CO)Nc1nc(SCc2ccccc2)nc2[nH]c(=O)sc12,11.225,tdc_hep
C[C@H](CO)Nc1nc(SCc2ccccc2F)nc2[nH]c(=O)sc12,29.060000000000002,tdc_hep
C[C@H](CO)Nc1nc(SCc2ccccc2F)nc2nc(N)sc12,12.375,tdc_hep
C[C@H](CO)Nc1nc(SCc2ccco2)nc2[nH]c(=O)sc12,44.15,tdc_hep
C[C@H](CO)n1ccc2c(NC(=O)Cc3ccc(Cl)c(C(F)(F)F)c3)cccc2c1=O,29.0,tdc_hep
C[C@H](CS)C(=O)N1CCC[C@H]1C(=O)O,57.11,tdc_hep
C[C@H](Cc1cccc(CC(=O)NC23CC4CC(CC(C4)C2)C3)c1)NC[C@H](O)c1ccc(O)c(CO)c1,32.45,tdc_hep
C[C@H](NC(=O)c1cccc2c1N(Cc1ccc(Cl)cc1)CC2)c1ccc(C(=O)O)cc1,13.18,tdc_hep
C[C@H](Nc1nc(Nc2cc(C3CC3)[nH]n2)cnc1C#N)c1ccc(F)cn1,5.470000000000001,tdc_hep
C[C@H](Oc1ccc(Cl)cc1CN1CCN(C(=O)Cc2ccc(Cl)cc2)[C@@H](C)C1)C(=O)O,3.85,tdc_hep
C[C@H](c1nc2ncccc2c(=O)n1-c1ccc(Cl)cc1)N(CC1CCS(=O)(=O)CC1)C(=O)Cc1ccc(C(F)(F)F)c(F)c1,6.105,tdc_hep
C[C@H]1CN(Cc2cc(Cl)ccc2CC(=O)O)CCN1C(=O)Cc1ccc(Cl)cc1,8.25,tdc_hep
C[C@H]1CN(Cc2cc(Cl)ccc2CC(=O)O)CCN1S(=O)(=O)Cc1ccccc1,8.85,tdc_hep
C[C@H]1CN(Cc2cc(Cl)ccc2CCC(=O)O)CCN1C(=O)Cc1ccccc1,3.0,tdc_hep
C[C@H]1CN(Cc2cc(Cl)ccc2OC(C)(C)C(=O)O)CCN1S(=O)(=O)c1ccccc1,17.0,tdc_hep
C[C@H]1CN(Cc2cc(Cl)ccc2OCC(=O)O)CCN1C(=O)Cc1ccc(Cl)cc1,3.0,tdc_hep
C[C@H]1CN(Cc2cc(Cl)ccc2OCC(=O)O)CCN1C(=O)Cc1ccc(F)cc1,3.0,tdc_hep
C[C@H]1CN(Cc2cc(Cl)ccc2OCC(=O)O)CCN1C(=O)Cc1cccc(Cl)c1,12.0,tdc_hep
C[C@H]1CN(Cc2cc(Cl)ccc2OCC(=O)O)CCN1C(=O)Cc1ccccc1,3.5,tdc_hep
C[C@H]1CN(Cc2cc(Cl)ccc2OCC(=O)O)CCN1C(=O)Cc1ccccc1Cl,13.0,tdc_hep
C[C@H]1CN(Cc2cc(Cl)ccc2OCC(=O)O)CCN1S(=O)(=O)c1ccccc1,3.0,tdc_hep
C[C@H]1COCCN1c1nc(N2CCOC[C@@H]2C)c2ccc(-c3ccc4nc[nH]c(=O)c4c3)nc2n1,150.0,tdc_hep
C[C@H]1COCCN1c1nc(N2CCOC[C@@H]2C)c2ccc(-c3cccc(C(=O)NCCO)c3)nc2n1,10.0,tdc_hep
C[C@H]1C[C@@H](NS(=O)(=O)c2cc(Br)ccc2Br)CN1C#N,39.0,tdc_hep
C[C@H]1C[C@@H]2[C@H]([C@@H](O)C[C@@]3(C)[C@H]2CC[C@]3(O)C(=O)CO)[C@@]2(C)C=CC(=O)C=C12,79.56,tdc_hep
C[C@H]1Cc2c([nH]c3cc(Cl)c(F)cc23)[C@@]2(N1)C(=O)Nc1ccc(Cl)cc12,8.71,tdc_hep
C[C@]1(O)C[C@@H](c2nc(-c3ccc4ccc(-c5ccccc5)nc4c3)c3c(N)nccn32)C1,16.98,tdc_hep
C[C@]12CCC(=O)C=C1C=C[C@@H]1[C@@H]2CC[C@@]2(C)[C@H]1CC[C@@]21CCC(=O)O1,26.16,tdc_hep
C[C@]12CCC(=O)C=C1CC[C@@H]1[C@@H]2C(=O)C[C@@]2(C)[C@H]1CC[C@]2(O)C(=O)CO,17.38,tdc_hep
C[C@]12CC[C@H](O)CC1=CCC1C2CC[C@]2(C)C(n3cnc4ccccc43)=CCC12,34.67,tdc_hep
C[C@]12CC[C@H]3[C@@H](CCC4=CC(=O)CC[C@@]43C)[C@@H]1CC[C@@H]2O,150.0,tdc_hep
C[C@]12Cc3cnn(-c4ccc(F)cc4)c3C=C1CC[C@@]2(O)CCc1ccc(F)cc1C(N)=O,52.48,tdc_hep
C[N+]1(C)CCC(OC(=O)C(O)(c2ccccc2)C2CCCC2)C1,91.0,tdc_hep
C[N+]1(C)[C@@H]2C[C@@H](OC(=O)C(O)(c3cccs3)c3cccs3)C[C@H]1[C@@H]1O[C@@H]12,69.0,tdc_hep
Cc1[nH]c2ccc(-c3nnc(SCC(=O)N4CCCc5ccccc54)o3)cc2c1C,150.0,tdc_hep
Cc1[nH]c2nc(NCc3cccc(Br)c3)nn2c(=O)c1Cc1ccccc1,3.0,tdc_hep
Cc1c(-c2ccc(O)cc2)n(Cc2ccc(OCCN3CCCCCC3)cc2)c2ccc(O)cc12,26.63,tdc_hep
Cc1c(C(=O)NC2C3CC4CC(C3)CC2C4)cnn1-c1ccc(C(=O)O)cc1,3.0,tdc_hep
Cc1c(C(=O)Nc2ccccc2)sc2ncnc(O)c12,150.0,tdc_hep
Cc1c(C)c2c(c(C)c1O)CCC(C)(COc1ccc(CC3SC(=O)NC3=O)cc1)O2,89.09,tdc_hep
Cc1c(CC(=O)O)c2cc(F)ccc2n1S(=O)(=O)c1ccc(S(C)(=O)=O)cc1,5.45,tdc_hep
Cc1c(CN2CCN(C(=O)[C@H](C)O)CC2)sc2c(N3CCOCC3)nc(-c3cnc(N)nc3)nc12,3.0,tdc_hep
Cc1c(Cc2ccc3ccccc3n2)c2cc(F)ccc2n1CC(=O)O,7.02,tdc_hep
Cc1c(Cl)ccc(OC2CCN(CC3CCN([C@@H](Cc4ccc(F)cc4)C(=O)O)CC3)CC2)c1Cl,13.78,tdc_hep
Cc1c(Cl)cccc1S(=O)(=O)N1CCC[C@H](C(=O)NC2CCCCC2)C1,18.62,tdc_hep
Cc1c(F)cc(C(=O)NC2CC2)cc1-c1ccc(C(=O)NCC(C)(C)C)cn1,5.055,tdc_hep
Cc1c(N(C)C)c(=O)n(-c2ccccc2)n1C,3.47,tdc_hep
Cc1c(OC2CCN(CC3CCN([C@@H](Cc4ccc(F)cc4)C(=O)O)CC3)CC2)ccc(C#N)c1Cl,3.0,tdc_hep
Cc1c(OC2CCN(CC3CCN([C@@](C)(Cc4ccc(F)cc4)C(=O)O)CC3)CC2)ccc(Cl)c1Cl,3.0,tdc_hep
Cc1c(Oc2ccc(Cl)cc2)c2c(NS(C)(=O)=O)cccc2n1CC(=O)O,3.0,tdc_hep
Cc1c(S(=O)(=O)c2ccc(Cl)cc2)c2c(NS(C)(=O)=O)cccc2n1CC(=O)O,3.0,tdc_hep
Cc1c(Sc2ccc(Cl)cc2)c2c(NS(C)(=O)=O)cccc2n1CC(=O)O,4.88,tdc_hep
Cc1c(Sc2ccc(Cl)cc2)c2cc(F)ccc2n1CC(=O)O,34.0,tdc_hep
Cc1c2c(=O)n(-c3ccccc3Cl)[nH]c2cc(=O)n1Cc1ccccn1,3.0,tdc_hep
Cc1c[nH]c(-c2cnc(NCCNc3ccc(C#N)cn3)nc2-c2ccc(Cl)cc2Cl)n1,108.0,tdc_hep
Cc1cc(-c2ccc(Cl)c(C(=O)NCC3(O)CCCCCC3)c2)n[nH]1,57.0,tdc_hep
Cc1cc(-c2ccc(Cl)c(C(=O)NCC3(O)CCCCCC3)c2)nn1C[C@H](O)CN,3.0,tdc_hep
Cc1cc(=O)n(-c2ccccc2)n1C,3.735,tdc_hep
Cc1cc(C(=O)Cn2cc(C(F)(F)F)ccc2=O)c(C)n1Cc1ccccc1,150.0,tdc_hep
Cc1cc(C)c(CNC(=O)c2cc(C3CC3)nc3c2cnn3C(C)C)c(O)n1,128.82,tdc_hep
Cc1cc(C)cc(-c2nnc(SCC(=O)N3CCN(C(=O)c4ccco4)CC3)o2)c1,89.13,tdc_hep
Cc1cc(C)nc(Nc2cccc(C(F)(F)F)c2)n1,36.31,tdc_hep
Cc1cc(C)nc(SCC(=O)Nc2cc(C)on2)n1,141.25,tdc_hep
Cc1cc(C)nc(SCC(N)=O)n1,3.0,tdc_hep
Cc1cc(CC(=O)O)n(C)c1C(=O)c1ccc(Cl)cc1,3.0,tdc_hep
Cc1cc(CCCOc2c(C)cc(-c3noc(C(F)(F)F)n3)cc2C)on1,13.49,tdc_hep
Cc1cc(CCCOc2c(Cl)cc(C3=NCCO3)cc2Cl)on1,150.0,tdc_hep
Cc1cc(CCC[N+]23CCC(CC2)[C@@H](OC(=O)[C@](C)(c2ccccc2)N2CCCCC2)C3)ccn1,36.08,tdc_hep
Cc1cc(CN(CC(=O)Nc2ccc(Cl)cc2Cl)C2CCCCC2)ccc1OCC(=O)O,43.43,tdc_hep
Cc1cc(CN2CCc3ccccc3C2C(=O)Nc2ccc(Cl)cc2Cl)ccc1OCC(=O)O,20.0,tdc_hep
Cc1cc(CN2Cc3ccccc3C2C(=O)Nc2ccc(Cl)cc2Cl)ccc1OCC(=O)O,15.0,tdc_hep
Cc1cc(CN2Cc3ccccc3C[C@H]2C(=O)Nc2ccc(Cl)cc2Cl)ccc1OCC(=O)O,31.0,tdc_hep
Cc1cc(Cl)ccc1OC1CCN(CC2CCN([C@@H](Cc3ccc(F)cc3)C(=O)O)CC2)CC1,3.0,tdc_hep
Cc1cc(F)ccc1-n1nc(C(F)(F)F)cc1-c1ccc2c(c1)NC(=O)CO2,19.45,tdc_hep
Cc1cc(F)ccc1OC1CCN(CC2CCN([C@@H](Cc3ccc(F)cc3)C(=O)O)CC2)CC1,3.0,tdc_hep
Cc1cc(F)ccc1OC1CCN(CC2CCN([C@@](C)(Cc3ccc(F)cc3)C(=O)O)CC2)CC1,6.815,tdc_hep
Cc1cc(NC(=O)Nc2cccc3ccccc23)no1,95.5,tdc_hep
Cc1cc(NS(=O)(=O)c2ccc(Cl)cc2)no1,8.51,tdc_hep
Cc1cc(NS(=O)(=O)c2ccc(N)cc2)no1,3.0,tdc_hep
Cc1cc(Nc2nc(N[C@@H](C)c3ccc(F)cn3)c(C#N)cc2Cl)n[nH]1,6.17,tdc_hep
Cc1cc(OC2CCN(CC3CCN([C@@H](Cc4ccc(F)cc4)C(=O)O)CC3)CC2)ccc1Cl,3.87,tdc_hep
Cc1cc(OC2CCN(CC3CCN([C@@](C)(Cc4ccc(F)cc4)C(=O)O)CC3)CC2)ccc1Cl,3.0,tdc_hep
Cc1cc(OCC(=O)NCc2ccccc2)c2cc(Br)ccc2n1,51.29,tdc_hep
Cc1cc(OCC(=O)Nc2ccccc2)c2cc(Br)ccc2n1,150.0,tdc_hep
Cc1cc(OCCCS(C)(=O)=O)cc(C)c1-c1cccc(COc2ccc3c(c2)OC[C@H]3CC(=O)O)c1,7.625,tdc_hep
Cc1cc(Oc2cc(S(=O)(=O)N3CCC[C@H](n4cc(C)c(=O)[nH]c4=O)C3)ccc2O)ccc1Cl,20.42,tdc_hep
Cc1cc2cc(C)c3nnc(SCC(=O)N4CCN(C(=O)c5ccco5)CC4)n3c2cc1C,57.54,tdc_hep
Cc1ccc(-c2cc(-c3ccccc3)nn2-c2ccc(S(N)(=O)=O)cc2)cc1,13.49,tdc_hep
Cc1ccc(-c2cc(C(F)(F)F)nn2-c2ccc(C(=O)O)cc2)cc1,10.72,tdc_hep
Cc1ccc(-c2cc(C(F)(F)F)nn2-c2ccc(CC(=O)O)cc2)cc1,4.79,tdc_hep
Cc1ccc(-c2cc(C(F)(F)F)nn2-c2ccc(S(C)(=O)=O)cc2)cc1,17.38,tdc_hep
Cc1ccc(-c2cc(C(F)(F)F)nn2-c2ccc(S(N)(=O)=O)cc2)cc1,25.7,tdc_hep
Cc1ccc(-c2cc(C(F)(F)F)nn2-c2ccc([S+](C)[O-])cc2)cc1,14.79,tdc_hep
Cc1ccc(-c2ccc3c(ccc4sc5c(c43)NC[C@@H](C)NC5=O)n2)cn1,6.92,tdc_hep
Cc1ccc(-c2cccc(-c3nn[nH]n3)c2)cc1,52.48,tdc_hep
Cc1ccc(-c2cccc([S@]3(=O)=NC(=O)[C@H](C)N3)c2)cc1,19.5,tdc_hep
Cc1ccc(-c2nc3ccccc3[nH]2)cc1NC(=O)c1ccc(OCc2ccccn2)cc1,10.23,tdc_hep
Cc1ccc(-c2nnc(SCC(=O)N3CCN(c4ccccc4)CC3)o2)cc1,150.0,tdc_hep
Cc1ccc(-n2c(C)cc(/C=C3\SC(=O)NC3=O)c2C)cc1,17.78,tdc_hep
Cc1ccc(-n2nc(C(C)(C)C)cc2NC(=O)Nc2ccc(OCCN3CCOCC3)c3ccccc23)cc1,55.92,tdc_hep
Cc1ccc(/C(=C\CN2CCCC2)c2ccccn2)cc1,84.0,tdc_hep
Cc1ccc(C(=O)N2CC3CNCC(C2)O3)cc1NC(=O)CC12CC3CC(CC(C3)C1)C2,16.25,tdc_hep
Cc1ccc(C(=O)NC2CC2)cc1-c1ccc(C(=O)NCC2CC2)nc1,21.0,tdc_hep
Cc1ccc(C(=O)c2ccc(CC(=O)O)n2C)cc1,8.225,tdc_hep
Cc1ccc(C(NC(=O)c2ccccc2O)C(=O)Nc2c(C)cccc2C)s1,70.0,tdc_hep
Cc1ccc(C)c(OCCCC(C)(C)C(=O)O)c1,108.035,tdc_hep
Cc1ccc(CCNC(=O)c2ccc3sc(CO)nc3c2)cc1,96.33,tdc_hep
Cc1ccc(CCOCCNS(=O)(=O)CCCNCCc2ccc(O)c3nc(O)sc23)cc1,150.0,tdc_hep
Cc1ccc(CNC(=O)C2CCCN2S(=O)(=O)c2ccc(F)cc2)cc1,150.0,tdc_hep
Cc1ccc(CO)cc1N(C)c1ccnc(Nc2cc(N3CCOCC3)cc(N3CCOCC3)c2)n1,31.62,tdc_hep
Cc1ccc(CO)cc1N(c1ccnc(Nc2cc(N3CCOCC3)cc(S(C)(=O)=O)c2)n1)C(C)C,53.7,tdc_hep
Cc1ccc(C[C@@H](C(=O)O)N2CCC(CN3CCC(Oc4ccc(Cl)c(Cl)c4)CC3)CC2)cc1,3.0,tdc_hep
Cc1ccc(F)cc1S(=O)(=O)N[C@@H]1CCN(Cc2ccc(-c3ccccc3)cc2)C1,150.0,tdc_hep
Cc1ccc(N2CC(COc3ccc(-c4noc(C)n4)cc3)C2)nn1,16.205,tdc_hep
Cc1ccc(NC(=O)[C@@H]2CCCN2S(=O)(=O)c2cccc3cccnc23)c(C)c1,150.0,tdc_hep
Cc1ccc(NC(=O)[C@H]2CCCN2S(=O)(=O)c2cccc3cccnc23)c(C)c1,150.0,tdc_hep
Cc1ccc(NC(=O)c2cccc(N(C)S(C)(=O)=O)c2)cc1NC(=O)c1ccc2ncccc2c1,37.72,tdc_hep
Cc1ccc(NC(=O)c2cccc(N3CCOCC3)c2)cc1-n1cnc2ccc(N3CCN(C)CC3)cc2c1=O,6.0,tdc_hep
Cc1ccc(NC(=O)c2cccc(N3CCOCC3)c2)cc1NC(=O)c1ccc(OCc2cscn2)cc1,20.0,tdc_hep
Cc1ccc(NC(=O)c2ccoc2)cc1-n1cnc2ccc(N3CCN(C)CC3)cc2c1=O,3.0,tdc_hep
Cc1ccc(S(=O)(=O)N2N=Cc3ccccc3B2O)cc1,6.17,tdc_hep
Cc1ccc(S(=O)(=O)Nc2c(C(=O)N(C)C3CCCCC3)c(C)nn2-c2ccccc2)cc1,21.0,tdc_hep
Cc1ccc(S(=O)(=O)Nc2c(C(=O)N(C)C3CCCCC3)cnn2-c2ccccc2)cc1,48.44,tdc_hep
Cc1ccc(S(=O)(=O)Nc2c(C(=O)NC(C)C(C)(C)C)c(C)nn2-c2ccccc2)cc1,7.0,tdc_hep
Cc1ccc(S(=O)(=O)Nc2c(C(=O)NC(C)C)c(C)nn2-c2ccccc2)cc1,51.0,tdc_hep
Cc1ccc(S(=O)(=O)Nc2c(C(=O)NC3CCCCC3)c(C)nn2-c2ccccc2)cc1,12.0,tdc_hep
Cc1ccc(S(=O)(=O)Nc2c(C(=O)NC3CCCCC3)cnn2-c2ccccc2)cc1,27.0,tdc_hep
Cc1ccc(S(=O)(=O)Nc2c(C(=O)NC3CCCCC3C)c(C)nn2-c2ccccc2)cc1,17.0,tdc_hep
Cc1ccc(S(=O)(=O)Nc2c(C(=O)NC3CCCCC3C)cnn2-c2ccccc2)cc1,5.0,tdc_hep
Cc1ccc(S(=O)(=O)Nc2c(C(=O)NC3CCOCC3)c(C)nn2-c2ccccc2)cc1,14.0,tdc_hep
Cc1ccc(S(=O)(=O)Nc2c(C(=O)NCC(C)(C)C)c(C)nn2-c2ccccc2)cc1,18.0,tdc_hep
Cc1ccc(S(=O)(=O)Nc2c(C(=O)NCc3ccccc3)cnn2-c2ccccc2)cc1,40.0,tdc_hep
Cc1ccc(S(=O)(=O)Nc2c(C(=O)N[C@@H](C)C(C)(C)C)c(C(F)(F)F)nn2-c2ccccc2)cc1,18.84,tdc_hep
Cc1ccc(S(=O)(=O)Nc2c(C(=O)N[C@@H](C)C(C)(C)C)c(C)nn2-c2ccccc2)cc1,9.57,tdc_hep
Cc1ccc(S(=O)(=O)Nc2c(C(=O)N[C@@H](C)C(C)(C)C)c(C)nn2C(C)(C)C)cc1,53.0,tdc_hep
Cc1ccc(S(=O)(=O)Nc2c(C(=O)N[C@@H](C)C(C)(C)C)c(C)nn2C(C)C)cc1,6.5,tdc_hep
Cc1ccc(S(=O)(=O)Nc2c(C(=O)N[C@@H](C)C(C)(C)C)c(C)nn2C2CCC2)cc1,17.0,tdc_hep
Cc1ccc(S(=O)(=O)Nc2c(C(=O)N[C@@H](C)C(C)(C)C)c(C)nn2C2CCCC2)cc1,8.0,tdc_hep
Cc1ccc(S(=O)(=O)Nc2c(C(=O)N[C@@H](C)C(C)(C)C)c(C)nn2C2CCCCC2)cc1,8.0,tdc_hep
Cc1ccc(S(=O)(=O)Nc2c(C(=O)N[C@@H](C)C(C)(C)C)c(C)nn2C2CCN(C)CC2)cc1,3.0,tdc_hep
Cc1ccc(S(=O)(=O)Nc2c(C(=O)N[C@@H](C)C(C)(C)C)c(C)nn2C2CCN(CC(F)(F)F)CC2)cc1,3.0,tdc_hep
Cc1ccc(S(=O)(=O)Nc2c(C(=O)N[C@@H](C)C(C)(C)C)c(C)nn2C2CCOC2)cc1,3.0,tdc_hep
Cc1ccc(S(=O)(=O)Nc2c(C(=O)N[C@@H](C)C(C)(C)C)c(C)nn2C2CCOCC2)cc1,3.0,tdc_hep
Cc1ccc(S(=O)(=O)Nc2c(C(=O)N[C@@H](C)C(C)(C)C)c(C)nn2C2CCS(=O)(=O)CC2)cc1,4.0,tdc_hep
Cc1ccc(S(=O)(=O)Nc2c(C(=O)N[C@@H](C)C(C)(C)C)c(C)nn2C2CCSCC2)cc1,5.0,tdc_hep
Cc1ccc(S(=O)(=O)Nc2c(C(=O)N[C@@H](C)C(C)(C)C)c(C)nn2CC(F)(F)F)cc1,18.0,tdc_hep
Cc1ccc(S(=O)(=O)Nc2c(C(=O)N[C@H](C)C(C)(C)C)c(C)nn2-c2ccccc2)cc1,8.0,tdc_hep
Cc1ccc2[nH]c(C(=O)O)nc2c1,9.77,tdc_hep
Cc1ccc2c(NC[C@](O)(CC(C)(C)c3cc(F)cc4c3OCC4)C(F)(F)F)cccc2n1,50.12,tdc_hep
Cc1ccc2c(c1)c(Sc1ccc(S(C)(=O)=O)cc1)c(C)n2CC(=O)O,3.0,tdc_hep
Cc1ccc2cc(C)c3nnc(SCC(=O)N4CCN(C(=O)c5ccco5)CC4)n3c2c1,87.1,tdc_hep
Cc1ccc2nc(C[N+]34CCC(CC3)[C@@H](OC(=O)[C@](C)(c3ccccc3)N3CCCCC3)C4)oc2c1,150.0,tdc_hep
Cc1cccc(-c2ccc(CNC(=O)CCCc3ccc4cccnc4n3)cc2)c1,60.26,tdc_hep
Cc1cccc(CN2CCC3(CC2)CCN(C(=O)c2ccccc2)CC3)c1,10.2,tdc_hep
Cc1cccc(C[C@@H](C(=O)O)N2CCC(CN3CCC(Oc4ccc(Cl)c(Cl)c4)CC3)CC2)c1,3.0,tdc_hep
Cc1cccc(NC(=O)Nc2cccc3ccccc23)c1,91.2,tdc_hep
Cc1cccc([C@H](C)c2c[nH]c(=S)[nH]2)c1C,25.7,tdc_hep
Cc1cccc2c(CCNCc3cccc(CCNC[C@H](O)c4ccc(O)c5[nH]c(=O)sc45)c3)c[nH]c12,24.0,tdc_hep
Cc1cccc2c(O)nc(-c3ccc(C(F)(F)F)cc3)nc12,45.71,tdc_hep
Cc1ccccc1-c1c(C(=O)O)n(CCCOc2cccc3ccccc23)c2ccccc12,123.03,tdc_hep
Cc1ccccc1-n1c(Cn2cnc3c(N)ncnc32)nc2cccc(C)c2c1=O,17.475,tdc_hep
Cc1ccccc1-n1c(Cn2nc(-c3ccc(O)c(F)c3)c3c(N)ncnc32)nc2cccc(C)c2c1=O,42.24,tdc_hep
Cc1ccccc1/N=N/c1ccc(NC(=O)c2ccnn2C)c(C)c1,51.0,tdc_hep
Cc1ccccc1C(OCCN(C)C)c1ccccc1,150.0,tdc_hep
Cc1ccccc1CN1CCC(N2CCC(n3c(=O)[nH]c4ccccc43)CC2)CC1,19.0,tdc_hep
Cc1ccccc1NC(=O)CCS(=O)(=O)c1ccc(Br)s1,150.0,tdc_hep
Cc1ccccc1Nc1nc(N)nc(C)c1Br,150.0,tdc_hep
Cc1cn([C@H]2CCCN(S(=O)(=O)c3ccc(O)c(Oc4cc(F)cc(Cl)c4)c3)C2)c(=O)[nH]c1=O,74.13,tdc_hep
Cc1cn([C@H]2CCCN(S(=O)(=O)c3ccc(O)c(Oc4ccc(Cl)cc4)c3)C2)c(=O)[nH]c1=O,89.13,tdc_hep
Cc1cn([C@H]2CCCN(S(=O)(=O)c3ccc(O)c(Oc4cccc(Br)c4)c3)C2)c(=O)[nH]c1=O,38.02,tdc_hep
Cc1cn([C@H]2CCCN([C@@H](CC(C)(C)C)c3ccc(C(=O)O)c(Oc4cccc(Br)c4)c3)C2)c(=O)[nH]c1=O,3.0,tdc_hep
Cc1cn([C@H]2CCCN([C@@H](CC(C)C)c3ccc(C(=O)O)c(Oc4cccc(Cl)c4)c3)C2)c(=O)[nH]c1=O,9.55,tdc_hep
Cc1cn([C@H]2CCCN([C@H](C)c3ccc(C(=O)O)c(Oc4cccc(Cl)c4)c3)C2)c(=O)[nH]c1=O,3.39,tdc_hep
Cc1cn([C@H]2CCCN([C@H](CC(C)(C)C)c3ccc(C(=O)O)c(Oc4cccc(Br)c4)c3)C2)c(=O)[nH]c1=O,48.98,tdc_hep
Cc1cn([C@H]2CCCN([C@H](CC(C)C)c3ccc(C(=O)O)c(Oc4cccc(Cl)c4)c3)C2)c(=O)[nH]c1=O,9.12,tdc_hep
Cc1cn([C@H]2CCCN([C@H](CC3CCCCC3)c3ccc(C(=O)O)c(Oc4cccc(Cl)c4)c3)C2)c(=O)[nH]c1=O,42.66,tdc_hep
Cc1cn([C@H]2CCCN([C@H](CC3CCOCC3)c3ccc(C(=O)O)c(Oc4cccc(Cl)c4)c3)C2)c(=O)[nH]c1=O,19.05,tdc_hep
Cc1cnc(C(=O)NCCc2ccc(S(=O)(=O)NC(=O)NC3CCCCC3)cc2)cn1,4.27,tdc_hep
Cc1cnc(Nc2ccc(F)cc2Cl)nc1-c1c[nH]c(C(=O)N[C@H](CO)c2cccc(Cl)c2)c1,10.695,tdc_hep
Cc1nc(C(=O)N2CCOC3(CCN(Cc4ccc(Cl)cc4)CC3)C2)cs1,47.0,tdc_hep
Cc1nc(CSc2nc(N[C@H](C)CO)c3sc(=O)[nH]c3n2)cs1,3.3,tdc_hep
Cc1nc2ccc(-c3ccc(Cl)cc3)cc2c(=O)n1C[C@H]1CCCN(C(C)C)C1,3.8,tdc_hep
Cc1nc2ccc(Oc3ccc(F)cc3)cc2c(=O)n1C[C@H]1CCCN(C(C)C)C1,10.47,tdc_hep
Cc1nc2ccccn2c1-c1ccnc(N)n1,21.38,tdc_hep
Cc1nc2ncnn2c(O)c1CCOC(=O)c1c(F)cccc1F,64.34,tdc_hep
Cc1nc2ncnn2c(O)c1CCOC(=O)c1ccccc1F,129.0,tdc_hep
Cc1nccn1CC1CCc2c(c3ccccc3n2C)C1=O,3.0,tdc_hep
Cc1nccn1CCC(C(N)=O)(c1ccccc1)c1ccccc1,46.0,tdc_hep
Cc1nn(-c2ccc(F)cc2)c(NS(=O)(=O)c2ccc(C#N)cc2)c1C(=O)N[C@@H](C)C(C)(C)C,4.5,tdc_hep
Cc1nn(-c2ccc(F)cc2)c(NS(=O)(=O)c2ccc(C(F)(F)F)cc2)c1C(=O)N[C@@H](C)C(C)(C)C,4.005,tdc_hep
Cc1nn(-c2ccc(F)cc2)c(NS(=O)(=O)c2cccnc2)c1C(=O)N[C@@H](C)C(C)(C)C,12.0,tdc_hep
Cc1nn(-c2ccccc2)c(N)c1-c1ccccc1,32.36,tdc_hep
Cc1nn(-c2ccccc2)c(NC(=O)NS(=O)(=O)c2ccc(Cl)cc2)c1C#N,12.235,tdc_hep
Cc1nn(-c2ccccc2)c(NS(=O)(=O)C2CCCCC2)c1C(=O)N[C@@H](C)C(C)(C)C,15.0,tdc_hep
Cc1nn(-c2ccccc2)c(NS(=O)(=O)c2cccc(CN3CCOCC3)c2)c1C(=O)N[C@@H](C)C(C)(C)C,10.0,tdc_hep
Cc1nn(C)c(C)c1-c1cccc2c(CCCOc3cccc4ccccc34)c(C(=O)O)[nH]c12,61.66,tdc_hep
Cc1nn(C)c2cc(N3CCN(C(=O)[C@@H]4CCCC[C@H]4C(=O)NC4(C#N)CC4)[C@H](C)C3)ccc12,7.7700000000000005,tdc_hep
Cc1nn(C)c2ccc(N3CCN(C(=O)[C@@H]4CCCC[C@H]4C(=O)NC4(C#N)CC4)[C@H](C)C3)cc12,3.0,tdc_hep
Cc1nn(C2CCCCC2)c(N)c1-c1ccccc1,13.8,tdc_hep
Cc1nn(C2CCOCC2)c(NS(=O)(=O)c2ccc(C3CC3)cc2)c1C(=O)N[C@@H](C)C(C)(C)C,3.0,tdc_hep
Cc1nnc(C)c2cc(N3CCN(C(=O)[C@@H]4CCCC[C@H]4C(=O)NC4(C#N)CC4)[C@H](C)C3)ccc12,7.24,tdc_hep
Cc1noc(C)c1-c1ccc(CNS(=O)(=O)c2c(C)noc2C)cc1,19.05,tdc_hep
Cc1noc(NS(=O)(=O)c2ccc(N)cc2)c1C,3.0,tdc_hep
Cc1noc2cc(N3CCN(C(=O)[C@@H]4CCCC[C@H]4C(=O)NC4(C#N)CC4)[C@H](C)C3)ccc12,19.765,tdc_hep
Cc1nocc1C(=O)Nc1ccc(-c2ccccc2OC(F)(F)F)c(N)n1,74.13,tdc_hep
Cc1oc(-c2ccccc2)cc1C(=O)Nc1cccc(C(=O)O)c1,66.07,tdc_hep
Cc1oc(=O)oc1CN1CCN(c2cc3c(cc2F)c(=O)c(C(=O)O)c2n3C(C)S2)CC1,69.18,tdc_hep
Cc1sc2c(c1C)C(c1ccc(Cl)cc1)=N[C@@H](CC(=O)OC(C)(C)C)c1nnc(C)n1-2,16.6,tdc_hep
Cc1sc2ncnc(SCC(=O)N3CCN(C(=O)c4ccco4)CC3)c2c1C,102.33,tdc_hep
Clc1ccc(COc2ccc(Br)cc2CN2CCOCC2)cc1,54.95,tdc_hep
Clc1ccc(Cn2c(-c3nn[nH]n3)cc3ccccc32)cc1Cl,12.88,tdc_hep
Clc1ccc2ncc(-c3cccc(NC4CNC4)n3)n2c1,19.05,tdc_hep
Clc1cccc(-c2cnc3ccc(NC4CCOCC4)nn23)c1,14.79,tdc_hep
Clc1cccc(-n2nnnc2NCc2ccccc2Oc2ccccn2)c1Cl,150.0,tdc_hep
Clc1ccccc1CN1CCc2sccc2C1,103.115,tdc_hep
Cn1c(-c2ccccc2C(F)(F)F)nnc1C12CCC(c3noc(-c4ccc(F)cc4)n3)(CC1)CC2,7.94,tdc_hep
Cn1c(=O)c(-c2c(Cl)cccc2Cl)cc2cnc(Nc3ccc(F)cc3)nc21,6.17,tdc_hep
Cn1c(=O)c(Oc2ccc(F)cc2F)cc2cnc(NC(CCO)CCO)nc21,3.0,tdc_hep
Cn1cc(C2=C(c3cccc(NCC(O)CO)c3)C(=O)NC2=O)c2cc(F)ccc21,41.0,tdc_hep
Cn1cc(C2=C(c3cn(C4CCN(Cc5ccccn5)CC4)c4ccccc34)C(=O)NC2=O)c2ccccc21,6.0,tdc_hep
Cn1cnc2c(-c3ccc(C4(N)CCC4)cc3)c(-c3ccccc3)ccc21,3.31,tdc_hep
Cn1ncc(Cl)c1-c1cc(C(=O)N[C@H](CN)Cc2cccc(F)c2)sc1Cl,7.08,tdc_hep
Cn1sc(=O)c2cc(S(=O)(=O)NC3CC3)ccc21,150.0,tdc_hep
Cn1sc(=O)c2cc(S(N)(=O)=O)ccc21,22.46,tdc_hep
FC(F)(F)Oc1ccc(-c2nnc(CCCCc3ccc4cccnc4n3)o2)cc1Cl,24.55,tdc_hep
Fc1cccc(COc2ccc(Nc3ncnc4ccc(-c5cccc(N6CCOCC6)c5)cc34)cc2Cl)c1,44.67,tdc_hep
N#CC1(NC(=O)[C@@H]2CCCC[C@H]2C(=O)N2CCN(c3nc4c(s3)COCC4)CC2)CC1,3.0,tdc_hep
N#CC1(NC(=O)[C@@H]2CCCC[C@H]2C(=O)N2CCN(c3nc4ccncc4s3)CC2)CC1,5.755000000000001,tdc_hep
N#CC1(NC(=O)[C@@H]2CCCC[C@H]2C(=O)N2CCN(c3nc4cnccc4s3)CC2)CC1,3.0,tdc_hep
N#CC1(NC(=O)[C@@H]2CCCC[C@H]2C(=O)N2CCN(c3nccs3)CC2)CC1,36.31,tdc_hep
N#CC1(NC(=O)[C@@H]2CCCC[C@H]2C(=O)N2CCc3[nH]c4ccc(F)cc4c3C2)CC1,41.41,tdc_hep
N#CC1(NC(=O)[C@@H]2CCCC[C@H]2C(=O)N2CCc3[nH]c4ncccc4c3C2)CC1,3.0,tdc_hep
N#CCC(CNc1ncc(C(F)(F)F)cc1Cl)OC(=O)c1c(F)cccc1F,150.0,tdc_hep
N#CCNC(=O)c1ccc(-c2ccnc(Nc3ccc(N4CCOCC4)cc3)n2)cc1,5.13,tdc_hep
N#C[C@]1(NC(=O)[C@@H](N)Cc2cccs2)C[C@H]1c1ccccc1,136.0,tdc_hep
N#Cc1c(O)c2c(-c3ccc(-c4ccccc4O)cc3)csc2[nH]c1=O,52.48,tdc_hep
N#Cc1cc(-c2n[nH]c(-c3ccncc3)n2)ccn1,3.0,tdc_hep
N#Cc1ccc(-c2ccc(NC(=O)Nc3ccc(-c4ccnc5[nH]cnc45)cc3)cc2)cc1,67.61,tdc_hep
N#Cc1ccc(C(=O)Nc2ccc(-n3ccnc3)nc2)cc1,20.42,tdc_hep
N#Cc1ccc(C(c2ccc(C#N)cc2)n2cncn2)cc1,3.0,tdc_hep
N#Cc1ccc(C[C@@H](C(=O)O)N2CCC(CN3CCC(Oc4ccc(Cl)c(Cl)c4)CC3)CC2)cc1,3.0,tdc_hep
N#Cc1ccc(Cl)cc1S[C@H](CCN)c1ccccc1,150.0,tdc_hep
N#Cc1ccc(NC(=O)Nc2ccccc2Br)c2nn[nH]c12,69.0,tdc_hep
N#Cc1ccc(OC2CCN(C[C@H](O)CNC(=O)c3c[nH]c(=O)c4ccccc34)CC2)cc1Cl,9.0,tdc_hep
N#Cc1ccc2[nH]c(-c3ccc(F)cc3)c(CCCC(=O)NS(=O)(=O)C(F)(F)F)c2c1,9.8,tdc_hep
N#Cc1ccc2[nH]c(-c3ccc(F)cc3)c(CCCC(=O)NS(N)(=O)=O)c2c1,19.6,tdc_hep
N#Cc1ccc2c(c1)N(CCN1CCC(NCc3ccc4c(n3)NC(=O)CO4)CC1)C(=O)CO2,8.51,tdc_hep
N#Cc1ccc2ccc(=O)n(CCN3CC[C@@H](NCc4ccc5c(n4)NC(=O)CO5)[C@@H](F)C3)c2c1,16.6,tdc_hep
N#Cc1cccc(-c2cc(C(F)(F)F)ccc2OCC(=O)O)c1,3.0,tdc_hep
N#Cc1cccc(-c2cc(Cl)ccc2OCC(=O)O)c1,5.0,tdc_hep
N#Cc1cccc(-c2cccc(C(=O)O)c2)c1,8.13,tdc_hep
N#Cc1cccc(NCC(=O)Nc2c(Cl)ccc3nc(N4CC[C@@H](O)C4)ccc23)c1,8.0,tdc_hep
N#Cc1ccccc1CSc1nc(O)cc(O)n1,3.0,tdc_hep
N#Cc1cnc(N2CCN(C(=O)[C@@H]3CCCC[C@H]3C(=O)NC3(C#N)CC3)CC2)s1,5.25,tdc_hep
N=C(N)N1CCc2ccccc2C1,3.98,tdc_hep
N=C(N)NC(=O)c1nc(Cl)c(N)nc1N,3.0,tdc_hep
N=c1c(S(=O)(=O)c2ccc(Cl)cc2)cc2c(=O)n3ccccc3nc2n1C1CCCC1,35.48,tdc_hep
NC(=O)COc1cc(-c2cccc3c(=O)cc(N4CCOCC4)oc23)ccc1NC(=O)CN1CCOCC1,3.0,tdc_hep
NC(=O)NC(=O)C(Nc1ccc2c(c1)CCC2)c1ccccc1,34.375,tdc_hep
NC(=O)c1ccc(N(C(N)=O)c2c(F)cccc2F)nc1-c1ccc(F)cc1F,3.0,tdc_hep
NC(=O)c1ccn2c(-c3ccccc3)c(-c3ccc(C4(N)CCC4)cc3)nc2c1,3.72,tdc_hep
NC(=O)c1cnc(-c2ccc(C3(N)CCC3)cc2)c(-c2ccccc2)c1,4.0649999999999995,tdc_hep
NC1(c2ccc(-c3c(-c4ccccc4)ccc4ccnn34)cc2)CCC1,10.23,tdc_hep
NC1(c2ccc(-c3c(-c4ccccc4)ccn4ccnc34)cc2)CCC1,79.56,tdc_hep
NC1(c2ccc(-c3c(-c4ccccc4)ccn4ncnc34)cc2)CCC1,3.0,tdc_hep
NC1(c2ccc(-c3nc4ccccc4cc3-c3ccccc3)cc2)CCC1,80.7,tdc_hep
NC1(c2ccc(-c3nc4ccccn4c3-c3ccccc3)cc2)CCC1,84.1,tdc_hep
NC1(c2ccc(-c3ncc4cccn4c3-c3ccccc3)cc2)CCC1,3.0,tdc_hep
NC1(c2ccc(-c3ncc4cccnc4c3-c3ccccc3)cc2)CCC1,19.5,tdc_hep
NC1(c2ccc(-c3ncc4cnccc4c3-c3ccccc3)cc2)CCC1,150.0,tdc_hep
NC1(c2ccc(-c3ncc4nccn4c3-c3ccccc3)cc2)CCC1,9.61,tdc_hep
NC1(c2ccc(-c3nn4ccnc4cc3-c3ccccc3)cc2)CCC1,78.88,tdc_hep
NC1=Nc2ccccc2Sc2cccc(F)c21,13.18,tdc_hep
NC1=Nc2ccccc2Sc2ccccc21,7.94,tdc_hep
NCCCCCc1c[nH]c2ccc(F)cc12,74.13,tdc_hep
NCCCCN(Cc1nc2ccccc2[nH]1)C1CCCc2cccnc21,30.72,tdc_hep
NCCCCN(Cc1nc2ccccc2[nH]1)[C@H]1CCCc2cccnc21,30.51,tdc_hep
NCCc1ccc(O)c2nc(O)sc12,150.0,tdc_hep
NS(=O)(=O)c1ccc(-n2nc(C(F)(F)F)cc2-c2ccc(C(F)(F)F)cc2)cc1,18.2,tdc_hep
N[C@@H](C(=O)N[C@@H]1C(=O)N2C(C(=O)O)=C(Cl)CC[C@H]12)c1ccccc1,3.0,tdc_hep
N[C@@H]1CCCN(c2c(/C=C3\SC(=O)NC3=O)cccc2-c2ccncc2)C1,8.91,tdc_hep
N[C@@H]1CCCN(c2ccccc2/C=C2\SC(=O)NC2=O)C1,5.13,tdc_hep
Nc1[nH]ncc1-c1cc(Cl)ccc1Oc1cc(F)c(S(=O)(=O)Nc2cscn2)cc1Cl,5.62,tdc_hep
Nc1c(-c2ccccc2)nc(Cl)nc1-c1ccccc1,46.77,tdc_hep
Nc1c(C(=O)c2cccc(OC[C@@H](O)CO)c2)cnn1-c1ccc(F)cc1,3.0,tdc_hep
Nc1c2c(nc3ccccc13)CCCC2,13.8,tdc_hep
Nc1cc(C(=O)Nc2cccc(-c3nnn[nH]3)c2)cc(C(F)(F)F)c1,23.44,tdc_hep
Nc1cc(C(F)(F)F)c(-c2cc(N3CCOCC3)nc(N3CCOCC3)n2)cn1,9.425,tdc_hep
Nc1ccc(-c2ccccc2Cl)cc1,123.03,tdc_hep
Nc1ccc(OCCc2ccccc2)cc1,150.0,tdc_hep
Nc1ccc2c(-c3ccncc3)c(-c3ccc(F)cc3)[nH]c2n1,117.49,tdc_hep
Nc1ccc2c(c1)Cc1cc(N)ccc1-2,61.66,tdc_hep
Nc1nc(-c2ccc(Cl)c(Cl)c2)c(-c2ccncc2)s1,19.05,tdc_hep
Nc1nc2ccc(-c3ccncc3)cc2s1,29.51,tdc_hep
Nc1nc2ccc(C(=O)c3ccccc3)cc2[nH]1,3.0,tdc_hep
Nc1nc2ccc(F)cc2s1,5.75,tdc_hep
Nc1ncc(-c2ccc(S(=O)(=O)N3CCCC3)cc2)nc1C(=O)Nc1cccnc1,3.0,tdc_hep
Nc1ncc2cc(-c3c(Br)cccc3Br)c(N)nc2n1,120.23,tdc_hep
Nc1ncnc2c1c(COc1cccc(Cl)c1)nn2C1CCOCC1,150.0,tdc_hep
Nc1ncnc2c1ncn2[C@@H]1O[C@H](CO)[C@@H](O)[C@H]1O,3.0,tdc_hep
Nc1ncnc2c1ncn2[C@@H]1O[C@H](CSCCCNC(=O)NCc2ccccc2)[C@@H](O)[C@H]1O,14.45,tdc_hep
Nc1ncnc2c1ncn2[C@@H]1O[C@H](CSCCCNC(=O)Nc2ccc(Cl)cc2)[C@@H](O)[C@H]1O,93.33,tdc_hep
Nc1ncnc2c1ncn2[C@@H]1O[C@H](CSCCCNC(=O)Nc2ccccc2)[C@@H](O)[C@H]1O,28.18,tdc_hep
Nc1nnc(CCSCCc2nnc(NC(=O)Cc3ccccc3)s2)s1,72.44,tdc_hep
O=C(C1CCCCC1)N1CC(=O)N2CCc3ccccc3C2C1,17.38,tdc_hep
O=C(C1CCN(c2nnc(-n3cccc3)s2)CC1)N1CCN(Cc2ccc3c(c2)OCO3)CC1,50.12,tdc_hep
O=C(C1CCN(c2nnc(-n3cccc3)s2)CC1)N1CCc2ccccc2C1,46.77,tdc_hep
O=C(CC12CC3CC(CC(C3)C1)C2)Nc1cccc2c(=O)n(C(CO)CO)ccc12,19.0,tdc_hep
O=C(CC12CC3CC(CC(C3)C1)C2)Nc1cccc2c(=O)n(C[C@H]3CCCN3)ccc12,43.0,tdc_hep
O=C(CC1CCCCCC1)Nc1cccc2c(=O)n([C@H]3CCNC3)ccc12,3.2,tdc_hep
O=C(CCCN1CCC(O)(c2ccc(Cl)cc2)CC1)c1ccc(F)cc1,14.24,tdc_hep
O=C(CCCc1ccc2cccnc2n1)NCc1cc(-c2ccc(F)c(C(F)(F)F)c2)no1,19.95,tdc_hep
O=C(CCOCCc1ccccc1)NCCNCCc1ccc(O)c2nc(O)sc12,71.99,tdc_hep
O=C(CN1CCOCC1)Nc1ccc(-c2cccc3c(=O)cc(N4CCOCC4)oc23)cc1-c1ccccc1,123.03,tdc_hep
O=C(CN1CCOCC1)Nc1ccc(-c2cccc3c(=O)cc(N4CCOCC4)oc23)cc1O,18.62,tdc_hep
O=C(CN1CCOCC1)Nc1ccc(-c2cccc3c(=O)cc(N4CCOCC4)oc23)cc1OCC1CC1,95.5,tdc_hep
O=C(CN1CCOCC1)Nc1ccc(-c2cccc3c(=O)cc(N4CCOCC4)oc23)cc1OCCN1CCCC1,5.5,tdc_hep
O=C(CO)N1CCC(c2[nH]nc(-c3ccc(Cl)cc3F)c2-c2ccncn2)CC1,3.0,tdc_hep
O=C(CSc1ccccc1)N1CCN(C(=O)c2ccco2)CC1,64.57,tdc_hep
O=C(CSc1nc2c(c(=O)n1-c1ccccc1)SCC2)Nc1ccc(-c2ccccc2)cn1,150.0,tdc_hep
O=C(CSc1nc2c(c(=O)n1-c1ccccc1)SCC2)Nc1ncc(-c2ccccc2)s1,128.82,tdc_hep
O=C(Cc1ccc(Cl)c(C(F)(F)F)c1)Nc1cccc2c(=O)n(CCO)ccc12,21.5,tdc_hep
O=C(Cc1ccc(F)c(C(F)(F)F)c1)Nc1cccc2c(=O)n([C@@H]3CNC[C@H]3O)ccc12,3.0,tdc_hep
O=C(NC1CC1)c1cn(-c2cccc(C#Cc3cccnc3)c2)c2ncccc2c1=O,29.0,tdc_hep
O=C(NCC1(O)CCCCCC1)c1cc(-c2ccccc2C(=O)O)ccc1Cl,12.5,tdc_hep
O=C(NCC1(O)CCCCCC1)c1cc(-n2ncc(=O)[nH]c2=O)ccc1Cl,3.0,tdc_hep
O=C(NCC12CC3CC(CC(C3)C1)C2)c1c(Cl)ccc2nc(N3CCC[C@H](NCCc4nnn[nH]4)C3)ccc12,13.0,tdc_hep
O=C(NCC12CC3CC(CC(C3)C1)C2)c1cc(-n2ncc(=O)[nH]c2=O)ccc1Cl,26.15,tdc_hep
O=C(NCC12CC3CC(CC(C3)C1)C2)c1cc(CN2CC3CNCC(C2)O3)ccc1Cl,9.0,tdc_hep
O=C(NCC12CC3CC(CC(C3)C1)C2)c1cc(CN2CCNCC2)ccc1Cl,4.23,tdc_hep
O=C(NCC12CC3CC(CC(C3)C1)C2)c1ccnc(N2CCNCC2)c1Cl,7.2,tdc_hep
O=C(NCC12CC3CC(CC(C3)C1)C2)c1ccnc(NCC2CCNCC2)c1Cl,4.0,tdc_hep
O=C(NCC1CCCCCC1)c1cc(-c2cccnc2N2CCC(C(=O)O)CC2)ccc1Cl,15.0,tdc_hep
O=C(NCC1CCCCN1)c1cc(OCC(F)(F)F)ccc1OCC(F)(F)F,3.0,tdc_hep
O=C(NCCCCCCNCCc1ccc(O)c2nc(O)sc12)Nc1ccccc1,98.0,tdc_hep
O=C(NCCc1ccccc1Cl)c1cc(-n2ncc(=O)[nH]c2=O)ccc1Cl,8.0,tdc_hep
O=C(NC[C@@H](O)CN1CCC(Oc2ccc(Cl)c(Cl)c2)CC1)c1c[nH]c(=O)c2cc(S(=O)(=O)N3CCC3)ccc12,3.0,tdc_hep
O=C(NCc1ccc(OC(F)(F)F)cc1)C1c2ccccc2C(=O)N1CC1CC(F)(F)C1,10.0,tdc_hep
O=C(NCc1ccccc1)c1cc(-c2ccco2)on1,138.04,tdc_hep
O=C(NCc1ccccc1)c1ccc2cccnc2c1O,22.77,tdc_hep
O=C(NCc1cccnc1)c1cc(-c2ccco2)on1,150.0,tdc_hep
O=C(NS(=O)(=O)c1ccccc1Cl)c1ccc[nH]1,3.31,tdc_hep
O=C(N[C@H](CO)[C@H](O)c1ccc([N+](=O)[O-])cc1)C(Cl)Cl,69.18,tdc_hep
O=C(N[C@H](Cc1ccc(Cl)cc1)C(=O)N1CCC(Cn2cncn2)(C2CCCCC2)CC1)[C@H]1Cc2ccccc2CN1,34.14,tdc_hep
O=C(Nc1c(Cl)cncc1Cl)c1ccc(OC(F)F)c(OCC2CC2)c1,150.0,tdc_hep
O=C(Nc1c[nH]nc1-c1nc2ccc(CN3CCOCC3)cc2[nH]1)NC1CC1,3.0,tdc_hep
O=C(Nc1cc(-c2ccnc(Nc3ccc(F)cc3)c2)ccn1)C1CCOCC1,82.395,tdc_hep
O=C(Nc1cc(-c2ccnc(Nc3ccccc3)c2)ccn1)C1CCOCC1,83.11,tdc_hep
O=C(Nc1cc(-c2ccncc2)c[nH]c1=O)[C@H](Cc1ccccc1)NC1(c2ccccn2)CC1,150.0,tdc_hep
O=C(Nc1ccc(CCO)cc1)c1cc2cc(Cl)ccc2[nH]1,63.1,tdc_hep
O=C(Nc1ccc(Cl)c(S(=O)(=O)N2CCNCC2)c1O)Nc1cccc(F)c1Cl,22.175,tdc_hep
O=C(Nc1ccc(F)cc1)c1ccc(Cl)[n+]([O-])c1,149.0,tdc_hep
O=C(Nc1ccc(N2CCNCC2)cc1)c1ccc(-c2ccc(Cl)cc2)o1,3.0,tdc_hep
O=C(Nc1cccc(-c2nnn[nH]2)c1)c1cc(C(F)(F)F)cc2[nH]cnc12,17.38,tdc_hep
O=C(Nc1cccc(-c2nnn[nH]2)c1)c1cc(F)cc2[nH]cnc12,67.61,tdc_hep
O=C(Nc1cccc(-c2nnn[nH]2)c1)c1cc(O)cc(C(F)(F)F)c1,29.51,tdc_hep
O=C(Nc1cccc(-c2nnn[nH]2)c1)c1cccc2[nH]cnc12,44.67,tdc_hep
O=C(Nc1cccc(CCO)c1)c1cc2cc(Cl)ccc2[nH]1,150.0,tdc_hep
O=C(Nc1cccc(Cl)c1)c1ccccn1,150.0,tdc_hep
O=C(Nc1ccccc1)c1ccc2cccc(O)c2n1,139.0,tdc_hep
O=C(Nc1ccccc1-c1ccccc1)OC1CCN(CCCCCCCCCNC[C@H](O)c2ccc(O)c3[nH]c(=O)ccc23)CC1,25.33,tdc_hep
O=C(Nc1ccccc1Cl)c1cc[nH]n1,150.0,tdc_hep
O=C(Nc1ccccc1F)NC1N=C(c2ccccc2)c2ccccc2NC1=O,16.22,tdc_hep
O=C(Nc1ccccc1F)N[C@H]1N=C(c2ccccc2)c2ccccc2NC1=O,9.12,tdc_hep
O=C(Nc1ccncc1)c1cccc2ccccc12,25.12,tdc_hep
O=C(Nc1nc2c(=O)[nH]cnc2s1)c1ccccc1,150.0,tdc_hep
O=C(Nc1nc2ccccc2[nH]1)c1ccccc1,150.0,tdc_hep
O=C(Nc1nc2ccccc2n1CCCO)c1cccc([N+](=O)[O-])c1,85.11,tdc_hep
O=C(Nc1nc2ccccc2n1CCN1CCOCC1)c1cccc([N+](=O)[O-])c1,150.0,tdc_hep
O=C(Nc1nc2ccccc2s1)c1ccccc1,71.095,tdc_hep
O=C(Nc1ncc(F)s1)C(CC1CCOCC1)c1ccc(S(=O)(=O)C2CC2)cc1,5.5,tdc_hep
O=C(O)C1(c2ccc(-c3ccc(Cl)c(Cl)c3)c(F)c2)CC1,38.9,tdc_hep
O=C(O)C1CSC(c2ccccc2Cl)N1C(=O)c1ccc(Cl)cc1,15.49,tdc_hep
O=C(O)CCCCCCc1ccc(Cc2ccc3ccccc3n2)cc1,150.0,tdc_hep
O=C(O)CC[C@@H](Cc1ccc(OCc2ccccc2)cc1)NC(=O)CCCCCCc1ccccc1,17.38,tdc_hep
O=C(O)CCc1ccc(OCc2cc(Cl)ccc2-c2ccccc2)cc1,17.59,tdc_hep
O=C(O)CCc1ccc(OCc2cccc(Br)c2)cc1,139.41,tdc_hep
O=C(O)CCc1ccc(OCc2cccc(Oc3ccccc3)c2)cc1,123.86,tdc_hep
O=C(O)CCc1nc(-c2ccccc2)c(-c2ccccc2)o1,6.46,tdc_hep
O=C(O)CCn1c2c(c3ccccc31)C[C@H](NS(=O)(=O)c1ccc(F)cc1)CC2,4.905,tdc_hep
O=C(O)CN1C(=O)C(=O)c2ccccc21,26.92,tdc_hep
O=C(O)COc1ccc(C(=O)c2cccs2)c(Cl)c1Cl,61.0,tdc_hep
O=C(O)COc1ccc(C(F)(F)F)cc1CN1CCN(C(=O)c2ccccc2)CC1,3.0,tdc_hep
O=C(O)COc1ccc(C(F)(F)F)cc1CN1CCN(S(=O)(=O)c2ccccc2)CC1,3.0,tdc_hep
O=C(O)COc1ccc(Cl)cc1CN1CCC(S(=O)(=O)c2ccccc2)CC1,3.0,tdc_hep
O=C(O)COc1ccc(Cl)cc1CN1CCCN(S(=O)(=O)Cc2ccccc2)CC1,18.0,tdc_hep
O=C(O)COc1ccc(Cl)cc1CN1CCCN(S(=O)(=O)c2ccccc2)CC1,5.0,tdc_hep
O=C(O)COc1ccc(Cl)cc1CN1CCN(S(=O)(=O)Cc2ccccc2)CC1,6.0,tdc_hep
O=C(O)COc1ccc(Cl)cc1CN1CCN(S(=O)(=O)c2ccc(F)cc2)CC1,3.0,tdc_hep
O=C(O)COc1ccc(Cl)cc1CN1CCN(S(=O)(=O)c2ccccc2)CC1,3.0,tdc_hep
O=C(O)COc1cccc(N2CCC(CN3CCC(Oc4ccc(Cl)c(Cl)c4)CC3)CC2)c1,3.0,tdc_hep
O=C(O)COc1ccccc1N1CCC(CN2CCC(Oc3ccc(Cl)c(Cl)c3)CC2)CC1,3.0,tdc_hep
O=C(O)C[C@H](O)C[C@H](O)/C=C/c1c(C2CC2)nc2ccccc2c1-c1ccc(F)cc1,10.805,tdc_hep
O=C(O)C[C@H]1CC[C@H](c2ccc(-c3ccc(Nc4ccc(C(F)(F)F)nc4)cn3)cc2)CC1,7.24,tdc_hep
O=C(O)Cc1ccc(N2CCC(CN3CCC(Oc4ccc(Cl)c(Cl)c4)CC3)CC2)cc1,9.0,tdc_hep
O=C(O)Cc1cccc(N2CCC(CN3CCC(Oc4ccc(Cl)c(Cl)c4)CC3)CC2)c1,3.0,tdc_hep
O=C(O)Cc1ccccc1N1CCC(CN2CCC(Oc3ccc(Cl)c(Cl)c3)CC2)CC1,3.0,tdc_hep
O=C(O)[C@H](Cc1ccc(F)cc1)N1CCC(CN2CCC(Oc3ccc(Cl)cc3)CC2)CC1,3.0,tdc_hep
O=C(O)[C@H](Cc1ccc(F)cc1)N1CCC(CN2CCC(Oc3ccc(Cl)cc3Cl)CC2)CC1,3.0,tdc_hep
O=C(O)[C@H](Cc1ccccc1)N1CCC(CN2CCC(Oc3ccc(CO)c(Cl)c3)CC2)CC1,28.0,tdc_hep
O=C(O)[C@H](Cc1ccccc1F)N1CCC(CN2CCC(Oc3ccc(Cl)c(Cl)c3)CC2)CC1,3.0,tdc_hep
O=C(O)c1cc(-c2ccc(F)cc2F)ccc1O,8.27,tdc_hep
O=C(O)c1cc2cc(OCc3ccccc3)ccc2[nH]1,25.7,tdc_hep
O=C(O)c1cc2ccccc2[nH]1,10.96,tdc_hep
O=C(O)c1ccc(-c2ccc(Cl)c(C(=O)NCC34CC5CC(CC(C5)C3)C4)c2)cc1,3.0,tdc_hep
O=C(O)c1ccc(-n2nc(C(F)(F)F)cc2-c2ccc(C(F)(F)F)cc2)cc1,9.33,tdc_hep
O=C(O)c1cncc(-c2ccc(Cl)c(C(=O)NCC34CC5CC(CC(C5)C3)C4)c2)c1,7.0,tdc_hep
O=C(O[C@H]1C[N+]2(CCCOc3ccccc3)CCC1CC2)C(O)(c1cccs1)c1cccs1,71.995,tdc_hep
O=C([C@@H]1CCCN1)N1CCN(c2nc(NCc3ccc(Cl)cc3Cl)c3cccnc3n2)CC1,6.0,tdc_hep
O=C([C@H]1CCCCN1)N1CCN(c2nc(NCc3ccc(Cl)cc3Cl)c3cccnc3n2)CC1,9.88,tdc_hep
O=C(c1ccc(F)cc1)C1CCN(CCn2c(=O)[nH]c3ccccc3c2=O)CC1,27.375,tdc_hep
O=C(c1ccc(O)cc1O)N1CCCC1,150.0,tdc_hep
O=C(c1ccc(OCCN2CCCCC2)cc1)c1c(-c2ccc(O)cc2)sc2cc(O)ccc12,30.0,tdc_hep
O=C(c1cccc(Cc2n[nH]c(=O)c3ccccc23)c1)N1CCN(c2ncccn2)CC1,100.0,tdc_hep
O=C(c1cccc(Cl)c1Cl)N1CCN(c2ccccn2)CC1,150.0,tdc_hep
O=C(c1ccccc1)N1CCC2(CCN(Cc3cccc(Cl)c3)CC2)CC1,3.0,tdc_hep
O=C(c1ccccc1)N1CCN(Cc2ccccc2)CC1,150.0,tdc_hep
O=C(c1csc2c1CCCC2)N1CCCCC1,150.0,tdc_hep
O=C1CC2(CCCC2)CC(=O)N1CCCCN1CCN(c2ncccn2)CC1,38.9,tdc_hep
O=C1CN(/N=C/c2ccc([N+](=O)[O-])o2)C(=O)N1,3.0,tdc_hep
O=C1CN=C(c2ccccc2Cl)c2cc([N+](=O)[O-])ccc2N1,3.72,tdc_hep
O=C1COC2(CCN(S(=O)(=O)c3ccc(-c4ccc5cccnc5c4)cc3)CC2)CN1C1CC1,49.125,tdc_hep
O=C1COC2(CCN(S(=O)(=O)c3ccc(-c4ccc5cnccc5c4)cc3)CC2)CN1C1CC1,150.0,tdc_hep
O=C1COc2c(CCNCCN(C(=O)CCNCCc3ccc(Cl)c(Cl)c3)C3CCCCC3)ccc(O)c2N1,22.0,tdc_hep
O=C1NC(=O)/C(=C/c2ccc3c(c2)OC(F)(F)O3)S1,4.17,tdc_hep
O=C1NC(=O)C(=CC=Cc2ccccc2)S1,10.47,tdc_hep
O=C1NC(=O)C(c2cnc3ccccn23)=C1c1cn2c3c(cccc13)CN(C(=O)N1CCOCC1)CC2,38.0,tdc_hep
O=C1Nc2ccc(Cl)cc2C(c2ccccc2)=NC1O,8.51,tdc_hep
O=C1Nc2ccccc2B(O)N1c1ccccc1,7.94,tdc_hep
O=C1[C@@H]2[C@@H]3CC[C@@H](C3)[C@@H]2C(=O)N1[C@H]1CC[C@H](C(=O)Nc2cccc3cccnc23)CC1,150.0,tdc_hep
O=CN(O)CCCP(=O)(O)O,3.0,tdc_hep
O=CNc1cc([C@@H](O)CNCCc2ccc(NC[C@H](O)c3ccccc3)cc2)ccc1O,3.0,tdc_hep
O=S(=O)(CCCOCCc1ccccc1)CCNCCc1ccc(O)c2nc(O)sc12,66.75,tdc_hep
O=S(=O)(Nc1ccc(C(F)(F)F)cc1)c1ccc2sc(CO)nc2c1,15.49,tdc_hep
O=S(=O)(Nc1ccc2sc(CO)nc2c1)c1ccc(Br)cc1,24.55,tdc_hep
O=S(=O)(c1cccc2cnccc12)N1CCCNCC1,150.0,tdc_hep
O=S(=O)(c1ccccc1)N(CC(F)(F)F)c1ccc(C(O)(C(F)(F)F)C(F)(F)F)cc1,9.75,tdc_hep
O=S(=O)(c1ccccc1)N1CCN(Cc2ccccc2)CC1,150.0,tdc_hep
O=S1(=O)CC(O)C(N2CCC(c3ccccc3)CC2)C1,75.86,tdc_hep
O=c1[nH]c2c(O)ccc([C@@H](O)CNCCCOCCNCCc3cccc(Cl)c3)c2s1,3.0,tdc_hep
O=c1[nH]c2c(O)ccc([C@@H](O)CNCCCOCCOCCc3cccc4ccccc34)c2s1,118.0,tdc_hep
O=c1[nH]c2c(O)ccc([C@@H](O)CNCCCOCCOCCc3ccccc3)c2s1,30.5,tdc_hep
O=c1[nH]c2c(O)ccc([C@@H](O)CNCCCSCCNCCc3ccccc3Cl)c2s1,12.0,tdc_hep
O=c1[nH]c2c(O)ccc([C@@H](O)CNCCCSCCOCCc3cccc4ccccc34)c2s1,49.89,tdc_hep
O=c1[nH]c2c(O)ccc([C@@H](O)CNCCCSCCOCCc3ccccc3)c2s1,113.0,tdc_hep
O=c1[nH]c2c(O)ccc([C@@H](O)CNCCOc3cccc(CNCCc4ccccc4F)c3)c2s1,23.0,tdc_hep
O=c1[nH]c2c(O)ccc([C@@H](O)CNCCSCCCNCCc3cccc(C(F)(F)F)c3)c2s1,6.0,tdc_hep
O=c1[nH]c2c(O)ccc([C@@H](O)CNCCSCCCNCCc3cccc(Cl)c3)c2s1,5.0,tdc_hep
O=c1[nH]c2c(O)ccc([C@@H](O)CNCCSCCCNCCc3cccc(Cl)c3Cl)c2s1,11.22,tdc_hep
O=c1[nH]c2c(O)ccc([C@@H](O)CNCCSCCCNCCc3ccccc3)c2s1,6.0,tdc_hep
O=c1[nH]c2c(O)ccc([C@@H](O)CNCCSCCCOCCc3ccccc3)c2s1,150.0,tdc_hep
O=c1[nH]c2c(O)ccc([C@@H](O)CNCCc3ccc(CNCCc4ccccc4F)cc3)c2s1,14.0,tdc_hep
O=c1[nH]c2c(O)ccc([C@@H](O)CNCCc3ccc(CNCCc4ccccn4)cc3)c2s1,3.0,tdc_hep
O=c1[nH]c2c(O)ccc([C@@H](O)CNCCc3cccc(CN4CCC(c5ccccc5)CC4)c3)c2s1,29.0,tdc_hep
O=c1[nH]c2c(O)ccc([C@@H](O)CNCCc3cccc(CNCCCc4ccccc4)c3)c2s1,19.0,tdc_hep
O=c1[nH]c2c(O)ccc([C@@H](O)CNCCc3cccc(CNCCc4c(Cl)cccc4Cl)c3)c2s1,41.585,tdc_hep
O=c1[nH]c2c(O)ccc([C@@H](O)CNCCc3cccc(CNCCc4ccccc4Cl)c3)c2s1,42.0,tdc_hep
O=c1[nH]c2c(O)ccc([C@@H](O)CNCCc3cccc(CNCCc4ccccc4F)c3)c2s1,12.5,tdc_hep
O=c1[nH]c2c(O)ccc([C@@H](O)CNCCc3cccc(CNCCc4ccccn4)c3)c2s1,6.5,tdc_hep
O=c1[nH]c2c(O)ccc([C@@H](O)CNCCc3cccc(CNCc4ccccc4Cl)c3)c2s1,60.0,tdc_hep
O=c1[nH]c2c(O)ccc([C@@H](O)CNCCc3ccccc3CNCCc3ccccc3F)c2s1,107.0,tdc_hep
O=c1[nH]c2c(O)ccc([C@@H](O)CN[C@H]3CCC[C@@H]3OCc3ccccc3)c2s1,108.0,tdc_hep
O=c1[nH]c2cc(Cl)ccc2o1,10.96,tdc_hep
O=c1c2c3n(c(=O)cc2[nH]n1-c1ccccc1Cl)CCCN(Cc1ccccc1)C3,3.0,tdc_hep
O=c1c2ccccc2[nH]n1Cc1c[nH]c2ccccc12,4.37,tdc_hep
O=c1c2sccc2n(CC2COc3ccccc3O2)c(=O)n1O,74.845,tdc_hep
O=c1cc(-c2ccc(Br)cc2)oc2ccccc12,3.0,tdc_hep
O=c1cc(-c2cccnc2)[nH]c2cc(C(O)c3ccccc3)ccc12,46.0,tdc_hep
O=c1cc(-c2cccnc2)[nH]c2cc(Cc3ccccc3)ccc12,50.0,tdc_hep
O=c1cc(N2CCOCC2)nc2n(Cc3cccc(Cl)c3Cl)ccn12,24.55,tdc_hep
O=c1ccc2ccc(O)cc2o1,123.03,tdc_hep
O=c1nc(NCc2ccccc2)sn1Cc1ccccc1,19.95,tdc_hep
OB1c2ccccc2N=C(S)N1c1cccnc1,3.0,tdc_hep
OC(c1ccc(-c2ccc(CN3CCN(Cc4ccncc4)CC3)cc2)c(F)c1)(C(F)(F)F)C(F)(F)F,10.505,tdc_hep
OCc1cc(C(O)CNCCCCCCOCCCCc2ccccc2)ccc1O,85.0,tdc_hep
Oc1nc2c(O)ccc(CCNCCCCCCOCCc3ccccc3)c2s1,88.0,tdc_hep
Oc1nc2c(O)ccc(CCNCCCOCCOCCc3ccccc3)c2s1,144.0,tdc_hep
Oc1nc2c(O)ccc(CCNCCOCCCOCCc3ccccc3)c2s1,150.0,tdc_hep
Oc1nc2ccccc2n1C1CCN(Cc2ccc(-c3nc4ccccc4cc3-c3ccccc3)cc2)CC1,19.24,tdc_hep
Oc1ncnc2c1c(-c1ccccc1)cn2-c1ccc(Br)cc1,52.48,tdc_hep
[O-][S+](c1ccccc1)c1ccc2nnnn2n1,150.0,tdc_hep
c1ccc(CSc2nc3cccnc3[nH]2)cc1,91.0,tdc_hep
c1ccc(Nc2[nH]nnc2-c2ccccc2)cc1,111.0,tdc_hep
c1ccc(Nc2nc3c(s2)CCCc2n[nH]cc2-3)nc1,36.31,tdc_hep
c1ccc(Oc2nccc3ccccc23)cc1,150.0,tdc_hep
c1ccc([C@H]([C@@H](c2ccccc2)N2CCCCC2)N2CCCCC2)cc1,12.02,tdc_hep
c1csc(Cn2nnnc2CN2CCN(c3nc4ccccc4s3)CC2)c1,150.0,tdc_hep
C(#Cc1n[nH]c2ccccc12)c1ccccc1,11.666666666666666,tdc_mic
C=CC(=O)N1CCC[C@@H](n2nc(-c3ccc(Oc4ccccc4)cc3)c3c(N)ncnc32)C1,50.0,tdc_mic
C=CCN(C(=O)Cc1ccc(S(C)(=O)=O)cc1)C1CCN(CCC(c2ccccc2)c2ccccc2)CC1,3.333333333333333,tdc_mic
CC(=O)N1CCN(CCOc2ccc(C3(O)CCN(c4ccc5nnc(C(F)(F)F)n5n4)CC3)cc2)CC1,29.709999999999997,tdc_mic
CC(=O)N1CCN(CCOc2ccc(C3CCN(c4ccc5nnc(C(F)(F)F)n5n4)CC3)cc2)CC1,50.0,tdc_mic
CC(=O)NCc1cccc(C(=O)O)c1,12.966666666666665,tdc_mic
CC(=O)Nc1ccc(CC(=O)N(C)C2CCN(CCC(c3ccccc3)c3ccccc3)CC2)cc1,8.666666666666666,tdc_mic
CC(=O)Nc1ccc(CNc2[nH]nc3cccc(Oc4ccc(F)cc4)c23)cc1,9.333333333333332,tdc_mic
CC(=O)Nc1ccc(CNc2[nH]nc3cccc(Oc4ccc(S(C)(=O)=O)cc4)c23)cc1,25.0,tdc_mic
CC(=O)Nc1ccc(CNc2[nH]nc3ccnc(Oc4ccccc4)c23)cc1,4.0,tdc_mic
CC(=O)Nc1ccc(O)cc1OC[C@@H](O)CN1CCC2(CC1)Cc1cc(Cl)ccc1O2,2.6666666666666665,tdc_mic
CC(=O)Nc1ccc(O)cc1OC[C@@H](O)CN1CCC2(CC1)Cc1cc(F)ccc1O2,1.0,tdc_mic
CC(=O)Nc1ccc2c(c1)c(Sc1ccc(Cl)cc1)c(C)n2CC(=O)O,12.0,tdc_mic
CC(=O)Nc1cccc2c1c(S(=O)(=O)c1ccc(Cl)cc1)c(C)n2CC(=O)O,1.0,tdc_mic
CC(=O)c1ccc(N2CCN(S(=O)(=O)C[C@]34CC[C@H](CC3=O)C4(C)C)CC2)nc1,50.0,tdc_mic
CC(C(=O)O)c1ccc(-c2ccccc2)c(F)c1,7.833333333333333,tdc_mic
CC(C(=O)O)c1cccc(Oc2ccccc2)c1,3.41,tdc_mic
CC(C)C[C@H](NC(=O)N1CCOCC1)C(=O)NCC#N,1.0,tdc_mic
CC(C)Cn1c(=O)n(C)c(=O)c2c(C(=O)N3CCCC3)c(Cc3ccccc3C(F)(F)F)sc21,50.0,tdc_mic
CC(C)Cn1c(=O)n(C)c(=O)c2c(C(=O)N3CC[C@@H](O)C3)c(Cc3c[nH]c4ccccc34)sc21,35.666666666666664,tdc_mic
CC(C)Cn1c(=O)n(C)c(=O)c2c(C(=O)N3CC[C@@H](O)C3)c(Cc3ccccc3C(F)(F)F)sc21,9.0,tdc_mic
CC(C)Cn1c(=O)n(C)c(=O)c2c(C(=O)N3CC[C@@H](O)C3)c(Cc3ccnc4ccccc34)sc21,13.0,tdc_mic
CC(C)Cn1c(=O)n(C)c(=O)c2c(C(=O)N3C[C@H](O)CO3)c(Cc3ccnc4ccccc34)sc21,10.0,tdc_mic
CC(C)Cn1c(=O)n(C)c(=O)c2c(SC(C)C)c(Cc3ccccc3C(F)(F)F)sc21,2.223333333333333,tdc_mic
CC(C)Cn1c(=O)n(C)c(=O)c2c(SC3CCCC3)c(Cc3ccccc3C(F)(F)F)sc21,2.333333333333333,tdc_mic
CC(C)Cn1c(=O)n(C)c(=O)c2c(SCCCO)c(Cc3cccc4ccccc34)sc21,11.0,tdc_mic
CC(C)Cn1c(=O)n(C)c(=O)c2cn(Cc3cccc4ccccc34)cc21,4.666666666666666,tdc_mic
CC(C)NC(=O)c1ccc2c(Nc3ccc(Cl)cc3)nc(N3CCOCC3)nc2c1,1.0,tdc_mic
CC(C)Oc1cc(-n2cnc3ccc(N[C@@H](C)c4ccc(F)cn4)nc32)n[nH]1,50.0,tdc_mic
CC(C)n1c(=O)n(C)c(=O)c2c(C(=O)N3CCS(=O)(=O)C3)c(Cc3ccccc3C(F)(F)F)sc21,2.0,tdc_mic
CC(NCC(O)c1ccc([N+](=O)[O-])cc1)C12CC3CC(CC(C3)C1)C2,10.166666666666666,tdc_mic
CC1(C)[C@@H]2CC[C@@]1(CS(=O)(=O)NC1CCN(c3ccc(C(F)(F)F)cn3)CC1)C(=O)C2,25.0,tdc_mic
CC1(O)CN(S(=O)(=O)c2ccc3c(C(=O)NC[C@@H](O)CN4CCC(Oc5ccc(Cl)c(Cl)c5)CC4)c[nH]c(=O)c3c2)C1,6.109999999999999,tdc_mic
CC1=C(CC(=O)O)c2cc(F)ccc2/C1=C\c1ccc([S+](C)[O-])cc1,1.0,tdc_mic
CC1CCC(CC(=O)Nc2cccc3ncccc23)CC1,12.666666666666666,tdc_mic
CC1CN(C(=O)c2cc3ccccc3[nH]2)CCN1,2.6666666666666665,tdc_mic
CCC(CCNC)Oc1cc(Cl)ccc1C#N,1.0,tdc_mic
CCCC1CCCCC(N)=N1,1.0,tdc_mic
CCCCC(CC)CNC(=O)c1cc(-n2ncc(=O)[nH]c2=O)ccc1Cl,8.0,tdc_mic
CCCCCCc1nc2c(N)nc3ccccc3c2n1Cc1ccccc1,1.0,tdc_mic
CCCCCOc1ccc(C(=O)NC(C(=O)O)C(C)C)cc1,1.8333333333333333,tdc_mic
CCCCCSc1nc(O)c2sc(N)nc2n1,6.0,tdc_mic
CCCCNc1nc(SCCC)nc2c1nnn2[C@@H]1C[C@H](CO)[C@@H](O)[C@H]1O,2.0,tdc_mic
CCCCc1nc2c(N)nc3ccccc3c2n1CC(C)(C)O,1.0,tdc_mic
CCCCc1nc2c(N)nc3ccccc3c2n1CC(C)C,1.0,tdc_mic
CCCCc1nc2c(N)nc3ccccc3c2n1Cc1ccccc1,2.0,tdc_mic
CCCN(CCC)CCc1ccc(O)c(NC(C)=O)c1,12.0,tdc_mic
CCCN1CCC(Oc2nccc(Nc3cc(NC(=O)c4cccc(N5CCOCC5)c4)ccc3C)n2)CC1,18.0,tdc_mic
CCCSc1nc(N[C@@H]2C[C@H]2c2ccccc2)c2nnn([C@@H]3C[C@H](O)[C@@H](O)[C@H]3O)c2n1,1.0,tdc_mic
CCCSc1nc(N[C@@H]2C[C@H]2c2ccccc2)c2nnn([C@@H]3C[C@H](OCCO)[C@@H](O)[C@H]3O)c2n1,1.0,tdc_mic
CCCc1cc(=O)[nH]c(=S)[nH]1,1.0,tdc_mic
CCCc1cc(OCc2ccccc2)cc(=O)n1Cc1ccc(-c2ccccc2-c2nn[nH]n2)cc1,6.806666666666667,tdc_mic
CCN(C(=O)Cc1ccc(S(C)(=O)=O)cc1)C1CCN(CCC(c2ccc(NC(C)=O)cc2)c2cccc(F)c2)CC1,7.833333333333333,tdc_mic
CCN(C(=O)Cc1ccc(S(C)(=O)=O)cc1)C1CCN(CCC(c2ccccc2)C2CCN(Cc3ccccc3)CC2)CC1,50.0,tdc_mic
CCN(C(=O)Cc1ccc(S(C)(=O)=O)cc1)C1CCN(CCC(c2ccccc2)N2CCC(C(C)=O)CC2)CC1,7.0,tdc_mic
CCN(C(=O)Cc1ccc(S(C)(=O)=O)cc1)C1CCN(CCC(c2ccccc2)N2CCN(c3ccccc3)CC2)CC1,8.776666666666666,tdc_mic
CCN(C(=O)Cc1ccc(S(C)(=O)=O)cc1)C1CCN(CCC(c2ccccc2)c2ccc(C#N)cc2)CC1,1.0,tdc_mic
CCN(C(=O)Cc1ccc(S(C)(=O)=O)cc1)C1CCN(CCC(c2ccccc2)c2ccc(C)cc2)CC1,22.0,tdc_mic
CCN(C(=O)Cc1ccc(S(C)(=O)=O)cc1)C1CCN(CCC(c2ccccc2)c2ccc(NC(=O)C(C)(C)C)cc2)CC1,1.0,tdc_mic
CCN(C(=O)Cc1ccc(S(C)(=O)=O)cc1)C1CCN(CCC(c2ccccc2)c2ccc(NC(C)=O)cc2)CC1,1.0,tdc_mic
CCN(C(=O)Cc1ccc(S(C)(=O)=O)cc1)C1CCN(CCC(c2ccccc2)c2ccc(NS(C)(=O)=O)cc2)CC1,1.0,tdc_mic
CCN(C(=O)Cc1ccc(S(C)(=O)=O)cc1)C1CCN(CCC(c2ccccc2)c2ccc(S(C)(=O)=O)cc2)CC1,6.166666666666666,tdc_mic
CCN(C(=O)Cc1ccc(S(C)(=O)=O)cc1)C1CCN(CCC(c2ccccc2)c2ccccc2)CC1,5.333333333333333,tdc_mic
CCN(C(=O)Cc1ccc(S(C)(=O)=O)cc1)C1CCN(CC[C@@H](c2cc(C)cc(C)c2)C2CCN(S(C)(=O)=O)CC2)CC1,50.0,tdc_mic
CCN(C(=O)Cc1ccc(S(C)(=O)=O)cc1)C1CCN(CC[C@@H](c2cc(Cl)cc(Cl)c2)C2CCN(S(C)(=O)=O)CC2)CC1,5.833333333333333,tdc_mic
CCN(C(=O)Cc1ccc(S(C)(=O)=O)cc1)C1CCN(CC[C@@H](c2cc(F)cc(F)c2)N2CCN(S(C)(=O)=O)CC2)CC1,2.5,tdc_mic
CCN(C(=O)Cc1ccc(S(C)(=O)=O)cc1)C1CCN(CC[C@@H](c2ccc(F)cc2)c2ccc(S(C)(=O)=O)cc2)CC1,2.833333333333333,tdc_mic
CCN(C(=O)Cc1ccc(S(C)(=O)=O)cc1)C1CCN(CC[C@@H](c2cccc(C(F)(F)F)c2)C2CCN(S(C)(=O)=O)CC2)CC1,5.7766666666666655,tdc_mic
CCN(C(=O)Cc1ccc(S(C)(=O)=O)cc1)C1CCN(CC[C@@H](c2ccccc2)C2CCN(S(=O)(=O)C(F)(F)F)CC2)CC1,9.166666666666666,tdc_mic
CCN(C(=O)Cc1ccc(S(C)(=O)=O)cc1)C1CCN(CC[C@@H](c2ccccc2)C2CCN(S(C)(=O)=O)CC2)CC1,10.166666666666666,tdc_mic
CCN(C(=O)Cc1ccc(S(C)(=O)=O)cc1)C1CCN(CC[C@@H](c2ccccc2)N2CCN(S(=O)(=O)C(F)(F)F)CC2)CC1,6.0,tdc_mic
CCN(C(=O)Cc1ccc(S(C)(=O)=O)cc1)C1CCN(CC[C@@H](c2ccccc2)c2ccc(S(C)(=O)=O)cc2)CC1,1.3333333333333333,tdc_mic
CCN(C(=O)Cc1ccc(S(C)(=O)=O)cc1)C1CCN(CC[C@H](c2ccc(S(C)(=O)=O)cc2)c2cc(F)c(F)c(F)c2)CC1,6.0,tdc_mic
CCN(C(=O)Cc1ccc(S(C)(=O)=O)cc1)C1CCN(CC[C@H](c2ccc(S(C)(=O)=O)cc2)c2cc(F)cc(Cl)c2)CC1,2.1666666666666665,tdc_mic
CCN(C(=O)Cc1ccc(S(C)(=O)=O)cc1)C1CCN(CC[C@H](c2ccc(S(C)(=O)=O)cc2)c2cccc(Cl)c2)CC1,4.0,tdc_mic
CCN(C(=O)Cc1ccc(S(C)(=O)=O)cc1)C1CCN(CC[C@H](c2ccc(S(C)(=O)=O)cc2)c2cccc(F)c2)CC1,1.0,tdc_mic
CCN(C(=O)Cc1ccc([N+](=O)[O-])cc1)C1CCN(CCC(c2ccccc2)c2ccccc2)CC1,4.333333333333333,tdc_mic
CCN(C(=O)NCc1c(F)cccc1F)C1CCN(CCC(c2ccccc2)c2ccccc2)CC1,2.0,tdc_mic
CCN(C(=O)NCc1ccc(F)cc1)C1CCN(CCC(c2ccccc2)c2ccccc2)CC1,35.0,tdc_mic
CCN(C(=O)NCc1ccc(S(C)(=O)=O)cc1)C1CCN(CCC(c2ccccc2)c2ccccc2)CC1,1.0,tdc_mic
CCN(C(=O)NCc1ccccc1)C1CCN(CCC(c2ccccc2)c2ccccc2)CC1,1.3333333333333333,tdc_mic
CCN(C(C)=O)c1cccc2c1c(Sc1ccc(Cl)cc1)c(C)n2CC(=O)O,10.666666666666666,tdc_mic
CCN(CC)S(=O)(=O)c1ccc(-c2cc(C(F)(F)F)ccc2OCC(=O)O)cc1,3.0,tdc_mic
CCO/N=C(\c1ccc(Br)cc1)C1CCN(C2(C)CCN(C(=O)c3c(Cl)cncc3Cl)CC2)CC1,1.3333333333333333,tdc_mic
CCOC(=O)N1CCC(Nc2cc(Cl)ccn2)CC1,11.333333333333332,tdc_mic
CCOC(=O)N1CCC(Nc2cc(OC)ccn2)CC1,1.3333333333333333,tdc_mic
CCOC(=O)Nc1cc2c(c(N)n1)N=C(c1ccccc1)CCN2,22.02333333333333,tdc_mic
CCOCc1nc2c(N)nc3ccccc3c2n1CC(C)(C)O,1.0,tdc_mic
CCO[C@@H]1OC(=O)C[C@@H]1NC(=O)[C@@H]1CCCN2C(=O)CC[C@H](NC(=O)c3nccc4ccccc34)C(=O)N12,1.0,tdc_mic
CCOc1ccc(Oc2ccc(S(=O)(=O)NC(=O)c3cccc(-c4ccc(Cl)c(Cl)c4)c3)cc2)cc1,3.8266666666666667,tdc_mic
CCOc1ccccc1CNCc1cccc(CCNC[C@H](O)c2ccc(O)c3[nH]c(=O)sc23)c1,14.666666666666666,tdc_mic
CCS(=O)(=O)c1ccc(-c2cc(C(F)(F)F)ccc2CCC(=O)O)c(C)c1,1.0,tdc_mic
CCS(=O)(=O)c1ccc(-c2cc(C(F)(F)F)ccc2OCC(=O)O)c(Cl)c1,1.0,tdc_mic
CCS(=O)(=O)c1ccc(-c2cc(C(F)(F)F)ccc2OCC(N)=O)c(C)c1,1.0,tdc_mic
CCS(=O)(=O)c1ccc(-c2cc(C(F)(F)F)ccc2O[C@@H](C)C(=O)O)c(C)c1,1.0,tdc_mic
CCS(=O)(=O)c1ccc(-c2cc(Cl)ccc2OCC(=O)O)c(C(F)(F)F)c1,1.3333333333333333,tdc_mic
CCS(=O)(=O)c1ccc(-c2cc(Cl)ccc2OCC(=O)O)c(C)c1,1.0,tdc_mic
CCS(=O)(=O)c1ccc(-c2cc(Cl)ccc2OCC(=O)O)c(Cl)c1,1.0,tdc_mic
CCS(=O)(=O)c1ccc(-c2cc(Cl)ccc2OCC(=O)O)cc1,1.0,tdc_mic
CCS(=O)(=O)c1cccc(-c2cc(C(F)(F)F)ccc2OCC(=O)O)c1,4.0,tdc_mic
CCSc1ccc(-c2cc(C(F)(F)F)ccc2OCC(=O)O)cc1,44.666666666666664,tdc_mic
CC[C@H](CO)Nc1nc(SCc2cccc(F)c2F)nc2nc(NC(C)C)sc12,14.0,tdc_mic
CC[C@H](CO)Nc1nc(SCc2ccccc2)nc2nc(N)sc12,2.9033333333333333,tdc_mic
CCc1ccc(CCNCCCSCCNC[C@H](O)c2ccc(O)c3[nH]c(=O)sc23)cc1,22.666666666666664,tdc_mic
CCc1ccc(OCC(=O)O)c(-c2ccc(S(C)(=O)=O)cc2)c1,1.0,tdc_mic
CCc1nc2c(N)nc3ccccc3c2n1CC(C)(C)O,1.0,tdc_mic
CCc1nc2c(N)nc3ccccc3c2n1CC(C)C,1.0,tdc_mic
CCc1nc2c(N)nc3ccccc3c2n1Cc1ccccc1,1.0,tdc_mic
CCn1nc(C(=O)O)c(=O)c2cc3c(cc21)OCO3,1.0,tdc_mic
CN(C(=O)Cc1ccc(F)cc1)C1CCN(CCC(c2ccccc2)c2ccccc2)CC1,1.0,tdc_mic
CN(C(=O)Cc1ccc(S(N)(=O)=O)cc1)C1CCN(CCC(c2ccccc2)c2ccccc2)CC1,4.0,tdc_mic
CN(C)CC(O)COc1ccc(Nc2ncc(Cl)c(Nc3ccccc3)n2)cc1,1.6666666666666665,tdc_mic
CN(C)CCCOc1ccc(-c2cc(C(N)=O)c(NC(N)=O)s2)cc1,2.0,tdc_mic
CN(C)CCOc1ccc(-c2cc(C(N)=O)c(NC(N)=O)s2)cc1,3.0,tdc_mic
CN(C)C[C@H](O)Cc1ccc(Cl)c(C(=O)NCC23CC4CC(CC(C4)C2)C3)c1,3.6666666666666665,tdc_mic
CN(C)S(=O)(=O)c1ccc2c(C(=O)NC[C@@H](O)CN3CCC(Oc4ccc(Cl)c(Cl)c4)CC3)c[nH]c(=O)c2c1,28.666666666666664,tdc_mic
CN(C)c1ccc(S(=O)(=O)NC(=O)N2CCC(N3CCC(Oc4ccc(Cl)c(Cl)c4)CC3)CC2)cc1,3.5,tdc_mic
CN(C)c1ccccc1S(=O)(=O)NC(=O)N1CCC(N2CCC(Oc3ccc(Cl)c(Cl)c3)CC2)CC1,11.0,tdc_mic
CN(C)c1ccnc2sc(C(N)=O)c(N)c12,1.0,tdc_mic
CN(CCOc1ccccc1-c1cc(C(N)=O)c(NC(N)=O)s1)Cc1ccccc1,50.0,tdc_mic
CN(c1ccc(-c2cc(C(F)(F)F)ccc2OCC(=O)O)cc1)S(C)(=O)=O,4.333333333333333,tdc_mic
CN1CCN(C(=O)c2cc3cc(Br)ccc3[nH]2)CC1,6.833333333333333,tdc_mic
CN1CCN(C(=O)c2cc3cc(Cl)ccc3[nH]2)CC1,6.416666666666666,tdc_mic
CNC(=O)c1cccc(NC(=O)Nc2cccc(C#N)c2)c1CN1CCC(Cc2ccc(F)cc2)CC1,4.666666666666666,tdc_mic
CNC(=O)c1cccc2c1c(Sc1ccc(Cl)cc1)c(C)n2CC(=O)O,1.0,tdc_mic
CNCCC(Oc1ccccc1OC)c1ccccc1,1.0,tdc_mic
CNCC[C@@H](Oc1cc(C(F)(F)F)ccc1C#N)c1ccccc1,1.0,tdc_mic
CNS(=O)(=O)c1ccc2c(C(=O)NC[C@@H](O)CN3CCC(Oc4ccc(Cl)c(Cl)c4)CC3)c[nH]c(=O)c2c1,4.666666666666666,tdc_mic
CNc1nc2ccccc2n1Cc1sc2c(c1C(=O)N1C[C@H](O)CO1)c(=O)n(C)c(=O)n2CC(C)C,6.666666666666666,tdc_mic
COC(=O)N1CCN(c2ccnc(-n3ccnc3)n2)C(CC(=O)NCc2ccc3c(c2)OCO3)C1,5.666666666666666,tdc_mic
COCCNCc1ccc(-c2cc(C(N)=O)c(NC(N)=O)s2)cc1,1.0,tdc_mic
COCCNCc1ccc(Nc2ncc3cc(-c4ccncc4)ccc3n2)cc1,14.219999999999999,tdc_mic
COCCNc1nc(N)c2nc(O)n(Cc3ccccc3)c2n1,1.8333333333333333,tdc_mic
COCCOc1ccc(-c2cc(C(N)=O)c(NC(N)=O)s2)cc1,6.666666666666666,tdc_mic
COCCOc1nc(N)c2[nH]c(=O)n(Cc3ccccc3)c2n1,1.0,tdc_mic
CON(C)C(=O)c1c(Cn2c(C)nc(Cl)c2Cl)sc2c1c(=O)n(C)c(=O)n2CC(C)C,13.666666666666666,tdc_mic
COc1cc(Cc2cnc(N)nc2N)cc(OC)c1OC,1.0,tdc_mic
COc1cc2ncnc(Nc3ccc(OCc4ccccn4)c(C)c3)c2cc1OC,5.0,tdc_mic
COc1ccc(-c2cc(C(F)(F)F)ccc2OCC(=O)O)cc1,4.0,tdc_mic
COc1ccc(-c2ccc3nc(N)sc3c2)cn1,2.5866666666666664,tdc_mic
COc1ccc(-c2ccnc(N)n2)cc1,13.666666666666666,tdc_mic
COc1ccc(-c2nc(N)s[n+]2-c2ccccc2)cc1,6.333333333333333,tdc_mic
COc1ccc(-c2nc3cc(C4=NNC(=O)CC4C)ccc3[nH]2)cc1,4.666666666666666,tdc_mic
COc1ccc(C(=O)NCCN2CCN(Cc3ccc(Cl)c(Cl)c3)CC2)cc1Cl,16.833333333333332,tdc_mic
COc1ccc(C)c(NC(=O)CC23CC4CC(CC(C4)C2)C3)c1,50.0,tdc_mic
COc1ccc(C=NN=Cc2ccc(OC)c(OC)c2)cc1OC,6.333333333333333,tdc_mic
COc1ccc(CC(=O)N(C)C2CCN(CCC(c3ccccc3)c3ccccc3)CC2)cc1OC,37.33333333333333,tdc_mic
COc1ccc(CCN2CCC(Nc3nc4ccccc4n3Cc3ccc(F)cc3)CC2)cc1,22.0,tdc_mic
COc1ccc(OC)c(CNC(=O)c2cccnc2Oc2ccccc2)c1,14.5,tdc_mic
COc1ccc(OC)c(CNc2[nH]nc3cccc(Oc4ccc(S(C)(=O)=O)cc4)c23)c1,34.33333333333333,tdc_mic
COc1ccc(OC)c(CNc2[nH]nc3cccc(Oc4ccccc4)c23)c1,3.6666666666666665,tdc_mic
COc1ccc(OC)c(CNc2n[nH]c3ccnc(Oc4ccccc4)c23)c1,24.666666666666664,tdc_mic
COc1ccc(S(=O)(=O)NC(=O)N2CCC(N3CCC(Oc4ccc(Cl)c(Cl)c4)CC3)CC2)cc1,1.0,tdc_mic
COc1ccc(Sc2c(C)n(CC(=O)O)c3ccc(C)cc23)cc1,1.0,tdc_mic
COc1ccc2c(c1)c(-c1ccnc3cc(Cl)ccc13)c(C)n2CC(=O)O,1.3333333333333333,tdc_mic
COc1ccc2c(c1)c(CC(=O)O)c(C)n2-c1ccnc2cc(Cl)ccc12,1.0,tdc_mic
COc1cccc(C(=O)NCCN2CCC(Oc3ccc(Cl)c(Cl)c3)CC2)c1,3.0,tdc_mic
COc1cccc(C(=O)Nc2ccc(C)c(-n3cnc4ccc(N5CCN(C)CC5)cc4c3=O)c2)c1,5.333333333333333,tdc_mic
COc1cccc(CNCc2cccc(CCNC[C@H](O)c3ccc(O)c4[nH]c(=O)sc34)c2)c1,11.666666666666666,tdc_mic
COc1cccc(NC(=O)CC23CC4CC(CC(C4)C2)C3)c1C,50.0,tdc_mic
COc1cccc(Oc2cncnc2O)c1,1.0,tdc_mic
COc1cccc(S(=O)(=O)c2c(C)n(CC(=O)O)c3ccc(C)cc23)c1,1.0,tdc_mic
COc1cccc2c(-c3c(C)n(CC(=O)O)c4ccc(C)cc34)ccnc12,1.6666666666666665,tdc_mic
COc1ccccc1C(=O)Nc1ccc(C)c(-n2cnc3ccc(N4CCN(C)CC4)cc3c2=O)c1,2.333333333333333,tdc_mic
COc1ccccc1C(C#N)NC(=O)[C@@H]1CCCC[C@H]1C(=O)N1CCN(Cc2ccc(F)cc2)CC1,42.33333333333333,tdc_mic
COc1ccccc1CNCCc1cccc(CCNC[C@H](O)c2ccc(O)c3[nH]c(=O)sc23)c1,18.666666666666664,tdc_mic
COc1ccccc1CNCc1ccc(CCNC[C@H](O)c2ccc(O)c3[nH]c(=O)sc23)cc1,7.333333333333333,tdc_mic
COc1ccccc1C[C@@H](C(=O)O)N1CCC(CN2CCC(Oc3ccc(Cl)c(Cl)c3)CC2)CC1,2.6666666666666665,tdc_mic
COc1ccccc1S(=O)(=O)NC(=O)N1CCC(N2CCC(Oc3ccc(Cl)c(Cl)c3)CC2)CC1,1.0,tdc_mic
COc1ccnc(NC2CCN(C(=O)c3ccc(C#N)cc3)CC2)c1,1.0,tdc_mic
COc1ccnc(NC2CCN(C(=O)c3ccccc3)CC2)c1,1.0,tdc_mic
COc1nc(Cl)c(Cl)nc1NS(=O)(=O)c1ccc(Cl)s1,3.333333333333333,tdc_mic
CS(=O)(=O)C1(c2cc(N3CC4CCC(C3)O4)nc(-c3cccc4[nH]ccc34)n2)CC1,2.9699999999999998,tdc_mic
CS(=O)(=O)C1(c2cc(N3CCOCC3)nc(-c3cccc4[nH]ccc34)n2)CC1,3.74,tdc_mic
CS(=O)(=O)c1ccc(-c2cc(C(F)(F)F)ccc2OCC(=O)O)c(Cl)c1,1.0,tdc_mic
CS(=O)(=O)c1ccc(-c2cc(C(F)(F)F)ccc2OCC(=O)O)cc1,1.0,tdc_mic
CS(=O)(=O)c1ccc(-c2cc(Cl)ccc2OCC(=O)O)c(Cl)c1,3.333333333333333,tdc_mic
CS(=O)(=O)c1ccc(-c2nnc(/C=C/c3nnc(-c4ccc(C#N)cc4)o3)n2-c2ccccc2Cl)nc1,1.0,tdc_mic
CS(=O)(=O)c1ccc2c(C(=O)NC[C@@H](O)CN3CCC(Oc4ccc(C#N)c(Cl)c4)CC3)c[nH]c(=O)c2c1,1.0,tdc_mic
CS(=O)(=O)c1ccc2c(C(=O)NC[C@@H](O)CN3CCC(Oc4ccc(Cl)c(Cl)c4)CC3)c[nH]c(=O)c2c1,2.0,tdc_mic
CSc1nc(-c2ccccc2)nn1Cc1ccccc1,38.666666666666664,tdc_mic
CSc1nccc(Nc2cc(NC(=O)c3cc(F)cc(N4CCOCC4)c3)ccc2C)n1,27.666666666666664,tdc_mic
C[C@@H]1CN(Cc2ccc(F)cc2)CCN1C(=O)COc1ccc(Cl)cc1NC(N)=O,7.0,tdc_mic
C[C@@H]1COCCN1c1cc(C2(S(C)(=O)=O)CC2)nc(-c2cccc3[nH]ccc23)n1,2.4699999999999998,tdc_mic
C[C@H](CO)Nc1nc(SCc2cccc(F)c2F)nc2[nH]c(=O)ccc12,3.0,tdc_mic
C[C@H](CO)Nc1nc(SCc2cccc(F)c2F)nc2nc(N)cnc12,4.0,tdc_mic
C[C@H](CO)Nc1nc(SCc2cccc(F)c2F)nc2nc(NC3CC3)sc12,22.0,tdc_mic
C[C@H](CO)Nc1nc(SCc2ccccc2)nc2[nH]c(=O)[nH]c12,1.0,tdc_mic
C[C@H](CO)Nc1nc(SCc2ccco2)nc2nc(N)sc12,1.6666666666666665,tdc_mic
C[C@H](NC(=O)[C@@H](Cc1c[nH]c2ccccc12)NC(=O)[C@@H](N)Cc1c[nH]cn1)C(=O)N[C@@H](Cc1c[nH]c2ccccc12)C(=O)N[C@H](Cc1ccccc1)C(=O)N[C@@H](CCCCN)C(N)=O,20.55333333333333,tdc_mic
C[C@H]1CN=C(N)c2sccc2O1,2.333333333333333,tdc_mic
Cc1c(CC(=O)O)c2cc(F)ccc2n1Cc1nc2ccccc2s1,1.0,tdc_mic
Cc1c(Cl)ccc(OC2CCN(C3CCN(C(=O)NS(=O)(=O)c4ccc(N(C)C)cc4)CC3)CC2)c1Cl,3.0,tdc_mic
Cc1c(Cl)ccc(OC2CCN(C3CCN(C(=O)c4cccc(S(C)(=O)=O)c4)CC3)CC2)c1Cl,4.5,tdc_mic
Cc1c(Cl)ccc(OC2CCN(C[C@H](O)CNC(=O)c3c[nH]c(=O)c4cc(S(C)(=O)=O)ccc34)CC2)c1Cl,4.333333333333333,tdc_mic
Cc1c(Cl)ccc(OC2CCN(C[C@H](O)CNC(=O)c3c[nH]c(=O)c4ccc(S(C)(=O)=O)cc34)CC2)c1Cl,1.0,tdc_mic
Cc1c(Cl)ccc(OC2CCN(C[C@H](O)CNC(=O)c3c[nH]c(=O)cc3C(F)(F)F)CC2)c1Cl,2.0,tdc_mic
Cc1c(Cl)ccc(OC2CCN(C[C@H](O)CNC(=O)c3c[nH]nc3C(F)(F)F)CC2)c1Cl,1.0,tdc_mic
Cc1c(F)ccc2c1c(Sc1ccc(Cl)cc1)c(C)n2CC(=O)O,1.0,tdc_mic
Cc1c(Oc2ccc(Cl)cc2)c2cc(F)ccc2n1CC(=O)O,1.0,tdc_mic
Cc1c(S(=O)(=O)c2ccc(Cl)cc2)c2cc(F)ccc2n1CC(=O)O,1.0,tdc_mic
Cc1c(Sc2ccc(Cl)cc2)c2c(-c3ccccc3)cccc2n1CC(=O)O,1.0,tdc_mic
Cc1c(Sc2ccc(Cl)cc2)c2c(-c3cnccn3)cccc2n1CC(=O)O,2.6666666666666665,tdc_mic
Cc1c(Sc2ccc(Cl)cc2)c2c(C#N)c(Cl)ccc2n1CC(=O)O,1.3333333333333333,tdc_mic
Cc1c(Sc2ccc(Cl)cc2)c2c(Cl)cccc2n1CC(=O)O,1.0,tdc_mic
Cc1c(Sc2ccc(Cl)cc2)c2c(S(C)(=O)=O)cccc2n1CC(=O)O,1.0,tdc_mic
Cc1c(Sc2ccc(Cl)cc2)c2cc(-c3ccccc3)ccc2n1CC(=O)O,5.333333333333333,tdc_mic
Cc1c(Sc2ccc(Cl)cc2)c2cc(Cl)ccc2n1C(C)C(=O)O,1.0,tdc_mic
Cc1c(Sc2ccc(Cl)cc2)c2cc(Cl)ccc2n1CC(=O)O,1.0,tdc_mic
Cc1c(Sc2ccc(Cl)cc2)c2cc(Cl)ccc2n1Cc1nnn[nH]1,3.6666666666666665,tdc_mic
Cc1c(Sc2ccc(Cl)cc2)c2cc(S(C)(=O)=O)ccc2n1CC(=O)O,1.0,tdc_mic
Cc1c(Sc2ccc(Cl)cc2)c2ccc(Cl)cc2n1CC(=O)O,1.0,tdc_mic
Cc1c(Sc2ccc(Cl)cc2)c2ccc(S(C)(=O)=O)cc2n1CC(=O)O,1.0,tdc_mic
Cc1c(Sc2ccc(Cl)cc2)c2cccc(Cl)c2n1CC(=O)O,1.0,tdc_mic
Cc1cc(Cl)ccc1OC1CCN(C[C@H](O)CNC(=O)c2c[nH]c(=O)c3cc(S(C)(=O)=O)ccc23)CC1,4.666666666666666,tdc_mic
Cc1cc(Cl)ccc1OC1CCN(C[C@H](O)CNC(=O)c2c[nH]c(=O)cc2C(F)(F)F)CC1,1.0,tdc_mic
Cc1cc(Cl)ccc1OC1CCN(C[C@H](O)CNC(=O)c2c[nH]nc2C(F)(F)F)CC1,1.0,tdc_mic
Cc1cc(N(C)S(C)(=O)=O)ccc1-c1cc(C(F)(F)F)ccc1OCC(=O)O,1.0,tdc_mic
Cc1cc(N2CCC[C@@H]2C(=O)NCCc2ccc3c(c2)OCO3)nc(-n2ccnc2)n1,50.0,tdc_mic
Cc1cc(Nc2cncc(N[C@@H](C)c3ccc(F)cn3)n2)n[nH]1,11.556666666666667,tdc_mic
Cc1cc(Nc2cncc(N[C@@H](C)c3ncc(F)cn3)n2)n[nH]1,5.283333333333333,tdc_mic
Cc1cc(Oc2ccc3c(c2)OCO3)nc(Oc2ccc(-n3ccnc3)cc2)n1,1.0,tdc_mic
Cc1cc([C@H](O)[C@](C)(OCc2ccc(-c3ccccc3)cc2)C(=O)NO)no1,5.283333333333333,tdc_mic
Cc1cc2c(C(=O)NC[C@H](C)c3ccccc3)c(O)c(O)cc2c(O)c1-c1c(C)cc2c(C(=O)NC[C@H](C)c3ccccc3)c(O)c(O)cc2c1O,11.556666666666667,tdc_mic
Cc1ccc(C#N)c(S[C@H](CCN)c2ccccc2)n1,1.0,tdc_mic
Cc1ccc(C#N)cc1-c1cc(C(F)(F)F)ccc1OCC(=O)O,1.0,tdc_mic
Cc1ccc(C(=O)NC(C)C)cc1-n1cnc2ccc(N3CCN(C)CC3)cc2c1=O,1.0,tdc_mic
Cc1ccc(C(=O)NC2CCC2)cc1-n1cnc2ccc(N3CCN(C)CC3)cc2c1=O,1.6666666666666665,tdc_mic
Cc1ccc(C(=O)Nc2ccon2)cc1NC(=O)c1cnn(-c2ccccc2F)c1N,1.0,tdc_mic
Cc1ccc(C(=O)Nc2nccs2)cc1-n1cnc2ccc(N3CCN(C)CC3)cc2c1=O,2.333333333333333,tdc_mic
Cc1ccc(F)c(Nc2ccnc(Nc3ccc(S(N)(=O)=O)cc3)n2)c1,6.0,tdc_mic
Cc1ccc(NC(=O)C2CC2)cc1-n1cnc2ccc(N3CCN(C)CC3)cc2c1=O,1.3333333333333333,tdc_mic
Cc1ccc(NC(=O)c2ccc(C#N)cc2)cc1-n1cnc2ccc(N3CCN(C)CC3)cc2c1=O,2.333333333333333,tdc_mic
Cc1ccc(NC(=O)c2cccc(N3CCOCC3)c2)cc1NC(=O)c1ccc(OCc2ccccn2)cc1,10.11,tdc_mic
Cc1ccc(NC(=O)c2ccccc2F)cc1-n1cnc2ccc(N3CCN(C)CC3)cc2c1=O,1.0,tdc_mic
Cc1ccc(NC(=O)c2ccnc(N3CCOCC3)c2)cc1NC(=O)c1ccc(OCc2ccccn2)cc1,2.333333333333333,tdc_mic
Cc1ccc(NC(=O)c2ccno2)cc1-n1cnc2ccc(N3CCN(C)CC3)cc2c1=O,1.0,tdc_mic
Cc1ccc(NC(=O)c2cncs2)cc1-n1cnc2ccc(N3CCN(C)CC3)cc2c1=O,1.0,tdc_mic
Cc1ccc(NC(=O)c2cscn2)cc1-n1cnc2ccc(N3CCN(C)CC3)cc2c1=O,1.0,tdc_mic
Cc1ccc(S(=O)(=O)N(C)C(=O)N2CCC(N3CCC(Oc4ccc(Cl)c(Cl)c4)CC3)CC2)cc1,3.333333333333333,tdc_mic
Cc1ccc(S(=O)(=O)NC(=O)N2CCC(N3CCC(Oc4ccc(Cl)c(C)c4Cl)CC3)CC2)cc1,1.0,tdc_mic
Cc1ccc(S(=O)(=O)NC(=O)N2CCC(N3CCC(Oc4ccc(Cl)cc4C)CC3)CC2)cc1,2.0,tdc_mic
Cc1ccc(S(=O)(=O)NC(=O)N2CCC(N3CCC(Oc4ccc(Cl)cc4Cl)CC3)CC2)cc1,1.0,tdc_mic
Cc1ccc(S(=O)(=O)NC(=O)N2CCC(N3CCC(Oc4ccc(F)c(F)c4)CC3)CC2)cc1,1.0,tdc_mic
Cc1ccc2[nH]ccc2c1-c1nc(N2CCOCC2)cc(C2(S(C)(=O)=O)CC2)n1,1.9166666666666665,tdc_mic
Cc1ccc2c(N)c(C(N)=O)sc2n1,4.333333333333333,tdc_mic
Cc1ccc2c(c1)C1(CCN(CCc3nc(-c4ccccc4)oc3C)CC1)OC(=O)N2,26.476666666666667,tdc_mic
Cc1ccc2c(c1)c(-c1cc(C)nc3ccccc13)c(C)n2CC(=O)O,1.0,tdc_mic
Cc1ccc2c(c1)c(-c1ccnc3c(C#N)cccc13)c(C)n2CC(=O)O,1.0,tdc_mic
Cc1ccc2c(c1)c(-c1ccnc3c(C(F)(F)F)cccc13)c(C)n2CC(=O)O,1.8666666666666665,tdc_mic
Cc1ccc2c(c1)c(-c1ccnc3c(C)cccc13)c(C)n2CC(=O)O,1.6666666666666665,tdc_mic
Cc1ccc2c(c1)c(-c1ccnc3c(Cl)cccc13)c(C)n2CC(=O)O,2.333333333333333,tdc_mic
Cc1ccc2c(c1)c(-c1ccnc3c(F)cccc13)c(C)n2CC(=O)O,1.0,tdc_mic
Cc1ccc2c(c1)c(-c1ccnc3c(S(C)(=O)=O)cccc13)c(C)n2CC(=O)O,1.0,tdc_mic
Cc1ccc2c(c1)c(-c1ccnc3cc(C(F)(F)F)ccc13)c(C)n2CC(=O)O,1.0,tdc_mic
Cc1ccc2c(c1)c(-c1ccnc3cc(Cl)ccc13)c(C)n2CC(=O)O,1.3333333333333333,tdc_mic
Cc1ccc2c(c1)c(-c1ccnc3ccc(C(F)(F)F)cc13)c(C)n2CC(=O)O,7.666666666666666,tdc_mic
Cc1ccc2c(c1)c(S(=O)(=O)c1ccc(Cl)cc1)c(C)n2CC(=O)O,2.333333333333333,tdc_mic
Cc1ccc2c(c1)c(Sc1ccc(Cl)cc1)c(C)n2CC(=O)O,2.333333333333333,tdc_mic
Cc1ccc2c(c1)c(Sc1cccc(Cl)c1)c(C)n2CC(=O)O,4.0,tdc_mic
Cc1ccc2c(c1)c(Sc1ccccc1)c(CC(=O)O)n2C,1.0,tdc_mic
Cc1ccc2c(c1)c(Sc1ccccc1Cl)c(C)n2CC(=O)O,1.0,tdc_mic
Cc1ccc2c(c1)c([S+]([O-])c1ccc(Cl)cc1)c(C)n2CC(=O)O,1.0,tdc_mic
Cc1ccc2c(n1)c(Sc1ccc(Cl)cc1)c(C)n2CC(=O)O,1.6666666666666665,tdc_mic
Cc1ccc2nc(CCNCCCO)ccc2c1NC(=O)CC12CC3CC(CC(C3)C1)C2,11.0,tdc_mic
Cc1ccccc1CCOCCCS(=O)(=O)CCNCCc1ccc(O)c2nc(O)sc12,50.0,tdc_mic
Cc1ccccc1C[C@@H](C(=O)O)N1CCC(CN2CCC(Oc3ccc(Cl)c(Cl)c3)CC2)CC1,1.0,tdc_mic
Cc1ccccc1S(=O)(=O)NC(=O)N1CCC(N2CCC(Oc3ccc(Cl)c(Cl)c3)CC2)CC1,1.0,tdc_mic
Cc1cn(Cc2ccccc2)c(=O)[nH]c1=O,6.666666666666666,tdc_mic
Cc1cnc(Oc2ccc(-n3ccnc3)cc2)nc1Oc1ccc2c(c1)OCO2,1.0,tdc_mic
Cc1n[nH]c(C)c1Cc1sc2c(c1C(=O)N1C[C@H](O)CO1)c(=O)n(C)c(=O)n2CC(C)C,1.3333333333333333,tdc_mic
Cc1nc(CSc2nc(N[C@H](C)CO)c3sc(N)nc3n2)cs1,1.0,tdc_mic
Cn1c(=N)n(CC(=O)c2ccc(Cl)cc2)c2ccccc21,1.0,tdc_mic
Cn1cc(C(=O)NC[C@@H](O)CN2CCC(Oc3ccc(Cl)c(Cl)c3)CC2)c(C(F)(F)F)cc1=O,1.3333333333333333,tdc_mic
Fc1cc(-c2cccc3ncc(-c4cnn(C5CCNCC5)c4)nc23)cc(F)c1CN1CCOCC1,1.0,tdc_mic
Fc1cnc(Nc2ccccc2)nc1Nc1ccccc1,2.333333333333333,tdc_mic
N#CC1=C2C(=NC1=O)c1cccc3c(N4CCSCC4)ccc2c13,38.273333333333326,tdc_mic
N#CN=C(N)c1sc(Nc2ccccc2)nc1N,1.0,tdc_mic
N#Cc1c(-c2ccccc2)nc(SCCc2ccccc2)[nH]c1=O,16.333333333333332,tdc_mic
N#Cc1c(-c2ccccc2)nc(SCc2ccccc2)[nH]c1=O,2.0,tdc_mic
N#Cc1cc(Cl)ccc1O[C@H](CCN)c1ccccc1,1.0,tdc_mic
N#Cc1cc(F)c(Cl)cc1O[C@H](CCN)c1ccccc1,1.0,tdc_mic
N#Cc1ccc(C(F)(F)F)nc1O[C@H](CCN)c1ccno1,1.0,tdc_mic
N#Cc1ccc(Cl)cc1O[C@H](CCN)c1ccccc1,1.3333333333333333,tdc_mic
N#Cc1ccc(F)c(-c2cc(C(F)(F)F)ccc2OCC(=O)O)c1,1.0,tdc_mic
N#Cc1ccc(Nc2nccc(NC3CC3)n2)cc1,15.0,tdc_mic
N#Cc1ccc(OCC(=O)O)c(-c2ccccc2)c1,2.0,tdc_mic
N#Cc1cccc(C(=O)NC[C@@H](O)CN2CCC(Oc3ccc(Cl)c(Cl)c3)CC2)c1,1.3333333333333333,tdc_mic
N#Cc1cccc(C[C@@H](C(=O)O)N2CCC(CN3CCC(Oc4ccc(Cl)c(Cl)c4)CC3)CC2)c1,1.0,tdc_mic
N#Cc1cccc(S(=O)(=O)NC(=O)N2CCC(N3CCC(Oc4ccc(Cl)c(Cl)c4)CC3)CC2)c1,1.0,tdc_mic
N#Cc1cccc(S(=O)(=O)NC[C@@H](O)CN2CCC(Oc3ccc(Cl)c(Cl)c3)CC2)c1,2.333333333333333,tdc_mic
N#Cc1ccccc1C[C@@H](C(=O)O)N1CCC(CN2CCC(Oc3ccc(Cl)c(Cl)c3)CC2)CC1,2.0,tdc_mic
N#Cc1cn(Cc2ccco2)c(=O)[nH]c1=O,1.0,tdc_mic
N=C(N)c1cc2c(-c3ccccc3)cccc2s1,1.6666666666666665,tdc_mic
N=C(N)c1cc2c(/C=C/c3ccc4c(c3)OCO4)cccc2s1,2.333333333333333,tdc_mic
N=C(N)c1cc2c(I)cccc2s1,1.3333333333333333,tdc_mic
N=C(N)c1cc2c(OCc3ccccc3)cccc2s1,3.6666666666666665,tdc_mic
NC(=O)Nc1cc(-c2ccccc2)sc1C(N)=O,9.0,tdc_mic
NC(=O)Nc1cc(-c2ccsc2)sc1C(N)=O,15.0,tdc_mic
NC(=O)Nc1sc(-c2ccc(F)cc2)cc1C(N)=O,1.0,tdc_mic
NC(=O)Nc1sc(-c2ccccc2)cc1C(N)=O,7.0,tdc_mic
NC(=O)c1c(OC2CCN(C[C@H](O)CNC(=O)c3c[nH]c(=O)c4ccccc34)CC2)ccc(Cl)c1Cl,3.333333333333333,tdc_mic
NC(=O)c1sc(-c2ccc(Cl)cc2)cc1N,10.333333333333332,tdc_mic
NC1CCN(c2nccc(C(=O)NCC34CC5CC(CC(C5)C3)C4)c2Cl)CC1,13.666666666666666,tdc_mic
NS(=O)(=O)c1ccc(Nc2nccc(-c3ccccc3)n2)cc1,1.0,tdc_mic
NS(=O)(=O)c1ccc2c(C(=O)NC[C@@H](O)CN3CCC(Oc4ccc(Cl)c(Cl)c4)CC3)c[nH]c(=O)c2c1,1.0,tdc_mic
Nc1c(C(=O)c2cccc(OC[C@H](O)CO)c2)cnn1-c1ccc(F)cc1,1.0,tdc_mic
Nc1ccc(Cl)c(C(=O)NCC23CC4CC(CC(C4)C2)C3)c1,6.333333333333333,tdc_mic
Nc1ccc(OCC(=O)O)c(-c2ccccc2)c1,1.0,tdc_mic
Nc1ccc(S(=O)(=O)Nc2ccccn2)cc1,1.0,tdc_mic
Nc1ccc(S(=O)(=O)c2ccc(N)cc2)cc1,1.0,tdc_mic
Nc1ccc2nc(SCC(=O)NC3CCN(Cc4ccc(Cl)c(Cl)c4)CC3)sc2c1,19.666666666666664,tdc_mic
Nc1nc(-c2ccccc2)nn1Cc1ccccc1,3.0,tdc_mic
Nc1nc(-c2ccccn2)nc(N)c1Cc1ccc(Cl)cc1Cl,12.383333333333333,tdc_mic
Nc1nc(N)c2cc(NCc3ccc(Cl)c(Cl)c3)ccc2n1,11.666666666666666,tdc_mic
Nc1nc(NCc2ccccc2)nc2c1nc(O)n2Cc1ccccc1,3.6666666666666665,tdc_mic
Nc1nc(Nc2ccc(F)c(Cl)c2)c2nc[nH]c2n1,5.0,tdc_mic
Nc1nc(Nc2cccc(Br)c2)c2nc[nH]c2n1,5.333333333333333,tdc_mic
Nc1nc2ccccc2[nH]1,1.0,tdc_mic
Nc1nc2ccccc2s1,5.926666666666667,tdc_mic
Nc1nc2nc(SCc3cccc(F)c3F)nc(O)c2s1,1.0,tdc_mic
Nc1nc2nc(SCc3ccccc3)nc(O)c2s1,1.0,tdc_mic
Nc1nccc(-n2ccc3ccccc32)n1,37.33333333333333,tdc_mic
Nc1ncnc2nc(-c3ccc(N4CCOCC4)nc3)cc(-c3cccc(Br)c3)c12,2.53,tdc_mic
Nc1nnc(-c2ccccc2)s1,1.0,tdc_mic
O=C(/C=C/c1c(C(=O)O)[nH]c2cc(Cl)cc(Cl)c12)Nc1ccccc1,1.0,tdc_mic
O=C(CC12CC3CC(CC(C3)C1)C2)Nc1c(Cl)ccc2nc(CN3CCN(CCO)CC3)ccc12,26.5,tdc_mic
O=C(CC12CC3CC(CC(C3)C1)C2)Nc1ccc2[nH]ncc2c1,7.0,tdc_mic
O=C(CC1CCCCC1)Nc1c(Cl)ccc2nc(NCCCO)ccc12,8.333333333333332,tdc_mic
O=C(CCc1ccccc1O)Nc1ccccc1,10.0,tdc_mic
O=C(CN1C2=NCCN2c2ccccc21)c1ccc(Cl)cc1,1.3333333333333333,tdc_mic
O=C(Cc1ccccc1)Nc1nnc(CCSCCc2nnc(NC(=O)Cc3ccccc3)s2)s1,6.806666666666667,tdc_mic
O=C(NC1CC1)c1cc(-c2cccs2)on1,12.966666666666665,tdc_mic
O=C(NCC12CC3CC(CC(C3)C1)C2)c1cc(CN2C[C@@H]3C[C@H]2CN3)ccc1Cl,4.333333333333333,tdc_mic
O=C(NCC12CC3CC(CC(C3)C1)C2)c1cc(N2CCNCC2)ccc1Cl,3.6666666666666665,tdc_mic
O=C(NCC12CC3CC(CC(C3)C1)C2)c1cc(N2CCNCC2)ncc1Cl,3.333333333333333,tdc_mic
O=C(NCC12CC3CC(CC(C3)C1)C2)c1cc(OC2CCNCC2)ccc1Cl,9.333333333333332,tdc_mic
O=C(NCC12CC3CC(CC(C3)C1)C2)c1cc(OCCCNCCCO)ccc1Cl,9.0,tdc_mic
O=C(NCC12CC3CC(CC(C3)C1)C2)c1ccccc1Cl,23.0,tdc_mic
O=C(NCC1CCCCC1)c1c(Cl)ccc2ncccc12,50.0,tdc_mic
O=C(NCC1CCCCC1)c1cc(-n2ncc(=O)[nH]c2=O)ccc1Cl,2.833333333333333,tdc_mic
O=C(NCCc1ccccc1)c1cc(-n2ncc(=O)[nH]c2=O)ccc1Cl,1.0,tdc_mic
O=C(NC[C@@H](O)CN1CCC(Oc2ccc(Cl)c(Cl)c2)CC1)c1c[nH]c(=O)c2c(F)cccc12,2.0,tdc_mic
O=C(NC[C@@H](O)CN1CCC(Oc2ccc(Cl)c(Cl)c2)CC1)c1c[nH]c(=O)c2cc(F)ccc12,3.0,tdc_mic
O=C(NC[C@@H](O)CN1CCC(Oc2ccc(Cl)c(Cl)c2)CC1)c1c[nH]c(=O)c2cc(S(=O)(=O)NC3CC3)ccc12,7.0,tdc_mic
O=C(NC[C@@H](O)CN1CCC(Oc2ccc(Cl)c(Cl)c2)CC1)c1c[nH]c(=O)c2cc(S(=O)(=O)NCCO)ccc12,2.0,tdc_mic
O=C(NC[C@@H](O)CN1CCC(Oc2ccc(Cl)c(Cl)c2)CC1)c1c[nH]c(=O)c2ccc(F)cc12,2.6666666666666665,tdc_mic
O=C(NC[C@@H](O)CN1CCC(Oc2ccc(Cl)c(Cl)c2)CC1)c1c[nH]c(=O)c2ccccc12,5.75,tdc_mic
O=C(NC[C@@H](O)CN1CCC(Oc2ccc(Cl)c(Cl)c2)CC1)c1c[nH]c(=O)cc1C(F)(F)F,2.0,tdc_mic
O=C(NC[C@@H](O)CN1CCC(Oc2ccc(Cl)c(Cl)c2)CC1)c1c[nH]c2ccccc12,1.0,tdc_mic
O=C(NC[C@@H](O)CN1CCC(Oc2ccc(Cl)c(Cl)c2)CC1)c1c[nH]nc1C(F)(F)F,1.0,tdc_mic
O=C(NC[C@@H](O)CN1CCC(Oc2ccc(Cl)c(Cl)c2)CC1)c1c[nH]nc1C1CC1,3.0,tdc_mic
O=C(NC[C@@H](O)CN1CCC(Oc2ccc(Cl)c(Cl)c2)CC1)c1cc(=O)[nH]c2ccccc12,1.0,tdc_mic
O=C(NC[C@@H](O)CN1CCC(Oc2ccc(Cl)c(Cl)c2)CC1)c1cnnc2ccccc12,2.6666666666666665,tdc_mic
O=C(NC[C@@H](O)CN1CCC(Oc2ccc(Cl)c(Cl)c2)CC1)c1n[nH]c(=O)c2ccccc12,1.0,tdc_mic
O=C(NC[C@@H](O)CN1CCC(Oc2ccc(Cl)c(Cl)c2)CC1)c1n[nH]c2ccccc12,1.0,tdc_mic
O=C(NC[C@@H](O)CN1CCC(Oc2ccc(Cl)c(Cl)c2)CC1)n1c(=O)[nH]c2ccccc21,1.0,tdc_mic
O=C(NCc1ccccc1Cl)c1cccnc1Oc1ccccc1,12.0,tdc_mic
O=C(NO)c1ccc(NS(=O)(=O)c2ccccc2)cc1,4.0,tdc_mic
O=C(NO)c1ccccc1O,1.0,tdc_mic
O=C(NS(=O)(=O)Cc1ccccc1)N1CCC(N2CCC(Oc3ccc(Cl)c(Cl)c3)CC2)CC1,1.0,tdc_mic
O=C(NS(=O)(=O)N1CCC(N2CCC(Oc3ccc(Cl)c(Cl)c3)CC2)CC1)c1ccccc1,4.0,tdc_mic
O=C(NS(=O)(=O)c1ccc(Cl)cc1)N1CCC(N2CCC(Oc3ccc(Cl)c(Cl)c3)CC2)CC1,1.6666666666666665,tdc_mic
O=C(NS(=O)(=O)c1ccc(F)cc1)N1CCC(N2CCC(Oc3ccc(Cl)c(Cl)c3)CC2)CC1,3.6666666666666665,tdc_mic
O=C(NS(=O)(=O)c1cccc(Cl)c1)N1CCC(N2CCC(Oc3ccc(Cl)c(Cl)c3)CC2)CC1,2.0,tdc_mic
O=C(NS(=O)(=O)c1ccccc1)N1CCC(N2CCC(Oc3ccc(Cl)c(Cl)c3)CC2)CC1,1.0,tdc_mic
O=C(NS(=O)(=O)c1ccccc1Cl)N1CCC(N2CCC(Oc3ccc(Cl)c(Cl)c3)CC2)CC1,1.0,tdc_mic
O=C(Nc1ccc(S(=O)(=O)N2CCOCC2)cc1)c1cc(Cl)ccc1NS(=O)(=O)c1ccc(Cl)s1,1.0,tdc_mic
O=C(Nc1ccc([N+](=O)[O-])cc1O)Nc1ccccc1Br,1.0,tdc_mic
O=C(Nc1ccccn1)c1ccc2[nH]c(-c3ccc(NC(=O)C45CC6CC(CC(C6)C4)C5)cc3)nc2c1,48.666666666666664,tdc_mic
O=C(O)C(c1ccccc1)N1CCC(CN2CCC(Oc3ccc(Cl)c(Cl)c3)CC2)CC1,1.0,tdc_mic
O=C(O)C(c1ccccc1)N1CCC(N2CCC(Oc3ccc(Cl)c(Cl)c3)CC2)CC1,2.0,tdc_mic
O=C(O)C(c1ccccc1)N1CCCC(CN2CCC(Oc3ccc(Cl)c(Cl)c3)CC2)C1,1.0,tdc_mic
O=C(O)C(c1ccccc1)N1CCO[C@@H](CN2CCC(Oc3ccc(Cl)c(Cl)c3)CC2)C1,1.0,tdc_mic
O=C(O)COc1ccc(-c2nccs2)cc1-c1ccccc1,3.0,tdc_mic
O=C(O)COc1ccc(Br)cc1-c1ccccc1,1.0,tdc_mic
O=C(O)COc1ccc(C(F)(F)F)cc1-c1ccc(Cl)cc1,3.6666666666666665,tdc_mic
O=C(O)COc1ccc(C(F)(F)F)cc1-c1ccccc1-c1ccccc1,1.0,tdc_mic
O=C(O)COc1ccc([N+](=O)[O-])cc1-c1ccccc1,1.0,tdc_mic
O=C(O)COc1cccc(C(=O)N2CCC(N3CCC(Oc4ccc(Cl)c(Cl)c4)CC3)CC2)c1,1.0,tdc_mic
O=C(O)CSCC(=O)Nc1nc(-c2ccc(F)cc2)cs1,1.0,tdc_mic
O=C(O)CSCC(=O)Nc1nc(-c2ccccc2)cs1,5.926666666666667,tdc_mic
O=C(O)[C@@H](Cc1ccccc1)N1CCC(CN2CCC(Oc3ccc(Cl)c(Cl)c3)CC2)CC1,1.0,tdc_mic
O=C(O)[C@@H](c1ccccc1)N1CCC(CN2CCC(Oc3ccc(Cl)c(Cl)c3)CC2)CC1,1.0,tdc_mic
O=C(O)[C@H](Cc1ccc(Cl)cc1)N1CCC(CN2CCC(Oc3ccc(Cl)c(Cl)c3)CC2)CC1,1.0,tdc_mic
O=C(O)[C@H](Cc1cccc(F)c1)N1CCC(CN2CCC(Oc3ccc(Cl)c(Cl)c3)CC2)CC1,2.6666666666666665,tdc_mic
O=C(O)[C@H](Cc1ccccc1)N1CCC(CN2CCC(Oc3ccc(Cl)c(Cl)c3)CC2)CC1,1.0,tdc_mic
O=C(O)c1ccc(CN2CCC(CN3CCC(Oc4ccc(Cl)c(Cl)c4)CC3)CC2)cc1,1.0,tdc_mic
O=C(O)c1ccc(N2CCC(CN3CCC(Oc4ccc(Cl)c(Cl)c4)CC3)CC2)cc1,1.0,tdc_mic
O=C(O)c1cccc(-c2ccc3c(C(=O)NCC45CC6CC(CC(C6)C4)C5)c(Cl)ccc3n2)c1,11.0,tdc_mic
O=C(O)c1cccc(C(=O)N2CCC(N3CCC(Oc4ccc(Cl)c(Cl)c4)CC3)CC2)c1,1.0,tdc_mic
O=C(O)c1cccc(CN2CCC(CN3CCC(Oc4ccc(Cl)c(Cl)c4)CC3)CC2)c1,1.0,tdc_mic
O=C(O)c1cccc(N2CCC(CN3CCC(Oc4ccc(Cl)c(Cl)c4)CC3)CC2)c1,2.0,tdc_mic
O=C(O)c1ccccc1C(=O)N1CCC(N2CCC(Oc3ccc(Cl)c(Cl)c3)CC2)CC1,1.0,tdc_mic
O=C(O)c1ccccc1CN1CCC(CN2CCC(Oc3ccc(Cl)c(Cl)c3)CC2)CC1,1.0,tdc_mic
O=C(O)c1ccccc1N1CCC(CN2CCC(Oc3ccc(Cl)c(Cl)c3)CC2)CC1,2.6666666666666665,tdc_mic
O=C(O)c1cccnc1N1CCC(CN2CCC(Oc3ccc(Cl)c(Cl)c3)CC2)CC1,1.3333333333333333,tdc_mic
O=C(c1cc2ccccc2[nH]1)N1CCNCC1,3.5566666666666666,tdc_mic
O=C(c1ccc(-c2nn[nH]n2)cc1)N1CCC(N2CCC(Oc3ccc(Cl)c(Cl)c3)CC2)CC1,9.333333333333332,tdc_mic
O=C(c1ccc(-c2noc(=O)[nH]2)cc1)N1CCC(N2CCC(Oc3ccc(Cl)c(Cl)c3)CC2)CC1,1.0,tdc_mic
O=S(=O)(Nc1nc(-c2ccccc2)nn1Cc1ccccc1)c1ccccc1,1.6666666666666665,tdc_mic
O=S(=O)(Nc1nnc(-c2ccccc2)s1)c1ccc(Cl)cc1,5.333333333333333,tdc_mic
O=c1[nH]c(-c2ccc([N+](=O)[O-])cc2)nc2ccccc12,17.9,tdc_mic
O=c1[nH]c2c(O)ccc([C@@H](O)CNCCCSCCNCCc3cccc(Cl)c3)c2s1,6.666666666666666,tdc_mic
O=c1[nH]c2c(O)ccc([C@@H](O)CNCCCSCCNCCc3cccc(Cl)c3Cl)c2s1,11.666666666666666,tdc_mic
O=c1ncn2nc(Sc3ccc(F)cc3F)ccc2c1-c1c(Cl)cccc1Cl,1.0,tdc_mic
OCC(CO)Nc1nc(SCc2cccc(F)c2F)nc2nc(NC3CC3)sc12,15.333333333333332,tdc_mic
OC[C@H]1C[C@@H](n2nnc3c(N[C@@H]4C[C@H]4c4ccccc4)nc(SCCC(F)(F)F)nc32)[C@H](O)[C@@H]1O,1.0,tdc_mic
Oc1nc(-c2ccccc2)nc2ccccc12,50.0,tdc_mic
Oc1nc2c(O)ccc(CCNCCCSCCOCCc3cccc4ccccc34)c2s1,12.0,tdc_mic
c1ccc(-c2[nH]nc3ccccc23)cc1,1.0,tdc_mic
c1ccc(Sc2ccc3ccccc3n2)cc1,20.333333333333332,tdc_mic
c1ccc2c(c1)[nH]c1cnccc12,29.666666666666664,tdc_mic
c1cn(-c2ccc(Oc3cc(Oc4ccc5c(c4)OCO5)ncn3)cc2)cn1,4.333333333333333,tdc_mic
c1cn(-c2ccc(Oc3nccc(Oc4ccc5c(c4)OCO5)n3)cc2)cn1,4.333333333333333,tdc_mic
Brc1cnc(NCc2ccccc2)nc1Nc1cc(C2CC2)[nH]n1,21.999999999999996,chembl
C#CCOc1ccc(C(=O)Nc2cc(F)c(F)c([C@@]3(C)N=C(N)S[C@@]4(COC)C[C@H]43)c2)nc1,22.333333333333336,chembl
C#CCOc1cnc(C(=O)Nc2cc(F)c(F)c([C@@]3(C)N=C(N)S[C@@]4(C(=O)N(C)C)C[C@H]43)c2)cn1,12.999999999999998,chembl
C#CCOc1cnc(C(=O)Nc2cc(F)c(F)c([C@@]3(C)N=C(N)S[C@@]4(C(F)F)C[C@@H]34)c2)cn1,13.333333333333332,chembl
C#CCOc1cnc(C(=O)Nc2cc(F)c(F)c([C@@]3(C)N=C(N)S[C@@]4(CF)C[C@H]43)c2)cn1,25.33333333333334,chembl
C#CCOc1cnc(C(=O)Nc2cc(F)c(F)c([C@@]3(C)N=C(N)S[C@@]4(COC)C[C@H]43)c2)c(C)c1,6.666666666666667,chembl
C#CCOc1cnc(C(=O)Nc2cc(F)c(F)c([C@@]3(C)N=C(N)S[C@@]4(COC)C[C@H]43)c2)cn1,13.666666666666668,chembl
C=CC(=O)N1CCC[C@@H](Nc2ncnc3[nH]ccc23)C1,2.6666666666666665,chembl
C=CC(=O)N1CC[C@H]2CCN(c3ncnc4[nH]ccc34)[C@H]2C1,4.066666666666666,chembl
C=CC(=O)N1C[C@H](Nc2ncnc3[nH]ccc23)CC[C@@H]1C,2.6666666666666665,chembl
C=CC[C@H](NC(C)=O)[C@H](O)CN[C@H]1CC2(CCC2)Oc2ncc(CC(C)(C)C)cc21,26.333333333333336,chembl
C=CCn1c2c(c3cc(C(=O)N4CCC(C)CC4)ccc31)CN(C1CCCC1)CC2,30.999999999999996,chembl
C=CCn1c2c(c3cc(C(=O)N4CCC(C)CC4)ccc31)CN(C1CCCCC1)CC2,45.00000000000001,chembl
C=CCn1c2c(c3cc(C(=O)N4CCC(C)CC4)ccc31)CN(C1CCOCC1)CC2,13.999999999999998,chembl
C=CCn1c2c(c3cc(C(=O)N4CCC(C)CC4)ccc31)CN(CC1CC1)CC2,21.999999999999996,chembl
C=Cc1cc(-c2ccc(NS(=O)(=O)c3cc(C(F)(F)F)cc(C(F)(F)F)c3)cc2)ccn1,64.33333333333333,chembl
CC(=O)N1CCN(C[C@@H](C)NC(=O)c2cc3c(-c4ccccc4)nn(C)c3s2)CC1,0.5666666666666667,chembl
CC(=O)N1CCN(S(=O)(=O)CCCN2CCC(CNC(=O)c3cccc4c3OCCO4)CC2)CC1,12.999999999999998,chembl
CC(=O)NC(C)c1ccc(OCc2c(F)cc(Oc3cccc(OCC4CC4)c3)cc2F)cc1,10.0,chembl
CC(=O)NC(C)c1ccc(OCc2c(F)cc(Oc3cccc(OCC4CC4)c3)cc2F)nc1,4.0,chembl
CC(=O)NC(C)c1ccc2nc(-c3ccc(Oc4cccc(OCC5CC5)c4)nc3)oc2c1,9.0,chembl
CC(=O)NCCn1ccc2ncnc(Nc3ccc(Oc4cccc5sncc45)c(Cl)c3)c21,44.333333333333336,chembl
CC(=O)N[C@@H](Cc1cc(F)cc(F)c1)[C@H](O)CN[C@H]1CC2(CCC2)Oc2ncc(CC(C)(C)C)cc21,307.0,chembl
CC(=O)N[C@@H](Cc1ccc(F)c(F)c1)[C@H](O)CN[C@H]1C[C@]2(C[C@@H](C)C2)Oc2ncc(CC(C)(C)C)cc21,258.3333333333334,chembl
CC(=O)N[C@@H](Cc1ccc(F)c(F)c1)[C@H](O)CN[C@H]1C[C@]2(C[C@H](C)C2)Oc2ncc(CC(C)(C)C)cc21,133.0,chembl
CC(=O)N[C@@H](Cc1ccc(F)cc1)[C@H](O)CN[C@H]1CC2(CC(F)(F)C2)Oc2ncc(CC(C)(C)C)cc21,135.99999999999997,chembl
CC(=O)N[C@@H](Cc1ccc(F)cc1)[C@H](O)CN[C@H]1CC2(CCC2)Oc2ncc(CC(C)(C)C)cc21,35.66666666666666,chembl
CC(=O)N[C@@H](Cc1ccc(F)cc1)[C@H](O)CN[C@H]1C[C@@]2(CC[C@@H]2C)Oc2ncc(CC(C)(C)C)cc21,196.6666666666666,chembl
CC(=O)N[C@@H](Cc1ccc(F)cc1)[C@H](O)CN[C@H]1C[C@@]2(CC[C@H]2C)Oc2ncc(CC(C)(C)C)cc21,276.33333333333337,chembl
CC(=O)N[C@@H](Cc1ccc(F)cc1)[C@H](O)CN[C@H]1C[C@]2(CC[C@@H]2C)Oc2ncc(CC(C)(C)C)cc21,77.33333333333333,chembl
CC(=O)N[C@@H](Cc1ccc(F)cc1)[C@H](O)CN[C@H]1C[C@]2(CC[C@H]2C)Oc2ncc(CC(C)(C)C)cc21,22.66666666666666,chembl
CC(=O)N[C@@H](Cc1ccc(F)cc1)[C@H](O)CN[C@H]1C[C@]2(C[C@@H](C)C2)Oc2ncc(CC(C)(C)C)cc21,82.0,chembl
CC(=O)N[C@@H](Cc1ccc(F)cc1)[C@H](O)CN[C@H]1C[C@]2(C[C@@H](F)C2)Oc2ncc(CC(C)(C)C)cc21,74.33333333333334,chembl
CC(=O)N[C@@H](Cc1ccc(F)cc1)[C@H](O)CN[C@H]1C[C@]2(C[C@@H](O)C2)Oc2ncc(CC(C)(C)C)cc21,29.999999999999996,chembl
CC(=O)N[C@@H](Cc1ccc(F)cc1)[C@H](O)CN[C@H]1C[C@]2(C[C@H](C)C2)Oc2ncc(CC(C)(C)C)cc21,36.0,chembl
CC(=O)N[C@@H](Cc1ccc(F)cc1)[C@H](O)CN[C@H]1C[C@]2(C[C@H](F)C2)Oc2ncc(CC(C)(C)C)cc21,79.99999999999999,chembl
CC(=O)N[C@@H](Cc1ccc(F)cc1)[C@H](O)CN[C@H]1C[C@]2(C[C@H](O)C2)Oc2ncc(CC(C)(C)C)cc21,11.333333333333329,chembl
CC(=O)N[C@@H](Cc1cccc(F)c1)[C@H](O)CN[C@H]1CC2(CCC2)Oc2ncc(CC(C)(C)C)cc21,207.00000000000003,chembl
CC(=O)N[C@@H](Cc1cccc(F)c1)[C@H](O)CN[C@H]1C[C@]2(C[C@@H](F)C2)Oc2ncc(CC(C)(C)C)cc21,276.33333333333337,chembl
CC(=O)N[C@@H](Cc1cccc(F)c1)[C@H](O)CN[C@H]1C[C@]2(C[C@H](F)C2)Oc2ncc(CC(C)(C)C)cc21,235.3333333333334,chembl
CC(=O)Nc1cn2cc(/C=C3\SC(=O)NC3=O)ccc2n1,3.333333333333333,chembl
CC(=O)c1ccc(-c2coc3ccc(-c4ccc(C)o4)cc23)cc1,52.33333333333332,chembl
CC(C(=O)NCCn1ccc2ncnc(Nc3ccc(Oc4cccc(C(F)(F)F)c4)c(Cl)c3)c21)S(C)(=O)=O,10.0,chembl
CC(C(=O)NCCn1ccc2ncnc(Nc3ccc(Oc4cccc(Cl)c4)c(Cl)c3)c21)S(C)(=O)=O,1.3333333333333333,chembl
CC(C)(C#N)c1cc(Nc2nc(N3CCC[C@H](N)C3)ncc2C(N)=O)cc(C(C)(C)C#N)c1,4.333333333333333,chembl
CC(C)(C(=O)NCC(Cc1ccccc1)N1CCC(O)(C(F)(F)F)CC1)C(F)(F)F,94.66666666666664,chembl
CC(C)(C(=O)NCCn1ccc2ncnc(Nc3ccc(Oc4cccc(C(F)(F)F)c4)c(Cl)c3)c21)S(C)(=O)=O,12.666666666666668,chembl
CC(C)(C(=O)NCCn1ccc2ncnc(Nc3ccc(Oc4cccc(Cl)c4)c(Cl)c3)c21)S(C)(=O)=O,7.0,chembl
CC(C)(C(=O)NCCn1ccc2ncnc(Nc3ccc(Oc4cccc5sncc45)c(Cl)c3)c21)S(C)(=O)=O,37.66666666666667,chembl
CC(C)(C)C(=O)NCCn1ccc2ncnc(Nc3ccc(Oc4cccc5sncc45)c(Cl)c3)c21.CS(=O)(=O)O,31.33333333333333,chembl
CC(C)(C)Cc1cnc2c(c1)[C@@H](NC[C@@H](O)[C@H](Cc1ccc(F)cc1)NC(=O)CF)C[C@]1(C[C@H](O)C1)O2,21.666666666666664,chembl
CC(C)(C)NCc1ccc2c(c1)CCC[C@H]2NC(=O)C[C@@H]1CCCCN1S(=O)(=O)c1cccc(C(F)(F)F)c1,300.0000000000001,chembl
CC(C)(C)NCc1ccc2c(c1)OCC[C@H]2NC(=O)C[C@@H]1C(=O)Nc2ccccc2N1S(=O)(=O)c1ccc(Cl)c(Cl)c1,58.00000000000001,chembl
CC(C)(C)NCc1ccc2c(c1)OCC[C@H]2NC(=O)C[C@@H]1C(=O)Nc2ccccc2N1S(=O)(=O)c1ccccc1,8.666666666666666,chembl
CC(C)(C)S(=O)(=O)CC(=O)NCCn1ccc2ncnc(Nc3ccc(Oc4cccc(C(F)(F)F)c4)c(Cl)c3)c21,15.000000000000004,chembl
CC(C)(C)c1cc(NC(=O)NCc2ccccc2Sc2ccc3nnc(-c4cc(O)ccc4Cl)n3c2)n(-c2cccc(OCCO)c2)n1,17.666666666666664,chembl
CC(C)(C)c1cc(NC(=O)NCc2ccccc2Sc2ccc3nnc(-c4ccccc4O)n3c2)n(-c2cccc(OCCO)c2)n1,2.6666666666666665,chembl
CC(C)(C)c1cc(NC(=O)NCc2ccccc2Sc2ccc3nnc(-c4ccccc4OCCO)n3c2)n(-c2ccc(Cl)c(O)c2)n1,42.47875285886397,chembl
CC(C)(C)c1cc(NC(=O)NCc2ccccc2Sc2ccc3nnc(-c4ccccc4OCCO)n3c2)n(-c2ccc(O)c(Cl)c2)n1,54.016458397212396,chembl
CC(C)(C)c1cc(NC(=O)NCc2ccccc2Sc2ccc3nnc(-c4ccccc4SCCO)n3c2)n(-c2cccc(O)c2)n1,1.3333333333333333,chembl
CC(C)(C)c1ccc(S(=O)(=O)C[C@@H](O)[C@@H](O)C(=O)N[C@@H]2CCCc3cc(CN4CCCCC4)ccc32)cc1,98.66666666666667,chembl
CC(C)(CO)C(=O)NCCn1ccc2ncnc(Nc3ccc(Oc4cccc5sncc45)c(Cl)c3)c21,37.66666666666667,chembl
CC(C)(N)C(=O)NCCn1ccc2ncnc(Nc3ccc(Oc4cccc5sncc45)c(Cl)c3)c21,29.333333333333325,chembl
CC(C)(O)C(=O)NCCn1ccc2ncnc(Nc3ccc(Oc4cccc(C(F)(F)F)c4)c(Cl)c3)c21,6.0,chembl
CC(C)(O)C(=O)NCCn1ccc2ncnc(Nc3ccc(Oc4cccc5sncc45)c(Cl)c3)c21.CS(=O)(=O)O,38.99999999999999,chembl
CC(C)(O)CC(=O)NCCn1ccc2ncnc(Nc3ccc(Oc4cccc(C(F)(F)F)c4)c(Cl)c3)c21,11.666666666666663,chembl
CC(C)CNCc1ccc2c(c1)OCC[C@H]2NC(=O)C[C@@H]1C(=O)Nc2ccccc2N1S(=O)(=O)c1ccc(Cl)c(Cl)c1,88.00000000000001,chembl
CC(C)N1CCN(S(=O)(=O)CCCN2CCC(CNC(=O)c3cccc4c3OCCO4)CC2)CC1,5.666666666666665,chembl
CC(C)NCc1ccc2c(c1)OCC[C@H]2NC(=O)C[C@@H]1C(=O)Nc2ccccc2N1S(=O)(=O)c1ccc(Cl)c(Cl)c1,52.00000000000001,chembl
CC(C)S(=O)(=O)CC(=O)NCCn1ccc2ncnc(Nc3ccc(Oc4cccc(C(F)(F)F)c4)c(Cl)c3)c21,13.999999999999998,chembl
CC(C)S(=O)(=O)N1CCN(S(=O)(=O)CCCN2CCC(CNC(=O)c3cccc4c3OCCO4)CC2)CC1,2.333333333333333,chembl
CC(C)[C@@H](Nc1ncnc2[nH]c(-c3cnn(C)c3C#N)cc12)c1ccc2c(n1)OCCO2,181.99999999999994,chembl
CC(C)[C@@H](O)CC[C@@H](C)[C@H]1CC[C@H]2[C@@H]3CC=C4C[C@@H](O)CC[C@]4(C)[C@H]3CC[C@]12C,3.333333333333333,chembl
CC(C)[C@H](Nc1ncnc2[nH]c(-c3cnn(C)c3C#N)cc12)c1ccc2c(n1)OCCO2,28.700000000000003,chembl
CC(C)[C@H](Nc1ncnc2[nH]ccc12)c1ccc2c(c1)S(=O)(=O)CCC2,27.900000000000006,chembl
CC(C)[C@H](O)CC[C@@H](C)[C@H]1CC[C@H]2[C@@H]3CC=C4C[C@@H](O)CC[C@]4(C)[C@H]3CC[C@]12C,9.333333333333332,chembl
CC(C)c1cc(C(C)C)n(C[C@H](OC(=O)Nc2ccc(F)cc2F)C(C)C)n1,214.66666666666657,chembl
CC(C)c1cc(Nc2nc(N3CCC[C@H](N)C3)ncc2C(N)=O)cc(C(C)C)n1,2.333333333333333,chembl
CC(C)c1nnc2ccc(Sc3ccccc3CNC(=O)Nc3cc(C(C)(C)C)nn3-c3ccc(Cl)c(O)c3)cn12,47.138094997570704,chembl
CC(C)c1nnc2ccc(Sc3ccccc3CNC(=O)Nc3cc(C(C)(C)C)nn3-c3ccc(O)c(Cl)c3)cn12,51.666666666666664,chembl
CC(C)c1nnc2ccc(Sc3ccccc3CNC(=O)Nc3cc(C(C)(C)C)nn3-c3ccc(O)cc3)cn12,65.33333333333331,chembl
CC(C)c1nnc2ccc(Sc3ccccc3CNC(=O)Nc3cc(C(C)(C)C)nn3-c3cccc(O)c3)cn12,128.33333333333326,chembl
CC(NC(N)=O)c1ccc2nc(-c3ccc(Oc4cccc(OCC5CC5)c4)nc3)oc2c1,3.666666666666666,chembl
CC(O)CC[C@@H](C)[C@H]1CC[C@H]2[C@@H]3CC=C4C[C@@H](O)CC[C@]4(C)[C@H]3CC[C@]12C,2.333333333333333,chembl
CC1(C)CCN(S(=O)(=O)CCCN2CCC(CNC(=O)c3cccc4c3OCCO4)CC2)CC1,36.666666666666664,chembl
CC1C(=O)N(C)c2ccc(C(=O)N(C)C3CCCCC3)cc2N1C1CC1,487.33333333333354,chembl
CC1C(=O)N(C)c2ccc(C(=O)N(C)c3ccccc3)cc2N1C1CC1,175.0,chembl
CC1C(=O)N(C)c2ccc(C(=O)N3CCc4cc(F)ccc43)cc2N1C1CC1,54.000000000000014,chembl
CC1C(=O)N(C)c2ccc(C(=O)N3CCc4ccccc43)cc2N1C1CC1,37.33333333333333,chembl
CC1C(=O)N(C)c2ccc(C(=O)N3CCc4ccccc43)cc2N1C1CCCC1,193.99999999999997,chembl
CC1CCC(N(C)C(=O)c2ccc3c(c2)N(C2CC2)C(C)C(=O)N3C)CC1,425.00000000000006,chembl
CC1Cc2ccccc2N1C(=O)c1ccc2c(c1)N(C1CC1)C(C)C(=O)N2C,72.66666666666664,chembl
CCC(=O)c1c(-c2ccccc2)c2cc(Cl)ccc2c(=O)n1Cc1cc(C(=O)N(C)C)n(C)n1,83.33333333333333,chembl
CCC(=O)c1c(-c2ccccc2)c2cc(Cl)ccc2c(=O)n1Cc1cc(C(=O)NC)[nH]n1,12.333333333333334,chembl
CCC(=O)c1c(-c2ccccc2)c2cc(Cl)ccc2c(=O)n1Cc1cc(C(=O)NC)n(C)n1,26.333333333333336,chembl
CCC(=O)c1c(-c2ccccc2)c2cc(Cl)ccc2c(=O)n1Cc1cc(C(=O)NC2CC2)n(C)n1,14.666666666666668,chembl
CCC(=O)c1c(-c2ccccc2)c2cc(Cl)ccc2c(=O)n1Cc1cc(C(=O)NC2CC2)n(CC(F)F)n1,4.666666666666667,chembl
CCC(=O)c1c(-c2ccccc2)c2cc(Cl)ccc2c(=O)n1Cc1cc(C(N)=O)n(C)n1,5.000000000000001,chembl
CCC(=O)c1c(-c2ccccc2)c2cc(Cl)ccc2c(=O)n1Cc1cc(C(N)=O)n(CC)n1,11.666666666666663,chembl
CCC(=O)c1c(-c2ccccc2)c2cc(Cl)ccc2c(=O)n1Cc1cc(S(C)(=O)=O)n(CC(C)=O)n1,23.33333333333333,chembl
CCC(=O)c1c(-c2ccccc2)c2cc(Cl)ccc2c(=O)n1Cc1cc(S(C)(=O)=O)n(CC(F)F)n1,12.000000000000002,chembl
CCC(=O)c1c(-c2ccccc2)c2cc(Cl)ccc2c(=O)n1Cc1cc(S(C)(=O)=O)n(CC(N)=O)n1,4.666666666666667,chembl
CCC(=O)c1c(-c2ccccc2)c2cc(Cl)ccc2c(=O)n1Cc1cc(S(C)(=O)=O)n(CCC(C)(C)O)n1,34.0,chembl
CCC(C)N1CCN(S(=O)(=O)CCCN2CCC(CNC(=O)c3cccc4c3OCCO4)CC2)CC1,4.0,chembl
CCC(CC)(NC(=O)c1c(C)nn2c1NC(c1ccccc1)CC2(C)C)c1ccc(C)cc1.Cl,39.33333333333333,chembl
CCC(CC)(NC(=O)c1c(C)nn2c1N[C@@H](c1ccccc1)CC2(C)C)c1ccc(C(C)C)cc1.Cl,32.00000000000001,chembl
CCC(CC)(NC(=O)c1c(C)nn2c1N[C@@H](c1ccccc1)CC2(C)C)c1ccc(C)cc1.Cl,41.33333333333332,chembl
CCC(CC)(NC(=O)c1c(C)nn2c1N[C@@H](c1ccccc1)CC2(C)C)c1ccc(Cl)c(OC)c1.Cl,50.999999999999986,chembl
CCC(CC)(NC(=O)c1c(C)nn2c1N[C@@H](c1ccccc1)CC2(C)C)c1ccc(F)c(OC)c1.Cl,56.66666666666667,chembl
CCC(CC)(NC(=O)c1c(C)nn2c1N[C@@H](c1ccccc1)CC2(C)C)c1ccc(OC)c(Cl)c1.Cl,12.666666666666668,chembl
CCC(CC)(NC(=O)c1c(C)nn2c1N[C@@H](c1ccccc1)CC2(C)C)c1ccc(OC)c(F)c1.Cl,27.33333333333334,chembl
CCC(CC)(NC(=O)c1c(C)nn2c1N[C@@H](c1ccccc1)CC2(C)C)c1ccc(OC)c(OC)c1.Cl,35.0,chembl
CCC(CC)(NC(=O)c1c(C)nn2c1N[C@@H](c1ccccc1)CC2(C)C)c1ccc(OC)cc1.Cl,29.999999999999996,chembl
CCC(CC)(NC(=O)c1c(C)nn2c1N[C@@H](c1ccccc1)CC2(C)C)c1ccc(OCc2ccccc2)cc1.Cl,29.999999999999996,chembl
CCC(CC)(NC(=O)c1c(C)nn2c1N[C@@H](c1ccccc1)CC2(C)C)c1ccccc1.Cl,61.000000000000014,chembl
CCC(CC)(NC(=O)c1c(SC)nn2c1NC(c1ccccc1)CC2(C)C)c1ccc(C)cc1.Cl,29.66666666666667,chembl
CCC(CC)(NC(=O)c1cnn2c1NC(c1ccccc1)CC2(C)C)c1ccc(C(F)(F)F)cc1,4.666666666666667,chembl
CCC(CC)(NC(=O)c1cnn2c1NC(c1ccccc1)CC2(C)C)c1ccc(C)cc1,40.666666666666664,chembl
CCC(CC)(NC(=O)c1cnn2c1NC(c1ccccc1)CC2(C)C)c1ccc(Cl)cc1,6.0,chembl
CCC(CC)(NC(=O)c1cnn2c1NC(c1ccccc1)CC2(C)C)c1ccc(F)cc1,29.66666666666667,chembl
CCC(CC)(NC(=O)c1cnn2c1NC(c1ccccc1)CC2(C)C)c1ccc(OC)cc1,22.333333333333336,chembl
CCC(CC)(NC(=O)c1cnn2c1NC(c1ccccc1)CC2(C)C)c1ccc(OCc2ccccc2)cc1,16.0,chembl
CCC(CC)(NC(=O)c1cnn2c1NC(c1ccccc1)CC2(C)C)c1ccccc1,69.66666666666664,chembl
CCC(CC)(NC(=O)c1cnn2c1N[C@@H](c1ccccc1)CC2(C)C)c1ccc(C)cc1.Cl,33.0,chembl
CCCC1(c2ccc3[nH]ccc3c2)CCNC1,0.7666666666666666,chembl
CCCC1CCN(S(=O)(=O)CCCN2CCC(CNC(=O)c3cccc4c3OCCO4)CC2)CC1,33.66666666666666,chembl
CCCCC1(c2ccc3[nH]ccc3c2)CCNC1,12.666666666666668,chembl
CCCCN1CCC(CNC(=O)c2c3n(c4ccccc24)CCCO3)CC1,1.6666666666666665,chembl
CCCCc1nn2c(c1C(=O)NC(CC)(CC)c1ccc(C)cc1)NC(c1ccccc1)CC2(C)C.Cl,46.666666666666664,chembl
CCCOc1cnc(C(=O)Nc2cc(F)c(F)c([C@@]3(C)N=C(N)S[C@@]4(COC)C[C@H]43)c2)cn1,29.333333333333325,chembl
CCCS(=O)(=O)N1CCN(S(=O)(=O)CCCN2CCC(CNC(=O)c3cccc4c3OCCO4)CC2)CC1,11.333333333333329,chembl
CCCc1cc(-c2ccc(NS(=O)(=O)c3cc(C(F)(F)F)cc(C(F)(F)F)c3)cc2)ccn1,90.00000000000003,chembl
CCCc1nn2c(c1C(=O)NC(CC)(CC)c1ccc(C)cc1)NC(c1ccccc1)CC2(C)C.Cl,52.33333333333332,chembl
CCN(C(=O)c1ccc2c(c1)N(C1CC1)C(C)C(=O)N2C)C1CCCCC1,440.3333333333332,chembl
CCN(C(=O)c1ccc2c(c1)N(C1CC1)C(C)C(=O)N2C)c1ccc(C)cc1,170.66666666666663,chembl
CCN(c1cc(Cl)c2c(c1Cl)C(=O)N(Cc1c(OC)cc(C)[nH]c1=O)CCN2C)C1CCOCC1,60.333333333333314,chembl
CCN1CCN(S(=O)(=O)CCCN2CCC(CNC(=O)c3cccc4c3OCCO4)CC2)CC1,2.0,chembl
CCNC(=O)N1CC[C@H](NCc2cc(-n3nnnc3C(F)(F)F)cc3c2OCC3)[C@H](c2ccccc2)C1,53.33333333333334,chembl
CCNC(=O)N1CC[C@H](NCc2cc(-n3nnnc3C(F)(F)F)ccc2OC)[C@H](c2ccccc2)C1.Cl,52.999999999999986,chembl
CCNC(=O)N1CC[C@H](NCc2cc(-n3nnnc3C(F)(F)F)ccc2OC2CC2)[C@H](c2ccccc2)C1.Cl,72.33333333333331,chembl
CCNC(=O)N1CC[C@H](NCc2cc(-n3nnnc3C(F)(F)F)ccc2OCC)[C@H](c2ccccc2)C1.Cl,72.66666666666664,chembl
CCNC(=O)n1cc(Cn2c(C(=O)CC)c(-c3ccccc3)c3cc(Cl)ccc3c2=O)cn1,14.333333333333332,chembl
CCOC(=O)c1cc2cc(C3(Cc4ccccc4)CCNC3)ccc2[nH]1,15.933333333333332,chembl
CCOC(=O)c1ccc(C(CC)(CC)NC(=O)c2cnn3c2NC(c2ccccc2)CC3(C)C)cc1.Cl,30.333333333333325,chembl
CCOCCOc1cc(C)c(-c2cccc(COc3ccc(CCC(=O)O)c(F)c3)c2)c(C)c1,2.6666666666666665,chembl
CCOc1ccc(C(CC)(CC)NC(=O)c2c(C)nn3c2N[C@@H](c2ccccc2)CC3(C)C)cc1.Cl,28.0,chembl
CCOc1cnc(C(=O)Nc2cc(F)c(F)c([C@@]3(C)N=C(N)S[C@@]4(COC)C[C@H]43)c2)cn1,13.333333333333332,chembl
CCS(=O)(=O)CC(=O)NCCn1ccc2ncnc(Nc3ccc(Oc4cccc(C(F)(F)F)c4)c(Cl)c3)c21,8.666666666666666,chembl
CCS(=O)(=O)CCOc1cc(C)c(-c2cccc(CNc3ccc(CCC(=O)O)c(F)c3)c2)c(C)c1,0.6666666666666666,chembl
CCS(=O)(=O)CCOc1cc(C)c(-c2cccc(COc3ccc(CCC(=O)O)c(F)c3)c2)c(C)c1,2.0,chembl
CCS(=O)(=O)c1ccc(-c2coc3ccc(-c4ccc(C)o4)cc23)cc1,17.666666666666664,chembl
CCS(=O)(=O)n1c2c(c3cc(C(=O)N4CCC(C)CC4)ccc31)CN(C1CCOCC1)CC2,17.33333333333333,chembl
CC[C@H](O)CC[C@@H](C)[C@H]1CC[C@H]2[C@@H]3CC=C4C[C@@](C)(O)CC[C@]4(C)[C@H]3CC[C@]12C,5.000000000000001,chembl
CC[S+]([O-])c1ccc(-c2coc3ccc(-c4ccc(C)o4)cc23)cc1,3.333333333333333,chembl
CCc1cc(-c2ccc(NS(=O)(=O)c3cc(C(F)(F)F)cc(C(F)(F)F)c3)cc2)ccn1,123.66666666666667,chembl
CCc1ccc(C(CC)(CC)NC(=O)c2c(C)nn3c2N[C@@H](c2ccccc2)CC3(C)C)cc1.Cl,29.999999999999996,chembl
CCc1ccc2c(c1)[C@H](C)N(C(=O)c1ccc(Cl)cc1)[C@H](C)CO2,48.66666666666666,chembl
CCc1nn2c(c1C(=O)NC(CC)(CC)c1ccc(C)cc1)NC(c1ccccc1)CC2(C)C.Cl,50.999999999999986,chembl
CCn1c2ccccc2c2cc(NC(=O)CCc3nc(-c4ccccc4F)no3)ccc21,91.33333333333334,chembl
CN(C)C(=O)C(=O)N(C)[C@H]1CCCCn2c1nc(C(=O)NCc1ccc(F)cc1)c(O)c2=O,1.0,chembl
CN(C)C(=O)c1cc2cc(C3(Cc4ccccc4)CCNC3)ccc2[nH]1,4.266666666666667,chembl
CN(C)C(=O)c1ccc2c(c1)OC[C@H](N1CCc3c(nn(Cc4ccccc4)c3Cl)C1=O)C(=O)N2C,6.333333333333333,chembl
CN(C)Cc1ccc2c(c1)OCC[C@H]2NC(=O)C[C@@H]1C(=O)Nc2ccccc2N1S(=O)(=O)c1ccc(Cl)c(Cl)c1,69.33333333333334,chembl
CN(CCn1ccc2ncnc(Nc3ccc(Oc4cccc(C(F)(F)F)c4)c(Cl)c3)c21)C(=O)CO,10.333333333333334,chembl
CN1C(=O)[C@@H](N2CCc3c(nn(Cc4ccccc4)c3Cl)C2=O)COc2ccc(C#N)cc21,9.0,chembl
CN1C(=O)[C@@H](N2CCc3c(nn(Cc4ccccc4)c3Cl)C2=O)COc2ccccc21,33.66666666666666,chembl
CN1CCC(CC(CNC(=O)C2(c3ccc(Cl)cc3)CCCC2)N2CCC(O)(C(F)(F)F)CC2)CC1,13.999999999999998,chembl
CN1CCN(C(=O)c2nc3ccc(Cl)cc3[nH]2)CC1,6.333333333333333,chembl
CN1CCN(S(=O)(=O)CCCN2CCC(CNC(=O)c3cccc4c3OCCO4)CC2)CC1,1.0,chembl
CN1CCN(c2cc(NCCC(C)(C)C)ncn2)CC1,5.333333333333333,chembl
CN1C[C@@H]2CN(C(=O)c3cc4cc(Cl)ccc4[nH]3)C[C@@H]2C1,2.333333333333333,chembl
CNC(=O)Nc1ccc(OC)cc1OC[C@@H](O)CN1CCC2(CC1)Cc1cc(Cl)ccc1O2,23.733333333333334,chembl
CNC(=O)Nc1ccc(OC)cc1OC[C@@H](O)CN1CCC2(CC1)Cc1cc(F)ccc1O2,29.300000000000008,chembl
CNC(=O)c1cc2cc(C3(Cc4ccccc4)CCNC3)ccc2[nH]1,3.766666666666666,chembl
CNC(=O)c1ccc2c(c1)OC[C@H](N1CCc3c(nn(Cc4ccccc4)c3Cl)C1=O)C(=O)N2C,4.333333333333333,chembl
CNCCC(c1ccccc1)c1c[nH]c2ccccc12,305.00000000000006,chembl
CNCc1cc(-c2cc3c(N[C@@H](c4ccc5c(c4)S(=O)(=O)CCC5)C(C)C)ncnc3[nH]2)co1,14.200000000000001,chembl
CNCc1ccc2c(c1)OCC[C@H]2NC(=O)C[C@@H]1C(=O)Nc2ccccc2N1S(=O)(=O)c1ccc(Cl)c(Cl)c1,35.66666666666666,chembl
CN[C@@H](C)C(=O)N[C@H](C(=O)N1C[C@H]2CCCN2C[C@H]1C(=O)N[C@@H]1CCOc2ccccc21)C1CCCCC1.Cl.Cl,42.66666666666667,chembl
CN[C@@H](C)C(=O)N[C@H](C(=O)N1C[C@H]2C[C@@H]3C[C@@H]3N2C[C@H]1C(=O)N[C@@H]1CCOc2ccccc21)C1CCCCC1.Cl.Cl,23.999999999999993,chembl
CN[C@@H](C)C(=O)N[C@H](C(=O)N1C[C@H]2C[C@H]3C[C@H]3N2C[C@H]1C(=O)N[C@@H]1CCOc2ccccc21)C1CCCCC1.Cl.Cl,12.999999999999998,chembl
COC(=O)N1CC[C@H](NCc2cc(-n3nnnc3C(F)(F)F)ccc2OC)[C@H](c2ccccc2)C1,66.33333333333333,chembl
COC(=O)c1ccc(-c2coc3ccc(-c4ccc(C)o4)cc23)cc1,82.66666666666666,chembl
COCC(=O)N[C@@H](Cc1ccc(F)cc1)[C@H](O)CN[C@H]1C[C@]2(C[C@H](O)C2)Oc2ncc(CC(C)(C)C)cc21,38.33333333333333,chembl
COCCNC(=O)c1cccc2cc(Oc3ccnc4cc(OC)c(C(N)=O)cc34)ccc12,1.3333333333333333,chembl
COCCNC(=O)c1cccc2cc(Oc3ccnc4cc(OC)c(OC)cc34)ccc12,10.666666666666664,chembl
COCCNCc1ccc2c(c1)OCC[C@H]2NC(=O)C[C@@H](NS(=O)(=O)c1cccc(C(F)(F)F)c1)c1ccc(F)cc1,103.33333333333329,chembl
COC[C@]12C[C@H]1[C@@](C)(c1cc(NC(=O)c3ccc(Cl)cn3)cc(F)c1F)N=C(N)S2,15.666666666666663,chembl
COC[C@]12C[C@H]1[C@@](C)(c1cc(NC(=O)c3ccc(OCC(F)(F)F)cn3)cc(F)c1F)N=C(N)S2,11.666666666666663,chembl
COC[C@]12C[C@H]1[C@@](C)(c1cc(NC(=O)c3cnc(OCC(F)(F)F)cn3)cc(F)c1F)N=C(N)S2,8.666666666666666,chembl
COC[C@]12C[C@H]1[C@@](C)(c1cc(NC(=O)c3cnc(OCCC(F)(F)F)cn3)cc(F)c1F)N=C(N)S2,9.666666666666666,chembl
COC[C@]12C[C@H]1[C@@](C)(c1cc(NC(=O)c3cnc(OCc4ncco4)cn3)cc(F)c1F)N=C(N)S2,13.999999999999998,chembl
CO[C@@H](CC(=O)N[C@@H]1CCCc2cc(CN3CCCCC3)ccc21)CS(=O)(=O)c1ccc2ccccc2c1,91.33333333333334,chembl
CO[C@H](CCS(=O)(=O)c1ccc2ccccc2c1)C(=O)N[C@@H]1CCCc2cc(CN3CCCCC3)ccc21,72.00000000000001,chembl
COc1cc(-c2ccnc(C)c2)ccc1NS(=O)(=O)c1cc(C(F)(F)F)cc(C(F)(F)F)c1,101.99999999999999,chembl
COc1cc(C)[nH]c(=O)c1CN1CCN(C)c2c(Cl)cc(-c3c(C)noc3C)c(Cl)c2C1=O,26.666666666666668,chembl
COc1cc(C)[nH]c(=O)c1CN1CCN(C)c2c(Cl)cc(-c3ccc(CN4CCOCC4)cc3)c(Cl)c2C1=O,13.666666666666668,chembl
COc1cc(C)[nH]c(=O)c1CN1CCN(C)c2c(Cl)cc(-c3ccc(Cl)cc3F)c(Cl)c2C1=O,32.33333333333333,chembl
COc1cc(C)[nH]c(=O)c1CN1CCN(C)c2c(Cl)cc(-c3ccc(N4CCOCC4)cc3)c(Cl)c2C1=O,2.333333333333333,chembl
COc1cc(C)[nH]c(=O)c1CN1CCN(C)c2c(Cl)cc(C(C)C3CCOCC3)c(Cl)c2C1=O,68.66666666666666,chembl
COc1cc(C)[nH]c(=O)c1CN1CCN(C)c2c(Cl)cc(C(O)C3CCOCC3)c(Cl)c2C1=O,11.333333333333329,chembl
COc1cc(C)[nH]c(=O)c1CN1CCN(C)c2c(Cl)cc(OC(C)C)c(Cl)c2C1=O,9.666666666666666,chembl
COc1cc(C)[nH]c(=O)c1CN1CCN(C)c2ccc(-c3c(C)noc3C)c(Cl)c2C1=O,3.0,chembl
COc1cc(C)[nH]c(=O)c1CN1CCNc2c(Cl)cc(-c3c(C)noc3C)c(Cl)c2C1=O,26.333333333333336,chembl
COc1cc(C)n(C)c(=O)c1CN1CCc2c(Cl)cc(-c3c(C)noc3C)c(Cl)c2C1=O,38.99999999999999,chembl
COc1cc(N2CCN(C(=O)[C@@H]3CCCC[C@H]3C(=O)NC3(C#N)CC3)[C@H](C)C2)ccc1C1CC1,3.0,chembl
COc1cc2nccc(Oc3ccc4c(C(=O)NC5CC5)cccc4c3)c2cc1C(N)=O,4.0,chembl
COc1cc2nccc(Oc3ccc4c(C(=O)NC5CC5)cccc4c3)c2cc1OC,10.333333333333334,chembl
COc1cc2nccc(Oc3ccc4c(C(N)=O)cccc4c3)c2cc1OC,2.333333333333333,chembl
COc1cc2nccc(Oc3ccc4c(c3)OCCN4C(=O)N[C@@H](C)c3ccccc3)c2cc1OC,181.00000000000003,chembl
COc1cc2nccc(Oc3ccc4c(c3)OCCN4C(=O)Nc3ccc(C)cc3)c2cc1C(N)=O,20.66666666666666,chembl
COc1cc2nccc(Oc3ccc4c(c3)OCCN4C(=O)Nc3ccc(C)cc3)c2cc1OC,10.333333333333334,chembl
COc1cc2nccc(Oc3ccc4c(c3)OCCN4C(=O)Nc3ccc(Cl)cc3)c2cc1C(N)=O,16.0,chembl
COc1cc2nccc(Oc3ccc4c(c3)OCCN4C(=O)Nc3ccc(F)cc3)c2cc1OC,5.666666666666665,chembl
COc1cc2nccc(Oc3ccc4c(c3)OCCN4C(=O)Nc3ccccc3)c2cc1OC,20.66666666666666,chembl
COc1ccc(-c2coc3ccc(-c4ccc(C)o4)cc23)cc1,59.666666666666664,chembl
COc1ccc(-n2nnnc2C(F)(F)F)cc1CN[C@@H]1CCN(C(=O)CNC(C)=O)C[C@H]1c1ccccc1.Cl,11.333333333333329,chembl
COc1ccc(-n2nnnc2C(F)(F)F)cc1CN[C@H]1CCN(C(=O)C2CCN(C(C)=O)CC2)C[C@H]1c1ccccc1.Cl,25.33333333333334,chembl
COc1ccc(-n2nnnc2C(F)(F)F)cc1CN[C@H]1CCN(C(=O)C2CN(C(C)=O)C2)C[C@H]1c1ccccc1.Cl,9.0,chembl
COc1ccc(-n2nnnc2C(F)(F)F)cc1CN[C@H]1CCN(C(=O)CCCNC(C)=O)C[C@H]1c1ccccc1.Cl,48.66666666666666,chembl
COc1ccc(-n2nnnc2C(F)(F)F)cc1CN[C@H]1CCN(C(=O)CCNC(C)=O)C[C@H]1c1ccccc1.Cl,31.66666666666666,chembl
COc1ccc(-n2nnnc2C(F)(F)F)cc1CN[C@H]1CCN(C(=O)CN(C)C(C)=O)C[C@H]1c1ccccc1.Cl,24.333333333333336,chembl
COc1ccc(-n2nnnc2C(F)(F)F)cc1CN[C@H]1CCN(C(=O)CNC(C)=O)C[C@H]1c1ccccc1,5.333333333333333,chembl
COc1ccc(-n2nnnc2C(F)(F)F)cc1CN[C@H]1CCN(C(=O)N(C)C)C[C@H]1c1ccccc1.Cl,70.99999999999999,chembl
COc1ccc(-n2nnnc2C(F)(F)F)cc1CN[C@H]1CCN(C(=O)NC(C)C)C[C@H]1c1ccccc1.Cl,55.66666666666668,chembl
COc1ccc(-n2nnnc2C(F)(F)F)cc1CN[C@H]1CCN(C(=O)NC2CC2)C[C@H]1c1ccccc1.Cl,35.66666666666666,chembl
COc1ccc(-n2nnnc2C(F)(F)F)cc1CN[C@H]1CCN(C(=O)NCC(F)(F)F)C[C@H]1c1ccccc1.Cl,51.666666666666664,chembl
COc1ccc(-n2nnnc2C(F)(F)F)cc1CN[C@H]1CCN(C(C)=O)C[C@H]1c1ccccc1.Cl,37.0,chembl
COc1ccc(-n2nnnc2C(F)(F)F)cc1CN[C@H]1CCN(S(C)(=O)=O)C[C@H]1c1ccccc1,47.99999999999999,chembl
COc1ccc(CC(=O)Nc2cnn(C(F)(F)F)c2)cc1OC,17.666666666666664,chembl
COc1ccc(N2CCN(C(=O)[C@@H]3CCCC[C@H]3C(=O)NC3(C#N)CC3)CC2)cc1OC,0.7666666666666666,chembl
COc1ccc(N2CCN(C(=O)[C@@H]3CCCC[C@H]3C(=O)NC3(C#N)CC3)[C@H](C)C2)nc1OC,1.4,chembl
COc1ccc(N2CCN(C(=O)[C@@H]3CCCC[C@H]3C(=O)NCC#N)CC2)cc1,2.3666666666666663,chembl
COc1ccc(N2CCN(C(=O)[C@@H]3CCCC[C@H]3C(=O)NCC#N)CC2)cc1OC,0.7333333333333334,chembl
COc1ccc(NC(=O)NC2CC2)c(OC[C@@H](O)CN2CCC3(CC2)Cc2cc(Cl)ccc2O3)c1,37.99999999999999,chembl
COc1ccc(NC(=O)NC2CC2)c(OC[C@@H](O)CN2CCC3(CC2)Cc2cc(F)ccc2O3)c1,44.333333333333336,chembl
COc1ccc(S(=O)(=O)N2CCC(Nc3ccc(C#N)cc3)CC2)cc1,22.999999999999996,chembl
COc1ccc(S(=O)(=O)N2CCC(Nc3ccc(C#N)cn3)CC2)cc1,6.333333333333333,chembl
COc1ccc(S(=O)(=O)N2CCOC23CCN(C(=O)Nc2ccccc2)CC3F)cc1,1.3333333333333333,chembl
COc1ccc2c(c1)[C@H](C)N(C(=O)c1ccc(Cl)cc1)[C@H](C)CO2,32.66666666666666,chembl
COc1cccc(-c2coc3ccc(-c4ccc(C)o4)cc23)c1,63.66666666666666,chembl
COc1cccc(CC2(c3ccc4[nH]ccc4c3)CCNC2)c1,25.666666666666668,chembl
COc1cccc(N2CC(c3ccc(F)cc3)OC2=O)c1,67.0,chembl
COc1cccc(N2CCN(C(=O)[C@@H]3CCCC[C@H]3C(=O)NCC#N)CC2)c1,1.8666666666666665,chembl
COc1cccc(Oc2ccc(Nc3ncnc4cc[nH]c34)cc2Cl)c1,49.99999999999999,chembl
COc1cccc(S(=O)(=O)N2CCOC23CCN(C(=O)Nc2ccccc2)CC3F)c1,21.333333333333332,chembl
CS(=O)(=O)CC(=O)NCCn1ccc2ncnc(Nc3ccc(Oc4cccc(C(F)(F)F)c4)c(Cl)c3)c21,6.0,chembl
CS(=O)(=O)CC(=O)NCCn1ccc2ncnc(Nc3ccc(Oc4cccc(Cl)c4)c(Cl)c3)c21,3.666666666666666,chembl
CS(=O)(=O)N1CCN(S(=O)(=O)CCCN2CCC(CNC(=O)c3cccc4c3OCCO4)CC2)CC1,1.0,chembl
CS(=O)(=O)Nc1cc([C@@H](O)CNCCCCCCCCCCCN2CCC(OC(=O)Nc3ccccc3-c3ccc(O)c(Cl)c3)CC2)ccc1O,5.333333333333333,chembl
CS(=O)(=O)Nc1cc([C@@H](O)CNCCCCCCCCCCN2CCC(OC(=O)Nc3ccccc3-c3ccc(O)c(Cl)c3)CC2)ccc1O,7.333333333333333,chembl
CS(=O)(=O)Nc1cc([C@@H](O)CNCCCCCCCCCN2C3CCC2CC(OC(=O)Nc2ccccc2-c2ccc(O)c(Cl)c2)C3)ccc1O,2.5999999999999996,chembl
CS(=O)(=O)Nc1cc([C@@H](O)CNCCCCCCCCCN2CCC(OC(=O)Nc3cc(F)ccc3-c3ccc(O)c(Cl)c3)CC2)ccc1O,2.0,chembl
CS(=O)(=O)Nc1cc([C@@H](O)CNCCCCCCCCCN2CCC(OC(=O)Nc3ccc(F)cc3-c3ccc(O)c(Cl)c3)CC2)ccc1O,5.666666666666665,chembl
CS(=O)(=O)Nc1cc([C@@H](O)CNCCCCCCCCCN2CCC(OC(=O)Nc3ccccc3-c3cc(C#N)ccc3O)CC2)ccc1O,1.2333333333333334,chembl
CS(=O)(=O)Nc1cc([C@@H](O)CNCCCCCCCCCN2CCC(OC(=O)Nc3ccccc3-c3cc(F)c(O)cc3F)CC2)ccc1O,29.999999999999996,chembl
CS(=O)(=O)Nc1cc([C@@H](O)CNCCCCCCCCCN2CCC(OC(=O)Nc3ccccc3-c3cc(O)cc(F)c3)CC2)ccc1O,1.3333333333333333,chembl
CS(=O)(=O)Nc1cc([C@@H](O)CNCCCCCCCCCN2CCC(OC(=O)Nc3ccccc3-c3ccc(O)c(Cl)c3)CC2)ccc1O,7.999999999999999,chembl
CS(=O)(=O)Nc1cc([C@@H](O)CNCCCCCCCCCN2CCC(OC(=O)Nc3ccccc3-c3ccc(O)c(F)c3)CC2)ccc1O,10.0,chembl
CS(=O)(=O)Nc1cc([C@@H](O)CNCCCCCCCCCN2CCC(OC(=O)Nc3ccccc3-c3ccc(O)cc3)CC2)ccc1O,1.3333333333333333,chembl
CS(=O)(=O)Nc1cc([C@@H](O)CNCCCCCCCCCN2CC[C@@H](OC(=O)Nc3ccccc3-c3ccc(O)c(Cl)c3)C2)ccc1O,17.0,chembl
CS(=O)(=O)Nc1cc([C@@H](O)CNCCCCCCCCCN2C[C@@H]3[C@@H](COC(=O)Nc4ccccc4-c4ccc(O)c(Cl)c4)[C@@H]3C2)ccc1O,4.333333333333333,chembl
CS(=O)(=O)Nc1cc([C@@H](O)CNCCCCCCCCCN2C[C@H]3C[C@@]3(COC(=O)Nc3ccccc3-c3ccc(O)c(Cl)c3)C2)ccc1O,9.333333333333332,chembl
CS(=O)(=O)Nc1cc([C@@H](O)CNCCCCCCCCN2CCC(OC(=O)Nc3ccccc3-c3ccc(O)c(Cl)c3)CC2)ccc1O,7.999999999999999,chembl
CS(=O)(=O)Nc1cc([C@@H](O)CNCCc2ccc(OCCCN3CCC(OC(=O)Nc4ccccc4-c4ccc(O)c(Cl)c4)CC3)cc2)ccc1O,9.666666666666666,chembl
CS(=O)(=O)Nc1cc([C@@H](O)CNCCc2ccc(OCCN3CCC(OC(=O)Nc4ccccc4-c4ccc(O)c(Cl)c4)CC3)cc2)ccc1O,16.0,chembl
CS(=O)(=O)O.O=C(CCO)NCCn1ccc2ncnc(Nc3ccc(Oc4cccc(C(F)(F)F)c4)c(Cl)c3)c21,9.0,chembl
CSC(C)(C)c1cc(NC(=O)NCc2ccccc2Sc2ccc3nnc(C(C)C)n3c2)n(-c2cccc(O)c2)n1,0.6666666666666666,chembl
CSC(C)(C)c1cc(NC(=O)NCc2ccccc2Sc2ccc3nnc(C(C)C)n3c2)n(-c2ccccc2)n1,0.5666666666666667,chembl
CSCC(C)(C)c1cc(NC(=O)NCc2ccccc2Sc2ccc3nnc(-c4cc(O)ccc4Cl)n3c2)n(-c2cccc(OCCO)c2)n1,15.666666666666663,chembl
CSCC(C)(C)c1cc(NC(=O)NCc2ccccc2Sc2ccc3nnc(-c4ccccc4O)n3c2)n(-c2ccccc2)n1,9.0,chembl
CSCC(C)(C)c1cc(NC(=O)NCc2ccccc2Sc2ccc3nnc(-c4ccccc4OCCO)n3c2)n(-c2ccc(O)c(Cl)c2)n1,103.33333333333329,chembl
CSCC(C)(C)c1cc(NC(=O)NCc2ccccc2Sc2ccc3nnc(-c4ccccc4SCCO)n3c2)n(-c2ccc(O)c(Cl)c2)n1,88.00000000000001,chembl
CSc1cc(C)n(C)c(=O)c1CN1CCc2c(Cl)cc(-c3c(C)noc3C)c(Cl)c2C1=O,78.33333333333334,chembl
CSc1ccc(-c2coc3ccc(-c4ccc(C)o4)cc23)cc1,25.000000000000007,chembl
CSc1ccc2c(c1)[C@H](C)N(C(=O)c1ccc(Cl)cc1)[C@H](C)CO2,48.66666666666666,chembl
CSc1ccccc1-c1nnc2ccc(Sc3ccccc3CNC(=O)Nc3cc(C(C)(C)C)nn3-c3cccc(O)c3)cn12,19.27577639306795,chembl
C[C@@H](COc1cnc(-c2ccc(Oc3cccc(OCC4CC4)c3)cc2)o1)NC(N)=O,15.666666666666663,chembl
C[C@@H]([C@H]1CC[C@H]2[C@@H]3CC=C4C[C@@H](O)CC[C@]4(C)[C@H]3CC[C@]12C)C(C)(C)O,2.0,chembl
C[C@@H]1CN(c2ccc(S(C)(=O)=O)cc2)CCN1C(=O)[C@@H]1CCCC[C@H]1C(=O)NC1(C#N)CC1,3.1333333333333333,chembl
C[C@@H]1CN(c2ccc3c(c2)OCO3)CCN1C(=O)[C@@H]1CCCC[C@H]1C(=O)NC1(C#N)CC1,2.9333333333333336,chembl
C[C@@H]1CN(c2ccccc2)CCN1C(=O)[C@@H]1CCCC[C@H]1C(=O)NC1(C#N)CC1,6.666666666666667,chembl
C[C@@H]1CN(c2ccccc2)CCN1C(=O)[C@@H]1CCCC[C@H]1C(=O)NCC#N,5.333333333333333,chembl
C[C@@H]1CNCCN1c1ccc(=O)n(CCOc2ccccc2C(F)(F)F)n1,5.1000000000000005,chembl
C[C@@H]1CNCCN1c1ccc(=O)n(CCOc2ccccc2Cl)n1,3.2666666666666666,chembl
C[C@@H]1COc2ccc(C(F)(F)F)cc2[C@H](C)N1C(=O)c1ccc(Cl)cc1,10.0,chembl
C[C@@H]1COc2ccc(F)cc2[C@H](C)N1C(=O)c1ccc(Cl)cc1,5.000000000000001,chembl
C[C@@H]1COc2ccc(OC(F)(F)F)cc2[C@H](C)N1C(=O)c1ccc(Cl)cc1,2.333333333333333,chembl
C[C@@H]1COc2ccccc2[C@H](C)N1C(=O)c1ccc(Cl)cc1,2.6666666666666665,chembl
C[C@@H]1[C@H](c2ccc(F)cc2)OC(=O)N1c1cccc(C#N)c1,7.0,chembl
C[C@H](CC(C)(C)O)[C@H]1CC[C@H]2[C@@H]3CC=C4C[C@@H](O)CC[C@]4(C)[C@H]3CC[C@]12C,6.0,chembl
C[C@H](CCC(C)(C)O)[C@H]1CC[C@H]2[C@@H]3CC=C4C[C@@H](O)CC[C@]4(C)[C@H]3CC[C@]12C,3.333333333333333,chembl
C[C@H](CCC(C)(C)O)[C@H]1CC[C@H]2[C@@H]3CC=C4C[C@@](C)(O)CC[C@]4(C)[C@H]3CC[C@]12C,4.333333333333333,chembl
C[C@H](CCC1(O)CC1)[C@H]1CC[C@H]2[C@@H]3CC=C4C[C@@H](O)CC[C@]4(C)[C@H]3CC[C@]12C,3.333333333333333,chembl
C[C@H](CCC1(O)CC1)[C@H]1CC[C@H]2[C@@H]3CC=C4C[C@@](C)(O)CC[C@]4(C)[C@H]3CC[C@]12C,2.0,chembl
C[C@H](CCCC(C)(C)O)[C@H]1CC[C@H]2[C@@H]3CC=C4C[C@@H](O)CC[C@]4(C)[C@H]3CC[C@]12C,7.666666666666667,chembl
C[C@H](CCCO)[C@H]1CC[C@H]2[C@@H]3CC=C4C[C@@H](O)CC[C@]4(C)[C@H]3CC[C@]12C,4.333333333333333,chembl
C[C@H](CC[C@@H](C)O)[C@H]1CC[C@H]2[C@@H]3CC=C4C[C@@](C)(O)CC[C@]4(C)[C@H]3CC[C@]12C,3.666666666666666,chembl
C[C@H](CC[C@@H](O)C(F)(F)F)[C@H]1CC[C@H]2[C@@H]3CC=C4C[C@@](C)(O)CC[C@]4(C)[C@H]3CC[C@]12C,1.0,chembl
C[C@H](CC[C@@H](O)C1CC1)[C@H]1CC[C@H]2[C@@H]3CC=C4C[C@@](C)(O)CC[C@]4(C)[C@H]3CC[C@]12C,3.333333333333333,chembl
C[C@H](CC[C@H](O)C(F)(F)F)[C@H]1CC[C@H]2[C@@H]3CC=C4C[C@@](C)(O)CC[C@]4(C)[C@H]3CC[C@]12C,1.3333333333333333,chembl
C[C@H](Nc1ncc(Br)c(Nc2cc(C3CC3)[nH]n2)n1)c1ccccc1,9.666666666666666,chembl
C[C@]1(c2cc(NC(=O)c3ccc(Cl)cn3)cc(F)c2F)N=C(N)S[C@@]2(C(F)F)C[C@@H]12,7.0,chembl
C[C@]1(c2cc(NC(=O)c3ccc(Cl)cn3)cc(F)c2F)N=C(N)S[C@@]2(CF)C[C@H]21,19.33333333333333,chembl
C[C@]1(c2cc(NC(=O)c3ccc(Cl)cn3)cc(F)c2F)N=C(N)S[C@H]2C[C@H]21,7.0,chembl
C[C@]12C=CC(=O)C=C1[C@@H](F)C[C@H]1[C@@H]3C[C@H]4O[C@@H](c5ccc(CSc6ccc(O)c(Cl)c6)cc5)O[C@@]4(C(=O)CO)[C@@]3(C)C[C@H](O)[C@@]12F,33.33333333333332,chembl
Cc1c(N2CC[C@H](O)[C@@H]2C)ccc(C#N)c1Cl,22.333333333333336,chembl
Cc1c(N2CC[C@](C)(O)[C@@H]2C)ccc(C#N)c1Cl,7.999999999999999,chembl
Cc1cc(-c2ccc(NC(=O)Cc3cc(C(F)(F)F)cc(C(F)(F)F)c3)cc2)ccn1,6.0,chembl
Cc1cc(-c2ccc(NC(=O)c3cc(C(F)(F)F)cc(C(F)(F)F)c3)cc2)ccn1,35.333333333333336,chembl
Cc1cc(-c2ccc(NC(=O)c3cc(Cl)cc(Cl)c3)cc2)ccn1,30.333333333333325,chembl
Cc1cc(-c2ccc(NS(=O)(=O)c3cc(C(F)(F)F)cc(C(F)(F)F)c3)cc2)ccn1,133.0,chembl
Cc1cc(-c2ccc(NS(=O)(=O)c3cc(Cl)cc(Cl)c3)cc2)ccn1,165.6666666666667,chembl
Cc1cc(-n2nc(Cc3cc(F)cc(C(F)(F)F)c3)nc2C)ccc1C(N)=O,5.666666666666665,chembl
Cc1cc(/C=C2\S/C(=N\c3ccccc3)N(C3CCCC3)C2=O)c(C)n1-c1ccc(C(F)(F)F)cc1,4.666666666666667,chembl
Cc1cc(/C=C2\S/C(=N\c3ccccc3)NC2=O)c(C)n1-c1ccc(F)cc1,5.000000000000001,chembl
Cc1cc(C(=O)Nc2cc(Oc3ccc4nc(NC(=O)C5CC5)cn4n3)ccc2C)n(C)n1,0.6666666666666666,chembl
Cc1cc(C(=O)Nc2cc(Oc3ccc4nc(NC(=O)C5CC5)cn4n3)ccc2F)n(C)n1,3.0,chembl
Cc1cc(C(=O)Nc2cc(Oc3ccc4nc(NC(=O)C5CC5)nn4c3)ccc2F)n(C)n1,3.333333333333333,chembl
Cc1cc(C(=O)Nc2cccc(Oc3ccc4nc(NC(=O)C5CC5)cn4n3)c2)n(C)n1,2.0,chembl
Cc1cc(C(=O)OCC(=O)Nc2c(C)n(C)n(-c3ccccc3)c2=O)c(C)n1-c1ccc(F)cc1,20.000000000000004,chembl
Cc1cc(C(=O)OCC(N)=O)c(C)n1-c1ccc(F)cc1,9.666666666666666,chembl
Cc1cc(C)c(CN2CCc3c(Cl)cc(-c4c(C)noc4C)c(Cl)c3C2=O)c(=O)[nH]1,70.00000000000001,chembl
Cc1cc(C)c(NC(=O)OC2CCN(CCCCCCCCCNC[C@H](O)c3ccc(O)c(NS(C)(=O)=O)c3)CC2)c(-c2ccc(O)c(Cl)c2)c1,10.666666666666664,chembl
Cc1cc(C)c(S(=O)(=O)N[C@H](CNC(=O)c2ccnn2C)C(=O)O)c(C)c1,4.866666666666666,chembl
Cc1cc(C)c(S(=O)(=O)N[C@H](CNC(=O)c2coc(C)n2)C(=O)O)c(C)c1,1.5666666666666667,chembl
Cc1cc(C)n(C)c(=O)c1CN1CCc2c(Cl)cc(-c3c(C)noc3C)c(Cl)c2C1=O,149.66666666666663,chembl
Cc1cc(OC2CCS(=O)(=O)CC2)cc(C)c1-c1cccc(COc2ccc(CCC(=O)O)c(F)c2)c1,1.0,chembl
Cc1cc(OCC2(O)CCS(=O)(=O)CC2)cc(C)c1-c1cccc(CNc2ccc(CCC(=O)O)c(F)c2)c1,0.6666666666666666,chembl
Cc1cc(OCCCN2CCCC2=O)cc(C)c1-c1cccc(COc2ccc(CCC(=O)O)c(F)c2)c1,2.333333333333333,chembl
Cc1cc2c(OC[C@@H](O)CN3CCC4(CC3)Cc3cc(Cl)ccc3O4)cccc2o1,5.000000000000001,chembl
Cc1cc2ncnc(Nc3ccc(Oc4cccc(C(F)(F)F)c4)c(Cl)c3)c2n1CCOCCO,10.0,chembl
Cc1ccc(-c2c(CN)c(CC(C)C)nc3ccc(N4CC(=O)NCC4=O)cc23)cc1.Cl.Cl,5.333333333333333,chembl
Cc1ccc(-c2ccc(O)c(Cl)c2)c(NC(=O)OC2CCN(CCCCCCCCCNC[C@H](O)c3ccc(O)c(NS(C)(=O)=O)c3)CC2)c1,2.0,chembl
Cc1ccc(-c2ccc3occ(-c4ccc(C(C)O)cc4)c3c2)o1,28.333333333333332,chembl
Cc1ccc(-c2ccc3occ(-c4ccc(C(N)=O)cc4)c3c2)o1,40.333333333333336,chembl
Cc1ccc(-c2ccc3occ(-c4ccc(F)cc4)c3c2)o1,51.666666666666664,chembl
Cc1ccc(-c2ccc3occ(-c4ccc(O)cc4)c3c2)o1,56.66666666666667,chembl
Cc1ccc(-c2ccc3occ(-c4ccc(S(C)(=O)=O)cc4)c3c2)o1,16.0,chembl
Cc1ccc(-c2ccc3occ(-c4ccc([S+](C)[O-])cc4)c3c2)o1,2.333333333333333,chembl
Cc1ccc(-c2ccc3occ(-c4cccc([S+](C)[O-])c4)c3c2)o1,25.000000000000007,chembl
Cc1ccc(-c2ccc3occ(-c4ccncc4)c3c2)o1,22.333333333333336,chembl
Cc1ccc(-c2cn(C(F)(F)F)cn2)cc1NC(=O)c1ccc(OCc2ccccn2)cc1,15.666666666666663,chembl
Cc1ccc(-c2cn(C)cn2)cc1NC(=O)c1ccc(OCc2ccccn2)cc1,1.5999999999999999,chembl
Cc1ccc(-n2nc(C(C)(C)C)cc2NC(=O)NCc2ccccc2Sc2ccc3nnc(-c4cc(O)ccc4Cl)n3c2)cc1,14.333333333333332,chembl
Cc1ccc(-n2nc(C(C)(C)C)cc2NC(=O)NCc2ccccc2Sc2ccc3nnc(-c4ccc(O)cc4Cl)n3c2)cc1,44.0,chembl
Cc1ccc(-n2nc(C(C)(C)C)cc2NC(=O)NCc2ccccc2Sc2ccc3nnc(-c4ccccc4O)n3c2)cc1,92.99999999999999,chembl
Cc1ccc(C(=O)Nc2cccc(C(F)(F)F)c2)cc1C(=O)Nc1cncnc1,12.666666666666668,chembl
Cc1ccc(Cn2c(=O)[nH]c3c(N)nc(-c4ncco4)cc32)cn1,3.0,chembl
Cc1ccc(N(C)C(=O)c2ccc3c(c2)N(C2CC2)C(C)C(=O)N3C)cc1,252.00000000000006,chembl
Cc1ccc(NC(=O)OC2CCN(CCCCCCCCCNC[C@H](O)c3ccc(O)c(NS(C)(=O)=O)c3)CC2)c(-c2ccc(O)c(Cl)c2)c1,6.333333333333333,chembl
Cc1ccc(NC(=O)c2ccc3c(c2)N(C2CC2)C(C)C(=O)N3C)c(C)c1,25.666666666666668,chembl
Cc1ccc(NC(=O)c2ccc3c(c2)N(C2CC2)C(C)C(=O)N3C)cc1,14.333333333333332,chembl
Cc1ccc(NC(=O)c2ccc3c(c2)N(C2CC2)C(C)C(=O)N3C)cc1F,16.333333333333336,chembl
Cc1ccc(NC(=O)c2ccc3c(c2)N(C2CCCC2)C(C)C(=O)N3C)c(C)c1,31.33333333333333,chembl
Cc1ccc(NC(=O)c2ccc3c(c2)N(C2CCCC2)C(C)C(=O)N3C)cc1,16.0,chembl
Cc1ccc(Oc2ccc(Nc3ncnc4cc[nH]c34)cc2C)cn1,23.33333333333333,chembl
Cc1ccc(Oc2ccc3nc(NC(=O)C4CC4)nn3c2)cc1NC(=O)c1cn(C)nc1C,2.0,chembl
Cc1ccc(S(=O)(=O)C[C@@H](O)[C@@H](O)C(=O)N[C@@H]2CCCc3cc(CN4CCCCC4)ccc32)cc1,16.666666666666668,chembl
Cc1ccc(S(=O)(=O)N2CCNC(=O)C2CC(=O)N[C@@H]2CCCc3cc(CN4CCCCC4)ccc32)cc1,58.66666666666666,chembl
Cc1ccc(S(=O)(=O)N2CCNC(=O)C2CC(=O)N[C@@H]2CCCc3cc(CN4CCCCC4)ccc32)cc1C(F)(F)F,240.66666666666674,chembl
Cc1ccc(S(=O)(=O)N2CCNC(=O)[C@H]2CC(=O)N[C@@H]2CCCc3cc(CN4CCCC(C)(C)C4)ccc32)cc1,123.66666666666667,chembl
Cc1ccc(S(=O)(=O)N2CCNC(=O)[C@H]2CC(=O)N[C@@H]2CCCc3cc(CNCC(C)(C)C)ccc32)cc1,37.66666666666667,chembl
Cc1ccc(S(=O)(=O)N2CCNC(=O)[C@H]2CC(=O)N[C@@H]2CCCc3cc(CNCC4CC4)ccc32)cc1,37.66666666666667,chembl
Cc1ccc(S(=O)(=O)N2c3ccccc3NC(=O)[C@H]2CC(=O)N[C@@H]2CCOc3cc(CN4CCCCC4)ccc32)cc1,42.66666666666667,chembl
Cc1ccc2c(c1)CC(C)N2C(=O)c1ccc2c(c1)N(C1CC1)C(C)C(=O)N2C,37.99999999999999,chembl
Cc1ccc2c(c1)CC(C)N2C(=O)c1ccc2c(n1)N(C1CC1)C(C)C(=O)N2C,24.66666666666666,chembl
Cc1ccc2c(c1)CCN2C(=O)c1ccc2c(c1)N(C1CC1)C(C)C(=O)N2C,36.666666666666664,chembl
Cc1ccc2c(c1)CCN2C(=O)c1ccc2c(n1)N(C1CC1)C(C)C(=O)N2C,16.666666666666668,chembl
Cc1ccc2c(c1)[C@H](C)N(C(=O)c1ccc(Cl)cc1)[C@H](C)CO2,38.33333333333333,chembl
Cc1cccc(-n2nc(C(C)(C)C)cc2NC(=O)NCc2ccccc2Sc2ccc3nnc(-c4cccc(Cl)c4O)n3c2)c1,23.95829710142188,chembl
Cc1cccc(C)c1-c1cccc(COc2ccc(CCC(=O)O)c(F)c2)c1,22.999999999999996,chembl
Cc1cccc(C)c1-c1cccc(COc2ccc(CCC(=O)O)cc2)c1,9.333333333333332,chembl
Cc1cccc(Oc2ccc(Nc3ncnc4cc[nH]c34)cc2Cl)c1,62.333333333333314,chembl
Cc1cccc2c1CCN2C(=O)c1ccc2c(c1)N(C1CC1)C(C)C(=O)N2C,70.00000000000001,chembl
Cc1nc(C(=O)NCC(Cc2ccccc2)N2CCC(O)(C(F)(F)F)CC2)c(C(F)(F)F)o1,48.66666666666666,chembl
Cc1nccn1-c1ccc(NS(=O)(=O)c2cc(Cl)cc(Cl)c2)cc1,7.333333333333333,chembl
Cc1noc(C)c1-c1cc(Cl)c2c(c1Cl)C(=O)N(Cc1c(C(F)(F)F)cc(C)n(C)c1=O)CC2,95.66666666666664,chembl
Cc1noc(C)c1-c1cc(Cl)c2c(c1Cl)C(=O)N(Cc1c(C3CC3)cc(C)n(C)c1=O)CC2,163.33333333333334,chembl
Cl.O=C(NCCn1ccc2ncnc(Nc3ccc(Oc4cccc5sncc45)c(Cl)c3)c21)[C@@H]1CCCN1,20.333333333333332,chembl
Clc1cc(Nc2ncnc3cc[nH]c23)ccc1OCc1ccccn1,7.666666666666667,chembl
Clc1cc(Nc2ncnc3cc[nH]c23)ccc1Oc1ccccc1,40.666666666666664,chembl
Clc1ccc([C@]23CNC[C@H]2C3)cc1Cl,15.666666666666663,chembl
Clc1cccc(Oc2ccc(Nc3ncnc4cc[nH]c34)cc2Cl)c1,6.666666666666667,chembl
Clc1ccccc1CCOc1cncc(N2CCNCC2)n1,31.33333333333333,chembl
Clc1ccccc1Oc1ccc(Nc2ncnc3cc[nH]c23)cc1Cl,21.999999999999996,chembl
Cn1c(-c2cscn2)nc2ccccc21,57.33333333333334,chembl
Cn1ccc2cc(C3(Cc4ccccc4)CCNC3)ccc21,35.333333333333336,chembl
Cn1ccc2ncnc(Nc3ccc(Oc4cccc(C(F)(F)F)c4)c(Cl)c3)c21,4.666666666666667,chembl
Cn1ccc2ncnc(Nc3ccc(Oc4cccc(Cl)c4)c(Cl)c3)c21,12.333333333333334,chembl
Cn1ccc2ncnc(Nc3ccc(Oc4cccc(OC(F)(F)F)c4)c(Cl)c3)c21,0.3333333333333333,chembl
Cn1ncc(-c2cc3c(N[C@@H](c4ccc5c(n4)OCCO5)C(C)(C)C)ncnc3[nH]2)c1C#N,170.99999999999991,chembl
Cn1ncc2c(Oc3ccc(Nc4ncnc5ccn(CCO)c45)cc3Cl)cccc21,73.0,chembl
FC(F)(F)Oc1cccc(Oc2ccc(Nc3ncnc4cc[nH]c34)cc2Cl)c1,5.000000000000001,chembl
FC(F)(F)Oc1ccccc1Oc1ccc(Nc2ncnc3cc[nH]c23)cc1Cl,7.333333333333333,chembl
FC(F)(F)c1cccc(Oc2ccc(Nc3ncnc4cc[nH]c34)cc2Cl)c1,2.333333333333333,chembl
FC(F)(F)n1c(-c2cscn2)nc2ccccc21,12.999999999999998,chembl
Fc1ccc(CC2(c3ccc4[nH]ccc4c3)CCNC2)cc1,28.0,chembl
Fc1ccc(CNc2ncc(Br)c(Nc3cc(C4CC4)[nH]n3)n2)cc1,9.333333333333332,chembl
Fc1cccc(COc2ccc(Nc3ncnc4cc[nH]c34)cc2Cl)c1,12.000000000000002,chembl
Fc1cccc(Oc2ccc(Nc3ncnc4cc[nH]c34)cc2Cl)c1,18.66666666666666,chembl
Fc1ccccc1Oc1ccc(Nc2ncnc3cc[nH]c23)cc1Cl,29.0,chembl
N#CC1(NC(=O)[C@@H]2CCCC[C@H]2C(=O)N2CCN(c3ccccc3)CC2)CC1,2.3,chembl
N#CC1(c2ccc(C(F)(F)F)cc2)CCN(c2ccc(-c3nc(CO)no3)nn2)CC1,0.6666666666666666,chembl
N#CC1(c2ccc(S(F)(F)(F)(F)F)cc2)CCN(c2ccc(-c3nc(CO)no3)nn2)CC1,2.333333333333333,chembl
N#CC1(c2ccc([N+](=O)[O-])cc2)CCN(c2ccc(-c3nc(CO)no3)nn2)CC1,2.0,chembl
N#CCNC(=O)[C@@H]1CCCC[C@H]1C(=O)N1CCN(c2ccccc2)CC1,2.5666666666666664,chembl
N#Cc1c[nH]c2ccc(C3(Cc4ccccc4)CCNC3)cc12,6.266666666666667,chembl
N#Cc1cc2ncnc(Nc3ccc(Oc4cccc(C(F)(F)F)c4)c(Cl)c3)c2n1CCOCCO,11.333333333333329,chembl
N#Cc1cccc(N2C[C@H](c3ccc(F)cc3)OC2=O)c1,1.3333333333333333,chembl
N#Cc1cccc(Oc2ccc(Nc3ncnc4cc[nH]c34)cc2Cl)c1,13.999999999999998,chembl
N#Cc1ccccc1Oc1ccc(Nc2ncnc3cc[nH]c23)cc1Cl,32.33333333333333,chembl
NC(=O)Nc1ccc(F)cc1OC[C@@H](O)CN1CCC2(CC1)Cc1cc(Cl)ccc1O2,5.666666666666665,chembl
NC(=O)Nc1ccccc1OC[C@@H](O)CN1CCC2(CC1)Cc1cc(Cl)ccc1O2,7.166666666666667,chembl
NC(=O)c1cc2cc(C3(Cc4ccccc4)CCNC3)ccc2[nH]1,0.4666666666666666,chembl
NCC(=O)Nc1cncc(-c2nn3c(=O)cc(N4CCNCC4)nc3s2)c1,7.733333333333333,chembl
NCc1ccc2c(c1)OCC[C@H]2NC(=O)C[C@@H]1C(=O)Nc2ccccc2N1S(=O)(=O)c1ccc(Cl)c(Cl)c1,42.333333333333336,chembl
O=C(CC(CS(=O)(=O)c1ccc2ccccc2c1)c1ccccc1)N[C@@H]1CCCc2cc(CN3CCCCC3)ccc21,248.00000000000009,chembl
O=C(CC1C(=O)NCCN1S(=O)(=O)c1cc2cc(Cl)ccc2s1)N[C@@H]1CCCc2cc(CN3CCCCC3)ccc21,108.6666666666666,chembl
O=C(CC1C(=O)NCCN1S(=O)(=O)c1ccc(C(F)(F)F)cc1)N[C@@H]1CCCc2cc(CN3CCCCC3)ccc21,71.66666666666664,chembl
O=C(CC1C(=O)NCCN1S(=O)(=O)c1ccc(Cl)c(Cl)c1)N[C@@H]1CCCc2cc(CN3CCCCC3)ccc21,123.00000000000003,chembl
O=C(CC1C(=O)NCCN1S(=O)(=O)c1ccc(Cl)cc1)N[C@@H]1CCCc2cc(CN3CCCCC3)ccc21,45.666666666666664,chembl
O=C(CC1C(=O)NCCN1S(=O)(=O)c1ccc(Cl)cc1Cl)N[C@@H]1CCCc2cc(CN3CCCCC3)ccc21,66.00000000000001,chembl
O=C(CC1C(=O)NCCN1S(=O)(=O)c1cccc(C(F)(F)F)c1)N[C@@H]1CCCc2cc(CN3CCCCC3)ccc21,64.33333333333333,chembl
O=C(CC1C(=O)NCCN1S(=O)(=O)c1ccccc1Cl)N[C@@H]1CCCc2cc(CN3CCCCC3)ccc21,34.666666666666664,chembl
O=C(CC1C(=O)NCCN1S(=O)(=O)c1sc(Cl)cc1Br)N[C@@H]1CCCc2cc(CN3CCCCC3)ccc21,138.33333333333334,chembl
O=C(CCCCCCC(=O)Nc1ccccc1)NO,3.0,chembl
O=C(CCCS(=O)(=O)c1ccc2ccccc2c1)N[C@@H]1CCCc2cc(CN3CCCCC3)ccc21,16.666666666666668,chembl
O=C(CO)NCCn1ccc2ncnc(Nc3ccc(Oc4cccc(C(F)(F)F)c4)c(Cl)c3)c21,5.333333333333333,chembl
O=C(C[C@@H](NS(=O)(=O)c1ccc2ccccc2c1)c1ccccc1)N[C@@H]1CCCc2cc(CN3CCCCC3)ccc21,306.3333333333333,chembl
O=C(C[C@@H](NS(=O)(=O)c1ccc2ccccc2c1)c1ccccc1)N[C@@H]1CCOc2cc(CN3CCCCC3)ccc21,229.33333333333343,chembl
O=C(C[C@@H](NS(=O)(=O)c1cccc(C(F)(F)F)c1)c1ccc(F)cc1)N[C@@H]1CCOc2cc(CN3CCCC3)ccc21,118.33333333333331,chembl
O=C(C[C@@H](NS(=O)(=O)c1cccc(C(F)(F)F)c1)c1ccc(F)cc1)N[C@@H]1CCOc2cc(CN3CCCCC3)ccc21,109.99999999999997,chembl
O=C(C[C@@H]1C(=O)NCCN1S(=O)(=O)c1ccc(Cl)cc1)N[C@@H]1CCCc2cc(CN3CCCCC3)ccc21,41.33333333333332,chembl
O=C(C[C@@H]1C(=O)Nc2ccccc2N1S(=O)(=O)c1ccc(Cl)c(Cl)c1)N[C@@H]1CCCc2cc(CN3CCCCC3)ccc21,138.99999999999997,chembl
O=C(C[C@@H]1C(=O)Nc2ccccc2N1S(=O)(=O)c1ccc(Cl)c(Cl)c1)N[C@@H]1CCOc2cc(CN3CCCCC3)ccc21,129.66666666666663,chembl
O=C(C[C@@H]1C(=O)Nc2ccccc2N1S(=O)(=O)c1ccc(Cl)c(Cl)c1)N[C@@H]1CCOc2cc(CO)ccc21,88.00000000000001,chembl
O=C(C[C@@H]1C(=O)Nc2ccccc2N1S(=O)(=O)c1ccccc1)N[C@@H]1CCOc2cc(CN3CCCCC3)ccc21,25.33333333333334,chembl
O=C(C[C@H](O)CS(=O)(=O)c1ccc2ccccc2c1)N[C@@H]1CCCc2cc(CN3CCCCC3)ccc21,37.33333333333333,chembl
O=C(NCC(Cc1ccc(F)cc1)N1CCC(O)C1)C1(c2ccc(F)cc2)CCCC1,56.66666666666667,chembl
O=C(NCC(Cc1ccccc1)N1CCC(C(F)(F)F)CC1)C1(c2ccc(F)cc2)CCCC1,79.33333333333333,chembl
O=C(NCC(Cc1ccccc1)N1CCC(O)(C(F)(F)F)CC1)C1(C(F)(F)F)CC1,49.66666666666667,chembl
O=C(NCC(Cc1ccccc1)N1CCC(O)(C(F)(F)F)CC1)c1cc(C(F)(F)F)ccn1,95.00000000000001,chembl
O=C(NCC(Cc1ccccc1)N1CCN(c2ccccn2)CC1)C1(c2ccc(Cl)cc2)CCCC1,103.99999999999997,chembl
O=C(NCC1CCN(CCCS(=O)(=O)N2CCC3(CCCC3)CC2)CC1)c1cccc2c1OCCO2,83.33333333333333,chembl
O=C(NCC1CCN(CCCS(=O)(=O)N2CCCCC2)CC1)c1cccc2c1OCCO2,4.666666666666667,chembl
O=C(NCC1CCN(CCCS(=O)(=O)N2CCN(C(=O)c3ccco3)CC2)CC1)c1cccc2c1OCCO2,3.666666666666666,chembl
O=C(NCC1CCN(CCCS(=O)(=O)N2CCN(C3CCCC3)CC2)CC1)c1cccc2c1OCCO2,7.333333333333333,chembl
O=C(NCC1CCN(CCCS(=O)(=O)N2CCN(Cc3cccnc3)CC2)CC1)c1cccc2c1OCCO2,2.333333333333333,chembl
O=C(NCC1CCN(CCCS(=O)(=O)N2CCN(S(=O)(=O)N3CCCC3)CC2)CC1)c1cccc2c1OCCO2,12.000000000000002,chembl
O=C(NCC1CCN(CCCS(=O)(=O)N2CCN(S(=O)(=O)c3ccc(F)cc3)CC2)CC1)c1cccc2c1OCCO2,30.999999999999996,chembl
O=C(NCC1CCN(CCCS(=O)(=O)N2CCN(c3ccc(F)cc3)CC2)CC1)c1cccc2c1OCCO2,18.33333333333333,chembl
O=C(NCC1CCN(CCCS(=O)(=O)N2CCN(c3ccccn3)CC2)CC1)c1cccc2c1OCCO2,13.999999999999998,chembl
O=C(NCC1CCN(CCCS(=O)(=O)N2CCNCC2)CC1)c1cccc2c1OCCO2,0.6666666666666666,chembl
O=C(NCC1CCN(CCCS(=O)(=O)N2CCOCC2)CC1)c1cccc2c1OCCO2,0.6666666666666666,chembl
O=C(NC[C@@H](Cc1ccccc1)N1CCC(O)(C(F)(F)F)CC1)C1(c2ccc(Cl)cc2)CCCC1,32.22835190739151,chembl
O=C(NO)c1ccc(-c2ccc(CNCc3ccccc3)cn2)s1,7.0,chembl
O=C(NO)c1ccc(-c2ccn(CCNCc3ccc4c(c3)OCO4)n2)s1,15.000000000000004,chembl
O=C(N[C@@H]1CCCc2cc(CN3CCCCC3)ccc21)[C@@H](O)CCS(=O)(=O)c1ccc2ccccc2c1,33.33333333333332,chembl
O=C(N[C@@H]1CCCc2cc(CN3CCCCC3)ccc21)[C@H](O)CCS(=O)(=O)c1ccc2ccccc2c1,33.33333333333332,chembl
O=C(N[C@@H]1CCCc2cc(CN3CCCCC3)ccc21)[C@H](O)[C@H](O)CS(=O)(=O)c1ccc(C(F)(F)F)cc1,16.666666666666668,chembl
O=C(N[C@@H]1CCCc2cc(CN3CCCCC3)ccc21)[C@H](O)[C@H](O)CS(=O)(=O)c1ccc(Cl)c(Cl)c1,33.33333333333332,chembl
O=C(N[C@@H]1CCCc2cc(CN3CCCCC3)ccc21)[C@H](O)[C@H](O)CS(=O)(=O)c1ccc2ccccc2c1,33.33333333333332,chembl
O=C(N[C@@H]1CCCc2cc(CN3CCCCC3)ccc21)[C@H](O)[C@H](O)CS(=O)(=O)c1cccc(C(F)(F)F)c1,33.33333333333332,chembl
O=C(N[C@@H]1CCCc2cc(CN3CCCCC3)ccc21)[C@H](O)[C@H](O)CS(=O)(=O)c1cccc(Cl)c1,60.0,chembl
O=C(N[C@@H]1CCCc2cc(CN3CCCCC3)ccc21)[C@H](O)[C@H](O)CS(=O)(=O)c1cccc(Cl)c1Cl,71.33333333333333,chembl
O=C(N[C@@H]1CCCc2cc(CN3CCCCC3)ccc21)[C@H](O)[C@H](O)CS(=O)(=O)c1ccccc1,106.33333333333337,chembl
O=C(Nc1ccc(O)cc1OC[C@@H](O)CN1CCC2(CC1)Cc1cc(F)ccc1O2)NC1CC1,5.033333333333333,chembl
O=C(Nc1ccccc1)N1CCC2(CC1)OCCN2S(=O)(=O)c1ccccc1,14.333333333333332,chembl
O=C(Nc1ccccc1)N1CCC2(OCCN2S(=O)(=O)c2ccccc2)C(F)(F)C1,28.0,chembl
O=C(Nc1ccccc1)N1CCC2(OCCN2S(=O)(=O)c2ccccc2)[C@@H](F)C1,0.6666666666666666,chembl
O=C(Nc1ccccc1)N1CCC2(OCCN2S(=O)(=O)c2ccccc2)[C@H](F)C1,11.333333333333329,chembl
O=C(Nc1ccccc1-c1ccc(O)c(Cl)c1)OC1CCN(CCCCCCCCCNC[C@H](O)c2ccc(O)c3[nH]c(=O)ccc23)CC1,7.999999999999999,chembl
O=C1CCC2(CCN(C(CNC(=O)C3(c4ccc(F)cc4)CC3)Cc3ccc(F)cc3)CC2)N1,56.00000000000001,chembl
O=C1CCc2cccc(OC[C@@H](O)CN3CCC4(CC3)Cc3cc(Cl)ccc3O4)c2N1,21.666666666666664,chembl
O=C1COc2cccc(OC[C@@H](O)CN3CCC4(CC3)Cc3cc(Cl)ccc3O4)c2N1,11.233333333333333,chembl
O=C1Cc2c(cccc2Oc2ccc(Nc3ncnc4ccn(CCO)c34)cc2Cl)N1,47.00000000000001,chembl
O=C1OC(c2ccc(F)cc2)CN1c1cccc(Cl)c1,23.999999999999993,chembl
O=C1OC(c2ccc(F)cc2)CN1c1cccc(F)c1,27.000000000000004,chembl
O=C1OC(c2ccc(F)cc2)CN1c1ccccc1,15.000000000000004,chembl
O=Cc1ccc2c(c1)OCC[C@H]2NC(=O)C[C@@H]1C(=O)Nc2ccccc2N1S(=O)(=O)c1ccc(Cl)c(Cl)c1,135.6666666666667,chembl
O=S(=O)(CCO)CCn1ccc2ncnc(Nc3ccc(Oc4cccc(C(F)(F)F)c4)c(Cl)c3)c21,5.666666666666665,chembl
O=S(=O)(Nc1ccc(-c2cc[nH]n2)cc1)c1cc(Cl)cc(Cl)c1,127.99999999999999,chembl
O=S(=O)(Nc1ccc(-c2ccncc2)cc1)c1cc(Cl)cc(Cl)c1,11.666666666666663,chembl
O=S(=O)(Nc1ccc(-c2cncnc2)cc1)c1cc(Cl)cc(Cl)c1,15.000000000000004,chembl
O=S(=O)(Nc1ccc(-c2cnco2)cc1)c1cc(Cl)cc(Cl)c1,10.666666666666664,chembl
O=S(=O)(Nc1ccc(-c2nnco2)cc1)c1cc(Cl)cc(Cl)c1,31.33333333333333,chembl
O=S(=O)(c1ccccc1)N1CCOC12CCN(c1cnc3ccccc3n1)CC2,33.33333333333332,chembl
O=c1ccc2c([C@@H](O)CNCCCCCCCCCN3CCC(Cn4cnc(C(O)(c5ccccc5)C5CCCCC5)n4)CC3)ccc(O)c2[nH]1,1.0666666666666667,chembl
O=c1ccc2c([C@@H](O)CNCCCCCCCCCN3CCC(Cn4cnc([C@](O)(c5ccccc5)C5CCCCC5)n4)CC3)ccc(O)c2[nH]1,1.3333333333333333,chembl
O=c1ccc2c([C@@H](O)CNCCCCCCCCCN3CCC(Oc4nn(-c5c(O)cccc5F)c5c4CCCC5)CC3)ccc(O)c2[nH]1,8.333333333333332,chembl
O=c1ccc2c([C@@H](O)CNCCc3ccc(CCN4CCC(Cn5cnc([C@](O)(c6ccccc6)C6CCCCC6)n5)CC4)cc3)ccc(O)c2[nH]1,3.0,chembl
O=c1ccc2cccc(OC[C@@H](O)CN3CCC4(CC3)Cc3cc(Cl)ccc3O4)c2[nH]1,4.166666666666667,chembl
OCCCCCn1ccc2ncnc(Nc3ccc(Oc4cccc(C(F)(F)F)c4)c(Cl)c3)c21,11.333333333333329,chembl
OCCNCCn1ccc2ncnc(Nc3ccc(Oc4cccc(C(F)(F)F)c4)c(Cl)c3)c21,15.000000000000004,chembl
OCCOCCn1ccc2ncnc(Nc3ccc(Oc4cccc(C(F)(F)F)c4)c(Cl)c3)c21,21.0,chembl
OCCOCCn1ccc2ncnc(Nc3ccc(Oc4cccc(Cl)c4)c(Cl)c3)c21,24.333333333333336,chembl
OCCOCCn1ccc2ncnc(Nc3ccc(Oc4cccc(OC(F)(F)F)c4)c(Cl)c3)c21,17.666666666666664,chembl
OCCOCCn1ccc2ncnc(Nc3cnc(Oc4cccc(C(F)(F)F)c4)c(Cl)c3)c21,32.00000000000001,chembl
OCCSCCn1ccc2ncnc(Nc3ccc(Oc4cccc(C(F)(F)F)c4)c(Cl)c3)c21,29.333333333333325,chembl
OCCn1ccc2ncnc(Nc3ccc(Oc4cccc(C(F)(F)F)c4)c(Cl)c3)c21,11.666666666666663,chembl
OCCn1ccc2ncnc(Nc3ccc(Oc4cccc(Cl)c4)c(Cl)c3)c21,7.666666666666667,chembl
OCCn1ccc2ncnc(Nc3ccc(Oc4cccc(OC(F)(F)F)c4)c(Cl)c3)c21,5.333333333333333,chembl
OCCn1ccc2ncnc(Nc3ccc(Oc4cccc5[nH]ccc45)c(Cl)c3)c21,68.00000000000001,chembl
OCCn1ccc2ncnc(Nc3ccc(Oc4cccc5[nH]ncc45)c(Cl)c3)c21,37.99999999999999,chembl
OCCn1ccc2ncnc(Nc3ccc(Oc4cccc5sccc45)c(Cl)c3)c21,47.99999999999999,chembl
OCCn1ccc2ncnc(Nc3ccc(Oc4cccc5sncc45)c(Cl)c3)c21,42.99999999999999,chembl
OCc1nnc(-c2ccc(N3CCC(c4ccc(C(F)(F)F)cc4)(C(F)(F)F)CC3)nn2)o1,4.666666666666667,chembl
OCc1noc(-c2ccc(N3CCC(c4ccc(C(F)(F)F)cc4)(C(F)(F)F)CC3)nn2)n1,6.666666666666667,chembl
OCc1nsc(-c2ccc(N3CCC(c4ccc(C(F)(F)F)cc4)(C(F)(F)F)CC3)nn2)n1,3.333333333333333,chembl
[O-][S+](CCO)CCn1ccc2ncnc(Nc3ccc(Oc4cccc(C(F)(F)F)c4)c(Cl)c3)c21,5.666666666666665,chembl
c1ccc(CC2(c3ccc4[nH]ccc4c3)CCNC2)cc1,41.36557881996951,chembl
c1ccc(CC2(c3ccc4[nH]ccc4c3)CCNC2)nc1,28.666666666666668,chembl
c1ccc(CC2(c3ccc4[nH]ncc4c3)CCNC2)cc1,9.333333333333332,chembl
c1ccc(CC2(c3ccc4sccc4c3)CCNC2)cc1,66.00000000000001,chembl
c1ccc(CC2(c3cnc4[nH]ccc4c3)CCNC2)cc1,22.999999999999996,chembl
c1ccc(CCC2(c3ccc4[nH]ccc4c3)CCNC2)cc1,35.333333333333336,chembl
