name,smiles,fup
CHEMBL2206790,COCC[C@H](Oc1ncnc2c1cnn2-c1ccccc1Cl)C(=O)Nc1ccc(C)cn1,0.045699999999999935
CHEMBL1459588,CCCCCOc1ccc(C(=O)NC(C(=O)O)C(C)C)cc1,0.017099999999999938
CHEMBL1916543,COc1ncc2ccc(=O)n(CCN3CCC(NCc4cc5c(cn4)OCCO5)CC3)c2n1,0.27549999999999997
CHEMBL521407,CN1CCN(c2ccc3ncc(C(N)=O)c(Nc4ccc(Cl)cc4Cl)c3c2)CC1,0.01790000000000006
CHEMBL1807851,C[C@H]1O[C@@H](n2cnc3c(N)nc(OCC4CC45CC5)nc32)[C@H](O)[C@@H]1O,0.24879999999999997
CHEMBL2335893,COCCC(=O)N[C@H](C)c1ccc(Nc2ncc3cc(-c4ccncc4)ccc3n2)cc1,0.018299999999999983
CHEMBL1824037,O=C1COc2ccc(CNC3CCN(CCN4C(=O)COc5ccc([N+](=O)[O-])cc54)CC3)nc2N1,0.24879999999999997
CHEMBL2158822,O=C(O)c1ccccc1N1CCC(CN2CCC(Oc3ccc(Cl)c(Cl)c3)CC2)CC1,0.17950000000000002
CHEMBL2331843,CCc1[nH]c2nc(Sc3cnc4ccc[n+]([O-])c4c3)nc(N3CC[C@@H](N)C3)c2c1Cl,0.20450000000000002
CHEMBL216981,CC[C@@H](Nc1c(Nc2cccc(C(=O)N(C)C)c2O)c(=O)c1=O)c1ccc(C)o1,0.01790000000000006
CHEMBL832,O=C1C(CC[S+]([O-])c2ccccc2)C(=O)N(c2ccccc2)N1c1ccccc1,0.006899999999999977
CHEMBL481220,CC(C)Oc1cc2ncc(C(N)=O)c(Nc3ccc(F)cc3F)c2cc1N1CCN(C)CC1,0.017099999999999938
CHEMBL514670,Cc1ccc(NC(=O)c2cccc(C(F)(F)F)c2)cc1C(=O)Nc1cnc(N)c(Cl)c1,0.015999999999999945
CHEMBL106,OC(Cn1cncn1)(Cn1cncn1)c1ccc(F)cc1F,0.8576999999999999
CHEMBL384467,C[C@@H]1C[C@H]2[C@@H]3CCC4=CC(=O)C=C[C@]4(C)[C@@]3(F)[C@@H](O)C[C@]2(C)[C@@]1(O)C(=O)CO,0.2847
CHEMBL539163,Cn1c(C#N)ccc1-c1ccc2c(c1)C(C)(C)OC(=S)N2,0.01790000000000006
CHEMBL1778628,N#Cc1cccc(-c2cc(C(F)(F)F)ccc2OCC(=O)O)c1,0.013900000000000006
CHEMBL1940832,O=CNc1cc([C@@H](O)CNCCc2ccc(NC[C@H](O)c3ccccc3)cc2)ccc1O,0.2847
CHEMBL2062582,CC(=O)Nc1ccc2c(c1)c(-c1cc(NC3CC3)n3ncc(C#N)c3n1)cn2CCO,0.01790000000000006
CHEMBL153064,CC(=O)c1cc2ccc(O)cc2oc1=O,0.014899999999999948
CHEMBL1231626,NC(=O)c1cnc(N[C@H]2CCCNC2)c2cc(-c3ccc(Cl)cc3)sc12,0.008100000000000022
CHEMBL2170975,CC(C)(C)OC(=O)NCCCSC[C@H]1O[C@@H](n2cnc3c(N)ncnc32)[C@H](O)[C@@H]1O,0.2361
CHEMBL2139925,CCc1nc2ccc(C(=O)NCc3ccc4c(c3)OCO4)cn2c1N(C)Cc1cccs1,0.0034999999999999433
CHEMBL1086473,CCCCc1nc2c(N)nc3ccccc3c2n1Cc1ccccc1,0.017099999999999938
CHEMBL2059875,Cc1ccc(-c2ccccn2)cc1NC(=O)c1ccc(OCc2ccccn2)cc1,0.011099999999999994
CHEMBL373751,COc1cc2ncn(-c3cc(OCc4ccccc4S(C)(=O)=O)c(C#N)s3)c2cc1OC,0.011099999999999994
CHEMBL2147221,COc1ncc(-c2cccc(C)c2CCNC(=O)c2ccc(OCCC(F)(F)F)nc2)cn1,0.005
CHEMBL81,O=C(c1ccc(OCCN2CCCCC2)cc1)c1c(-c2ccc(O)cc2)sc2cc(O)ccc12,0.005
CHEMBL1689117,O=C(O)COc1ccc(Cl)cc1CN1CCN(S(=O)(=O)c2ccc(F)cc2)CC1,0.010100000000000052
CHEMBL254832,CC(NCCC(c1ccccc1)c1ccccc1)c1ccccc1,0.011599999999999966
CHEMBL2335897,C[C@@H](NC(=O)[C@H]1CCCCN1)c1ccc(Nc2ncc3cc(-c4ccncc4)ccc3n2)cc1,0.048799999999999955
CHEMBL1917446,Cc1ccc2c(c1)c(S(=O)(=O)c1ccc(Cl)cc1)c(C)n2CC(=O)O,0.00519999999999996
CHEMBL1852508,Cc1cc(-c2ccc(Cl)c(C(=O)NCC3(O)CCCCCC3)c2)nn1C[C@H](O)CN,0.3039
CHEMBL561368,CC(C)NC(=O)c1cnc(N2CCC(N3C(=O)OCc4ccccc43)CC2)c(Cl)c1,0.0056000000000000225
CHEMBL406366,O=C(O)CSCC(=O)Nc1nc(-c2ccccc2)cs1,0.009699999999999988
CHEMBL2151323,CC(C)Oc1cc(-n2cnc3cnc(N[C@@H](C)c4ncc(F)cn4)nc32)n[nH]1,0.30879999999999996
CHEMBL2011920,CNc1c(Br)cnc2[nH]c(-c3cnn(C4CCN(C)CC4)c3)nc12,0.22790000000000007
CHEMBL1689111,O=C(O)COc1ccc(Cl)cc1CN1CCN(S(=O)(=O)Cc2ccccc2)CC1,0.006700000000000017
CHEMBL2177305,CCn1cc([C@]2(c3cccc(NC(=O)c4ccc(Cl)cn4)c3)N=C(N)c3c(F)cccc32)cc(C)c1=O,0.017099999999999938
CHEMBL1232461,CCNC(=O)C[C@@H]1N=C(c2ccc(Cl)cc2)c2cc(OC)ccc2-n2c(C)nnc21,0.2403
CHEMBL2179273,CCC[C@H](c1ccc(C(=O)O)c(Oc2cccc(Cl)c2)c1)N1CCC[C@H](n2cc(C)c(=O)[nH]c2=O)C1,0.011899999999999977
CHEMBL396043,C[C@H](CO)Nc1nc(SCc2cccc(F)c2F)nc2nc(NC3CC3)sc12,0.012199999999999989
CHEMBL143305,Cc1cc(CCCOc2c(Cl)cc(C3=NCCO3)cc2Cl)on1,0.003400000000000034
CHEMBL2208430,O=C(NC[C@@H](O)CN1CCC(Oc2ccc(Cl)c(Cl)c2)CC1)c1c[nH]c2ccccc12,0.019099999999999964
CHEMBL384260,COc1cc(OC2CCN(C)CC2)c2c(Nc3cccc4c3OCO4)ncnc2c1,0.020900000000000033
CHEMBL2059861,Cc1ccc(-c2nccn2C)cc1NC(=O)c1ccc(OCc2ccccn2)cc1,0.05099999999999994
CHEMBL2011123,CCOc1ccc([C@@H](C)Nc2nc(N3CCN(C(C)=O)CC3)nc3c2CN(C(C)C)C3=O)cc1F,0.33390000000000003
CHEMBL2338403,CC(C)(C)S(=O)(=O)CCCN1CCN(CC(=O)NC23CC4CC(CC(C4)C2)C3)CC1,0.3494
CHEMBL2316386,C[S+]([O-])Cc1ccc(C(=O)Nc2ccc(OCCOCCO)nc2C(=O)NCC2CCC2)c2ccccc12,0.04989999999999995
CHEMBL2181808,Cc1c(CC(=O)O)c2cc(F)ccc2n1Cc1nc2ccccc2s1,0.016700000000000017
CHEMBL2011917,CNc1c(Br)cnc2[nH]c(-c3ccc(OCCN4CCOCC4)cc3)nc12,0.014899999999999948
CHEMBL2062561,COc1ccc(-c2cc(Nc3ccn(C)n3)n3ncc(C#N)c3n2)cc1,0.01790000000000006
CHEMBL1096418,Nc1scc2c(C(=O)NC3CC3)nn(-c3ccc(Cl)cc3)c(=O)c12,0.01790000000000006
CHEMBL2158792,Cc1cc(OC2CCN(CC3CCN([C@@](C)(Cc4ccc(F)cc4)C(=O)O)CC3)CC2)ccc1Cl,0.21209999999999993
CHEMBL2164742,N#Cc1ccc2ccc(=O)n(CCN3CC[C@H](NCc4ccc5c(n4)NC(=O)CO5)[C@H](O)C3)c2c1,0.20829999999999999
CHEMBL393754,O=C(NCC12CC3CC(CC(C3)C1)C2)c1cc(C(=O)N2CC3CNCC(C2)O3)ccc1Cl,0.30879999999999996
CHEMBL1090771,NC(=O)[C@@H](CCC(F)(F)F)N(Cc1ccc(-c2ncon2)cc1F)S(=O)(=O)c1ccc(Cl)cc1,0.016700000000000017
CHEMBL1461208,COc1ccc(S(=O)(=O)N2CC(C)N(S(=O)(=O)c3ccc(OC)cc3)CC2C)cc1,0.0034999999999999433
CHEMBL1778644,CCS(=O)(=O)c1ccc(-c2cc(Cl)ccc2OCC(=O)O)c(F)c1,0.048799999999999955
CHEMBL1818291,CC(C)(C)OC(=O)NC[C@H]1CC[C@H](CNC(=O)c2cc(-c3cccc(CN)c3)nc3ccccc23)CC1,0.013900000000000006
CHEMBL2158783,Cc1c(Cl)ccc(OC2CCN(CC3CCN([C@@H](Cc4ccc(F)cc4)C(=O)O)CC3)CC2)c1Cl,0.03739999999999995
CHEMBL182997,CC(C)(C)[C@@H](O)C(=O)N1CCC[C@H]1C(=O)NCc1cc(Cl)ccc1CN,0.5799
CHEMBL210887,O=C(Nc1nc2ccccc2n1CCCO)c1cccc([N+](=O)[O-])c1,0.08010000000000005
CHEMBL436826,CCOc1ccc(-n2c([C@@H](C)N(Cc3cccnc3)C(=O)Cc3ccc(C(F)(F)F)cc3)nc3ccccc3c2=O)cc1,0.004699999999999989
CHEMBL1463345,C[C@]12CCC(=O)C=C1C=C[C@@H]1[C@@H]2CC[C@@]2(C)[C@H]1CC[C@@]21CCC(=O)O1,0.05939999999999998
CHEMBL239767,O=C(Nc1ccc([N+](=O)[O-])cc1O)Nc1ccccc1Br,0.0026999999999999602
CHEMBL1417725,Cc1nc(-c2cccc(C(F)(F)F)c2)sc1C(=O)O,0.0029999999999999714
CHEMBL378997,COC(=O)N[C@@H](C)C#Cc1cnc(Oc2ccc(OC(C)C)cc2)s1,0.003400000000000034
CHEMBL2207600,COc1cc(OC)c(S(=O)(=O)N(c2ccc(C)cc2)c2ccc(C)cc2)cc1NC(=O)CCC(=O)O,0.048799999999999955
CHEMBL2349335,CC(C)C[C@H](CO)Nc1nc(SCc2ccccc2)nc2nc(N)sc12,0.004399999999999977
CHEMBL239336,CC1=C(C(=O)OCc2ccccc2)C(c2cccs2)NC(=O)N1,0.026800000000000067
CHEMBL2152524,c1ccc([C@@H]([C@H](c2ccccc2)N2CCCC2)N2CCCC2)cc1,0.16959999999999995
CHEMBL20210,CCOC(=O)/C=C/[C@H](C[C@@H]1CCNC1=O)NC(=O)[C@@H](CC(=O)[C@@H](NC(=O)c1cc(C)on1)C(C)C)Cc1ccc(F)cc1,0.16959999999999995
CHEMBL1539037,COc1ccc(NC(=O)CCc2c(C)nc3nc(C)nn3c2C)cc1,0.1761
CHEMBL570002,Cc1cc(Nc2cnc(C#N)c(N[C@@H](C)c3ncc(F)cn3)n2)n[nH]1,0.1864
CHEMBL2171034,O=C(NS(=O)(=O)c1ccc(F)cc1)N1CCC(N2CCC(Oc3ccc(Cl)c(Cl)c3)CC2)CC1,0.19349999999999995
CHEMBL284275,COc1ccc(Cc2c(N)n[nH]c2N)cc1,0.19349999999999995
CHEMBL1807820,O=c1[nH]c2c(O)ccc([C@@H](O)CNCCCSCCOCCc3cccc4ccccc34)c2s1,0.006700000000000017
CHEMBL2169919,CC(C)N(CCCNC(=O)Nc1ccc(C(C)(C)C)cc1)C[C@H]1O[C@@H](n2ccc3c(N)ncnc32)[C@H](O)[C@@H]1O,0.20079999999999998
CHEMBL1916278,Cc1ccc(S(=O)(=O)Nc2c(C(=O)NC3CCOCC3)c(C)nn2-c2ccccc2)cc1,0.026200000000000046
CHEMBL650,C[C@H]1C[C@@H]2[C@H]([C@@H](O)C[C@@]3(C)[C@H]2CC[C@]3(O)C(=O)CO)[C@@]2(C)C=CC(=O)C=C12,0.20079999999999998
CHEMBL1650737,COc1cc(Nc2nc(N[C@@H](C)c3ncc(F)cn3)nc(N3CCOCC3)c2Cl)n[nH]1,0.07840000000000004
CHEMBL1222381,O=C(NC1CC1)c1cc(-c2cccs2)on1,0.07680000000000006
CHEMBL1645392,Cc1noc(C)c1-c1ccc(CNS(=O)(=O)c2c(C)noc2C)cc1,0.07519999999999996
CHEMBL481611,CC(C)(F)C[C@H](N[C@@H](c1ccc(-c2ccc(S(C)(=O)=O)cc2)cc1)C(F)(F)F)C(=O)NC1(C#N)CC1,0.06060000000000002
CHEMBL1921944,C[C@@](C(=O)O[C@H]1C[N+]2(CC(=O)Nc3cccc(F)c3)CCC1CC2)(c1ccccc1)N1CCCCC1,0.0040000000000000565
CHEMBL2313229,O=P(c1ccccc1)(c1ccccc1)N(Cc1ccccn1)Cc1ccccn1,0.004899999999999949
CHEMBL1645495,O=c1cc(-c2cccnc2)[nH]c2cc(Cc3ccccc3)ccc12,0.0051000000000000515
CHEMBL2181927,CCOc1ncc(C)c2c1[C@H](c1ccc(C#N)cc1OC)C(C(N)=O)=C(C)N2,0.07519999999999996
CHEMBL538936,O=C(CC1CCN(Cc2ccn(-c3ccc(C(F)(F)F)cn3)c2)CC1)NC(c1ccc(F)cc1)c1ccc(F)cc1,0.005300000000000011
CHEMBL2349329,CC(C)C[C@H](CO)Nc1nc(SCc2cccc(C#N)c2)nc2nc(N)sc12,0.008599999999999995
CHEMBL402728,Cc1nc(CSc2nc(N[C@H](C)CO)c3sc(=O)[nH]c3n2)cs1,0.008599999999999995
CHEMBL571353,Cc1nc(C(F)(F)F)ccc1C(=O)Nc1ccc(Cl)c(-c2ccccn2)c1,0.009899999999999949
CHEMBL1957480,COCC#Cc1cccc(C2(c3ccc(OC(F)F)cc3)N=C(N)N3CC(F)(F)CN=C32)c1,0.011099999999999994
CHEMBL2158828,O=C(O)COc1ccccc1N1CCC(CN2CCC(Oc3ccc(Cl)c(Cl)c3)CC2)CC1,0.011400000000000006
CHEMBL611,COc1cc2nc(N3CCN(C(=O)C4CCCO4)CC3)nc(N)c2cc1OC,0.20450000000000002
CHEMBL2337984,CC(C)(C)NC(=O)CN1CCN(CC(=O)NC23CC4CC(CC(C4)C2)C3)CC1,0.29900000000000004
CHEMBL981,CC(C)(Oc1ccc(C(=O)c2ccc(Cl)cc2)cc1)C(=O)O,0.011899999999999977
CHEMBL1778623,CCN(CC)S(=O)(=O)c1ccc(-c2cc(C(F)(F)F)ccc2OCC(=O)O)cc1,0.012199999999999989
CHEMBL1088751,CNC(=O)c1ccc(C)c(-n2c(C)cc(OCc3ccc(F)cc3F)c(Br)c2=O)c1,0.0647
CHEMBL2165192,CC1CN(c2cc(=O)[nH]c(NCc3cccc4ccccc34)n2)CCO1,0.012999999999999972
CHEMBL2011938,COc1ccc(-c2nc3c(NCCCNC(=O)c4cccnc4)c(Br)cnc3[nH]2)cc1,0.012999999999999972
CHEMBL1277809,O=C(NCc1ccccn1)c1cc(-c2ccccc2)nc2ccccc12,0.012999999999999972
CHEMBL440405,CS(=O)(=O)NC(=O)CCCc1c(-c2ccc(F)cc2)[nH]c2ccc(C#N)cc12,0.012999999999999972
CHEMBL1313956,O=C(COc1ccccc1Cl)c1ccc[nH]1,0.06760000000000005
CHEMBL1610669,CC(C)CCOc1ccc(N)cc1,0.06760000000000005
CHEMBL2071601,CC(C)C(NC(=O)c1cc(Cl)ccc1C(F)(F)F)C(=O)c1ccc([N+](=O)[O-])cc1,0.011899999999999977
CHEMBL1290284,COc1cc(C(=O)OCCCCNC(=N)N)cc(OC)c1O,0.6186
CHEMBL602180,COc1cnc(-c2ccccn2)nc1N1CCCC1,0.06609999999999999
CHEMBL1994944,Cn1ncc2c(=O)[nH]c(-c3ccccc3)nc21,0.06760000000000005
CHEMBL411329,O[C@H](c1cc(C(F)(F)F)nc2c(C(F)(F)F)cccc12)[C@@H]1CCCCN1,0.021400000000000006
CHEMBL253641,CCNc1cc(C(=O)N[C@@H](Cc2ccccc2)[C@H](O)CNCc2cccc(C(F)(F)F)c2)c(F)c(N2CCCCS2(=O)=O)c1,0.011899999999999977
CHEMBL726,OCCN1CCN(CCCN2c3ccccc3Sc3ccc(C(F)(F)F)cc32)CC1,0.011899999999999977
CHEMBL2331752,Cc1cn([C@H]2CCCN(S(=O)(=O)c3ccc(O)c(Oc4cc(F)cc(Cl)c4)c3)C2)c(=O)[nH]c1=O,0.011899999999999977
CHEMBL1917440,Cc1c(Sc2ccc(Cl)cc2)c2c(-c3cnccn3)cccc2n1CC(=O)O,0.01239999999999995
CHEMBL551924,O=C(CC1CCN(Cc2ccn(-c3ccc(C(F)(F)F)cc3)c2)CC1)NC(c1ccncc1)c1ccc(Cl)cc1,0.012999999999999972
CHEMBL2062574,CC(=O)Nc1ccc2ccn(-c3cc(NCCN4CCCC4)n4ncc(C#N)c4n3)c2c1,0.055600000000000024
CHEMBL1724416,Cc1ccc(S(=O)(=O)Nc2ccc3nc(C)oc3c2)cc1,0.020900000000000033
CHEMBL2205498,CC(C)COc1ccc(-c2cc(O)nc(N)n2)cc1,0.03739999999999995
CHEMBL1354035,COCCNCC(=O)NC12CC3CC(CC(C3)C1)C2,0.5
CHEMBL782,CCCCNC(=O)NS(=O)(=O)c1ccc(C)cc1,0.019099999999999964
CHEMBL218628,CNc1nc2ccccc2n1Cc1sc2c(c1C(=O)N1C[C@H](O)CO1)c(=O)n(C)c(=O)n2CC(C)C,0.523
CHEMBL2111112,COc1ccc(CCO[C@@H]2CCCC[C@H]2N2CC[C@@H](O)C2)cc1OC,0.6294
CHEMBL1775161,O=C(O)c1cn(Cc2ccccc2)c2ccccc12,0.019099999999999964
CHEMBL2158827,O=C(O)Cc1ccc(N2CCC(CN3CCC(Oc4ccc(Cl)c(Cl)c4)CC3)CC2)cc1,0.02
CHEMBL1312533,CC(=O)NC1CC2CCCC(C1)N2C(=O)Nc1ccc(Cl)c(C(F)(F)F)c1,0.020900000000000033
CHEMBL479840,CCOc1cc2ncc(C(N)=O)c(Nc3cccc(Cl)c3Cl)c2cc1N1CCN(CC)CC1,0.018299999999999983
CHEMBL2147307,COc1cnc(-c2c(C)ccc(F)c2CCNC(=O)c2ccc(COCC(F)(F)F)nc2)cn1,0.024000000000000056
CHEMBL275955,NC1=NC(c2ccc(F)cc2)Cc2ccc(F)cc21,0.3288
CHEMBL2165054,CO[C@H]1CN(CCn2c(=O)ccc3ccc(C#N)cc32)CC[C@H]1NCc1cc2c(cn1)OCCO2,0.4827
CHEMBL48361,Cn1c(CNc2ccc(C(=N)N)cc2)nc2cc(C(=O)N(CCC(=O)O)c3ccccn3)ccc21,0.5288
CHEMBL2171277,Cc1ccc(NC(=O)[C@H]2CCCN2S(=O)(=O)c2cccc3cccnc23)c(C)c1,0.021400000000000006
CHEMBL511115,COc1ccc([C@]2(C#N)CC[C@@H](C(=O)O)CC2)cc1OC1CCCC1,0.011599999999999966
CHEMBL429682,C[C@H](CO)Nc1nc(SCc2cccc(F)c2F)nc2nc(NS(C)(=O)=O)sc12,0.011400000000000006
CHEMBL509973,CC(NC(=O)c1cc2ccccc2[nH]1)c1ccccc1,0.02189999999999998
CHEMBL2068817,COc1ccccc1CN(C(C)=O)c1cnccc1Oc1ccccc1,0.06900000000000006
CHEMBL2178390,Cc1nc(C(C)C)c(C(N)=O)nc1-c1ccc([C@H]2CC[C@H](CC(=O)O)CC2)cc1,0.026200000000000046
CHEMBL2088393,CC(C)(C)Oc1ccc(C(=O)Nc2ccc3sc(CO)nc3c2)cc1,0.05099999999999994
CHEMBL54429,O=C(Cc1ccc(OCc2ccccc2)cc1)NO,0.06329999999999998
CHEMBL473622,COc1cncc(NC(=O)c2cc(NC(=O)c3cccc(C(C)(C)C#N)c3)ccc2C)c1,0.025100000000000053
CHEMBL941,Cc1ccc(NC(=O)c2ccc(CN3CCN(C)CC3)cc2)cc1Nc1nccc(-c2cccnc2)n1,0.06329999999999998
CHEMBL36,CCc1nc(N)nc(N)c1-c1ccc(Cl)cc1,0.0736
CHEMBL401158,CCCCNc1nc(SCCC)nc2c1nnn2[C@@H]1C[C@H](CO)[C@@H](O)[C@H]1O,0.024000000000000056
CHEMBL2178937,Cc1nc(C)c(-c2ccc([C@H]3CC[C@H](CC(=O)NC(C)(C)C(=O)O)CC3)cc2)nc1C(N)=O,0.07840000000000004
CHEMBL462132,Cc1ncc(NC(=O)c2cc(NC(=O)c3cccc(C(F)(F)F)c3)ccc2Cl)s1,0.0040000000000000565
CHEMBL1922056,C[C@@](C(=O)O[C@H]1C[N+]2(Cc3nc(-c4ccccc4)no3)CCC1CC2)(c1ccccc1)N1CCCCC1,0.023400000000000035
CHEMBL235579,O=C(NCC12CC3CC(CC(C3)C1)C2)c1cc(O[C@H]2CCCNC2)ccc1Cl,0.054399999999999976
CHEMBL2165177,CN(Cc1cccc2ccccc12)c1cc(N2CCOCC2)nc(=O)[nH]1,0.056800000000000066
CHEMBL1917432,Cc1c(Sc2ccc(Cl)cc2)c2c(S(C)(=O)=O)cccc2n1CC(=O)O,0.035
CHEMBL1703518,CCN(CC)S(=O)(=O)c1ccc(-c2nnc(SCC(=O)N3CCc4ccccc43)o2)cc1,0.0034999999999999433
CHEMBL260091,C[C@@H](O)[C@H](NC(=O)c1ccc(C#Cc2ccc(CN3CCOCC3)cc2)cc1)C(=O)NO,0.035799999999999985
CHEMBL934,CC(C)(C(=O)c1cccnc1)c1cccnc1,0.8881999999999999
CHEMBL1364767,Cc1nn(C2CCCCC2)c(N)c1-c1ccccc1,0.04469999999999999
CHEMBL1486517,O=C(C1CCN(c2nnc(-n3cccc3)s2)CC1)N1CCN(Cc2ccc3c(c2)OCO3)CC1,0.04469999999999999
CHEMBL169526,CC(C)(C)COc1ccc(-n2cc(C(=O)O)cn2)cc1C#N,0.022399999999999948
CHEMBL1916282,Cc1ccc(S(=O)(=O)Nc2c(C(=O)N[C@@H](C)C(C)(C)C)c(C)nn2-c2ccccc2)cc1,0.011099999999999994
CHEMBL343199,CCOC(=O)Nc1cc2c(c(N)n1)N=C(c1ccccc1)CCN2,0.054399999999999976
CHEMBL1957845,O=c1cc(N2CCOCC2)nc2n(Cc3cccc(F)c3)ccn12,0.21989999999999996
CHEMBL2180273,CCOC(=O)C1=C(C)NC2=C(C(=O)CC(C)(C)C2)C1c1ccc(-c2ccccc2)cc1,0.001700000000000017
CHEMBL2178951,Cc1ncc(C(N)=O)nc1-c1ccc([C@H]2CC[C@H](CC(=O)O)CC2)cc1,0.056800000000000066
CHEMBL1518,CCCc1cc(=O)[nH]c(=S)[nH]1,0.5911
CHEMBL1363,COc1ccc(C[C@@H](C)NC[C@H](O)c2ccc(O)c(NC=O)c2)cc1,0.6812999999999999
CHEMBL1422,N[C@@H](CC(=O)N1CCn2c(nnc2C(F)(F)F)C1)Cc1cc(F)c(F)cc1F,0.7681
CHEMBL2011934,COc1ccc(-c2nc3c(NCCCN(C)C(=O)C4CCC4)c(Br)cnc3[nH]2)cc1,0.0021999999999999884
CHEMBL88,O=P1(N(CCCl)CCCl)NCCCO1,0.7992
CHEMBL2062563,CC(=O)Nc1ccc2ccn(-c3cc(NC4CC4)n4ncc(C#N)c4n3)c2c1,0.013900000000000006
CHEMBL1087398,C[C@H](Nc1nc(Nc2ncc(C#N)s2)cc(N2CCOCC2)n1)c1ccc(F)cn1,0.05939999999999998
CHEMBL1818294,CN(C)CCN1CCN(c2cc(C(=O)NC[C@H]3CC[C@H](CNC(=O)OC(C)(C)C)CC3)c3ccccc3n2)CC1,0.06060000000000002
CHEMBL1091678,CC(=O)N[C@@H](CCN)C(=O)N[C@H](C(=O)N[C@@H](CCN)C(=O)N[C@H]1CCNC(=O)[C@H]([C@@H](C)O)NC(=O)[C@H](CCN)NC(=O)[C@H](CCN)NC(=O)[C@H](CC(C)C)NC(=O)[C@@H](Cc2ccccc2)NC(=O)[C@H](CCN)NC1=O)[C@@H](C)O,0.3545999999999999
CHEMBL2058280,Nc1scc2c(C(=O)NC3CC3)nn(-c3ccc(F)cc3)c(=O)c12,0.06900000000000006
CHEMBL2153435,CCNC(=O)C[C@H]1N=C(c2ccc(Cl)cc2)c2cc(OC)ccc2-n2c(C)nnc21,0.06900000000000006
CHEMBL321590,O=C(NO)C1COC(c2ccc(F)c(C(F)(F)F)c2)=N1,0.0836
CHEMBL638,C[C@@H](c1ncncc1F)[C@](O)(Cn1cncn1)c1ccc(F)cc1F,0.5345
CHEMBL1214,CC1(C)S[C@@H]2[C@H](NC(=O)C(C(=O)O)c3ccccc3)C(=O)N2[C@H]1C(=O)O,0.5459
CHEMBL573,O=C(O)c1cccnc1,0.5516
CHEMBL2348645,CNc1nc(C)c(-c2nc(Nc3cccc(N4CCCCC4)c3)ncc2C#N)s1,0.0018999999999999772
CHEMBL562308,O=C(CC12CC3CC(CC(C3)C1)C2)Nc1cccc2nc(NCCNCCO)ccc12,0.045699999999999935
CHEMBL126,CC(=O)NC[C@H]1CN(c2ccc(N3CCOCC3)c(F)c2)C(=O)O1,0.7721000000000001
CHEMBL151592,Cc1cccc(C(N)=O)c1NC(=O)c1ccccc1,0.4484
CHEMBL2144205,COc1cc2nc(-c3ccc(N4CCN(C)CC4)cc3)nc(NCCN3CCOCC3)c2cc1OC,0.4484
CHEMBL107313,CCCc1cc(C2=N[C@@H](C(=O)NO)CO2)cc(OC)c1OC,0.056800000000000066
CHEMBL1871428,Oc1ncc(NCc2ccccc2)c(O)n1,0.6347
CHEMBL2179667,Cc1cccc(Oc2cc(CN3CCC[C@H](n4cc(C)c(=O)[nH]c4=O)C3)ccc2C(=O)O)c1,0.03829999999999998
CHEMBL1598315,CNC(=O)c1snnc1-c1ccccc1,0.563
CHEMBL1491,CCOC(=O)C1=C(COCCN)NC(C)=C(C(=O)OC)C1c1ccccc1Cl,0.019099999999999964
CHEMBL481595,COc1cc2ncc(C(N)=O)c(Nc3cccc(Cl)c3Cl)c2cc1NCCN1CCCCC1,0.020900000000000033
CHEMBL1938681,O=C(c1ccc(-c2ccc(Cl)cc2)o1)N(Cc1ccccn1)c1ccc(N2CCNCC2)cc1,0.026800000000000067
CHEMBL1489611,Cc1cc(C)cc(-c2nnc(SCC(=O)N3CCN(C(=O)c4ccco4)CC3)o2)c1,0.032099999999999934
CHEMBL1770469,CSCCC(NC(=O)c1cnccn1)c1nc2ccccc2[nH]1,0.3978
CHEMBL1950846,CN[C@@H](C)C(=O)N[C@H](C(=O)N[C@H]1CCCN(S(=O)(=O)c2ccccc2)C1)C(C)(C)C,0.4089
CHEMBL1963462,C[C@@](C(=O)OC1CC[N+](C)(C)CC1)(c1ccccc1)C1CCCC1,0.4201
CHEMBL2326523,Cc1ccc(C(=O)N(CCCN)[C@H](c2nc3cc(Cl)ccc3c(=O)n2Cc2ccccc2)C(C)C)cc1,0.008100000000000022
CHEMBL86,CCN(CC)CCNC(=O)c1cc(Cl)c(N)cc1OC,0.701
CHEMBL2170979,CC(C)N(CCCNC(=O)OCc1ccccc1)C[C@H]1O[C@@H](n2cnc3c(N)ncnc32)[C@H](O)[C@@H]1O,0.3390000000000001
CHEMBL1779512,COC[C@@H](O)Cn1c(=O)cnn(-c2ccc(Cl)c(C(=O)NCC3(O)CCCCCC3)c2)c1=O,0.5855
CHEMBL473,CN(CCOc1ccc(NS(C)(=O)=O)cc1)CCc1ccc(NS(C)(=O)=O)cc1,0.3390000000000001
CHEMBL589543,COc1ccc(C[C@H](N)C(=O)N[C@@H](Cc2ccccc2C)C(N)=O)cc1,0.35989999999999994
CHEMBL267894,CCC1(CCC(C)C)C(=O)N=C(O)NC1=O,0.3923
CHEMBL1951183,COc1cc(OC)c(S(=O)(=O)NCc2ccccc2N2CCC(CO)CC2)cc1NC(=O)CCC(=O)O,0.40340000000000004
CHEMBL2178384,Cc1ncc(C(N)=S)nc1-c1ccc([C@H]2CC[C@H](CC(=O)O)CC2)cc1,0.027999999999999973
CHEMBL213854,Cc1ccc2c(c1)c(-c1ccnc3c(F)cccc13)c(C)n2CC(=O)O,0.009000000000000057
CHEMBL1921917,C[C@@](C(=O)O[C@H]1C[N+]2(CCCc3ccncc3)CCC1CC2)(c1ccccc1)N1CCCCC1,0.4827
CHEMBL295467,CNCCC(Oc1ccccc1OC)c1ccccc1,0.4827
CHEMBL361812,O=C(O)CCn1c2c(c3ccccc31)C[C@H](NS(=O)(=O)c1ccc(F)cc1)CC2,0.02739999999999995
CHEMBL152640,Cc1cc(C)c(C)c(Cn2ccc3c(/C=N/NC(=O)c4ccc(O)c(C#N)c4)cccc32)c1C,0.04
CHEMBL57,Cc1ccnc2c1NC(=O)c1cccnc1N2C1CC1,0.5573
CHEMBL2087433,COc1cc(C)c(S(=O)(=O)N(C)CCOCC(=O)N2CCC(C3CCN(C)CC3)CC2)c(C)c1,0.4827
CHEMBL423,CC(C)NCC(O)COc1ccc(CCOCC2CC2)cc1,0.7245
CHEMBL174107,CSc1ccc(N2C(N)=NC(N)=NC2(C)C)cc1,0.6661
CHEMBL1082376,CCCCCCc1nc2c(N)nc3ccccc3c2n1Cc1ccccc1,0.0035999999999999943
CHEMBL1900528,C[N+]1(C)[C@@H]2C[C@@H](OC(=O)C(O)(c3cccs3)c3cccs3)C[C@H]1[C@@H]1O[C@@H]12,0.523
CHEMBL2178952,NC(=O)c1cncc(-c2ccc([C@H]3CC[C@H](CC(=O)O)CC3)cc2)n1,0.035
CHEMBL213495,Cc1ccc2c(c1)c(-c1ccnc3c(C#N)cccc13)c(C)n2CC(=O)O,0.017099999999999938
CHEMBL2181753,CCN(Cc1cc(C(F)(F)F)ccc1-c1cc(CC(=O)O)ccc1OC)C(=O)NCc1ccccc1,0.017099999999999938
CHEMBL2179291,COc1ccc(Oc2cccc(CN3CCCC(n4cc(C)c(=O)[nH]c4=O)C3)c2)cc1,0.01790000000000006
CHEMBL2062579,CS(=O)(=O)Cc1ccc2ccn(-c3cc(NC4CC4)n4ncc(C#N)c4n3)c2c1,0.01790000000000006
CHEMBL2164850,O=C(Nc1cc(-c2ccncc2)c[nH]c1=O)[C@H](Cc1ccccc1)NC1(c2ccccn2)CC1,0.028700000000000045
CHEMBL2179271,CC[C@H](c1ccc(C(=O)O)c(Oc2cccc(Cl)c2)c1)N1CCC[C@H](n2cc(C)c(=O)[nH]c2=O)C1,0.01790000000000006
CHEMBL1689119,C[C@H]1CN(Cc2cc(Cl)ccc2OCC(=O)O)CCN1S(=O)(=O)c1ccccc1,0.02739999999999995
CHEMBL595134,N#CC1=C2C(=NC1=O)c1cccc3c(N4CCSCC4)ccc2c13,0.013900000000000006
CHEMBL2110732,COc1cc2ncnc(Nc3ccc(F)c(Cl)c3)c2cc1NC(=O)/C=C/CN1CCCCC1,0.01790000000000006
CHEMBL2151177,COc1cc(Nc2nc3c(c(Cc4ccccc4)n2)CN(CCO)CC3)ccc1-n1cnc(C)c1,0.019099999999999964
CHEMBL2216830,C=CC(=O)Nc1cccc(CN2C(=O)N(c3c(Cl)c(OC)cc(OC)c3Cl)Cc3cnc(NCCCCN(CC)CC)nc32)c1,0.02
CHEMBL2152915,CO[C@H]1CC[C@]2(CC1)Cc1ccc(-c3cc(Cl)cc(C#N)c3)cc1C21N=C(C)C(N)=N1,0.020900000000000033
CHEMBL2059862,Cc1ccc(-c2ncc(C)n2C)cc1NC(=O)c1ccc(OCc2ccccn2)cc1,0.02189999999999998
CHEMBL1778646,CCS(=O)(=O)c1ccc(-c2cc(Cl)ccc2OCC(=O)O)c(Cl)c1,0.026800000000000067
CHEMBL202626,O=C(Nc1ccccc1F)NC1N=C(c2ccccc2)c2ccccc2NC1=O,0.026200000000000046
CHEMBL2165055,CO[C@H]1CN(CCn2c(=O)ccc3ccc(C#N)cc32)CC[C@H]1NCc1ccc2c(n1)NC(=O)CO2,0.5345
CHEMBL1916288,Cc1nn(-c2ccc(F)cc2)c(NS(=O)(=O)c2ccc(C#N)cc2)c1C(=O)N[C@@H](C)C(C)(C)C,0.043700000000000044
CHEMBL2059378,CCNC(=O)c1cc2c(-n3ccc(C(F)(F)F)n3)c(-c3cncc(-c4n[nH]c(=O)o4)c3)cnc2[nH]1,0.043700000000000044
CHEMBL2152920,CCC#Cc1cncc(-c2ccc3c(c2)C2(N=C(C)C(N)=N2)[C@]2(CC[C@H](OC)CC2)C3)c1,0.03829999999999998
CHEMBL1689128,C[C@H]1CN(Cc2cc(Cl)ccc2OCC(=O)O)CCN1C(=O)Cc1ccc(Cl)cc1,0.018700000000000046
CHEMBL2331753,Cc1cn([C@H]2CCCN(S(=O)(=O)c3ccc(O)c(Oc4cccc(C(F)(F)F)c4)c3)C2)c(=O)[nH]c1=O,0.013900000000000006
CHEMBL1320158,C/C=C/c1ccc(Oc2nnnn2-c2ccc(C(N)=O)cc2)c(OC)c1,0.026800000000000067
CHEMBL2337982,O=C(CN1CCN(CCC2CCOCC2)CC1)NC12CC3CC(CC(C3)C1)C2,0.5288
CHEMBL521815,CN1CCN(C(=O)c2cc(Cc3n[nH]c(=O)c4ccccc34)ccc2F)CC1,0.28950000000000004
CHEMBL1789186,N#Cc1cc(F)c(Cl)cc1O[C@H](CCN)c1ccccc1,0.28950000000000004
CHEMBL1951074,COc1cc(OC)c(S(=O)(=O)N2c3ccccc3CCC2C)cc1NC(=S)NCC(=O)O,0.30879999999999996
CHEMBL2031227,Cc1ccc(NC(=O)c2ccc(C#N)cc2)cc1-n1cnc2ccc(N3CCN(C)CC3)cc2c1=O,0.31870000000000004
CHEMBL421236,C[C@H](NC(=O)Cc1cc(F)cc(F)c1)C(=O)NC1C(=O)N(C)c2ccccc2-c2ccccc21,0.009899999999999949
CHEMBL517,CC(C)N(CCC(C(N)=O)(c1ccccc1)c1ccccn1)C(C)C,0.6661
CHEMBL272705,C[C@H](CO)Nc1nc(SCc2ccco2)nc2[nH]c(=O)sc12,0.015999999999999945
CHEMBL165330,CC(O)(C(=O)Nc1ccc(S(=O)(=O)N2CCOCC2)cc1)C(F)(F)F,0.37060000000000004
CHEMBL472524,CCNC(=O)Nc1nc2cc(-c3cccnc3)ccc2[nH]1,0.01790000000000006
CHEMBL451,CNC1=Nc2ccc(Cl)cc2C(c2ccccc2)=[N+]([O-])C1,0.022900000000000063
CHEMBL1515178,CCn1cc(CNC(=O)c2cc(-c3ccc(C)cc3)nc3ccc(Br)cc23)c(C)n1,0.0010999999999999942
CHEMBL1276308,CC#C[C@]1(O)CC[C@H]2[C@@H]3CCC4=CC(=O)CCC4=C3[C@@H](c3ccc(N(C)C)cc3)C[C@@]21C,0.0015000000000000568
CHEMBL426823,CCOc1nc2ccc(OCCC3CCN(c4ccc(C)nn4)CC3)cc2o1,0.0028000000000000112
CHEMBL108922,CCO/N=C/c1ccc(OCCC2CCN(c3ccc(C)nn3)CC2)cc1,0.0028000000000000112
CHEMBL2208427,COc1cc(C(=O)NC[C@@H](O)CN2CCC(Oc3ccc(Cl)c(Cl)c3)CC2)ccc1N,0.0031999999999999316
CHEMBL2313227,COCCN(c1cccnc1)P(=O)(c1ccccc1)c1ccccc1,0.08719999999999999
CHEMBL422649,CC(O)(C(=O)Nc1cccc(S(=O)(=O)c2ccccc2)c1)C(F)(F)F,0.09090000000000004
CHEMBL570015,COc1cccc(Nc2c(C(N)=O)cnc3c(C)cc(S(=O)(=O)c4cccc(C(=O)N(C)C)c4)cc23)c1,0.014899999999999948
CHEMBL13485,CCN(CC)CCNC(=O)c1c(C)[nH]c(/C=C2\C(=O)Nc3ccc(Cl)cc32)c1C,0.10510000000000005
CHEMBL1210207,CCOc1cc(CN2CCC(NC(=O)c3cncc(C)c3)CC2)cc(OCC)c1-c1ccc(F)cc1,0.014899999999999948
CHEMBL2179285,Cc1cn([C@H]2CCCN([C@H](CC3CCOCC3)c3ccc(C(=O)O)c(Oc4cccc(Cl)c4)c3)C2)c(=O)[nH]c1=O,0.10730000000000003
CHEMBL8809,CCN1CCC[C@H]1CNC(=O)c1c(O)c(Cl)cc(Cl)c1OC,0.10950000000000003
CHEMBL2335892,COCCC(=O)NC(C)c1ccc(Nc2ncc3cc(-c4ccncc4)ccc3n2)cc1,0.013900000000000006
CHEMBL1916082,CCC(CC)NC(=O)c1cnn(-c2ccccc2)c1NS(=O)(=O)c1ccc(C)cc1,0.013900000000000006
CHEMBL1473,CCC(=O)O[C@]1(C(=O)SCF)[C@H](C)C[C@H]2[C@@H]3C[C@H](F)C4=CC(=O)C=C[C@]4(C)[C@@]3(F)[C@@H](O)C[C@@]21C,0.019099999999999964
CHEMBL2171041,CN(C)c1ccccc1S(=O)(=O)NC(=O)N1CCC(N2CCC(Oc3ccc(Cl)c(Cl)c3)CC2)CC1,0.0175
CHEMBL1797387,Cc1onc(-c2c(Cl)cccc2Cl)c1NC(=O)OCc1c(F)cccc1Cl,0.0020000000000000282
CHEMBL1387923,O=C(Nc1cccc(Cl)c1)Nc1nnc(-c2ccncc2)s1,0.0020000000000000282
CHEMBL2349321,CC(C)C[C@H](CO)Nc1nc(SCc2ccccc2)nc2[nH]c(=O)sc12,0.0020000000000000282
CHEMBL1916260,CCC(CC)NC(=O)c1cnn(-c2ccccc2)c1NS(=O)(=O)C1CCCC1,0.0021999999999999884
CHEMBL1537460,COc1ccccc1C(=O)Nc1ccc(Cc2ccncc2)cc1,0.002399999999999949
CHEMBL1778645,CCS(=O)(=O)c1ccc(-c2cc(Cl)ccc2OCC(=O)O)c(C)c1,0.0029000000000000627
CHEMBL510386,O=C(Nc1ccc(Cl)c(C(=O)Nc2cccnc2)c1)c1cccc(C(F)(F)F)c1,0.0029999999999999714
CHEMBL1921925,C[C@@](C(=O)O[C@H]1C[N+]2(CCCc3cc4ccccc4s3)CCC1CC2)(c1ccccc1)N1CCCCC1,0.0031999999999999316
CHEMBL103667,Cc1ccc(-n2nc(C(C)(C)C)cc2NC(=O)Nc2ccc(OCCN3CCOCC3)c3ccccc23)cc1,0.003400000000000034
CHEMBL1358402,C=CC1(C)CC(=O)C2(O)C(C)(O1)C(OC(C)=O)C(O)C1C(C)(C)CCC(O)C12C,0.16
CHEMBL461572,O=C(Nc1ccc(Cl)c(C(=O)Nc2cncs2)c1)c1cccc(Cl)c1,0.0020000000000000282
CHEMBL48966,c1ccc2[nH]c(CCc3nc4ccccc4[nH]3)nc2c1,0.16
CHEMBL453,Cc1noc(NS(=O)(=O)c2ccc(N)cc2)c1C,0.08719999999999999
CHEMBL1240967,CC(C)(Cc1cccc(CC(=O)NCc2cccc(-c3ccc(O)cc3)c2)c1)NC[C@H](O)c1ccc(O)c(NS(C)(=O)=O)c1,0.005300000000000011
CHEMBL1957848,O=c1cc(N2CCOCC2)nc2n(Cc3cccc(Cl)c3)ccn12,0.10090000000000003
CHEMBL1090941,CCCCCCCC(=O)N[C@@H](CCN)C(=O)N[C@H](C(=O)N[C@@H](C)C(=O)N[C@H]1CCNC(=O)[C@H]([C@@H](C)O)NC(=O)[C@H](CCN)NC(=O)[C@H](CCN)NC(=O)[C@H](CC(C)C)NC(=O)[C@@H](Cc2ccccc2)NC(=O)[C@H](CCN)NC1=O)[C@@H](C)O,0.11180000000000007
CHEMBL1824029,CC(O)c1ccc2c(c1)N(CCN1CCC(NCc3ccc4c(n3)NC(=O)CO4)CC1)C(=O)CO2,0.11180000000000007
CHEMBL2069623,Nc1ncnc2c1c(COc1cccc(Cl)c1)nn2C1CCOCC1,0.04769999999999996
CHEMBL2177906,NC1=NC(c2cccc(-c3cncnc3)c2)(c2ccnc(C(F)(F)F)c2)c2cccc(F)c21,0.045699999999999935
CHEMBL2207225,COc1cc(OC)c(S(=O)(=O)N2c3ccccc3CCC2C)cc1NC(=O)Cc1ccnc(F)c1,0.054399999999999976
CHEMBL1766081,Cc1ncccc1Oc1ncnc(OC2CCN(C(=O)OC(C)C)CC2)c1C,0.007900000000000063
CHEMBL1689109,O=C(O)COc1ccc(Cl)cc1CN1CCN(S(=O)(=O)c2ccccc2)CC1,0.03829999999999998
CHEMBL2,COc1cc2nc(N3CCN(C(=O)c4ccco4)CC3)nc(N)c2cc1OC,0.04
CHEMBL462133,Cc1ncc(NC(=O)c2cc(NC(=O)c3cccc(Cl)c3)ccc2Cl)s1,0.0020000000000000282
CHEMBL212777,Cc1ccc2c(c1)c(-c1ccnc3cc(Cl)ccc13)c(C)n2CC(=O)O,0.0018000000000000683
CHEMBL1221681,O=c1[nH]c2c(O)ccc([C@@H](O)CN[C@H]3CCC[C@@H]3OCc3ccccc3)c2s1,0.06900000000000006
CHEMBL479848,CCOc1cc2ncc(C(N)=O)c(Nc3cc(F)ccc3F)c2cc1N1CCN(C)CC1,0.0736
CHEMBL2331754,Cc1cn([C@H]2CCCN(S(=O)(=O)c3ccc(CO)c(Oc4cccc(Cl)c4)c3)C2)c(=O)[nH]c1=O,0.0736
CHEMBL2338405,CC(C)(C)NC(=O)NCCN1CCN(CC(=O)Nc2cc(Cl)cc(Cl)c2)CC1,0.05209999999999994
CHEMBL1934418,Cc1ccc(S(=O)(=O)Nc2c(C(=O)N[C@@H](C)C(C)(C)C)c(C)nn2C2CCSCC2)cc1,0.053199999999999935
CHEMBL235357,O=C(NCC12CC3CC(CC(C3)C1)C2)c1cc(O[C@@H]2CCCNC2)ccc1Cl,0.054399999999999976
CHEMBL2180024,CC1=NC(c2ccc(F)cc2)(c2cccc(-c3cccnc3)c2)N=C1N,0.048799999999999955
CHEMBL480027,CC(C)Oc1cc2ncc(C(N)=O)c(Nc3cccc(Cl)c3F)c2cc1N1CCN(C)CC1,0.048799999999999955
CHEMBL2165178,CCN(Cc1cccc2ccccc12)c1cc(N2CCOCC2)nc(=O)[nH]1,0.035799999999999985
CHEMBL521262,COc1cc2c(Nc3cccc(Cl)c3Cl)c(C(N)=O)cnc2cc1NCCN(C)C,0.054399999999999976
CHEMBL1652621,Cc1c(CN(C)C(=O)/C=C/c2cnc3c(c2)CCC(=O)N3)oc2ccccc12,0.054399999999999976
CHEMBL2207599,COc1cc(OC)c(S(=O)(=O)N(c2ccccc2)c2ccccc2)cc1NC(=O)CCC(=O)O,0.09280000000000001
CHEMBL1762538,Cc1ccc(CO)cc1N(C)c1ccnc(Nc2cc(N3CCCOCC3)cc(N3CCOCC3)c2)n1,0.055600000000000024
CHEMBL2152523,c1ccc([C@H]([C@@H](c2ccccc2)N2CCCCC2)N2CCCCC2)cc1,0.06060000000000002
CHEMBL2147569,C[C@]12Cc3cnn(-c4ccc(F)cc4)c3C=C1CC[C@@]2(O)CCc1ccc(F)cc1C(N)=O,0.032099999999999934
CHEMBL1957367,N#CCOc1ccccc1-c1ccc(-c2nc3ccncc3c(O)c2C#N)cc1,0.0010999999999999942
CHEMBL1778612,O=C(O)COc1ccc([N+](=O)[O-])cc1-c1ccccc1,0.004099999999999966
CHEMBL2335884,c1cc(-c2ccc3nc(Nc4ccc(OCCN5CCCC5)cc4)ncc3c2)ccn1,0.027999999999999973
CHEMBL88712,O=C(O)[C@@H](c1ccc(OCc2ccc3ccccc3n2)cc1)C1CCCC1,0.0015000000000000568
CHEMBL2312918,CCCN(c1ccon1)P(=O)(c1ccccc1)c1ccccc1,0.03739999999999995
CHEMBL2178934,NC(=O)c1cncc(-c2ccc([C@H]3CC[C@H](CCO)CC3)cc2)n1,0.027999999999999973
CHEMBL300138,Cn1cc(C2=C(c3cn(C4CCN(Cc5ccccn5)CC4)c4ccccc34)C(=O)NC2=O)c2ccccc21,0.001700000000000017
CHEMBL1972466,Cc1cc(C(C)Nc2ccccc2)c2nc(N3CCOCC3)cc(=O)n2c1,0.053199999999999935
CHEMBL2208423,N#Cc1cccc(C(=O)NC[C@@H](O)CN2CCC(Oc3ccc(Cl)c(Cl)c3)CC2)c1,0.0647
CHEMBL1645107,Nc1nc2ccc(-c3ccncc3)cc2s1,0.1189
CHEMBL2030393,O=c1[nH]c([C@@H]2CCCN2)nc2c1oc1ccc(Br)cc12,0.05099999999999994
CHEMBL1950848,CN[C@@H](C)C(=O)N[C@H](C(=O)N[C@H]1CCCN(CCc2ccccc2F)C1)C1CCCCC1,0.26189999999999997
CHEMBL1542,Cn1cnc([N+](=O)[O-])c1Sc1ncnc2nc[nH]c12,0.32370000000000004
CHEMBL2062580,CC(=O)Nc1ccc2c(c1)c(-c1cc(NC3CC3)n3ncc(C#N)c3n1)cn2C,0.013599999999999994
CHEMBL1944694,COc1ccccc1CCNCc1ccc(CCNC[C@H](O)c2ccc(O)c3[nH]c(=O)sc23)cc1,0.04469999999999999
CHEMBL481807,CCOc1cc2ncc(C(N)=O)c(Nc3ccc(F)cc3F)c2cc1N1CCN(CC)CC1,0.045699999999999935
CHEMBL114,CC(C)(C)NC(=O)[C@@H]1C[C@@H]2CCCC[C@@H]2CN1C[C@@H](O)[C@H](Cc1ccccc1)NC(=O)[C@H](CC(N)=O)NC(=O)c1ccc2ccccc2n1,0.011400000000000006
CHEMBL1831130,COc1ccc2nc(C)cc(N3CC(CNC(=O)C4CC4)OC3=O)c2c1,0.32370000000000004
CHEMBL1650726,Cc1cc(Nc2nc(O[C@@H](C)c3ncc(F)cn3)ncc2Cl)n[nH]1,0.24879999999999997
CHEMBL1813048,CC(=O)Nc1cccc(Nc2ncnc(N3CCC(OCc4ccc(OC(F)(F)F)cc4)CC3)n2)c1C,0.011899999999999977
CHEMBL571,CC(C(=O)O)c1cccc(C(=O)c2ccccc2)c1,0.01269999999999996
CHEMBL379866,CC(C)c1nnc2ccc(-c3ocnc3-c3cc(F)ccc3F)cn12,0.1864
CHEMBL1213082,Cc1ccccc1-n1c(Cn2cnc3c(N)ncnc32)nc2cccc(C)c2c1=O,0.013599999999999994
CHEMBL400585,O=C(O)COn1c(-c2ccccc2)nc2ccc([N+](=O)[O-])cc21,0.013900000000000006
CHEMBL12,CN1C(=O)CN=C(c2ccccc2)c2cc(Cl)ccc21,0.013900000000000006
CHEMBL2179269,Cc1cn([C@H]2CCCN([C@H](C)c3ccc(C(=O)O)c(Oc4cccc(Cl)c4)c3)C2)c(=O)[nH]c1=O,0.015600000000000024
CHEMBL866,COc1c(C)c2c(c(O)c1C/C=C(\C)CCC(=O)O)C(=O)OC2,0.015999999999999945
CHEMBL481596,CN1CCN(c2cc3c(Nc4ccc(F)cc4F)c(C(N)=O)cnc3cc2F)CC1,0.24450000000000002
CHEMBL2325622,CN1CC(n2nccc2-c2cc(Cl)ccc2Oc2cc(F)c(S(=O)(=O)Nc3ncns3)cc2F)C1,0.015999999999999945
CHEMBL1610495,CNC(=O)c1cc(C(=O)c2ccc(Cl)cc2)c(Br)[nH]1,0.013900000000000006
CHEMBL480814,CCOc1cc2ncc(C(N)=O)c(Nc3cccc(Cl)c3Cl)c2cc1NCCN(C)C,0.041800000000000066
CHEMBL2062570,CC(=O)Nc1ccc2ccn(-c3cc(Nc4ccn(C)n4)n4ncc(C#N)c4n3)c2c1,0.016299999999999953
CHEMBL1738764,Cc1ccc(CO)cc1N(c1ccnc(Nc2cc(N3CCOCC3)cc(S(C)(=O)=O)c2)n1)C(C)C,0.040900000000000034
CHEMBL422,CN1CCN(CCCN2c3ccccc3Sc3ccc(C(F)(F)F)cc32)CC1,0.008100000000000022
CHEMBL2205509,CC(C)COc1ccc(-c2cc(O)nc(N)n2)cc1C#N,0.040900000000000034
CHEMBL1534781,COc1cnc(-c2ccccn2)nc1N(C)c1ccccc1,0.04
CHEMBL1431736,CC(NC(=O)c1cc(O)nc2ccccc12)c1ccccc1,0.35989999999999994
CHEMBL1934266,CCC(CC)NC(=O)c1c(C)nn(C(C)C)c1NS(=O)(=O)c1ccc(C)cc1,0.035
CHEMBL456390,O=C1CCc2cc(-c3cncc4ccccc34)ccc2N1,0.035799999999999985
CHEMBL1309609,O=C(CN1CCCCCC1)N1c2ccccc2Sc2ccccc21,0.02930000000000007
CHEMBL565073,O=C(CC1CCN(Cc2ccn(-c3ccc(C(F)(F)F)cc3)c2)CC1)NC(c1ccc(F)cc1)c1cccnc1,0.03129999999999995
CHEMBL2151324,CC(C)Oc1cc(Nc2nc3c(cc2F)ncn3[C@@H](CO)c2ccc(F)cn2)n[nH]1,0.05099999999999994
CHEMBL219916,O=c1[nH]c2ccccc2n1CCCN1CCC(n2c(=O)[nH]c3cc(Cl)ccc32)CC1,0.033499999999999946
CHEMBL520431,CCOc1cc2ncc(C(N)=O)c(Nc3ccc(F)cc3F)c2cc1N1CCCN(C)CC1,0.3039
CHEMBL223166,COc1ccccc1O[C@@H](c1ccccc1)[C@@H]1CNCCO1,0.30879999999999996
CHEMBL569184,COc1ccc(CCN2C(=O)N(NS(C)(=O)=O)C[C@@H]2c2ccc(OC)cc2)cc1,0.04769999999999996
CHEMBL319111,O=C1N(c2ccccc2)c2ccccc2C1(Cc1ccncc1)Cc1ccncc1,0.0040000000000000565
CHEMBL397647,C[N+](C)(Cc1ccc(NC(=O)c2ccc(Cl)c(Cl)c2)cc1)C1CCOCC1,0.17950000000000002
CHEMBL1868114,COCCNc1nc(NCc2ccccc2F)c2sccc2n1,0.027999999999999973
CHEMBL2062556,N#Cc1cnn2c(N)cc(-c3ccccc3)nc12,0.04989999999999995
CHEMBL497963,Cc1ccc2c(OCCN3CCC(Cc4cccc(NS(C)(=O)=O)c4)CC3)cccc2n1,0.03
CHEMBL2023489,COc1ccc2c(Oc3ccc(CC(=O)Nc4cn(C)nc4C)c(OC)c3)ccnc2c1,0.011099999999999994
CHEMBL1609026,O=C(CCS(=O)(=O)c1ccc(Br)cc1)Nc1ccc2c(c1)OCO2,0.011899999999999977
CHEMBL456324,CC(C)Oc1cc(Nc2nc(N[C@@H](C)c3ccc(F)cc3)nc(NC(CO)CO)c2Cl)n[nH]1,0.035799999999999985
CHEMBL488937,Cc1c(N)cccc1Cn1ccc(OCCc2cccs2)cc1=O,0.04989999999999995
CHEMBL2179280,CCC(CC)C[C@H](c1ccc(C(=O)O)c(Oc2cccc(Cl)c2)c1)N1CCC[C@H](n2cc(C)c(=O)[nH]c2=O)C1,0.011899999999999977
CHEMBL2071493,CC(C)C(NC(=O)c1ccccc1)C(=O)c1ccc(F)cc1,0.04989999999999995
CHEMBL1683030,CCOc1cc2nnc(C(N)=O)c(Nc3ccc(F)cc3F)c2cc1N1CCN(C)CC1,0.03829999999999998
CHEMBL475799,Cc1ccc(NC(=O)c2cccc(C(C)(C)C#N)c2)cc1C(=O)Nc1cnc(N)c(Cl)c1,0.03909999999999997
CHEMBL1416617,Cc1nn(-c2ccccc2)c(N)c1-c1ccccc1,0.012999999999999972
CHEMBL1957851,Cc1cccc(Cn2ccn3c(=O)cc(N4CCOCC4)nc23)c1,0.1189
CHEMBL463981,O=S(=O)(N[C@H](CO)C(C(F)(F)F)C(F)(F)F)c1ccc(Cl)s1,0.09090000000000004
CHEMBL1963231,CC(C(=O)O[C@@H]1CC[N+](C)(C)C1)(c1ccccc1)C1CCCC1,0.22790000000000007
CHEMBL296035,CCc1cccc2cc(C(O)CNC(C)(C)C)oc12,0.08010000000000005
CHEMBL2170985,Nc1ncnc2c1ncn2[C@@H]1O[C@H](CSCCCNC(=O)NCc2ccccc2)[C@@H](O)[C@H]1O,0.15400000000000005
CHEMBL254129,CC1=C2C[C@H]3[C@@H](CC=C4C[C@@H](O)CC[C@@]43C)[C@@H]2CC[C@]12O[C@@H]1C[C@H](C)CN[C@H]1[C@H]2C,0.06760000000000005
CHEMBL855,Cc1ccc(/C(=C\CN2CCCC2)c2ccccn2)cc1,0.6454
CHEMBL2216859,CC(C)N1CCN(Cc2cnc(-c3cc(-c4cccc5[nH]ccc45)cc4[nH]ncc34)o2)CC1,0.03
CHEMBL1322893,COc1ccccc1-c1csc(-n2ncc(C#N)c2N)n1,0.5911
CHEMBL1586565,CN1CCN2c3ccccc3CC3(C(=O)N(C)C(=O)N(C)C3=O)C2C1,0.035
CHEMBL2208431,O=C(NC[C@@H](O)CN1CCC(Oc2ccc(Cl)c(Cl)c2)CC1)c1n[nH]c(=O)c2ccccc12,0.035
CHEMBL2331751,Cc1cn([C@H]2CCCN(S(=O)(=O)c3ccc(O)c(Oc4cccc(Br)c4)c3)C2)c(=O)[nH]c1=O,0.013900000000000006
CHEMBL2331749,Cc1cn([C@H]2CCCN(S(=O)(=O)c3ccc(O)c(Oc4ccc(Cl)cc4)c3)C2)c(=O)[nH]c1=O,0.013900000000000006
CHEMBL1072,CCCCNc1cc(C(=O)O)cc(S(N)(=O)=O)c1Oc1ccccc1,0.015600000000000024
CHEMBL226646,Cc1nnc(-c2ccc(N3CCC(Oc4cc(F)ccc4Cl)CC3)nn2)o1,0.01790000000000006
CHEMBL1231206,Cc1ccc(-c2ccc3c(ccc4sc5c(c43)NC[C@@H](C)NC5=O)n2)cn1,0.15099999999999994
CHEMBL1938680,O=C(Nc1ccc(N2CCNCC2)cc1)c1ccc(-c2ccc(Cl)cc2)o1,0.026800000000000067
CHEMBL568,O=C1Nc2ccc(Cl)cc2C(c2ccccc2)=NC1O,0.03829999999999998
CHEMBL1921926,C[C@@](C(=O)O[C@H]1C[N+]2(CCCc3ccc4ncsc4c3)CCC1CC2)(c1ccccc1)N1CCCCC1,0.04280000000000001
CHEMBL1683025,COc1cc2nnc(C(N)=O)c(Nc3ccc(F)cc3F)c2cc1OC,0.04469999999999999
CHEMBL1807860,C[C@H]1O[C@@H](n2cnc3c(N)nc(OCC4CC45CC5)nc32)[C@H](O)[C@H]1Cl,0.04469999999999999
CHEMBL526307,COc1cc(C(C)C)c(Oc2cnc(N)nc2N)cc1I,0.04670000000000002
CHEMBL2204343,O=C(CCCN1CC[Si](O)(c2ccc(Cl)cc2)CC1)c1ccc(F)cc1,0.054399999999999976
CHEMBL82663,O=S(=O)(CCCOCCc1ccccc1)CCNCCc1ccc(O)c2nc(O)sc12,0.055600000000000024
CHEMBL1650724,C[C@H](Nc1ncc(Cl)c(Nc2cc(C3CC3)[nH]n2)n1)c1ncc(F)cn1,0.056800000000000066
CHEMBL1164033,CN(C)CCOc1cc(NS(=O)(=O)c2c(Cl)cc(C(F)(F)F)cc2Cl)ccc1Cl,0.0029000000000000627
CHEMBL564,CN(C)CCCN1c2ccccc2Sc2ccccc21,0.10090000000000003
CHEMBL1650730,C[C@H](Nc1ncc(Cl)c(Nc2cc(N(C)C)[nH]n2)n1)c1ncc(F)cn1,0.10510000000000005
CHEMBL1939560,C[C@H](c1nc2ncccc2c(=O)n1-c1ccc(Cl)cc1)N(CC1CCS(=O)(=O)CC1)C(=O)Cc1ccc(C(F)(F)F)c(F)c1,0.10950000000000003
CHEMBL2151141,CC#Cc1cncc(-c2csc([C@]3(C)CC(=O)N(C)C(=N)N3)c2)c1,0.1189
CHEMBL211631,COc1cccc2c(-c3c(C)n(CC(=O)O)c4ccc(C)cc34)ccnc12,0.01790000000000006
CHEMBL2062571,CC(=O)Nc1ccc2ccn(-c3cc(NC4COC4)n4ncc(C#N)c4n3)c2c1,0.12379999999999995
CHEMBL2312185,CNc1nc(C)c(-c2nc(Nc3cccc(N4CCCNCC4)c3)ncc2C#N)s1,0.11409999999999997
CHEMBL1824044,COc1ccc2c(c1)N(CCN1CCC(NCc3ccc4c(n3)NC(=O)CO4)CC1)C(=O)CO2,0.11180000000000007
CHEMBL2069423,COc1ncc(-c2cccc3c2C[C@H](NC(=O)c2ccc(COCC(F)(F)F)nc2)CO3)cn1,0.036599999999999966
CHEMBL479383,O=C(CO)NC1CCN(Cc2ccc(Oc3nc4ccccc4s3)cc2)CC1,0.03829999999999998
CHEMBL498,CCCNC(=O)NS(=O)(=O)c1ccc(Cl)cc1,0.04
CHEMBL1800526,COc1ccnc(CCc2nc3cc(Br)cnc3[nH]2)c1,0.040900000000000034
CHEMBL2017459,CCN(C(=O)c1ccc(-c2ccc(Cl)cc2)o1)c1ccc(N2CCNCC2)cc1,0.041800000000000066
CHEMBL1778637,CS(=O)(=O)c1ccc(-c2cc(C(F)(F)F)ccc2OCC(=O)O)c(Cl)c1,0.041800000000000066
CHEMBL2164741,N#Cc1ccc2ccc(=O)n(CCN3CC[C@@H](NCc4cc5c(cn4)OCCO5)[C@@H](O)C3)c2c1,0.20829999999999999
CHEMBL2207667,NC(=O)c1c(OC2CCN(C[C@H](O)CNC(=O)c3c[nH]c(=O)c4ccccc34)CC2)ccc(Cl)c1Cl,0.21209999999999993
CHEMBL2151326,COc1cc(Nc2nc3c(cc2F)ncn3[C@@H](CO)c2ccc(F)cn2)n[nH]1,0.21590000000000004
CHEMBL578675,COc1cnc(-c2ccccn2)nc1NC(C)C,0.22379999999999994
CHEMBL2011910,CNc1c(Br)cnc2[nH]c(-c3cccc(N)c3)nc12,0.09879999999999996
CHEMBL1431112,O=C1CN(C(=O)c2ccco2)C(c2ccccc2)c2cc(Cl)ccc2N1,0.10090000000000003
CHEMBL2326864,CC(=O)Nc1nc(CCc2ccc(NC(=N)N)cc2)cs1,0.46549999999999997
CHEMBL1921923,C[C@@](C(=O)O[C@H]1C[N+]2(CCCc3cncnc3)CCC1CC2)(c1ccccc1)N1CCCCC1,0.7762
CHEMBL2011441,COc1nc(Br)cnc1NS(=O)(=O)c1ccc(Cl)s1,0.0012999999999999546
CHEMBL271012,C[C@H](CO)Nc1nc(SCc2ccccc2F)nc2[nH]c(=O)sc12,0.0014000000000000056
CHEMBL213100,COc1ccc(N(C(=O)Oc2c(C)cccc2C)c2ccnc(Nc3ccc(N4CCN(C)CC4)cc3)n2)c(OC)c1,0.001700000000000017
CHEMBL2325014,Nc1[nH]ncc1-c1cc(Cl)ccc1Oc1cc(F)c(S(=O)(=O)Nc2cscn2)cc1Cl,0.002399999999999949
CHEMBL1020,Cc1ccc(C(=O)c2ccc(CC(=O)O)n2C)cc1,0.0028000000000000112
CHEMBL1718800,c1ccc2[nH]c(CCCc3nc4ccccc4[nH]3)nc2c1,0.003100000000000023
CHEMBL2018954,COc1ccc(COc2nc(Br)cnc2NS(=O)(=O)c2ccc(C)cc2)cc1OCCN(C)C,0.003299999999999983
CHEMBL1950860,CN[C@@H](C)C(=O)N[C@H](C(=O)N[C@H]1CCCN(CCc2ccc(C(F)(F)F)cc2)C1)C(C)(C)C,0.09280000000000001
CHEMBL480822,CCOc1cc2ncc(C(N)=O)c(Nc3cccc(Cl)c3Cl)c2cc1N1CCN(C(C)=O)CC1,0.09680000000000007
CHEMBL456145,C1Cc2[nH]nc(-c3nn[nH]n3)c2C1,0.10090000000000003
CHEMBL1450473,Cc1ccc(S(=O)(=O)NCCSc2nnnn2-c2ccc(C(N)=O)cc2)cc1,0.10090000000000003
CHEMBL323776,CN(CCNCCc1ccc(O)c2nc(O)sc12)C(=O)CCOCCc1ccccc1,0.10730000000000003
CHEMBL2011895,CNc1c(Br)cnc2[nH]c(-c3ccc(OCCN4CCCCC4)cc3)nc12,0.11180000000000007
CHEMBL481717,CCOc1cc2ncc(C(N)=O)c(Nc3ccc(F)cc3F)c2cc1N1CCC(O)CC1,0.08900000000000005
CHEMBL564737,O=C(NCC1(O)CCCCCC1)c1cc(-c2ccccc2C(=O)O)ccc1Cl,0.08900000000000005
CHEMBL1762528,CN(c1cccc(CO)c1)c1ccnc(Nc2cc(N3CCOCC3)cc(N3CCOCC3)c2)n1,0.09680000000000007
CHEMBL110999,CN(CCCOCCOCCc1ccccc1)CCc1ccc(O)c2nc(O)sc12,0.09879999999999996
CHEMBL1917456,Cc1c(Oc2ccc(Cl)cc2)c2c(NS(C)(=O)=O)cccc2n1CC(=O)O,0.03739999999999995
CHEMBL2179272,CC[C@@H](c1ccc(C(=O)O)c(Oc2cccc(Cl)c2)c1)N1CCC[C@H](n2cc(C)c(=O)[nH]c2=O)C1,0.03829999999999998
CHEMBL1427554,Cc1ccc(-c2csc3ncnc(O)c23)cc1,0.03909999999999997
CHEMBL2016681,CC(C)(C)S(=O)(=O)N[C@H]1CC[C@H](C(=O)Nc2ccc(C(F)(F)F)cn2)CC1,0.040900000000000034
CHEMBL2069403,Cc1nn(-c2ccccc2)nc1C(=O)N[C@@H]1COc2cccc(N3CCN(C)CC3)c2C1,0.041800000000000066
CHEMBL1778649,CCS(=O)(=O)c1ccc(-c2cc(C(F)(F)F)ccc2O[C@@H](C)C(=O)O)c(C)c1,0.041800000000000066
CHEMBL41,CNCCC(Oc1ccc(C(F)(F)F)cc1)c1ccccc1,0.04280000000000001
CHEMBL481401,CN1CCN(c2cc3c(Nc4cccc(Cl)c4Cl)c(C(N)=O)cnc3cc2F)CC1,0.043700000000000044
CHEMBL514257,OC[C@H](Nc1ncc(Cl)c(Nc2cc(C3CC3)[nH]n2)n1)c1ccc(F)cc1,0.043700000000000044
CHEMBL2062573,CC(=O)Nc1ccc2ccn(-c3cc(NCCN4CCOCC4)n4ncc(C#N)c4n3)c2c1,0.11180000000000007
CHEMBL1194385,COc1cccc2c1CCC21NCc2ccccc21,0.20829999999999999
CHEMBL569738,Cc1cc(Nc2cncc(N[C@@H](C)c3ccc(F)cn3)n2)n[nH]1,0.21989999999999996
CHEMBL1916534,COc1ccc2c(c1)N(CCN1CCC(NCc3cc4c(cn3)OCCO4)CC1)C(=O)CO2,0.1761
CHEMBL2170989,Nc1ncnc2c1ncn2[C@@H]1O[C@H](CSCCCNC(=O)Nc2ccccc2)[C@@H](O)[C@H]1O,0.1864
CHEMBL2177919,Cc1cc(C2(c3cccc(-c4cncnc4)c3)N=C(N)c3c(F)cccc32)cn(C)c1=O,0.18989999999999996
CHEMBL2057371,CC(C)(C)NS(=O)(=O)c1cncc(-c2ccc3nc(NC(=O)NCC(=O)N4CCCC4)nn3c2)c1,0.3288
CHEMBL914,CC(C)(C(=O)O)c1ccc(C(O)CCCN2CCC(C(O)(c3ccccc3)c3ccccc3)CC2)cc1,0.37060000000000004
CHEMBL34259,CN(Cc1cnc2nc(N)nc(N)c2n1)c1ccc(C(=O)N[C@@H](CCC(=O)O)C(=O)O)cc1,0.5345
CHEMBL215295,N=C(N)c1ccc(CNC(=O)C2(NC(=O)[C@H](NCC(=O)O)C3CCCCC3)Cc3ccccc3C2)cc1,0.5402
CHEMBL1950729,CN[C@@H](C)C(=O)N[C@H](C(=O)N[C@H]1CCCN(C(=O)c2ccccc2)C1)C1CCCCC1,0.5516
CHEMBL2087421,COc1cc(C)c(S(=O)(=O)N(C)CCOCC(=O)N2CCN(C3CCN(C)CC3)CC2)c(C)c1,0.5799
CHEMBL16073,CCOc1ccc(NC(C)=O)cc1,0.6506000000000001
CHEMBL860,CN(C)CC/C=C1\c2ccccc2COc2ccccc21,0.21209999999999993
CHEMBL517437,O=C(Nc1ccc(Cl)c(C(=O)Nc2cncs2)c1)c1cccc(C(F)(F)F)c1,0.0040000000000000565
CHEMBL211677,Cc1ccc2c(c1)c(-c1cc(C)nc3ccccc13)c(C)n2CC(=O)O,0.0040000000000000565
CHEMBL2216902,CC(C)c1nc2ccccc2n1-c1nc(N2CCOCC2)c2nc(OC3CN(C4CCS(=O)(=O)CC4)C3)n(C)c2n1,0.21989999999999996
CHEMBL2103828,CNc1cc2[nH]c(=O)n(-c3ccc(NC(=O)NS(=O)(=O)c4ccc(Cl)s4)cc3)c(=O)c2cc1F,0.004200000000000017
CHEMBL2312920,CCCN(c1cccc(C#N)c1)P(=O)(c1ccccc1)c1ccccc1,0.0056000000000000225
CHEMBL2158818,O=C(O)C(c1ccccc1)N1CCO[C@H](CN2CCC(Oc3ccc(Cl)c(Cl)c3)CC2)C1,0.0064000000000000055
CHEMBL2335906,C[C@@H](NC1=CC(=O)CNC1)c1ccc(Nc2ncc3cc(-c4ccncc4)ccc3n2)cc1,0.035799999999999985
CHEMBL521248,COc1cc2ncc(C(N)=O)c(Nc3cc(C)ccc3F)c2cc1OC,0.035799999999999985
CHEMBL457608,C[C@H](Nc1ncc(Cl)c(Nc2cc(C3CC3)[nH]n2)n1)c1ccc(F)cn1,0.035799999999999985
CHEMBL2164389,O=C(NCc1ccc(OC(F)(F)F)cc1)C1c2ccccc2C(=O)N1CCc1ccccn1,0.035799999999999985
CHEMBL364714,C[C@@H](C(N)=O)c1ccc(OS(=O)(=O)C(F)(F)F)cc1,0.13409999999999997
CHEMBL375293,c1cncc(Nc2ncc(-c3ccncn3)c(-c3ccco3)n2)c1,0.13950000000000004
CHEMBL1824036,CS(=O)(=O)c1ccc2c(c1)N(CCN1CCC(NCc3ccc4c(n3)NC(=O)CO4)CC1)C(=O)CO2,0.14519999999999997
CHEMBL1807827,O=c1[nH]c2c(O)ccc([C@@H](O)CNCCSCCCNCCc3cccc(Cl)c3)c2s1,0.15700000000000003
CHEMBL1778647,CCS(=O)(=O)c1ccc(-c2cc(Cl)ccc2OCC(=O)O)c(C(F)(F)F)c1,0.015300000000000012
CHEMBL2062564,CC(=O)Nc1ccc2cnn(-c3cc(NC4CC4)n4ncc(C#N)c4n3)c2c1,0.019099999999999964
CHEMBL2335871,COCCNC(=O)c1ccc(Nc2ncc3cc(-c4cnccc4C)ccc3n2)cc1,0.026200000000000046
CHEMBL2324355,Cc1nocc1C(=O)Nc1ccc(-c2ccccc2OC(F)(F)F)c(N)n1,0.015999999999999945
CHEMBL2179279,CCC(C)(C)C[C@H](c1ccc(C(=O)O)c(Oc2cccc(Cl)c2)c1)N1CCC[C@H](n2cc(C)c(=O)[nH]c2=O)C1,0.016299999999999953
CHEMBL1916085,Cc1ccc(S(=O)(=O)Nc2c(C(=O)N(C)C3CCCCC3)cnn2-c2ccccc2)cc1,0.017099999999999938
CHEMBL2313226,O=P(c1ccccc1)(c1ccccc1)N(Cc1ccccn1)c1cccnc1,0.023400000000000035
CHEMBL1526668,O=C(c1csc2c1CCCC2)N1CCCCC1,0.09280000000000001
CHEMBL1560,C[C@H](CS)C(=O)N1CCC[C@H]1C(=O)O,0.09879999999999996
CHEMBL2018953,O=C([C@H]1CCCCN1)N1CCN(c2nc(NCc3ccc(Cl)cc3Cl)c3cccnc3n2)CC1,0.1189
CHEMBL11,CN(C)CCCN1c2ccccc2CCc2ccccc21,0.12129999999999995
CHEMBL1951080,COc1cc(OC)c(S(=O)(=O)N2c3ccccc3CCC2C)cc1NC(=O)CSCC(=O)O,0.12629999999999997
CHEMBL2178935,Cc1nc(C)c(-c2ccc([C@H]3CC[C@H](CC(N)=O)CC3)cc2)nc1C(N)=O,0.12890000000000001
CHEMBL447183,N#Cc1ccc(C(=O)N2CCC3(CC2)N=C(N)c2c(F)ccc(F)c2N3)cn1,0.13409999999999997
CHEMBL83597,CN1CCC[C@@H]1Cc1c[nH]c2ccc(Nc3ncccc3[N+](=O)[O-])cc12,0.13680000000000006
CHEMBL1945044,COc1cccc(CNCc2cccc(CCNC[C@H](O)c3ccc(O)c4[nH]c(=O)sc34)c2)c1,0.13680000000000006
CHEMBL2338404,CC(C)(C)CS(=O)(=O)NCCN1CCN(CC(=O)NC23CC4CC(CC(C4)C2)C3)CC1,0.13950000000000004
CHEMBL2059376,CCNC(=O)c1cc2c(-n3ccc(C(F)(F)F)n3)c(-c3cncc(C(=O)NC)c3)cnc2[nH]1,0.1481
CHEMBL481205,COCCOc1cc2ncc(C(N)=O)c(Nc3ccc(C)cc3F)c2cc1N1CCN(C)CC1,0.15099999999999994
CHEMBL1381135,COc1cnc(-c2ccccn2)nc1N(C)C,0.16319999999999993
CHEMBL1916546,COc1cc2c(ccc(=O)n2CCN2CCC(NCc3cc4c(cn3)OCCO4)CC2)cn1,0.16629999999999995
CHEMBL480457,CN1CCN(c2ccc3ncc(C(N)=O)c(Nc4cccc(Cl)c4Cl)c3c2)CC1,0.045699999999999935
CHEMBL1773082,Cc1cc(Nc2nc(N[C@@H](C)c3ccc(F)cn3)c(C#N)cc2Cl)n[nH]1,0.035799999999999985
CHEMBL339053,O=C(N[C@H](Cc1ccc(Cl)cc1)C(=O)N1CCC(Cn2cncn2)(C2CCCCC2)CC1)[C@H]1Cc2ccccc2CN1,0.007000000000000029
CHEMBL1532611,Nc1ccc(OCCc2ccccc2)cc1,0.03430000000000007
CHEMBL2012204,Cc1cc([C@H](O)[C@](C)(OCc2ccc(-c3ccccc3)cc2)C(=O)NO)no1,0.03280000000000001
CHEMBL402501,C[C@H](Cc1cccc(CC(=O)NC23CC4CC(CC(C4)C2)C3)c1)NC[C@H](O)c1ccc(O)c(CO)c1,0.10090000000000003
CHEMBL2207666,O=C(NC[C@@H](O)CN1CCC(Oc2ccc(Cl)c(Cl)c2)CC1)c1c[nH]c(=O)c2ccccc12,0.018299999999999983
CHEMBL2179666,Cc1cn([C@H]2CCCN(Cc3ccc(C(=O)O)c(Oc4cccc(Br)c4)c3)C2)c(=O)[nH]c1=O,0.019099999999999964
CHEMBL2059195,O=C(O)/C=C/c1cccc(-c2cnc3[nH]ccc3c2)c1,0.02189999999999998
CHEMBL2048866,N[C@@H]1CCCN(c2c(Cl)cccc2/C=C2\SC(=O)NC2=O)C1,0.022399999999999948
CHEMBL865,Cc1onc(-c2ccccc2)c1-c1ccc(S(N)(=O)=O)cc1,0.02450000000000003
CHEMBL2062565,CC(=O)Nc1cnc2ccn(-c3cc(NC4CC4)n4ncc(C#N)c4n3)c2c1,0.025100000000000053
CHEMBL1761870,C[C@@H]1CN(C(=O)N[C@H](Cc2ccc(F)cc2)C(=O)N2CCC(C(=O)NC(C)(C)C)(C3CCCCC3)CC2)C[C@H](C)N1,0.07680000000000006
CHEMBL196707,Cc1c(CC(=O)O)c2cc(F)ccc2n1S(=O)(=O)c1ccc(S(C)(=O)=O)cc1,0.07680000000000006
CHEMBL522771,Cc1ncsc1C(=O)N(Cc1cc(=O)[nH]c2c(F)cccc12)c1cccc(Cl)c1,0.020900000000000033
CHEMBL1086580,Oc1nc(-c2ccc(C(F)(F)F)cc2)nc2c1CSCC2,0.024000000000000056
CHEMBL7568,CCN(CC)CCCC(C)Nc1c2ccc(Cl)cc2nc2ccc(OC)cc12,0.11409999999999997
CHEMBL297685,Cn1c(-c2cccc(F)c2)nc2c(N)nc(C#CC3(O)CCCC3)nc21,0.1189
CHEMBL1951187,COc1cc(OC)c(S(=O)(=O)NCc2ccccc2N2CCC(CC(=O)O)CC2)cc1NC(=O)CCC(=O)O,0.08719999999999999
CHEMBL1088752,Cc1c(F)cc(C(=O)NC2CC2)cc1-c1ccc(C(=O)NCC(C)(C)C)cn1,0.1189
CHEMBL1917457,CC(=O)Nc1cccc2c1c(Oc1ccc(Cl)cc1)c(C)n2CC(=O)O,0.12379999999999995
CHEMBL1824030,O=C1COc2ccc(CNC3CCN(CCN4C(=O)COc5ccc(O)cc54)CC3)nc2N1,0.13409999999999997
CHEMBL1353474,Cc1cc(C)c(S(=O)(=O)NCc2ccncc2)c(C)c1,0.13950000000000004
CHEMBL2348642,CNc1nc(C)c(-c2nc(Nc3cccc(N4CCNCC4)c3)ncc2C#N)s1,0.13950000000000004
CHEMBL1778642,CS(=O)(=O)c1ccc(-c2cc(Cl)ccc2OCC(=O)O)c(Cl)c1,0.025100000000000053
CHEMBL54,O=C(CCCN1CCC(O)(c2ccc(Cl)cc2)CC1)c1ccc(F)cc1,0.14519999999999997
CHEMBL1092240,O=[N+]([O-])c1c(Nc2ccc(-n3cncn3)cc2)ncnc1N1CCC(Sc2ccccn2)CC1,0.001700000000000017
CHEMBL1367530,Cc1ccc(-c2nnc(SCC(=O)N3CCN(c4ccccc4)CC3)o2)cc1,0.0018000000000000683
CHEMBL340978,CC(C(=O)O)c1ccc2oc(-c3ccc(Cl)cc3)nc2c1,0.002399999999999949
CHEMBL402986,C[C@H](CO)Nc1nc(SCc2ccccc2)nc2[nH]c(=O)sc12,0.0029000000000000627
CHEMBL12952,COc1ccc2cc(C(C)C(=O)O)ccc2c1,0.0029999999999999714
CHEMBL259850,COc1ccc(CNC(=O)Nc2ncc([N+](=O)[O-])s2)cc1,0.0031999999999999316
CHEMBL1683934,O=C(Nc1ccccc1-c1ccccc1)OC1CCN(CCCCCCCCCNC[C@H](O)c2ccc(O)c3[nH]c(=O)ccc23)CC1,0.1189
CHEMBL560377,c1ccc2nc(COc3ccc(-c4n[nH]cc4-c4ccncc4)cc3)ccc2c1,0.0020000000000000282
CHEMBL2171037,CN(C)c1ccc(S(=O)(=O)NC(=O)N2CCC(N3CCC(Oc4ccc(Cl)c(Cl)c4)CC3)CC2)cc1,0.001700000000000017
CHEMBL356687,CN(C)c1cc(NC(=O)Nc2cccc(Cl)c2)c2ccccc2n1,0.0014000000000000056
CHEMBL1428,COCCOC(=O)C1=C(C)NC(C)=C(C(=O)OC(C)C)C1c1cccc([N+](=O)[O-])c1,0.018299999999999983
CHEMBL1078178,N#CCNC(=O)c1ccc(-c2ccnc(Nc3ccc(N4CCOCC4)cc3)n2)cc1,0.10299999999999997
CHEMBL1683032,CCOc1cc2nnc(C(N)=O)c(Nc3cc(C)ccc3F)c2cc1N1CCN(C)CC1,0.10730000000000003
CHEMBL6966,COc1ccc(CCN(C)CCCC(C#N)(c2ccc(OC)c(OC)c2)C(C)C)cc1OC,0.10730000000000003
CHEMBL258282,CN1CCN(CCOc2n[nH]c3ncnc(Nc4ccc(OCc5ccccn5)c(Cl)c4)c23)CC1,0.11650000000000006
CHEMBL2207281,O=C(NC[C@@H](O)CN1CCC(Oc2ccc(Cl)c(Cl)c2)CC1)c1c[nH]c(=O)c2cc(S(=O)(=O)NCCO)ccc12,0.12379999999999995
CHEMBL445,CNCCC=C1c2ccccc2CCc2ccccc21,0.13150000000000006
CHEMBL186995,O=C(NCc1ccccc1Cl)c1cccnc1Oc1ccccc1,0.13409999999999997
CHEMBL2206789,COCCC(Oc1ncnc2c1cnn2-c1ccccc1OC)C(=O)Nc1ccc(C)cn1,0.13950000000000004
CHEMBL2181926,CCOC(=O)C1=C(C)NC(C)=C(C(C)=O)[C@H]1c1cccc2c(=O)cc(C)oc12,0.1481
CHEMBL1963131,COc1ccc([C@]2(O)CC[C@H](N3CC[C@@H](NC(=O)CNC(=O)c4cccc(C(F)(F)F)c4)C3)CC2)cn1,0.21209999999999993
CHEMBL49,O=C1CC2(CCCC2)CC(=O)N1CCCCN1CCN(c2ncccn2)CC1,0.22379999999999994
CHEMBL1824041,N#Cc1ccc2c(c1)N(CCN1CCC(NCc3ccc4c(n3)NC(=O)CO4)CC1)C(=O)CO2,0.22790000000000007
CHEMBL1256568,O=C(O)CNC(=O)c1ncccc1O,0.23189999999999997
CHEMBL1650735,COc1cc(Nc2cc(N3CCOCC3)nc(N[C@@H](C)c3ncc(F)cn3)n2)n[nH]1,0.27549999999999997
CHEMBL30054,O=C(Cn1c(Cl)cnc(NCC(F)(F)c2ccccn2)c1=O)NCc1ncccc1F,0.28010000000000007
CHEMBL1824038,CCS(=O)(=O)c1ccc2c(c1)N(CCN1CCC(NCc3ccc4c(n3)NC(=O)CO4)CC1)C(=O)CO2,0.3039
CHEMBL2147033,O=C1COC2(CCN(S(=O)(=O)c3ccc(-c4ccc5cnccc5c4)cc3)CC2)CN1C1CC1,0.0018000000000000683
CHEMBL2147474,COc1cc(-n2cnc3cc(-c4ccc(Cl)cc4)sc3c2=O)ccc1OC[C@H](O)C1CC1,0.0020999999999999374
CHEMBL2323239,O=C(CSc1nc2c(c(=O)n1-c1ccccc1)SCC2)Nc1ncc(-c2ccccc2)s1,0.00230000000000004
CHEMBL2010836,CN(C(=O)Cc1ccc(-n2cnnn2)cc1)C1CCN(Cc2ccc(C(F)(F)F)cc2)CC1,0.08719999999999999
CHEMBL2164567,CCN(CCO)C(=O)c1cc2cccnc2n1-c1cccc(C(F)(F)F)c1,0.09280000000000001
CHEMBL507674,CCN1CCN(C(=O)N[C@@H](C(=O)N[C@@H]2C(=O)N3C(C(=O)O)=C(CSc4nnnn4C)CS[C@H]23)c2ccc(O)cc2)C(=O)C1=O,0.09879999999999996
CHEMBL576257,Cc1cc(Nc2cnc(C#N)c(N[C@@H](C)c3ccc(F)cn3)n2)n[nH]1,0.14519999999999997
CHEMBL560423,O=C(NCC1(O)CCCCCC1)c1cc(-n2ncc(=O)[nH]c2=O)ccc1Cl,0.2403
CHEMBL384536,CC(C)Cn1c(=O)n(C)c(=O)c2c(C(=O)N3C[C@H](O)CO3)c(Cc3c[nH]c4ncccc34)sc21,0.24450000000000002
CHEMBL1917441,Cc1ccc2c(c1)c(Sc1cccc(Cl)c1)c(C)n2CC(=O)O,0.0035999999999999943
CHEMBL2165067,COc1ccc2ncc(=O)n(CCN3CC[C@@H](NCc4ccc5c(n4)NC(=O)CO5)[C@@H](F)C3)c2c1,0.24450000000000002
CHEMBL562310,O=C(Nc1cccc2cccnc12)c1ccc(N2C(=O)[C@@H]3[C@H](C2=O)[C@@H]2C=C[C@H]3C2)cc1,0.011099999999999994
CHEMBL2179276,Cc1cn([C@H]2CCCN([C@@H](CC(C)C)c3ccc(C(=O)O)c(Oc4cccc(Cl)c4)c3)C2)c(=O)[nH]c1=O,0.011099999999999994
CHEMBL304087,COc1cc(NC(=O)Nc2cccc(CNC(=O)O[C@H]3CCOC3)c2)ccc1-c1cnco1,0.012999999999999972
CHEMBL1950845,CN[C@@H](C)C(=O)N[C@H](C(=O)N[C@H]1CCCN([C@@H]2CCCc3ccccc32)C1)C1CCCCC1,0.06760000000000005
CHEMBL379350,CCN(CC)c1ccc2cc(C(C)=O)c(=O)oc2c1,0.07200000000000002
CHEMBL2151322,CC(C)Oc1cc(-n2cnc3ccc(N[C@@H](CO)c4ccc(F)cn4)nc32)n[nH]1,0.08180000000000007
CHEMBL2316382,COc1ccc(NC(=O)c2ccc(C[S+](C)[O-])c3ccccc23)c(C(=O)NCC2CCOCC2)n1,0.054399999999999976
CHEMBL2180033,CC1=NC(c2cccc(-c3cncc(Cl)c3)c2)(C2CC2)N=C1N,0.0647
CHEMBL2164371,O=C(NCc1ccc(OC(F)(F)F)cc1)C1c2ccccc2C(=O)N1C1CCOCC1,0.09480000000000004
CHEMBL1435,Cc1nnc(SCC2=C(C(=O)O)N3C(=O)[C@@H](NC(=O)Cn4cnnn4)[C@H]3SC2)s1,0.09680000000000007
CHEMBL230245,CC(C)S(=O)(=O)N(C)c1cc(C(=O)N[C@@H](Cc2ccccc2)[C@@H](N)CF)cc(NC[C@H]2C[C@@H]2C)n1,0.04469999999999999
CHEMBL2158441,O=c1cc(N2CCOCC2)nc(NCc2c(Cl)cccc2Cl)[nH]1,0.04
CHEMBL2207596,COc1cc(O)c(S(=O)(=O)N2c3ccccc3CCC2C)cc1NC(=O)CCC(=O)O,0.043700000000000044
CHEMBL2171020,O=C(c1c[nH]c(=O)c2ccccc12)N1CCC(N2CCC(Oc3ccc(Cl)c(Cl)c3)CC2)CC1,0.08900000000000005
CHEMBL2059377,CCNC(=O)c1cc2c(-n3ccc(C(F)(F)F)n3)c(-c3cncc(C#N)c3)cnc2[nH]1,0.08900000000000005
CHEMBL402146,O=C(Nc1ccc(Cl)nc1)c1ccc(F)c(F)c1,0.09280000000000001
CHEMBL41355,CCOC(=O)Nc1ccc(NCc2ccc(F)cc2)cc1N,0.13950000000000004
CHEMBL1078685,N#Cc1cc(-c2n[nH]c(-c3ccncc3)n2)ccn1,0.15099999999999994
CHEMBL379828,COc1ccc2c(c1)c(-c1ccnc3cc(Cl)ccc13)c(C)n2CC(=O)O,0.003100000000000023
CHEMBL1288009,COc1ccc(-c2cc3c(N[C@H]4CCCNC4)ncc(C(N)=O)c3s2)cc1,0.06609999999999999
CHEMBL570192,Cc1cc(Nc2nc(O[C@@H](C)c3ccc(F)cn3)c(C#N)nc2C)n[nH]1,0.05939999999999998
CHEMBL2180027,COc1ccc(C2(c3cccc(-c4cncnc4)c3)N=C(C)C(N)=N2)cc1C,0.06200000000000003
CHEMBL1778641,CCS(=O)(=O)c1ccc(-c2cc(Cl)ccc2OCC(=O)O)cc1,0.02739999999999995
CHEMBL1950855,CN[C@@H](C)C(=O)N[C@H](C(=O)N[C@H]1CCCN(CCc2ccc(Cl)cc2)C1)C(C)(C)C,0.02930000000000007
CHEMBL1951081,COc1cc(OC)c(S(=O)(=O)N2c3ccccc3CCC2C)cc1NC(=O)CSc1ccncc1,0.02930000000000007
CHEMBL2179669,Cc1cn([C@H]2CCCN(Cc3ccc(C(=O)O)c(Oc4cccc(C(F)(F)F)c4)c3)C2)c(=O)[nH]c1=O,0.02930000000000007
CHEMBL2158790,Cc1c(OC2CCN(CC3CCN([C@@](C)(Cc4ccc(F)cc4)C(=O)O)CC3)CC2)ccc(Cl)c1Cl,0.032099999999999934
CHEMBL2059867,Cc1nc(-c2ccc(C)c(NC(=O)c3ccc(OCc4ccccn4)cc3)c2)c[nH]1,0.032099999999999934
CHEMBL1598817,Cc1ccc(Cl)cc1NC(=O)CCS(=O)(=O)c1ccc(Br)s1,0.011099999999999994
CHEMBL2147317,COc1cnc(-c2cccc(F)c2C(F)(F)CNC(=O)c2ccc(COCC(F)(F)F)nc2)cn1,0.03280000000000001
CHEMBL2179278,Cc1cn([C@H]2CCCN([C@@H](CC(C)(C)C)c3ccc(C(=O)O)c(Oc4cccc(Br)c4)c3)C2)c(=O)[nH]c1=O,0.009899999999999949
CHEMBL518770,CC(C)Oc1cc2ncc(C(N)=O)c(Nc3ccc(Cl)c(Cl)c3)c2cc1N1CCN(C)CC1,0.009899999999999949
CHEMBL2158051,CN[C@@H](C)C(=O)N[C@H]1CN(C(=O)CC(C)C)CC[C@H]2CC[C@@H](C(=O)NC(c3ccccc3)c3ccccc3)N2C1=O,0.25310000000000005
CHEMBL2171169,CC(C)N(CCCNC(=O)Nc1ccc(C(C)(C)C)cc1)C[C@H]1O[C@@H](n2cnc3c(N)ncnc32)[C@H](O)[C@@H]1O,0.2847
CHEMBL2207671,CS(=O)(=O)c1ccc2c(C(=O)NC[C@@H](O)CN3CCC(Oc4ccc(Cl)c(Cl)c4)CC3)c[nH]c(=O)c2c1,0.09680000000000007
CHEMBL2207670,CS(=O)(=O)c1ccc2c(C(=O)NC[C@@H](O)CN3CCC(Oc4ccc(C#N)c(Cl)c4)CC3)c[nH]c(=O)c2c1,0.31870000000000004
CHEMBL2011923,CNc1c(C(N)=O)cnc2[nH]c(-c3ccc(OCCN4CCOCC4)cc3)nc12,0.21209999999999993
CHEMBL1650734,Cc1cc(Nc2nc(N[C@@H](C)c3ncc(F)cn3)nc(N3CCOCC3)c2Cl)n[nH]1,0.22790000000000007
CHEMBL551813,CN(C)c1nc(Cc2ccc(NC(=O)c3ccc(C(F)(F)F)cc3)cc2)nc(N(C)C)c1CC(=O)O,0.003900000000000006
CHEMBL2324423,N#Cc1cc(S(=O)(=O)Nc2ncns2)ccc1Oc1cc(Cl)c(F)cc1-c1ccnnc1,0.004099999999999966
CHEMBL1957381,Cc1cc(-c2ccc(-c3nc4ccncc4c(O)c3C#N)cc2)ccn1,0.004099999999999966
CHEMBL403313,CN(C)S(=O)(=O)NC(=O)CCCc1c(-c2ccc(F)cc2)[nH]c2ccc(C#N)cc12,0.004099999999999966
CHEMBL1951165,COc1cc(OC)c(S(=O)(=O)N(c2ccccc2)C(C)C)cc1NC(C)=O,0.005
CHEMBL98760,CC(C)NC(=O)c1ccc2c(Nc3ccc(Cl)cc3)nc(N3CCOCC3)nc2c1,0.0051000000000000515
CHEMBL165790,CC(C)Oc1ccc2c(=O)c(-c3ccccc3)coc2c1,0.005300000000000011
CHEMBL370492,CCc1nc2cc(O)ccc2c(Oc2ccc(/C=C/C(=O)O)cc2)c1-c1ccccc1,0.0056000000000000225
CHEMBL1412533,Clc1ccc(OCc2cn3ccccc3n2)c2ncccc12,0.005999999999999943
CHEMBL2181247,O=C1COc2nccc(-c3ccccc3F)c2CN1Cc1cc(C(F)(F)F)cc(C(F)(F)F)c1,0.006299999999999955
CHEMBL1917448,COc1cccc(S(=O)(=O)c2c(C)n(CC(=O)O)c3ccc(C)cc23)c1,0.006299999999999955
CHEMBL1464,CC(=O)CC(c1ccccc1)c1c(O)c2ccccc2oc1=O,0.006899999999999977
CHEMBL1957380,N#Cc1c(-c2ccc(-c3cccnc3)cc2)nc2ccncc2c1O,0.007000000000000029
CHEMBL1818295,CC(C)(C)OC(=O)NC[C@H]1CC[C@H](CNC(=O)c2cc(N3CCC(CCO)CC3)nc3ccccc23)CC1,0.007000000000000029
CHEMBL1916261,CCC(CC)NC(=O)c1nnn(-c2ccccc2)c1NS(=O)(=O)c1ccc(C)cc1,0.0071999999999999885
CHEMBL594671,CC(C)[C@H](C(=O)Nc1nccs1)c1ccc(Cl)cc1,0.007399999999999949
CHEMBL1528356,Cc1ccc(S(=O)(=O)N(C)c2ccc3sc(C)nc3c2)cc1,0.007399999999999949
CHEMBL480057,COc1cc2ncc(C(N)=O)c(Nc3ccccc3C)c2cc1OC,0.008100000000000022
CHEMBL1916279,Cc1ccc(S(=O)(=O)Nc2c(C(=O)NCC(C)(C)C)c(C)nn2-c2ccccc2)cc1,0.008199999999999931
CHEMBL1081913,CC(C)(C)OC(=O)N1CCC(OCc2nc(-c3ccncc3)no2)CC1,0.008400000000000034
CHEMBL1096896,CCNC(=O)[C@H]1O[C@@H](n2cnc3c(NCC(c4ccccc4)c4ccccc4)nc(C(=O)NCCNC(=O)NC4CCN(c5ccccn5)CC4)nc32)[C@H](O)[C@@H]1O,0.009000000000000057
CHEMBL1272,CCOc1cc(CC(=O)N[C@@H](CC(C)C)c2ccccc2N2CCCCC2)ccc1C(=O)O,0.009000000000000057
CHEMBL2147303,COc1ncc(-c2ccccc2C(F)(F)CNC(=O)c2ccc(COCC(F)(F)F)nc2)cn1,0.009899999999999949
CHEMBL2179283,CCCC(C)(C)C[C@H](c1ccc(C(=O)O)c(Oc2cccc(Cl)c2)c1)N1CCC[C@H](n2cc(C)c(=O)[nH]c2=O)C1,0.009899999999999949
CHEMBL475534,CCOC(=O)C1=C(C)NC(C)=C(C(=O)OC)C1c1cccc([N+](=O)[O-])c1,0.009000000000000057
CHEMBL560219,O=C(Cc1ccc(Cl)c(C(F)(F)F)c1)Nc1cccc2c(=O)n(CCO)ccc12,0.009699999999999988
CHEMBL1530127,Cc1ccc(CNC(=O)CCS(=O)(=O)c2ccc(Br)cc2)cc1,0.012999999999999972
CHEMBL2070241,CCCC[C@H](NC(C)=O)C(=O)N[C@H]1CC(=O)NCCCC[C@@H](C(=O)O)NC(=O)[C@H](Cc2c[nH]c3ccccc23)NC(=O)[C@H](CCCNC(=N)N)NC(=O)[C@@H](Cc2ccccc2)NC(=O)[C@H](Cc2cnc[nH]2)NC1=O,0.7291
CHEMBL93484,CC1N=C(N)N=C(N)N1c1ccc(Cl)cc1,0.7469
CHEMBL1824043,O=C1COc2ccc(CNC3CCN(CCN4C(=O)COc5ccc(F)cc54)CC3)nc2N1,0.16959999999999995
CHEMBL1614705,O=C(CO)N1CCC(c2[nH]nc(-c3ccc(Cl)cc3F)c2-c2ccncn2)CC1,0.25310000000000005
CHEMBL515062,CC(C)Oc1cc(Nc2nc(N[C@@H](C)c3ccc(F)cn3)nc(OC(CO)CO)c2Cl)n[nH]1,0.1761
CHEMBL2165061,COc1ccc2ncc(=O)n(CCN3CC[C@@H](NCc4ccc5c(n4)NC(=O)CO5)[C@H](OC)C3)c2c1,0.17950000000000002
CHEMBL2010831,CN(C(=O)Cc1ccc(S(C)(=O)=O)cc1)C1CCN(Cc2ccc(C(F)(F)F)cc2)CC1,0.18989999999999996
CHEMBL1934422,Cc1ccc(S(=O)(=O)Nc2c(C(=O)N[C@@H](C)C(C)(C)C)c(C)nn2C2CCOCC2)cc1,0.20829999999999999
CHEMBL1650698,C[C@H](Nc1ncc(F)c(Nc2cc(C3CC3)[nH]n2)n1)c1ncc(F)cn1,0.22379999999999994
CHEMBL606052,N#Cc1ccc2c(c1)NC(=O)C2c1ncnc2cc(OCCCN3CCOCC3)ccc12,0.012999999999999972
CHEMBL480456,CN1CCN(c2ccc3ncc(C(N)=O)c(Nc4ccc(Cl)c(Cl)c4)c3c2)CC1,0.05810000000000002
CHEMBL81324,Clc1ccc(C(c2ccccc2)N2CCNCC2)cc1,0.05810000000000002
CHEMBL2158785,Cc1c(OC2CCN(CC3CCN([C@@H](Cc4ccc(F)cc4)C(=O)O)CC3)CC2)ccc(C#N)c1Cl,0.05939999999999998
CHEMBL1201335,C[N+]1(C)CCC(OC(=O)C(O)(c2ccccc2)C2CCCC2)C1,0.7105
CHEMBL193836,CC(C)c1ccc(/C=N/NC(=O)c2ccc(O)cc2)cc1,0.056800000000000066
CHEMBL1683037,COc1cc2nnc(C(N)=O)c(Nc3cc(C)ccc3F)c2cc1N1CCN(C)CC1,0.07049999999999997
CHEMBL212521,CC[C@H](N)C(=O)N[C@H](C#N)Cc1ccc(-c2ccccc2)cc1,0.08010000000000005
CHEMBL2151138,CN1C(=N)N[C@](C)(c2cc(-c3cccc(C#N)c3)cs2)CC1=O,0.0836
CHEMBL218573,CC(C)Cn1c(=O)n(C)c(=O)c2c(C(=O)N3C[C@H](O)CO3)c(Cc3ccccc3C(F)(F)F)sc21,0.05209999999999994
CHEMBL2158771,N#Cc1ccc(C[C@@H](C(=O)O)N2CCC(CN3CCC(Oc4ccc(Cl)c(Cl)c4)CC3)CC2)cc1,0.05209999999999994
CHEMBL549344,CCc1nc2c(N)nc3ccccc3c2n1CCCCNS(C)(=O)=O,0.33390000000000003
CHEMBL519442,COCCOc1cc2ncc(C(N)=O)c(Nc3cccc(Cl)c3F)c2cc1N1CCN(C)CC1,0.3923
CHEMBL1789155,N#Cc1ccc(Cl)cc1S[C@H](CCN)c1ccccc1,0.5855
CHEMBL481564,CCOc1cc2ncc(C(N)=O)c(Nc3ccc(F)cc3F)c2cc1N1CCN(C2CC2)CC1,0.013900000000000006
CHEMBL257830,N#Cc1ccc2[nH]c(-c3ccc(F)cc3)c(CCCC(=O)NS(N)(=O)=O)c2c1,0.014599999999999938
CHEMBL481606,CCOc1cc2ncc(C(N)=O)c(Nc3cccc(Cl)c3Cl)c2cc1N1CCN(CCOC)CC1,0.017099999999999938
CHEMBL2207283,Cc1c(Cl)ccc(OC2CCN(C[C@H](O)CNC(=O)c3c[nH]c(=O)c4ccc(S(C)(=O)=O)cc34)CC2)c1Cl,0.07680000000000006
CHEMBL551170,O=C(NCC12CC3CC(CC(C3)C1)C2)c1cc(-n2ncc(=O)[nH]c2=O)ccc1Cl,0.018700000000000046
CHEMBL2158438,O=c1cc(N2CCOCC2)nc(NCc2cccc(Cl)c2)[nH]1,0.07049999999999997
CHEMBL652,O=C(NCC1CCCCN1)c1cc(OCC(F)(F)F)ccc1OCC(F)(F)F,0.6186
CHEMBL173706,CC(C)(C)NCC(O)COc1nsnc1N1CCOCC1,0.5966
CHEMBL225519,O=C1NCCc2[nH]c(-c3ccncc3)cc21,0.5855
CHEMBL235581,O=C(NCC12CC3CC(CC(C3)C1)C2)c1cc(CC2CCNCC2)ccc1Cl,0.08719999999999999
CHEMBL2070137,CCS(=O)(=O)c1ccc2[nH]c(-c3cccc(-c4ccccc4)c3)nc2c1,0.0010999999999999942
CHEMBL472,COc1ccc(Cl)cc1C(=O)NCCc1ccc(S(=O)(=O)NC(=O)NC2CCCCC2)cc1,0.0012000000000000454
CHEMBL2180031,CC#Cc1cncc(-c2cccc(C3(c4cc(C)c(OC)c(C)c4)N=C(C)C(N)=N3)c2)c1,0.0020000000000000282
CHEMBL1531981,Cc1oc(-c2ccccc2)cc1C(=O)Nc1cccc(C(=O)O)c1,0.0020000000000000282
CHEMBL190747,COc1ccc(OC)c(CNC(=O)c2cccnc2Oc2ccccc2)c1,0.0020000000000000282
CHEMBL554,CS(=O)(=O)CCNCc1ccc(-c2ccc3ncnc(Nc4ccc(OCc5cccc(F)c5)c(Cl)c4)c3c2)o1,0.002600000000000051
CHEMBL1309895,O=C(/C=C/c1ccccc1Cl)Nc1ccc2c(c1)C(=O)NC2=O,0.09480000000000004
CHEMBL1683035,COc1cc2nnc(C(N)=O)c(Nc3ccc(F)cc3F)c2cc1N1CCN(C)CC1,0.09480000000000004
CHEMBL1916536,COc1ccc2c(c1)N(CCN1CCC(NCc3cc4c(cn3)OCCO4)CC1)C(=O)CS2,0.09480000000000004
CHEMBL1573309,CCN(CC)CCn1c2ccccc2c2cnc(N)c(C#N)c21,0.10090000000000003
CHEMBL452664,COc1cc2ncc(C(N)=O)c(Nc3cccc(Cl)c3Cl)c2cc1NCCN(C)C,0.10299999999999997
CHEMBL1447076,NS(=O)(=O)c1ccc(N2N=C(c3ccc(Br)cc3)CC2c2ccc(F)cc2)cc1,0.10510000000000005
CHEMBL2164564,COc1ccc(-c2c(C(=O)N3CCC[C@H]3CO)cc3cccnn23)cc1,0.10950000000000003
CHEMBL560167,O=C(NCC12CC3CC(CC(C3)C1)C2)c1cc(OCCNCCCO)ncc1Cl,0.10950000000000003
CHEMBL1113,Clc1ccc2c(c1)C(N1CCNCC1)=Nc1ccccc1O2,0.10950000000000003
CHEMBL1468264,COc1cc(OC)c2nc(C)c3c(c2c1)N(c1ccc(O)cc1)CC3,0.11180000000000007
CHEMBL2158841,O=C(O)[C@H](Cc1ccc(F)cc1)N1CCC(CN2CCC(Oc3ccc(Cl)c(Cl)c3)CC2)CC1,0.11409999999999997
CHEMBL427851,Cc1oc(CN2CCNCC2)cc1C(=O)NCC12CC3CC(CC(C3)C1)C2,0.1481
CHEMBL1951184,COc1cc(OC)c(S(=O)(=O)NCc2ccccc2N2CCC(COC(=O)CCC(=O)O)CC2)cc1NC(=O)CCC(=O)O,0.15099999999999994
CHEMBL481206,COCCOc1cc2ncc(C(N)=O)c(Nc3cc(C)ccc3F)c2cc1N1CCN(C)CC1,0.16319999999999993
CHEMBL1917438,Cc1c(Sc2ccc(Cl)cc2)c2c(-c3ccccc3)cccc2n1CC(=O)O,0.0031999999999999316
CHEMBL51594,c1ccc2c(c1)CCN(c1ccncc1)C2,0.4314
CHEMBL479447,COc1cc2c(Nc3ccc(F)cc3F)c(C(N)=O)cnc2cc1NCCN(C)C,0.44270000000000004
CHEMBL407,CCOC(=O)c1ncn2c1CN(C)C(=O)c1cc(F)ccc1-2,0.44270000000000004
CHEMBL2059374,CCNC(=O)c1cc2c(-n3nc(C(F)(F)F)cc3C)c(-c3cncc(C(=O)O)c3)cnc2[nH]1,0.45409999999999995
CHEMBL1683033,CCOc1cc2nnc(C(N)=O)c(Nc3cccc(Cl)c3F)c2cc1N1CCN(C)CC1,0.019099999999999964
CHEMBL397237,C[C@H](CO)Nc1nc(SCc2cccc(F)c2F)nc2nc(N)sc12,0.019599999999999937
CHEMBL2335904,C[C@@H](NC1=CC(=O)CC1)c1ccc(Nc2ncc3cc(-c4ccncc4)ccc3n2)cc1,0.02
CHEMBL1934271,CCC(CC)n1nc(C)c(C(=O)N[C@@H](C)C(C)(C)C)c1NS(=O)(=O)c1ccc(C)cc1,0.02
CHEMBL235789,O=C(NCC12CC3CC(CC(C3)C1)C2)c1cc(CN2CCNCC2)ccc1Cl,0.08719999999999999
CHEMBL2338409,CC(C)(C)NC(=O)NCCN1CCC(CNC(=O)c2cc(Cl)cc(Cl)c2)C1,0.09680000000000007
CHEMBL2152522,c1ccc([C@@H]([C@H](c2ccccc2)N2CCCCC2)N2CCCCC2)cc1,0.09879999999999996
CHEMBL1921946,C[C@@](C(=O)O[C@H]1C[N+]2(CC(=O)Nc3ccccn3)CCC1CC2)(c1ccccc1)N1CCCCC1,0.11650000000000006
CHEMBL2165189,C[C@H]1CN(c2cc(N(CCO)Cc3cccc4ccccc34)[nH]c(=O)n2)CCO1,0.16
CHEMBL576068,Cc1cc(Nc2nc(N[C@@H](C)c3ccc(F)cn3)cnc2C)n[nH]1,0.16
CHEMBL2165060,COc1ccc2ncc(=O)n(CCN3CC[C@H](NCc4cc5c(cn4)OCCO5)[C@@H](OC)C3)c2c1,0.16629999999999995
CHEMBL2335883,CN(C)CCNCc1ccc(Nc2ncc3cc(-c4ccncc4)ccc3n2)cc1,0.04989999999999995
CHEMBL1550191,O=C1NC(c2ccc(Br)cc2)Nc2ccccc21,0.05099999999999994
CHEMBL172714,Cc1ccc(S(=O)(=O)N2N=Cc3oc(C)cc3B2O)cc1,0.05099999999999994
CHEMBL2048869,CCOc1cccc(/C=C2\SC(=O)NC2=O)c1N1CCC[C@@H](N)C1,0.05209999999999994
CHEMBL1381233,O=C(Nc1ccncc1)c1cccc2ccccc12,0.06900000000000006
CHEMBL1922054,Cc1ccc2nc(C[N+]34CCC(CC3)[C@@H](OC(=O)[C@](C)(c3ccccc3)N3CCCCC3)C4)oc2c1,0.07049999999999997
CHEMBL520278,CCOc1cc2ncc(C(N)=O)c(Nc3cccc(Cl)c3F)c2cc1N1CCN(C)CC1,0.07049999999999997
CHEMBL14762,CC[C@H](CO)Nc1nc(NCc2ccccc2)c2ncn(C(C)C)c2n1,0.07200000000000002
CHEMBL2337979,CC(C)(C)NC(=O)NCCN1CCCC(NC(=O)c2cc(Cl)cc(Cl)c2)C1,0.027999999999999973
CHEMBL2088413,Cc1ccc(CCNC(=O)c2ccc3sc(CO)nc3c2)cc1,0.02930000000000007
CHEMBL2178933,Cc1nc(C)c(-c2ccc([C@H]3CC[C@H](CCO)CC3)cc2)nc1C(N)=O,0.03
CHEMBL481223,COc1cc2ncc(C(N)=O)c(Nc3ccc(Cl)cc3Cl)c2cc1N1CCN(C)CC1,0.032099999999999934
CHEMBL1683026,COc1cc2nnc(C(N)=O)c(Nc3ccc(C)cc3F)c2cc1OC,0.03280000000000001
CHEMBL383235,CC[C@@H](CO)Nc1nc(SCc2ccccc2)nc2nc(N)sc12,0.033499999999999946
CHEMBL1254945,O=C(c1cccc(N2Cc3cccc(Cl)c3C2=O)c1)N1CCC2(CC1)CCN(c1ccncc1)CC2,0.00950000000000003
CHEMBL213029,COc1ccc2c(c1)c(CC(=O)O)c(C)n2-c1ccnc2cc(Cl)ccc12,0.009899999999999949
CHEMBL1917433,Cc1c(Sc2ccc(Cl)cc2)c2c(NS(C)(=O)=O)cccc2n1CC(=O)O,0.010400000000000062
CHEMBL2048870,CC(C)COc1cccc(/C=C2\SC(=O)NC2=O)c1N1CCC[C@@H](N)C1,0.011899999999999977
CHEMBL127066,Oc1nc(-c2ccccc2)nc2ccccc12,0.011899999999999977
CHEMBL1824042,O=C1COc2ccc(CNC3CCN(CCN4C(=O)COc5ccc(Cl)cc54)CC3)nc2N1,0.07200000000000002
CHEMBL837,CCc1c2c(nc3ccc(O)cc13)-c1cc3c(c(=O)n1C2)COC(=O)[C@]3(O)CC,0.07680000000000006
CHEMBL1891338,COc1cccc(CNc2nc(NC(C)C)nc3ccsc23)c1OC,0.0026999999999999602
CHEMBL1800528,COc1ccnc(CCc2nc3c(C)ccnc3[nH]2)c1,0.19709999999999994
CHEMBL1161,C[C@@H]1C[C@H]2[C@@H]3CCC4=CC(=O)C=C[C@]4(C)[C@@]3(Cl)[C@@H](O)C[C@]2(C)[C@@]1(OC(=O)c1ccco1)C(=O)CCl,0.00230000000000004
CHEMBL2349334,CC[C@H](CO)Nc1nc(SCc2ccccc2)nc2[nH]c(=O)sc12,0.0015999999999999658
CHEMBL2207658,O=C(NC[C@@H](O)CN1CCC(Oc2ccc(Cl)c(Cl)c2)CC1)c1c[nH]nc1C(F)(F)F,0.021400000000000006
CHEMBL1458025,Cc1sc2ncnc(SCC(=O)N3CCN(C(=O)c4ccco4)CC3)c2c1C,0.023400000000000035
CHEMBL2048863,N[C@H]1CCN(c2c(Cl)cccc2/C=C2\SC(=O)NC2=O)C1,0.023400000000000035
CHEMBL1921939,C[C@@](C(=O)O[C@H]1C[N+]2(CCOCCc3ccccc3)CCC1CC2)(c1ccccc1)N1CCCCC1,0.025100000000000053
CHEMBL826,CCn1cc(C(=O)O)c(=O)c2cc(F)c(N3CCNCC3)nc21,0.6557999999999999
CHEMBL945,N=C(N)NC(=O)c1nc(Cl)c(N)nc1N,0.7291
CHEMBL1076,COc1ccc(OC)c(C(O)CN)c1,0.7801
CHEMBL1950723,CN[C@@H](C)C(=O)N[C@H](C(=O)N[C@H]1CCN(CCCc2ccccc2)C1)C1CCCCC1,0.35989999999999994
CHEMBL1950727,CN[C@@H](C)C(=O)N[C@H](C(=O)N[C@H]1CCCN(Cc2ccccc2)C1)C1CCCCC1,0.3653
CHEMBL1950730,CN[C@@H](C)C(=O)N[C@H](C(=O)N[C@H]1CCCN(C(=O)Cc2ccccc2)C1)C1CCCCC1,0.376
CHEMBL1916541,COc1ccc2c(C)nc(=O)n(CCN3CCC(NCc4cc5c(cn4)OCCO5)CC3)c2c1,0.40340000000000004
CHEMBL2158793,Cc1cc(F)ccc1OC1CCN(CC2CCN([C@@](C)(Cc3ccc(F)cc3)C(=O)O)CC2)CC1,0.46549999999999997
CHEMBL1426782,Cc1sc2c(c1C)c(=O)n(-c1ccc(F)cc1)c(=O)n2CC(=O)NCc1ccco1,0.026800000000000067
CHEMBL1087898,Cc1cnc(Nc2cncc(N[C@@H](C)c3ncc(F)cn3)n2)s1,0.1728
CHEMBL1399574,CCOc1ccc(NC(=O)CCc2c(C)nc3nc(C)nn3c2C)cc1,0.17950000000000002
CHEMBL177756,O=C(O)c1ccccc1-c1c2ccc(=O)cc-2oc2cc(O)ccc12,0.18989999999999996
CHEMBL213556,CC(CC(=O)OC(C)(C)C)NC(=O)C1=NOC(C(O)(C(F)(F)F)C(F)(F)F)C1,0.19349999999999995
CHEMBL2041980,CS(=O)(=O)c1ccc(-c2cnc(N)c(-c3ccc(C(F)(F)F)nc3)c2)cc1,0.19349999999999995
CHEMBL262273,CC(O)(C(=O)Nc1ccc(S(=O)(=O)N2CCCC2)cc1)C(F)(F)F,0.21989999999999996
CHEMBL1807849,Nc1nc(OCC2CCC2)nc2c1ncn2[C@@H]1O[C@H](CF)[C@@H](O)[C@H]1O,0.22790000000000007
CHEMBL1645135,C[C@H](NC(=O)c1cccc2c1N(Cc1ccc(Cl)cc1)CC2)c1ccc(C(=O)O)cc1,0.013299999999999984
CHEMBL1807829,O=c1[nH]c2c(O)ccc([C@@H](O)CNCCSCCCNCCc3cccc(Cl)c3Cl)c2s1,0.05939999999999998
CHEMBL481212,CCOc1cc2ncc(C(N)=O)c(Nc3cc(C)ccc3F)c2cc1N1CCN(C)CC1,0.06060000000000002
CHEMBL1835918,Cc1ccc(N2CC(COc3ccc(-c4noc(C)n4)cc3)C2)nn1,0.06200000000000003
CHEMBL347164,COc1ccc(-c2nc(N3CCOCC3)nc(O)c2C#N)cc1,0.0647
CHEMBL1934423,Cc1ccc(S(=O)(=O)Nc2c(C(=O)N[C@@H](C)C(C)(C)C)c(C)nn2C2CCOC2)cc1,0.0736
CHEMBL2059860,Cc1ccc(-c2c[nH]cn2)cc1NC(=O)c1ccc(OCc2ccccn2)cc1,0.05099999999999994
CHEMBL2177917,COc1c(C)cc(C2(c3cccc(-c4cncnc4)c3)N=C(N)c3c(F)cccc32)nc1C,0.03430000000000007
CHEMBL2062774,CCOc1noc2cc(OCCC3CCN(c4ccc(C)nn4)CC3)ccc12,0.0014000000000000056
CHEMBL1921913,C[C@@](C(=O)O[C@H]1C[N+]2(CCc3c[nH]c4ccccc34)CCC1CC2)(c1ccccc1)N1CCCCC1,0.0018999999999999772
CHEMBL1201195,CO[C@@]1(NC(=O)CSCC#N)C(=O)N2C(C(=O)O)=C(CSc3nnnn3C)CS[C@@H]21,0.19349999999999995
CHEMBL376632,Cc1cc(N2CCC[C@@H]2C(=O)NCCc2ccc3c(c2)OCO3)nc(-n2ccnc2)n1,0.18989999999999996
CHEMBL1818302,CN(C)CCC1CCN(c2cc(C(=O)NC[C@H]3CC[C@H](CNC(=O)OC4CCOCC4)CC3)c3ccccc3n2)CC1,0.17950000000000002
CHEMBL715,Cc1cc2c(s1)Nc1ccccc1N=C2N1CCN(C)CC1,0.10730000000000003
CHEMBL398149,CC(=O)Nc1cccc(Nc2nc(NC3CC3)n3ncc(C#N)c3n2)c1,0.10730000000000003
CHEMBL22183,Cc1ccc(Sc2ccccc2CN(C)C)c(N)c1,0.10950000000000003
CHEMBL2207662,O=C(NC[C@@H](O)CN1CCC(Oc2ccc(Cl)c(Cl)c2)CC1)c1c[nH]c(=O)cc1C(F)(F)F,0.11180000000000007
CHEMBL57531,Nc1ncc2cc(-c3c(Br)cccc3Br)c(N)nc2n1,0.11409999999999997
CHEMBL1916540,COc1ccc2c(C)cc(=O)n(CCN3CCC(NCc4cc5c(cn4)OCCO5)CC3)c2c1,0.11409999999999997
CHEMBL233263,C[C@H](CO)Nc1nc(SCc2ccco2)nc2nc(N)sc12,0.11650000000000006
CHEMBL413065,CCc1nc2c(N)nc3ccccc3c2n1CC(C)C,0.11650000000000006
CHEMBL1934421,Cc1ccc(S(=O)(=O)Nc2c(C(=O)N[C@@H](C)C(C)(C)C)c(C)nn2C2CCN(CC(F)(F)F)CC2)cc1,0.11650000000000006
CHEMBL2059196,CCNC(=O)c1cc2c(-n3ccc(C(F)(F)F)n3)c(-c3cncc(C(=O)O)c3)cnc2[nH]1,0.11650000000000006
CHEMBL1650728,COc1cc(Nc2nc(N[C@@H](C)c3ncc(F)cn3)ncc2Br)n[nH]1,0.12379999999999995
CHEMBL1951181,COc1cc(OC)c(S(=O)(=O)NCc2ccccc2N2CCC(CO)CC2)cc1NC(C)=O,0.12629999999999997
CHEMBL21731,CNCCCC12CCC(c3ccccc31)c1ccccc12,0.12629999999999997
CHEMBL1735467,CC(=O)Nc1cccc(OCc2cnc(Cl)s2)c1,0.13150000000000006
CHEMBL1369722,Oc1ncnc2scc(-c3ccccc3)c12,0.13680000000000006
CHEMBL2165180,O=c1nc(N2CCOCC2)cc(N(CCO)Cc2cccc3ccccc23)[nH]1,0.13950000000000004
CHEMBL1921922,Cc1ccc(CCC[N+]23CCC(CC2)[C@@H](OC(=O)[C@](C)(c2ccccc2)N2CCCCC2)C3)cn1,0.13950000000000004
CHEMBL301554,CN(C)CCNc1cc(-c2ccncc2)nc2ccccc12,0.14230000000000004
CHEMBL85,Cc1nc2n(c(=O)c1CCN1CCC(c3noc4cc(F)ccc34)CC1)CCCC2,0.15400000000000005
CHEMBL2164566,CCN(CCO)C(=O)c1oc2cccnc2c1-c1cccc(C(F)(F)F)c1,0.08719999999999999
CHEMBL2331748,Cc1cn([C@H]2CCCN(S(=O)(=O)c3ccc(O)c(Oc4cccc(F)c4)c3)C2)c(=O)[nH]c1=O,0.045699999999999935
CHEMBL1288102,NC(=O)c1cnc(N[C@H]2CCCNC2)c2cc(-c3ccc(F)cc3F)sc12,0.04670000000000002
CHEMBL235392,O=C(NCC12CC3CC(CC(C3)C1)C2)c1cc(CN2CC3CNCC(C2)O3)ccc1Cl,0.04670000000000002
CHEMBL301856,Nc1nc(O)c(Cl)c(-c2ccccc2)n1,0.04769999999999996
CHEMBL481605,CCOc1cc2ncc(C(N)=O)c(Nc3cccc(Cl)c3Cl)c2cc1N1CCN(CCO)CC1,0.04769999999999996
CHEMBL2337977,CC(C)(C)NC(=O)NCCN1CC(NC(=O)c2cc(Cl)cc(Cl)c2)C1,0.09280000000000001
CHEMBL1385850,O=C(O)c1ccc2[nH]c(C(F)(F)F)nc2c1,0.10090000000000003
CHEMBL1824035,CN(C)S(=O)(=O)c1ccc2c(c1)N(CCN1CCC(NCc3ccc4c(n3)NC(=O)CO4)CC1)C(=O)CO2,0.09280000000000001
CHEMBL1934417,COCCC(C)n1nc(C)c(C(=O)N[C@@H](C)C(C)(C)C)c1NS(=O)(=O)c1ccc(C)cc1,0.10090000000000003
CHEMBL163870,Cc1nccn1-c1ccc(COc2cc(F)cc(C3(C(N)=O)CCOCC3)c2)cc1,0.10090000000000003
CHEMBL385374,CCCC[C@H](NC[C@@H]1Cc2cccc(c2)CCCCc2cc(cc(N(CCC)S(C)(=O)=O)c2)C(=O)N1)C(=O)NCC(C)C,0.0040000000000000565
CHEMBL1917447,Cc1c(S(=O)(=O)c2ccc(Cl)cc2)c2cc(F)ccc2n1CC(=O)O,0.0043000000000000685
CHEMBL193240,O=C(Nc1c(Cl)cncc1Cl)c1ccc(OC(F)F)c(OCC2CC2)c1,0.005
CHEMBL2179274,CCC[C@@H](c1ccc(C(=O)O)c(Oc2cccc(Cl)c2)c1)N1CCC[C@H](n2cc(C)c(=O)[nH]c2=O)C1,0.007000000000000029
CHEMBL1916283,Cc1ccc(S(=O)(=O)Nc2c(C(=O)N[C@H](C)C(C)(C)C)c(C)nn2-c2ccccc2)cc1,0.008100000000000022
CHEMBL458287,Cc1cc(Nc2nc(N[C@@H](C)c3ccc(F)cc3)ncc2Cl)n[nH]1,0.009000000000000057
CHEMBL2086675,CC(C)(C)OC(=O)N1CCN(c2ncc(OCc3ccncc3)cn2)CC1,0.009699999999999988
CHEMBL211177,C[C@@H](CC(=O)OC(C)(C)C)NC(=O)C1=NO[C@@H](C(O)(C(F)(F)F)C(F)(F)F)C1,0.17950000000000002
CHEMBL1951079,COc1cc(OC)c(S(=O)(=O)N2c3ccccc3CCC2C)cc1NC(=O)CCC(=O)O,0.1864
CHEMBL214304,Cc1ccc2c(c1)c(-c1ccnc3cc(C(F)(F)F)ccc13)c(C)n2CC(=O)O,0.0035999999999999943
CHEMBL2151319,C[C@H](Nc1ccc2ncn(-c3cc(C4CC4)[nH]n3)c2n1)c1ncc(F)cn1,0.21209999999999993
CHEMBL1916284,Cc1ccc(S(=O)(=O)Nc2c(C(=O)N[C@@H](C)C(C)(C)C)c(C(F)(F)F)nn2-c2ccccc2)cc1,0.0043000000000000685
CHEMBL1173055,CNCc1ccc(-c2[nH]c3cc(F)cc4c3c2CCNC4=O)cc1,0.23189999999999997
CHEMBL2335879,CN1CCCC1CCNC(=O)c1ccc(Nc2ncc3cc(-c4ccncc4)ccc3n2)cc1,0.008100000000000022
CHEMBL2316109,C[S+]([O-])Cc1ccc(C(=O)Nc2cccnc2C(=O)NCC2CCC2)c2ccccc12,0.012999999999999972
CHEMBL1950850,CN[C@@H](C)C(=O)N[C@H](C(=O)N[C@H]1CCCN(CCc2ccc(F)cc2)C1)C1CCCCC1,0.2664
CHEMBL1950843,CN[C@@H](C)C(=O)N[C@H](C(=O)N(C)[C@H]1CCCN(CCc2ccccc2)C1)C1CCCCC1,0.2664
CHEMBL395340,CC[C@H](CO)Nc1nc(SCc2cccc(F)c2F)nc2nc(NC(C)C)sc12,0.0040000000000000565
CHEMBL250774,CS(=O)(=O)c1ccc(-c2ccc3c(Nc4ccc(F)cc4)c(C(N)=O)cnc3c2)cc1,0.012999999999999972
CHEMBL51,O=C(c1ccc(F)cc1)C1CCN(CCn2c(=O)[nH]c3ccccc3c2=O)CC1,0.09680000000000007
CHEMBL174310,N#Cc1ccc(C(=O)N2CCC3(CC2)N=C(N)c2c(F)ccc(F)c2N3)cc1,0.2847
CHEMBL1668935,CS(=O)(=O)N1CCC(NC(=O)NC23CC4CC(CC(C4)C2)C3)CC1,0.28950000000000004
CHEMBL479,CSc1ccc2c(c1)N(CCC1CCCCN1C)c1ccccc1S2,0.0037000000000000453
CHEMBL1916545,COc1ccc2ccc(=O)n(CCN3CCC(NCc4cc5c(cn4)OCCO5)CC3)c2n1,0.31370000000000003
CHEMBL380192,CC(C)Cc1nn(C)c(=O)c2c(SCCCO)n(Cc3cccc4ccccc34)cc12,0.0026999999999999602
CHEMBL1890087,CC(C)Nc1nc(NCc2ccccc2)c2sccc2n1,0.0029000000000000627
CHEMBL2178579,O=C(Nc1ccc(Cl)c(S(=O)(=O)N2CCNCC2)c1O)Nc1cccc(F)c1Cl,0.0029000000000000627
CHEMBL591931,N=C(N)c1cc2c(-c3ccccc3)cccc2s1,0.10090000000000003
CHEMBL2158836,O=C(O)[C@@H](Cc1ccccc1)N1CCC(CN2CCC(Oc3ccc(Cl)c(Cl)c3)CC2)CC1,0.31370000000000003
CHEMBL2335881,COCCNCc1ccc(Nc2ncc3cc(-c4ccncc4)ccc3n2)cc1,0.10299999999999997
CHEMBL93124,CNc1ccc(-c2nc3ccc(O)cc3s2)cc1,0.011099999999999994
CHEMBL2158390,O=c1cc(N2CCOCC2)nc(NCc2ccccc2)[nH]1,0.2664
CHEMBL360227,CCN(CC)CCN1C(=O)[C@@](O)(c2ccccc2Cl)c2c1cc(C(N)=O)cc2C(F)(F)F,0.28950000000000004
CHEMBL1109,Nc1ccc(S(=O)(=O)Nc2ccnn2-c2ccccc2)cc1,0.005900000000000034
CHEMBL1304332,Cc1ccc(-c2cc(C(=O)NCc3cn(C)nc3C)c3cc(Br)ccc3n2)cc1,0.006299999999999955
CHEMBL2088414,O=S(=O)(Nc1ccc2sc(CO)nc2c1)c1ccc(Br)cc1,0.006899999999999977
CHEMBL2147316,COc1cnc(-c2ccccc2C(F)(F)CNC(=O)c2ccc(COCC(F)(F)F)nc2)cn1,0.006899999999999977
CHEMBL1770464,Cc1nc(C(=O)[C@H](C)Oc2ccc(SCCCCCc3ccccc3)cc2)sc1CCCC(=O)O,0.007000000000000029
CHEMBL495383,O=C(Nc1cccc(CCO)c1)c1cc2cc(Cl)ccc2[nH]1,0.007399999999999949
CHEMBL1924049,C[C@@](C(=O)O[C@H]1C[N+]2(CCc3ccccc3F)CCC1CC2)(c1ccccc1)N1CCCCC1,0.008100000000000022
CHEMBL461384,CC(C)c1noc(C2CCN(c3ncnc(Nc4ccc(S(C)(=O)=O)cc4F)c3[N+](=O)[O-])CC2)n1,0.009899999999999949
CHEMBL132227,CC(=O)NCc1cccc(C(=O)O)c1,0.16959999999999995
CHEMBL171951,CCCS(=O)(=O)N1N=Cc2cc(Cl)ccc2B1O,0.16959999999999995
CHEMBL2048500,CN[C@@H](C)C(=O)N[C@H](C(=O)N1CCC[C@H]1C(=O)N[C@H](C(=O)OC)C(c1ccccc1)c1ccccc1)C1CCCCC1,0.1761
CHEMBL2337981,CC(C)(C)NC(=O)NCCN1CCC(CO)(CNC(=O)c2cc(Cl)cc(Cl)c2)CC1,0.17950000000000002
CHEMBL447983,C[C@](N)(Cc1ccccc1)c1ccccc1,0.17950000000000002
CHEMBL1951164,COc1cc(OC)c(S(=O)(=O)N(C)c2ccccc2)cc1NC(C)=O,0.17950000000000002
CHEMBL1288306,NC(=O)c1cnc(N[C@H]2CCCNC2)c2cc(Br)sc12,0.17950000000000002
CHEMBL2042018,NC(=O)[C@H](Cc1ccccc1)NC(=O)OCc1ccccc1,0.18989999999999996
CHEMBL191003,Nc1nc(Nc2ccc(S(N)(=O)=O)cc2)nn1C(=O)c1c(F)cccc1F,0.18989999999999996
CHEMBL2335903,C[C@@H](NC1=CC(=O)CCC1)c1ccc(Nc2ncc3cc(-c4ccncc4)ccc3n2)cc1,0.013599999999999994
CHEMBL1628227,CN(C)CCC=C1c2ccccc2COc2ccccc21,0.2361
CHEMBL139036,CC(=O)S[C@@H]1CC2=CC(=O)CC[C@]2(C)C2CC[C@@]3(C)C(CC[C@@]34CCC(=O)O4)C21,0.2403
CHEMBL1650736,COc1cc(Nc2nc(N[C@@H](C)c3ncc(F)cn3)nc(N3CCOCC3)c2F)n[nH]1,0.25310000000000005
CHEMBL481400,CN1CCN(c2ccc3ncc(C(N)=O)c(Nc4ccc(F)cc4F)c3c2)CC1,0.2575
CHEMBL1916538,COc1ccc2c(c1)N(CCN1CCC(NCc3ccc4c(n3)NC(=O)CO4)CC1)C(=O)OC2,0.2575
CHEMBL2152525,c1ccc([C@H]([C@@H](c2ccccc2)N2CCCC2)N2CCCC2)cc1,0.16959999999999995
CHEMBL1289717,O=c1cc(-c2ccccc2)ccn1-c1ccc2c(cnn2CCN2CCCC2)c1,0.16959999999999995
CHEMBL63,COc1ccc(C2CNC(=O)C2)cc1OC1CCCC1,0.1728
CHEMBL578201,Cc1cc(Nc2nc(N[C@@H](C)c3ccc(F)cn3)c(C#N)nc2C)n[nH]1,0.1728
CHEMBL20921,Nc1ccc2nc(SCC(=O)NC3CCN(Cc4ccc(Cl)c(Cl)c4)CC3)sc2c1,0.26189999999999997
CHEMBL2206784,Cc1csc(NC(=O)COc2ncnc3c2cnn3-c2ccccc2Cl)n1,0.008199999999999931
CHEMBL2064327,Cc1cc(F)ccc1Oc1cccc2c(=O)cc(N3CCOCC3)[nH]c12,0.011899999999999977
CHEMBL2207278,O=C(NC[C@@H](O)CN1CCC(Oc2ccc(Cl)c(Cl)c2)CC1)c1c[nH]c(=O)c2cc(F)ccc12,0.010799999999999983
CHEMBL1683029,COc1cc2nnc(C(N)=O)c(Nc3cccc(Cl)c3Cl)c2cc1OC,0.011899999999999977
CHEMBL461574,Cc1ncc(NC(=O)c2cc(NC(=O)c3cccc(C(F)(F)F)c3)ccc2C)s1,0.011899999999999977
CHEMBL1951186,COc1cc(OC)c(S(=O)(=O)NCc2ccccc2N2CCC(C(=O)O)CC2)cc1NC(=O)CCC(=O)O,0.19349999999999995
CHEMBL2164744,COc1ccc2ncc(=O)n(CCN3CC[C@H](NCc4cc5c(cn4)OCCO5)[C@H](O)C3)c2c1,0.19349999999999995
CHEMBL1950732,CN[C@@H](C)C(=O)N[C@H](C(=O)N[C@H]1CCCCN(Cc2ccccc2)C1)C1CCCCC1,0.19709999999999994
CHEMBL1327979,Nc1nc2nc(-c3cccs3)cc(C(F)(F)F)n2n1,0.20079999999999998
CHEMBL1650731,C[C@H](Nc1ncc(F)c(Nc2cc(N(C)C)[nH]n2)n1)c1ncc(F)cn1,0.21989999999999996
CHEMBL2059198,CC(C)NC(=O)c1cc2c(-n3ccc(C(F)(F)F)n3)c(-c3cncc(C(=O)O)c3)cnc2[nH]1,0.22790000000000007
CHEMBL2337980,CC(C)(C)NC(=O)NCCN1CCC(O)(CNC(=O)c2cc(Cl)cc(Cl)c2)CC1,0.23189999999999997
CHEMBL1525826,COc1nccnc1NS(=O)(=O)c1ccc(N)cc1,0.23189999999999997
CHEMBL2062557,COc1ccc(-c2cc(N)n3ncc(C#N)c3n2)cc1,0.06760000000000005
CHEMBL1288278,NC(=O)c1ccc(-c2cc3c(N[C@H]4CCCNC4)ncc(C(N)=O)c3s2)cc1,0.26189999999999997
CHEMBL236788,CCOc1cc(CN2CCC(Nc3nc4cc(S(N)(=O)=O)ccc4o3)CC2)cc(OCC)c1N,0.29900000000000004
CHEMBL1431692,CC(=O)Nc1ccc(Nc2cc(C)nc3c(-c4ccccc4)cnn23)cc1,0.004200000000000017
CHEMBL1800657,CCCN(CCNCCc1ccc(O)c2[nH]c(=O)sc12)C(=O)CCOCCc1ccccc1,0.06060000000000002
CHEMBL154709,COc1ccc2c(c1O)-c1cccc3c1[C@@H](C2)N(C)CC3,0.06200000000000003
CHEMBL2331746,Cc1cn([C@H]2CCCN(S(=O)(=O)c3ccc(O)c(Oc4ccccc4)c3)C2)c(=O)[nH]c1=O,0.06200000000000003
CHEMBL2207607,COc1cc(OC)c(S(=O)(=O)N2c3ccccc3CCC2C)cc1NC(=O)CCc1nn[nH]n1,0.0647
CHEMBL495575,O=S(=O)(NC1CCNCC1)c1cc(S(=O)(=O)c2ccccc2)ccc1C(F)(F)F,0.07519999999999996
CHEMBL1916024,Nc1nc(-c2nn(Cc3ccccc3F)c3ncccc23)nc(N)c1N1CCOCC1,0.07680000000000006
CHEMBL1088,CN1CCCCC1CCN1c2ccccc2Sc2ccc([S+](C)[O-])cc21,0.07680000000000006
CHEMBL2152914,CC#Cc1cncc(-c2ccc3c(c2)C2(N=C(C)C(N)=N2)[C@]2(CC[C@H](OC)CC2)C3)c1,0.08010000000000005
CHEMBL457393,C[C@H](Nc1ncc(F)c(Nc2cc(C3CC3)[nH]n2)n1)c1ccc(F)cn1,0.08010000000000005
CHEMBL2048868,COc1cccc(/C=C2\SC(=O)NC2=O)c1N1CCC[C@@H](N)C1,0.0836
CHEMBL1934416,COCC(C)n1nc(C)c(C(=O)N[C@@H](C)C(C)(C)C)c1NS(=O)(=O)c1ccc(C)cc1,0.0836
CHEMBL2158772,Cc1ccccc1C[C@@H](C(=O)O)N1CCC(CN2CCC(Oc3ccc(Cl)c(Cl)c3)CC2)CC1,0.0836
CHEMBL1650729,Cc1cc(Nc2nc(N[C@@H](C)c3ncc(F)cn3)ncc2Br)n[nH]1,0.08540000000000006
CHEMBL205807,CC(C)Cn1c(=O)n(C)c(=O)c2c(C(=O)N3CC[C@@H](O)C3)c(Cc3c[nH]c4ccccc34)sc21,0.08540000000000006
CHEMBL256668,C[C@H](CO)Nc1nc(SCc2cccc(F)c2F)nc2[nH]c(=O)cnc12,0.011400000000000006
CHEMBL481557,CCOc1cc2ncc(C(N)=O)c(Nc3ccc(F)cc3F)c2cc1N1CCOCC1,0.0836
CHEMBL521509,O=C(NC1CC1)c1cn(-c2cccc(C#Cc3cccnc3)c2)c2ncccc2c1=O,0.016700000000000017
CHEMBL1934269,Cc1ccc(S(=O)(=O)Nc2c(C(=O)N[C@@H](C)C(C)(C)C)c(C)nn2CC(F)(F)F)cc1,0.014200000000000016
CHEMBL1221702,C[C@H]1CN=C(N)c2sccc2O1,0.4885
CHEMBL1951575,CC(C)(C)NC(=O)c1ccc(Oc2cc(F)c(CC(=O)O)cc2Cl)c(NS(=O)(=O)c2ccc(C3CC3)cc2Cl)c1,0.0015000000000000568
CHEMBL2171040,COc1ccccc1S(=O)(=O)NC(=O)N1CCC(N2CCC(Oc3ccc(Cl)c(Cl)c3)CC2)CC1,0.040900000000000034
CHEMBL249790,OCCO[C@H]1C[C@@H](n2nnc3c(N[C@@H]4C[C@H]4c4ccc(F)c(F)c4)nc(SCCC(F)(F)F)nc32)[C@H](O)[C@@H]1O,0.0015000000000000568
CHEMBL1592,CCOC(=O)[C@H](CCc1ccccc1)N[C@@H](C)C(=O)N1Cc2ccccc2C[C@H]1C(=O)O,0.041800000000000066
CHEMBL1359986,Cc1ccc(NC(=O)Nc2nnc(-c3ccncc3)s2)cc1,0.006099999999999994
CHEMBL2178385,NC(=O)c1cncc(-c2ccc([C@H]3CC[C@H](CC(=O)O)CC3)cc2)c1,0.026800000000000067
CHEMBL744,Nc1nc2ccc(OC(F)(F)F)cc2s1,0.028700000000000045
CHEMBL1916274,Cc1ccc(S(=O)(=O)Nc2c(C(=O)NC3CCCCC3)c(C)nn2-c2ccccc2)cc1,0.0014000000000000056
CHEMBL2207661,O=C(NC[C@@H](O)CN1CCC(Oc2ccc(Cl)c(Cl)c2)CC1)c1c[nH]nc1C1CC1,0.03129999999999995
CHEMBL1643194,Cc1cc(CN2Cc3ccccc3C2C(=O)Nc2ccc(Cl)cc2Cl)ccc1OCC(=O)O,0.0012999999999999546
CHEMBL459675,Cc1ncc(NC(=O)c2cc(NC(=O)c3cc(F)cc(C(F)(F)F)c3)ccc2Cl)s1,0.0034999999999999433
CHEMBL2349316,CC(C)C[C@H](CO)Nc1nc(S[C@@H](C)c2ccccc2F)nc2nc(N)sc12,0.0010999999999999942
CHEMBL2325601,Nc1n[nH]cc1-c1cc(C(F)(F)F)ccc1Oc1cc(F)c(S(=O)(=O)Nc2cscn2)cc1Cl,0.003400000000000034
CHEMBL2164043,O=C(NCc1ccc(F)c(OC(F)(F)F)c1)C1c2ccccc2C(=O)N1CCc1ncc(F)cn1,0.032099999999999934
CHEMBL2018964,COc1cccc2c1c(NS(=O)(=O)c1ccc(Cl)s1)nn2Cc1cccc(CNC(C)=O)c1,0.006599999999999966
CHEMBL2029721,CN(CC(=O)NC1CC1)C(=O)c1ccc2c(c1)c1c(n2C)CCC(C2CCOCC2)C1,0.03280000000000001
CHEMBL2158826,O=C(O)Cc1cccc(N2CCC(CN3CCC(Oc4ccc(Cl)c(Cl)c4)CC3)CC2)c1,0.03280000000000001
CHEMBL2323231,O=C(CSc1nc2c(c(=O)n1-c1ccccc1)SCC2)Nc1ccc(-c2ccccc2)cn1,0.001700000000000017
CHEMBL2158821,O=C(O)[C@@H](c1ccccc1)N1CCC(CN2CCC(Oc3ccc(Cl)c(Cl)c3)CC2)CC1,0.16629999999999995
CHEMBL205092,CC(C)Cn1c(=O)n(C)c(=O)c2c(C(=O)N3CC[C@@H](O)C3)c(Cc3c[nH]c4ncccc34)sc21,0.31370000000000003
CHEMBL601719,C[C@@H](Oc1cc(-c2cnn(C3CCNCC3)c2)cnc1N)c1c(Cl)ccc(F)c1Cl,0.07840000000000004
CHEMBL2179668,Cc1cn([C@H]2CCCN(Cc3ccc(C(=O)O)c(Oc4cccc(F)c4)c3)C2)c(=O)[nH]c1=O,0.08180000000000007
CHEMBL113,Cn1c(=O)c2c(ncn2C)n(C)c1=O,0.7555
CHEMBL2177916,COc1ccc(C2(c3cccc(-c4cncnc4)c3)N=C(N)c3c(F)cccc32)cc1,0.026800000000000067
CHEMBL1950847,CN[C@@H](C)C(=O)N[C@H](C(=O)N[C@H]1CCCN(S(=O)(=O)Cc2ccccc2)C1)C(C)(C)C,0.5115
CHEMBL257025,C[C@H](CO)Nc1nc(SCc2cccc(F)c2F)nc2[nH]ncc12,0.035
CHEMBL520733,CC(C)[C@H](O)C(=O)N[C@@H](C)C(=O)N[C@@H]1C(=O)N(C)CCc2ccccc21,0.8029
CHEMBL1515,Cn1cc[nH]c1=S,0.8101
CHEMBL1650697,Cc1cc(Nc2nc(N[C@@H](C)c3ncc(F)cn3)ncc2F)n[nH]1,0.47119999999999995
CHEMBL1916547,COc1ccc2nnc(=O)n(CCN3CCC(NCc4ccc5c(n4)NC(=O)CO5)CC3)c2c1,0.44270000000000004
CHEMBL430381,OCC(CO)Nc1nc(SCc2cccc(F)c2F)nc2nc(NC3CC3)sc12,0.05099999999999994
CHEMBL2071507,CC(C)C(NC(=O)c1cc(Cl)ccc1C(F)(F)F)C(=O)c1ccc(C#N)cc1,0.026200000000000046
CHEMBL2331741,Cc1cccc(Oc2cc(S(=O)(=O)N3CCC[C@H](n4cc(C)c(=O)[nH]c4=O)C3)ccc2C(=O)O)c1,0.056800000000000066
CHEMBL605846,COc1ccc(CC(C)(C)NC[C@H](O)c2cc(O)cc3c2OCC(=O)N3)cc1,0.4089
CHEMBL631,CCCNCC(O)COc1ccccc1C(=O)CCc1ccccc1,0.07049999999999997
CHEMBL2088415,O=S(=O)(Nc1ccc(C(F)(F)F)cc1)c1ccc2sc(CO)nc2c1,0.0026999999999999602
CHEMBL480558,CCC(CC)[C@@H](CO)NS(=O)(=O)c1ccc(Cl)s1,0.07840000000000004
CHEMBL1389370,CCN(CC)CCNc1ncnc2c1sc1nc(N3CCOCC3)c3c(c12)CCCC3,0.07840000000000004
CHEMBL1951182,COc1cc(OC)c(S(=O)(=O)NCc2ccccc2N2CCCCC2)cc1NC(=O)CCC(=O)O,0.3039
CHEMBL1683038,COc1cc2nnc(C(N)=O)c(Nc3cccc(Cl)c3F)c2cc1N1CCN(C)CC1,0.07840000000000004
CHEMBL1650732,Cc1cc(Nc2cc(N3CCOCC3)nc(N[C@@H](C)c3ncc(F)cn3)n2)n[nH]1,0.5402
CHEMBL480250,COc1cc2ncc(C(N)=O)c(Nc3cccc(Cl)c3Cl)c2cc1N1CCN(C)CC1,0.04469999999999999
CHEMBL468297,c1ccc(-c2nnc3ccc(NC4CC4)nn23)cc1,0.045699999999999935
CHEMBL1934267,Cc1ccc(S(=O)(=O)Nc2c(C(=O)N[C@@H](C)C(C)(C)C)c(C)nn2C(C)C)cc1,0.045699999999999935
CHEMBL2335908,COc1cc2nc(Nc3ccc([C@@H](C)NC(C)=O)cc3)ncc2cc1-c1ccncc1,0.026200000000000046
CHEMBL1824039,O=C1COc2ccc(CNC3CCN(CCN4C(=O)COc5ccc(OC(F)(F)F)cc54)CC3)nc2N1,0.020900000000000033
CHEMBL72292,CN1CCN(C2=Nc3ccccc3Nc3ccc(OS(=O)(=O)C(F)(F)F)cc32)CC1,0.035799999999999985
CHEMBL184012,Cc1ccc(NC(=O)c2ccnc(N3CCOCC3)c2)cc1NC(=O)c1ccc(OCc2ccccn2)cc1,0.014899999999999948
CHEMBL75880,C1CCC(C(CC2CCCCN2)C2CCCCC2)CC1,0.015600000000000024
CHEMBL511444,CN[C@@H](C)C(=O)N[C@H](C(=O)N1CC[C@H]2CC[C@H](NC(=O)c3cccc4ccccc34)[C@H]21)C(C)(C)C,0.015999999999999945
CHEMBL2058529,O=C(O)CCc1ccc(OCc2cc(Cl)ccc2-c2ccccc2)cc1,0.0020000000000000282
CHEMBL480032,CCOc1cc2ncc(C(N)=O)c(Nc3cccc(Cl)c3Cl)c2cc1N1CCCN(C)CC1,0.016299999999999953
CHEMBL1503415,O=c1cc(O)oc2c1c(=O)n(-c1ccccc1)c1ccccc21,0.018299999999999983
CHEMBL2011912,CNc1c(Br)cnc2[nH]c(-c3ccnc(N)c3)nc12,0.026800000000000067
CHEMBL2011924,CNc1c(Cl)cnc2[nH]c(-c3ccc(OCCN4CCOCC4)cc3)nc12,0.019099999999999964
CHEMBL589973,CCCCNC(=O)c1ccc(Oc2ccc(CC(=O)O)cc2OC)c(NS(=O)(=O)c2ccc(Cl)cc2Cl)c1,0.0020000000000000282
CHEMBL2021696,Cn1c(-c2cc(=O)c(O)c[nH]2)nn(S(=O)(=O)NC(=O)N2C[C@H](NC(=O)/C(=N\OC(C)(C)C(=O)O)c3csc(N)n3)C2=O)c1=O,0.04469999999999999
CHEMBL2147306,COc1ncc(-c2c(C)ccc(F)c2CCNC(=O)c2ccc(OCC(F)(F)F)nc2)cn1,0.0020000000000000282
CHEMBL62136,O=S(=O)(c1ccccc1)N(CC(F)(F)F)c1ccc(C(O)(C(F)(F)F)C(F)(F)F)cc1,0.004399999999999977
CHEMBL7301,CC1=C(/C=C/C(C)=C/C=C/C(C)=C/C(=O)Nc2ccc(O)cc2)C(C)(C)CCC1,0.0018999999999999772
CHEMBL222333,CCNC(=O)Nc1nc2cc(-c3cccnc3)cc(-c3ncccc3F)c2[nH]1,0.013599999999999994
CHEMBL2069422,COc1ncc(-c2cccc3c2C[C@H](NC(=O)c2ccc(OCCC(F)(F)F)nc2)CO3)cn1,0.013299999999999984
CHEMBL2164366,O=C(NCc1ccc(OC(F)(F)F)cc1)C1c2ccccc2C(=O)N1CCc1ncc(F)cn1,0.04769999999999996
CHEMBL1939414,Nc1nc(Nc2cccc(Br)c2)c2nc[nH]c2n1,0.3545999999999999
CHEMBL2103856,CCOc1cc2c(c(F)c1OCC)C(=N)N(CC(=O)c1cc(N3CCOCC3)c(OC)c(C(C)(C)C)c1)C2,0.0020999999999999374
CHEMBL516758,CC(C)Oc1cc2ncc(C(N)=O)c(Nc3cccc(Cl)c3Cl)c2cc1N1CCN(C)CC1,0.013900000000000006
CHEMBL1198335,COc1cccc(Nc2nc(NCC3CCCO3)c3ccccc3n2)c1,0.011899999999999977
CHEMBL1483,CCCSc1ccc2nc(NC(=O)OC)[nH]c2c1,0.045699999999999935
CHEMBL219098,CC(C)Cn1c(=O)n(C)c(=O)c2c(C(=O)N3CC[C@@H](O)C3)c(Oc3cccc4ccccc34)sc21,0.0071999999999999885
CHEMBL78628,CN(CC(=O)O)NC(=O)C[C@H](N)C[C@@H](O)CN,0.8737
CHEMBL1288103,NC(=O)c1cnc(N[C@H]2CCCNC2)c2cc(-c3ccc(Cl)c(F)c3)sc12,0.010600000000000023
CHEMBL118,Cc1ccc(-c2cc(C(F)(F)F)nn2-c2ccc(S(N)(=O)=O)cc2)cc1,0.010600000000000023
CHEMBL72,CNCCCN1c2ccccc2CCc2ccccc21,0.1481
CHEMBL2165175,Cc1cc(-c2cc(=O)[nH]c(NCc3cccc4ccccc34)n2)ccn1,0.0025
CHEMBL2164745,COc1ccc2ncc(=O)n(CCN3CC[C@@H](NCc4cc5c(cn4)OCCO5)[C@@H](O)C3)c2c1,0.14230000000000004
CHEMBL1460615,O=S1(=O)CC(O)C(N2CCC(c3ccccc3)CC2)C1,0.5686
CHEMBL2059872,Cc1ccc(-c2ncc(CN3CCOCC3)s2)cc1NC(=O)c1ccc(OCc2ccccn2)cc1,0.03280000000000001
CHEMBL74355,COc1cccc([C@H](O)C2CCN(CCc3ccc(F)cc3)CC2)c1OC,0.6506000000000001
CHEMBL1241590,CS(=O)(=O)c1ccc([C@@H](O)[C@@H](CF)NC(=O)C(Cl)Cl)cc1,0.6762999999999999
CHEMBL398338,CC(C)(C)c1ccc2c(c1)CC[C@H]2NC(=O)Nc1cccc2[nH]ncc12,0.0021999999999999884
CHEMBL1824040,CC(=O)c1ccc2c(c1)N(CCN1CCC(NCc3ccc4c(n3)NC(=O)CO4)CC1)C(=O)CO2,0.1189
CHEMBL1922055,C[C@@](C(=O)O[C@H]1C[N+]2(Cc3cc(-c4ccccc4)on3)CCC1CC2)(c1ccccc1)N1CCCCC1,0.02
CHEMBL1683028,COc1cc2nnc(C(N)=O)c(Nc3cccc(Cl)c3F)c2cc1OC,0.02189999999999998
CHEMBL1904775,COc1ccc(Cl)cc1NC(=O)CCS(=O)(=O)c1ccc(C)cc1,0.02189999999999998
CHEMBL1486109,COc1ccc(-c2nc(-c3ccccn3)no2)cc1,0.024000000000000056
CHEMBL2338406,CC(C)(C)NC(=O)NCCN1CCC(CNC(=O)c2cc(Cl)cc(Cl)c2)CC1,0.10950000000000003
CHEMBL1689126,C[C@H]1CN(Cc2cc(Cl)ccc2OCC(=O)O)CCN1C(=O)Cc1ccccc1,0.026200000000000046
CHEMBL1069,CCCCC(=O)N(Cc1ccc(-c2ccccc2-c2nnn[nH]2)cc1)[C@H](C(=O)O)C(C)C,0.0021999999999999884
CHEMBL1631095,NC(=O)c1cc(C(N)=O)n(-c2cccc(-c3cc(C(F)(F)F)ccc3C(F)(F)F)c2)n1,0.03280000000000001
CHEMBL1077458,CC(=O)Nc1ccc(-c2ccnc(Nc3ccc(N4CCOCC4)cc3)n2)cc1,0.06760000000000005
CHEMBL2011112,CC(=O)N1CCN(c2nc(NC(C)(C)Cc3ccc(Cl)cc3)c3c(n2)C(=O)N(C(C)C)C3)CC1,0.032099999999999934
CHEMBL2059863,Cc1ccc(-c2ncc(C(F)(F)F)[nH]2)cc1NC(=O)c1ccc(OCc2ccccn2)cc1,0.011899999999999977
CHEMBL516601,COc1cc2ncc(C(N)=O)c(Nc3ccc(C)cc3F)c2cc1OC,0.011899999999999977
CHEMBL2171036,COc1ccc(S(=O)(=O)NC(=O)N2CCC(N3CCC(Oc4ccc(Cl)c(Cl)c4)CC3)CC2)cc1,0.01269999999999996
CHEMBL480924,CCOc1cc2ncc(C(N)=O)c(Nc3ccc(F)cc3F)c2cc1N1CCCN(C2CC2)CC1,0.02189999999999998
CHEMBL2361579,Cc1cc2cc(C)c3nnc(SCC(=O)N4CCN(C(=O)c5ccco5)CC4)n3c2cc1C,0.020900000000000033
CHEMBL1201753,O=C(O)C[C@H](O)C[C@H](O)/C=C/c1c(C2CC2)nc2ccccc2c1-c1ccc(F)cc1,0.02
CHEMBL103482,CCOC(=O)c1cnc2c(N)cccc2c1O,0.20079999999999998
CHEMBL1086310,CC(C)c1ccc(NC(=O)Cn2cnc3c2c(=O)n(C)c(=O)n3C)cc1,0.12629999999999997
CHEMBL2322164,COc1ccc(-c2cc(O)nc(N)n2)cc1C#N,0.12629999999999997
CHEMBL1402150,O=C(CSc1nccn(-c2ccc(F)c(F)c2)c1=O)NC1CCCC1,0.28010000000000007
CHEMBL321758,C[C@H]([C@H](O)c1ccc(O)cc1)N1CCC(O)(c2ccccc2)CC1,0.6812999999999999
CHEMBL2165059,CO[C@@H]1CN(CCn2c(=O)ccc3ccc(C#N)cc32)CC[C@H]1NCc1ccc2c(n1)NC(=O)CO2,0.27549999999999997
CHEMBL2335889,CC(=O)Nc1ccc(Nc2ncc3cc(-c4ccncc4)ccc3n2)cc1,0.005999999999999943
CHEMBL455920,CC(C)Oc1cc(Nc2nc(N[C@@H](C)c3ncc(F)cn3)ncc2Cl)n[nH]1,0.11180000000000007
CHEMBL1496905,COc1ccc2c(c1)C(=O)C(=O)N2CC1COc2ccccc2O1,0.006599999999999966
CHEMBL2178939,Cc1nc(C)c(-c2ccc([C@H]3CC[C@H](CC(=O)NS(C)(=O)=O)CC3)cc2)nc1C(N)=O,0.10950000000000003
CHEMBL1526610,O=C(Cc1cccs1)Nc1ccon1,0.563
CHEMBL2325635,N#Cc1cc(S(=O)(=O)Nc2ncc(Cl)s2)ccc1Oc1ccc(Cl)cc1-c1ccnn1C1CNC1,0.008100000000000022
CHEMBL578288,N#CN=C(N)c1sc(Nc2ccccc2)nc1N,0.10299999999999997
CHEMBL559696,O=c1[nH]cnc2scc(-c3cccs3)c12,0.011099999999999994
CHEMBL1288164,NC(=O)c1cnc(N[C@H]2CCCNC2)c2cc(-c3ccc(F)cc3)sc12,0.026200000000000046
CHEMBL1671897,COc1ccc(CC(=O)NCc2ccccc2-c2ccccc2C(=O)NCCc2cccnc2)cc1,0.006599999999999966
CHEMBL1073,Cc1cnc(C(=O)NCCc2ccc(S(=O)(=O)NC(=O)NC3CCCCC3)cc2)cn1,0.008799999999999954
CHEMBL496929,O=C(Nc1ccc(CCO)cc1)c1cc2cc(Cl)ccc2[nH]1,0.013900000000000006
CHEMBL212432,N/C(=N\C(=O)c1nc(Cl)c(N)nc1N)NCCCCc1ccc(OCC(O)CO)cc1,0.24879999999999997
CHEMBL372205,C[C@H](CN(C(=O)c1ccc(C#N)cc1)c1ccccn1)N1CCN(c2cccc3c2OCCO3)CC1,0.009000000000000057
CHEMBL1431751,COc1cccc(C(=O)N2C(C(=O)O)CSC2c2ccccc2Cl)c1,0.013900000000000006
CHEMBL470591,CNC(=O)c1cc(Oc2ccc3c(c2)nc(Nc2ccc(C(F)(F)F)cc2)n3C)ccn1,0.005
CHEMBL1957481,COCCC#Cc1cccc(C2(c3ccc(OC(F)F)cc3)N=C(N)N3CC(F)(F)CN=C32)c1,0.022900000000000063
CHEMBL2165058,CO[C@H]1CN(CCn2c(=O)ccc3ccc(C#N)cc32)CC[C@@H]1NCc1cc2c(cn1)OCCO2,0.16
CHEMBL1689115,O=C(O)COc1ccc(Cl)cc1CN1CCCN(S(=O)(=O)Cc2ccccc2)CC1,0.15700000000000003
CHEMBL73048,C[C@@](O)(C(=O)Nc1ccc(S(C)(=O)=O)cc1Cl)C(F)(F)F,0.3923
CHEMBL1625921,O=C(NC12CC3CC(CC(C3)C1)C2)OCCNC1CCCCC1,0.10950000000000003
CHEMBL1088029,COc1cc(Nc2ncc(C)s2)nc(N[C@@H](C)c2ncc(F)cn2)n1,0.10299999999999997
CHEMBL1308362,Cc1ccc2cc(C)c3nnc(SCC(=O)N4CCN(C(=O)c5ccco5)CC4)n3c2c1,0.00950000000000003
CHEMBL191553,CC(=O)Nc1ccc(CNc2[nH]nc3ccnc(Oc4ccccc4)c23)cc1,0.10090000000000003
CHEMBL2207226,COc1cc(OC)c(S(=O)(=O)N2c3ccccc3Oc3ccccc32)cc1NC(=O)Cc1ccnc(F)c1,0.009899999999999949
CHEMBL1929039,Cc1cc(F)ccc1-n1nc(C(F)(F)F)cc1-c1ccc2c(c1)NC(=O)CO2,0.26189999999999997
CHEMBL2152903,CC#Cc1cncc(-c2cccc([C@@]3(c4cc(C)c(=O)n(CC)c4)N=C(N)c4c(F)cccc43)c2)c1,0.010799999999999983
CHEMBL2331745,COc1ccc(S(=O)(=O)N2CCC[C@H](n3cc(C)c(=O)[nH]c3=O)C2)cc1Oc1cccc(Cl)c1,0.025100000000000053
CHEMBL289330,CCN1CCC[C@H]1CNC(=O)c1cc(Br)cc(OC)c1OC,0.5402
CHEMBL2017259,N#Cc1ccc(C(=O)Nc2ccc(-n3ccnc3)nc2)cc1,0.28950000000000004
CHEMBL1957266,Cc1sc2c(c1C)C(c1ccc(Cl)cc1)=N[C@@H](CC(=O)OC(C)(C)C)c1nnc(C)n1-2,0.008599999999999995
CHEMBL479445,COc1cc2ncc(C(N)=O)c(Nc3ccc(F)cc3F)c2cc1NCCN(C)C,0.44270000000000004
CHEMBL1934415,Cc1ccc(S(=O)(=O)Nc2c(C(=O)N[C@@H](C)C(C)(C)C)c(C)nn2C2CCCCC2)cc1,0.022399999999999948
CHEMBL2147309,Cc1cnc(-c2c(F)ccc(F)c2CCNC(=O)c2ccc(COCC(F)(F)F)nc2)cn1,0.08010000000000005
CHEMBL430239,CCCC[C@H](NC(C)=O)C(=O)N[C@H]1CC(=O)NCCCC[C@@H](C(N)=O)NC(=O)[C@H](Cc2c[nH]c3ccccc23)NC(=O)[C@H](CCCNC(=N)N)NC(=O)[C@@H](Cc2ccccc2)NC(=O)[C@H](Cc2cnc[nH]2)NC1=O,0.44270000000000004
CHEMBL1823817,COC[C@H](O)Cn1c(=O)cnn(-c2ccc(Cl)c(C(=O)NCC3(O)CCCCCC3)c2)c1=O,0.41450000000000004
CHEMBL2207665,Cn1cc(C(=O)NC[C@@H](O)CN2CCC(Oc3ccc(Cl)c(Cl)c3)CC2)c(C(F)(F)F)cc1=O,0.0647
CHEMBL2170992,CC(C)c1ccc(NC(=O)NCCCSC[C@H]2O[C@@H](n3cnc4c(N)ncnc43)[C@H](O)[C@@H]2O)cc1,0.07840000000000004
CHEMBL479446,COc1cc2ncc(C(N)=O)c(Nc3ccc(F)cc3F)c2cc1NCCN1CCOCC1,0.07840000000000004
CHEMBL2011932,COc1ccc(-c2nc3c(NCCCNC(=O)C4(CN)CC4)c(Br)cnc3[nH]2)cc1,0.02930000000000007
CHEMBL2158831,O=C(O)c1ccccc1CN1CCC(CN2CCC(Oc3ccc(Cl)c(Cl)c3)CC2)CC1,0.29900000000000004
CHEMBL1923433,Cc1[nH]c(C(=O)NC2CCN(c3ncc(C(=O)O)s3)CC2)c(Cl)c1Cl,0.02930000000000007
CHEMBL1957841,O=c1cc(N2CCOCC2)nc2n(Cc3cccc4ccccc34)ccn12,0.030699999999999932
CHEMBL1683027,COc1cc2nnc(C(N)=O)c(Nc3cc(C)ccc3F)c2cc1OC,0.03129999999999995
CHEMBL2169920,O=C1COc2c(CCNCCN(C(=O)CCNCCc3ccc(Cl)c(Cl)c3)C3CCCCC3)ccc(O)c2N1,0.03129999999999995
CHEMBL9967,CN1CCN(CC(=O)N2c3ccccc3C(=O)Nc3cccnc32)CC1,0.7597
CHEMBL1088030,Cc1cnc(Nc2cc(N3CCOCC3)nc(N[C@@H](C)c3ncc(F)cn3)n2)s1,0.0736
CHEMBL1950725,CN[C@@H](C)C(=O)N[C@H](C(=O)N[C@H]1CCN(C(=O)Cc2ccccc2)C1)C1CCCCC1,0.6712
CHEMBL2312921,CCCN(c1cccc(S(C)(=O)=O)c1)P(=O)(c1ccccc1)c1ccccc1,0.032099999999999934
CHEMBL375166,Cc1n[nH]c(C)c1Cc1sc2c(c1C(=O)N1C[C@H](O)CO1)c(=O)n(C)c(=O)n2CC(C)C,0.4885
CHEMBL1934420,Cc1ccc(S(=O)(=O)Nc2c(C(=O)N[C@@H](C)C(C)(C)C)c(C)nn2C2CCN(C)CC2)cc1,0.45409999999999995
CHEMBL1672,COCC1=C(C(=O)O)N2C(=O)[C@@H](NC(=O)/C(=N\OC)c3csc(N)n3)[C@H]2SC1,0.46549999999999997
CHEMBL29384,O=C(O)c1cn(Cc2ccccc2)c2cc(N3CCNCC3)c(F)cc2c1=O,0.29900000000000004
CHEMBL2103840,CCc1cnn2c(NCc3ccc[n+]([O-])c3)cc(N3CCCC[C@H]3CCO)nc12,0.09879999999999996
CHEMBL426658,Clc1cccc(-c2cnc3ccc(NC4CCOCC4)nn23)c1,0.009000000000000057
CHEMBL1950724,CN[C@@H](C)C(=O)N[C@H](C(=O)N[C@H]1CCN(C(=O)c2ccccc2)C1)C1CCCCC1,0.6609999999999999
CHEMBL2171035,O=C(NS(=O)(=O)c1ccc(Cl)cc1)N1CCC(N2CCC(Oc3ccc(Cl)c(Cl)c3)CC2)CC1,0.3288
CHEMBL1949685,CN[C@@H](C)C(=O)N[C@H](C(=O)N[C@H]1CCCN(CCc2ccccc2)C1)C1CCCCC1,0.3288
CHEMBL495727,O=C(Nc1c[nH]nc1-c1nc2ccc(CN3CCOCC3)cc2[nH]1)NC1CC1,0.33390000000000003
CHEMBL22,COc1cc(Cc2cnc(N)nc2N)cc(OC)c1OC,0.3390000000000001
CHEMBL894,CC(NC(C)(C)C)C(=O)c1cccc(Cl)c1,0.5402
CHEMBL2141746,CCCNC(=O)CSc1ccc(S(=O)(=O)N2CCCC2)cn1,0.3494
CHEMBL1952147,NS(=O)(=O)c1ccc(CCNc2ccc3nnc(-c4ccccc4)n3n2)cc1,0.032099999999999934
CHEMBL1950721,CN[C@@H](C)C(=O)N[C@H](C(=O)N[C@H]1CCN(Cc2ccccc2)C1)C1CCCCC1,0.5115
CHEMBL577902,CCCSc1nc(N)c2ncn([C@@H]3O[C@H](CO)[C@@H](O)[C@H]3O)c2n1,0.4827
CHEMBL1950722,CN[C@@H](C)C(=O)N[C@H](C(=O)N[C@H]1CCN(CCc2ccccc2)C1)C1CCCCC1,0.44270000000000004
CHEMBL2011120,CCOc1ccc([C@@H](C)Nc2nc(N3CCN(C(C)=O)CC3)nc3c2CN(C(C)C)C3=O)cc1,0.29900000000000004
CHEMBL1091291,CCCCCCCC(=O)N[C@@H](CCN)C(=O)N[C@H](C(=O)N[C@@H](CCN)C(=O)N[C@H]1CCNC(=O)[C@H](C)NC(=O)[C@H](CCN)NC(=O)[C@H](CCN)NC(=O)[C@H](CC(C)C)NC(=O)[C@@H](Cc2ccccc2)NC(=O)[C@H](CCN)NC1=O)[C@@H](C)O,0.05810000000000002
CHEMBL2059868,Cc1ccc(-c2[nH]cnc2C)cc1NC(=O)c1ccc(OCc2ccccn2)cc1,0.06329999999999998
CHEMBL218468,CC(C)Cn1c(=O)n(C)c(=O)c2c(C(=O)N3CC[C@@H](O)C3)c(Cc3ccnc4ccc(F)cc34)sc21,0.4598
CHEMBL95,Nc1c2c(nc3ccccc13)CCCC2,0.46549999999999997
CHEMBL205742,CC(C)Cn1c(=O)n(C)c(=O)c2c(C(=O)N3CC[C@@H](O)C3)c(Cc3ccnc4ccccc34)sc21,0.3545999999999999
CHEMBL214957,COc1cc(-n2cnc3cc(-c4ccc(Cl)cc4)sc3c2=O)ccc1OCCN1CCCC1,0.013900000000000006
CHEMBL481572,CCOc1cc2ncc(C(N)=O)c(Nc3ccc(F)c(Cl)c3)c2cc1N1CCN(C)CC1,0.03430000000000007
CHEMBL2152917,CO[C@H]1CC[C@]2(CC1)Cc1ccc(OCC(C)C)cc1C21N=C(C)C(N)=N1,0.20079999999999998
CHEMBL2207659,Cc1cc(Cl)ccc1OC1CCN(C[C@H](O)CNC(=O)c2c[nH]nc2C(F)(F)F)CC1,0.035799999999999985
CHEMBL2164372,O=C(NCc1ccc(OC(F)(F)F)cc1)C1c2ccccc2C(=O)N1C[C@@H]1CCCO1,0.035799999999999985
CHEMBL460102,Cc1ncc(-c2nc(Nc3ccc(C(=O)N4CC[C@H](N(C)C)C4)cc3)ncc2F)n1C(C)C,0.2575
CHEMBL2325642,O=S(=O)(Nc1ncns1)c1cc(F)c(Oc2ccc(Cl)cc2-c2ccnn2C2CNC2)cc1F,0.02
CHEMBL219861,CC(C)Cn1c(=O)n(C)c(=O)c2c(C(=O)N3C[C@H](O)CO3)c(Cc3ccnc4ccccc34)sc21,0.24879999999999997
CHEMBL1916271,CCN(C(=O)c1cnn(-c2ccccc2)c1NS(=O)(=O)c1ccc(-c2cnco2)cc1)C1CCCCC1,0.012999999999999972
CHEMBL1934413,Cc1ccc(S(=O)(=O)Nc2c(C(=O)N[C@@H](C)C(C)(C)C)c(C)nn2C2CCC2)cc1,0.018299999999999983
CHEMBL2059876,Cc1ccc(-c2ccncc2)cc1NC(=O)c1ccc(OCc2ccccn2)cc1,0.01790000000000006
CHEMBL1299757,Nc1nc(-c2ccccn2)nc(N)c1Cc1ccc(Cl)cc1Cl,0.013900000000000006
CHEMBL1914480,COc1ccc2ncc(=O)n(CCN3CCC(NCc4cc5c(cn4)OCCO5)CC3)c2n1,0.46549999999999997
CHEMBL1403871,CNC(=O)c1[nH]cnc1C(=O)Nc1ccc(Cl)cc1,0.026800000000000067
CHEMBL1289545,Cc1nc(C(=O)N2CCOC3(CCN(Cc4ccc(Cl)cc4)CC3)C2)cs1,0.4314
CHEMBL389792,CC(CO)(CO)Nc1nc(SCc2cccc(F)c2F)nc2nc(N)sc12,0.12890000000000001
CHEMBL1077827,CCOc1ccc(-n2c([C@@H](C)N(CC3CCN(C)CC3)C(=O)Cc3ccc(F)c(C(F)(F)F)c3)nc3ncccc3c2=O)cc1,0.12890000000000001
CHEMBL1091289,CCCCCCCC(=O)N[C@@H](CCN)C(=O)N[C@H](C(=O)N[C@@H](CCN)C(=O)N[C@H]1CCNC(=O)[C@H]([C@@H](C)O)NC(=O)[C@H](C)NC(=O)[C@H](CCN)NC(=O)[C@H](CC(C)C)NC(=O)[C@@H](Cc2ccccc2)NC(=O)[C@H](CCN)NC1=O)[C@@H](C)O,0.13150000000000006
CHEMBL2164045,O=C(NCc1ccc(OC(F)(F)F)cc1)C1c2cccc(O)c2C(=O)N1CCc1ncc(F)cn1,0.01790000000000006
CHEMBL1526762,Cc1cc(C)nc(SCC(N)=O)n1,0.7878999999999999
CHEMBL403656,C[C@H](CO)Nc1nc(SCc2cccc(F)c2F)nc2[nH]c(=O)c(C#N)cc12,0.017099999999999938
CHEMBL2207663,Cc1cc(Cl)ccc1OC1CCN(C[C@H](O)CNC(=O)c2c[nH]c(=O)cc2C(F)(F)F)CC1,0.13409999999999997
CHEMBL2331743,Cc1cn([C@H]2CCCN(S(=O)(=O)c3ccc(C(N)=O)c(Oc4cccc(Cl)c4)c3)C2)c(=O)[nH]c1=O,0.035799999999999985
CHEMBL2326624,COc1cccc2c1c(NS(=O)(=O)c1ccc(Cl)s1)nn2Cc1cccc(CNC(=O)[C@@H]2COCCN2)c1,0.015999999999999945
CHEMBL2158436,O=c1cc(N2CCOCC2)nc(NCc2cccc3ccccc23)[nH]1,0.032099999999999934
CHEMBL504813,CC(C)Cc1c(C(=O)C(N)=O)c2c(OCC(=O)O)cccc2n1Cc1ccccc1,0.03129999999999995
CHEMBL1645105,COc1ccc(-c2ccc3nc(N)sc3c2)cn1,0.03829999999999998
CHEMBL1683036,COc1cc2nnc(C(N)=O)c(Nc3ccc(C)cc3F)c2cc1N1CCN(C)CC1,0.06329999999999998
CHEMBL1934268,CCn1nc(C)c(C(=O)N[C@@H](C)C(C)(C)C)c1NS(=O)(=O)c1ccc(C)cc1,0.016299999999999953
CHEMBL2180037,CC#Cc1cncc(-c2cccc(C3(C4CC4)N=C(C)C(N)=N3)c2)c1,0.04989999999999995
CHEMBL2029729,CNC(=O)CCCN(C)C(=O)c1ccc2c(c1)c1c(n2C)CC[C@@H](C2CCOCC2)C1,0.036599999999999966
CHEMBL205245,Cc1nc(Cl)c(Cl)n1Cc1sc2c(c1C(=O)N1CC[C@@H](O)C1)c(=O)n(C)c(=O)n2CC(C)C,0.08900000000000005
CHEMBL1235773,COc1ccc2ncc(C#N)c(CCN3CCC(NCc4cc5c(cn4)OCS5)CC3)c2c1,0.08900000000000005
CHEMBL2207284,CNS(=O)(=O)c1ccc2c(C(=O)NC[C@@H](O)CN3CCC(Oc4ccc(Cl)c(Cl)c4)CC3)c[nH]c(=O)c2c1,0.08540000000000006
CHEMBL217899,CCc1nn(C2CCCC2)c2c1CCn1c(-c3cccs3)nnc1-2,0.03739999999999995
CHEMBL1604571,CCOC(=O)C(CCc1ccccc1)NC1CCc2ccccc2N(CC(=O)O)C1=O,0.040900000000000034
CHEMBL1916277,Cc1ccc(S(=O)(=O)Nc2c(C(=O)NC3CCCCC3C)c(C)nn2-c2ccccc2)cc1,0.006599999999999966
CHEMBL1360603,CCOc1ccccc1C(=O)NCc1ccco1,0.041800000000000066
CHEMBL2062583,CC(=O)Nc1ccc2c(c1)c(-c1cc(NC3CC3)n3ncc(C#N)c3n1)cn2CCCO,0.011899999999999977
CHEMBL2113096,Cc1nccn1-c1sc(Nc2cnccn2)nc1-c1cccc(C#N)c1,0.043700000000000044
CHEMBL2158829,O=C(O)COc1cccc(N2CCC(CN3CCC(Oc4ccc(Cl)c(Cl)c4)CC3)CC2)c1,0.026800000000000067
CHEMBL1951073,COc1cc(OC)c(S(=O)(=O)N2c3ccccc3CCC2C)cc1NC(C)=O,0.027999999999999973
CHEMBL1950859,CN[C@@H](C)C(=O)N[C@H](C(=O)N[C@H]1CCCN(CCc2ccc([N+](=O)[O-])cc2)C1)C(C)(C)C,0.26189999999999997
CHEMBL1289283,O=c1cc(OCc2ccccc2)ccn1-c1ccc2c(cnn2CCN2CCCC2)c1,0.16959999999999995
CHEMBL2069411,O=C(N[C@@H]1COc2cccc(-c3ccc(CO)nc3)c2C1)c1ccc(OCC(F)(F)F)nc1,0.03739999999999995
CHEMBL2011927,COc1ccc(-c2nc3c(OCC4CCNCC4)c(Br)cnc3[nH]2)cc1,0.13409999999999997
CHEMBL2164746,COc1ccc2ncc(=O)n(CCN3CC[C@H](NCc4ccc5c(n4)NC(=O)CO5)[C@H](O)C3)c2c1,0.13680000000000006
CHEMBL1921919,Cc1cc(CCC[N+]23CCC(CC2)[C@@H](OC(=O)[C@](C)(c2ccccc2)N2CCCCC2)C3)ccn1,0.7681
CHEMBL457,Cc1ccc(C)c(OCCCC(C)(C)C(=O)O)c1,0.00230000000000004
CHEMBL121,CN(CCOc1ccc(CC2SC(=O)NC2=O)cc1)c1ccccn1,0.002600000000000051
CHEMBL319136,CN(C)C(=O)[C@H](O)[C@H](Cc1ccccc1)NC(=O)c1cc2cc(Cl)ccc2[nH]1,0.02189999999999998
CHEMBL251701,COc1ccc2c(C)cc(N[C@H]3CC[C@H](NCc4cn(C)c5cccnc45)C3)nc2c1,0.026200000000000046
CHEMBL247828,CC(C)N1C(=O)[C@H](NC(=O)[C@@H](Cc2ccccc2OC(F)(F)F)NC(=O)OC(C)(C)C)CCc2ccccc21,0.0029999999999999714
CHEMBL1077979,COc1cc(O)c2c(c1)/C=C/C[C@H](O)[C@H](O)C(=O)/C=C\C[C@H](C)OC2=O,0.013900000000000006
CHEMBL2335867,COCCNC(=O)c1ccc(Nc2ncc3cc(-c4ccncc4C)ccc3n2)cc1,0.013900000000000006
CHEMBL1950844,CN[C@@H](C)C(=O)N[C@H](C(=O)N[C@H]1CCCN(CC(c2ccccc2)c2ccccc2)C1)C1CCCCC1,0.026200000000000046
CHEMBL1539841,Cc1nc2ccc(NS(=O)(=O)c3ccc4c(c3)OCCO4)cc2s1,0.003299999999999983
CHEMBL471412,COc1ccc(N(C(=O)c2ccccc2)C(C(=O)NC2CCCC2)c2ccccc2F)c(OC)c1,0.003299999999999983
CHEMBL392559,O=C(NCC12CC3CC(CC(C3)C1)C2)c1cc(CN2C[C@@H]3C[C@H]2CN3)ccc1Cl,0.09680000000000007
CHEMBL2062577,CC(=O)N(C)c1ccc2ccn(-c3cc(NC4CC4)n4ncc(C#N)c4n3)c2c1,0.025100000000000053
CHEMBL480221,COCCOc1cc2ncc(C(N)=O)c(Nc3cccc(Cl)c3Cl)c2cc1N1CCN(C)CC1,0.10299999999999997
CHEMBL2331744,Cc1cn([C@H]2CCCN(S(=O)(=O)c3ccc(C#N)c(Oc4cccc(Cl)c4)c3)C2)c(=O)[nH]c1=O,0.022900000000000063
CHEMBL477548,CC(C)Cc1c(C(=O)C(N)=O)c2c(OCC(=O)NS(C)(=O)=O)cccc2n1Cc1ccccc1,0.025100000000000053
CHEMBL335744,CC(C)C(=O)Nc1nc(-c2ccccn2)cc2ccccc12,0.02450000000000003
CHEMBL2335896,CC(=O)N[C@H](C)c1ccc(Nc2ncc3cc(-c4ccncc4)ccc3n2)cc1,0.02450000000000003
CHEMBL1916289,Cc1nn(-c2ccc(F)cc2)c(NS(=O)(=O)c2ccc(C(F)(F)F)cc2)c1C(=O)N[C@@H](C)C(C)(C)C,0.013599999999999994
CHEMBL898,O=C(O)c1cc(-c2ccc(F)cc2F)ccc1O,0.0020999999999999374
CHEMBL282479,O=C1Nc2cc(C(F)(F)F)ccc2C1(O)c1cc(Cl)ccc1O,0.014899999999999948
CHEMBL1503948,Cc1ccc(S(=O)(=O)Nc2ccc3nc(C)sc3c2)cc1,0.0020999999999999374
CHEMBL2335866,COCCNC(=O)c1ccc(Nc2ncc3cc(-c4ccncc4OC)ccc3n2)cc1,0.0020000000000000282
CHEMBL480830,CCOc1cc2ncc(C(N)=O)c(Nc3ccc(F)cc3F)c2cc1N1CCN(C(C)C)CC1,0.14230000000000004
CHEMBL178737,O=C1NC(=O)C(c2cnc3ccccn23)=C1c1cn2c3c(cccc13)CN(C(=O)N1CCOCC1)CC2,0.14230000000000004
CHEMBL2070121,COc1cnc(-c2ccccn2)nc1N1CCOCC1,0.3390000000000001
CHEMBL507700,NC(=O)Nc1sc(-c2ccc(CN3CCCCC3)cc2)cc1C(N)=O,0.33390000000000003
CHEMBL562318,Cn1cc(-c2ccncc2)c(-c2ccc(OCc3ccc4ccccc4n3)cc2)n1,0.0012000000000000454
CHEMBL384903,O=c1[nH]c2cc(C(F)(F)F)ccc2n1-c1cc(C(F)(F)F)ccc1O,0.0012999999999999546
CHEMBL2158437,O=c1cc(N2CCOCC2)nc(NCc2cccc(Cl)c2Cl)[nH]1,0.020900000000000033
CHEMBL1950728,CN[C@@H](C)C(=O)N[C@H](C(=O)N[C@H]1CCCN(CCCc2ccccc2)C1)C1CCCCC1,0.33390000000000003
CHEMBL541944,O=C(CN1CCN(Cc2ccn(-c3ccc(C(F)(F)F)cn3)c2)CC1)NC(c1ccc(F)cc1)c1ccc(F)cc1,0.0014000000000000056
CHEMBL2021721,COc1ccc2cc(S(=O)(=O)N[C@H](CC(=O)N[C@H](Cc3ccc(CN4[C@H](C)CCC[C@@H]4C)cc3)C(=O)N(C)C(C)C)c3ccc4c(c3)OCO4)ccc2c1,0.04
CHEMBL249789,OC[C@H]1C[C@@H](n2nnc3c(N[C@@H]4C[C@H]4c4ccc(F)c(F)c4)nc(SCCC(F)(F)F)nc32)[C@H](O)[C@@H]1O,0.0015000000000000568
CHEMBL1488371,O=C(Nc1ccc(Cl)cc1)Nc1nnc(-c2ccncc2)s1,0.001700000000000017
CHEMBL1381989,CC1(C)CNC(=O)c2sc(N3CCOCC3)nc2C1,0.701
CHEMBL2062584,COC(=O)CCn1cc(-c2cc(NC3CC3)n3ncc(C#N)c3n2)c2cc(NC(C)=O)ccc21,0.015999999999999945
CHEMBL2062559,N#Cc1cnn2c(NC3CC3)cc(-c3cccs3)nc12,0.015999999999999945
CHEMBL571526,Cc1cc(Nc2nc(O[C@H](C)c3ccc(F)cn3)c(C#N)nc2C)n[nH]1,0.02189999999999998
CHEMBL190243,C[C@@H](C(=O)NCCN1CCCC1)c1ccc(OS(=O)(=O)C(F)(F)F)cc1,0.32370000000000004
CHEMBL742,CNC1(c2ccccc2Cl)CCCCC1=O,0.5799
CHEMBL190,Cn1c(=O)c2nc[nH]c2n(C)c1=O,0.563
CHEMBL1916286,Cc1nn(-c2ccccc2)c(NS(=O)(=O)C2CCCCC2)c1C(=O)N[C@@H](C)C(C)(C)C,0.014899999999999948
CHEMBL7662,COc1ccc(Cl)cc1C1(F)C(=O)Nc2cc(C(F)(F)F)ccc21,0.001700000000000017
CHEMBL481612,CCOc1cc2ncc(C(N)=O)c(Nc3cccc(Cl)c3Cl)c2cc1N1CCN(C(=O)CO)CC1,0.16319999999999993
CHEMBL2158769,N#Cc1ccccc1C[C@@H](C(=O)O)N1CCC(CN2CCC(Oc3ccc(Cl)c(Cl)c3)CC2)CC1,0.09090000000000004
CHEMBL255044,CCOC(=O)Nc1ccc(NCc2ccc(F)cc2)nc1N,0.16
CHEMBL522460,Cc1ccccc1CN1CCC(N2CCC(n3c(=O)[nH]c4ccccc43)CC2)CC1,0.3545999999999999
CHEMBL1924029,CC(C(=O)OC1CC[N+](C)(C)CC1)(c1ccccc1)N1CCCCC1,0.7801
CHEMBL8088,NC1=NC(c2ccc(F)cc2)Cc2ccccc21,0.35989999999999994
CHEMBL1630742,NCCCCCc1c[nH]c2ccc(F)cc12,0.35989999999999994
CHEMBL1309562,Cc1nc(N2CCOCC2)c2cc(-c3ccccc3)sc2n1,0.004200000000000017
CHEMBL267144,CC(C)[C@H]1C(=O)N[C@H](CO)Cc2ccccc2N1C,0.37060000000000004
CHEMBL208825,C[C@@H](CC(=O)OC(C)(C)C)NC(=O)C1=NOC(C(O)(C(F)(F)F)C(F)(F)F)C1,0.16
CHEMBL429,CC(CCc1ccccc1)NCC(O)c1ccc(O)c(C(N)=O)c1,0.376
CHEMBL461573,Cc1cc(C)cc(C(=O)Nc2ccc(Cl)c(C(=O)Nc3cncs3)c2)c1,0.0040000000000000565
CHEMBL204825,O=C(c1cccc(Cc2nnc(O)c3ccccc23)c1)N1CCOCC1,0.41450000000000004
CHEMBL513588,Cc1ncc(NC(=O)c2cc(NC(=O)c3cc(F)cc(Cl)c3)ccc2Cl)s1,0.0040000000000000565
CHEMBL130,O=C(N[C@H](CO)[C@H](O)c1ccc([N+](=O)[O-])cc1)C(Cl)Cl,0.43700000000000006
CHEMBL2151321,CC(C)Oc1cc(-n2cnc3ccc(N[C@@H](C)c4ccc(F)cn4)nc32)n[nH]1,0.05810000000000002
CHEMBL1378202,CNC(=O)c1[nH]cnc1C(=O)Nc1ccc(OC)cc1,0.13409999999999997
CHEMBL325041,CC(C)C[C@H](NC(=O)[C@H](Cc1ccccc1)NC(=O)c1cnccn1)B(O)O,0.13150000000000006
CHEMBL213494,Cc1ccc2c(c1)c(-c1ccnc3c(S(C)(=O)=O)cccc13)c(C)n2CC(=O)O,0.06060000000000002
CHEMBL1288221,NC(=O)c1cnc(N[C@H]2CCCNC2)c2cc(-c3ccc(F)c(Cl)c3)sc12,0.003900000000000006
CHEMBL95804,CCN(CC)CCNC(=O)c1ccc(NS(C)(=O)=O)cc1,0.8490000000000001
CHEMBL1789187,N#Cc1ccc(C(F)(F)F)nc1O[C@H](CCN)c1ccno1,0.5573
CHEMBL274737,CC[C@H](CO)Nc1nc(SCc2ccccc2)nc2nc(N)sc12,0.012999999999999972
CHEMBL277474,Cc1cc(=O)n(-c2ccccc2)n1C,0.8065000000000001
CHEMBL1956334,CC(=O)c1ncccc1NC(=O)[C@H]1CC[C@H](N2C(=O)[C@@H]3[C@@H]4CC[C@@H](C4)[C@@H]3C2=O)CC1,0.012999999999999972
CHEMBL1282,CC(C)Cn1cnc2c(N)nc3ccccc3c21,0.1481
CHEMBL2326623,COc1cccc2c1c(NS(=O)(=O)c1ccc(Cl)s1)nn2Cc1cccc(CNC(=O)[C@H]2COCCN2)c1,0.015600000000000024
CHEMBL279898,CCCn1c(=O)[nH]c(=O)c2[nH]cnc21,0.3288
CHEMBL2335864,COCCNC(=O)c1ccc(Nc2ncc3cc(-c4ccncc4)ccc3n2)cc1,0.017099999999999938
CHEMBL452861,CC(C)NC[C@H](O)COc1cccc2ccccc12,0.13950000000000004
CHEMBL523829,CN1CCN(C(=O)c2cccc(Cc3n[nH]c(=O)c4ccccc34)c2)CC1,0.3494
CHEMBL1880028,O=C(Cc1ccc(Oc2ccccc2)cc1)NO,0.02
CHEMBL206200,COCCNc1nc(N)c2nc(O)n(Cc3ccccc3)c2n1,0.20829999999999999
CHEMBL1924047,C[C@@](C(=O)O[C@H]1C[N+]2(CCc3ccccc3)CCC1CC2)(c1ccccc1)N1CCCCC1,0.024000000000000056
CHEMBL25554,COc1cccc(OC)c1OCCNCC1COc2ccccc2O1,0.024000000000000056
CHEMBL1778652,CCS(=O)(=O)c1ccc(-c2cc(C(F)(F)F)ccc2CCC(=O)O)c(C)c1,0.025600000000000022
CHEMBL2071498,CC(C)C(NC(=O)c1ccccc1)C(=O)c1ccc(C#N)cc1,0.09280000000000001
CHEMBL1092926,Fc1cc(-c2cccc3ncc(-c4cnn(C5CCNCC5)c4)nc23)cc(F)c1CN1CCOCC1,0.08540000000000006
CHEMBL2335895,CC(=O)NC(C)c1ccc(Nc2ncc3cc(-c4ccncc4)ccc3n2)cc1,0.012999999999999972
CHEMBL480825,COc1cc2ncc(C(N)=O)c(Nc3cc(F)ccc3F)c2cc1OC,0.054399999999999976
CHEMBL256963,Clc1ccc2ncc(-c3cccc(NC4CNC4)n3)n2c1,0.16319999999999993
CHEMBL2338020,CCc1[nH]c2nc(Sc3cnc4ccc[n+]([O-])c4c3)nc(N3C[C@@H]4[C@@H](N)[C@@H]4C3)c2c1Cl,0.06609999999999999
CHEMBL2325503,CS(=O)(=O)c1ccc(-c2nnc(/C=C/c3nnc(-c4ccc(C#N)cc4)o3)n2-c2ccccc2Cl)nc1,0.06329999999999998
CHEMBL1829174,Cc1cc(OCCCS(C)(=O)=O)cc(C)c1-c1cccc(COc2ccc3c(c2)OC[C@H]3CC(=O)O)c1,0.0035999999999999943
CHEMBL741,Nc1nnc(-c2cccc(Cl)c2Cl)c(N)n1,0.44270000000000004
CHEMBL2062566,CC(=O)Nc1ccc2c(c1)N(c1cc(NC3CC3)n3ncc(C#N)c3n1)CC2,0.025100000000000053
CHEMBL1779503,O=C(NCCc1ccccc1)c1cc(-n2ncc(=O)[nH]c2=O)ccc1Cl,0.025100000000000053
CHEMBL49247,c1ccc2c(c1)CC(N1CCN(c3cccc4c3OCCO4)CC1)C2,0.026200000000000046
CHEMBL1454310,Cc1cc(I)cc2c1NC(C(=O)O)C1CC=CC21,0.0020000000000000282
CHEMBL2030402,O=c1[nH]c([C@@H]2CCCN2)nc2c1oc1ccc(Cl)cc12,0.07200000000000002
CHEMBL2021706,CCC[C@@H](CNC(=O)c1nc(Cl)c(N)nc1N)[N+](C)(C)CCCc1ccc(OC)cc1,0.5115
CHEMBL1684954,C[C@@H](NC(=O)Cc1ccc(C2CC2)cc1)c1ccc(OCC(F)(F)F)cn1,0.004099999999999966
CHEMBL1916539,COc1ccc2ccc(=O)n(CCN3CCC(NCc4cc5c(cn4)OCCO5)CC3)c2c1,0.30879999999999996
CHEMBL1352372,N#Cc1c(N)nc2c(c1N)CC(COc1ccccc1)O2,0.10950000000000003
CHEMBL1087399,C[C@H](Nc1nc(Nc2ncc(C#N)s2)cc(N2CCOCC2)n1)c1ncc(F)cn1,0.11650000000000006
CHEMBL2338400,CC(C)(C)NC(=O)NCCN1CCN(CC(=O)NC23CC4CC(CC(C4)C2)C3)CC1,0.30879999999999996
CHEMBL521096,CCOc1cc2ncc(C(N)=O)c(Nc3ccc(C)cc3F)c2cc1N1CCN(C)CC1,0.056800000000000066
CHEMBL2151325,CCOc1cc(Nc2nc3c(cc2F)ncn3[C@@H](CO)c2ccc(F)cn2)n[nH]1,0.13150000000000006
CHEMBL2165066,N#Cc1ccc2ccc(=O)n(CCN3CC[C@@H](NCc4ccc5c(n4)NC(=O)CO5)[C@@H](F)C3)c2c1,0.20450000000000002
CHEMBL47298,CCN(CC)CCOc1ccc2c(c1)C(=O)c1cc(OCCN(CC)CC)ccc1-2,0.5173
CHEMBL569720,Cc1cc(Nc2nc(N[C@@H](C)c3ncc(F)cn3)c(C#N)nc2C)n[nH]1,0.3039
CHEMBL2107366,Cc1cccc([C@H](C)c2c[nH]c(=S)[nH]2)c1C,0.16959999999999995
CHEMBL1489087,O=C(Nc1ccc(Cl)c(Cl)c1)Nc1ccccc1C(=O)O,0.523
CHEMBL1774056,Cc1cc(Nc2nc(N[C@@H](C)c3ccc(F)cn3)c(C#N)cc2F)n[nH]1,0.053199999999999935
CHEMBL2062567,CC(=O)Nc1ccc2c(c1)N(c1cc(NC3CC3)n3ncc(C#N)c3n1)CCO2,0.07519999999999996
CHEMBL1090940,CCCCCCCC(=O)N[C@@H](CCN)C(=O)N[C@@H](C)C(=O)N[C@@H](CCN)C(=O)N[C@H]1CCNC(=O)[C@H]([C@@H](C)O)NC(=O)[C@H](CCN)NC(=O)[C@H](CCN)NC(=O)[C@H](CC(C)C)NC(=O)[C@@H](Cc2ccccc2)NC(=O)[C@H](CCN)NC1=O,0.07680000000000006
CHEMBL2208428,CS(=O)(=O)c1ccccc1C(=O)NC[C@@H](O)CN1CCC(Oc2ccc(Cl)c(Cl)c2)CC1,0.08719999999999999
CHEMBL15023,O=C(CCCN1CCC(O)(c2cccc(C(F)(F)F)c2)CC1)c1ccc(F)cc1,0.07680000000000006
CHEMBL1309980,N=c1c(S(=O)(=O)c2ccc(Cl)cc2)cc2c(=O)n3ccccc3nc2n1C1CCCC1,0.5
CHEMBL2107834,COC(=O)N(C)c1c(N)nc(-c2nn(Cc3ccccc3F)c3ncccc23)nc1N,0.08540000000000006
CHEMBL284237,C[C@]12N[C@H](Cc3ccccc31)c1ccccc12,0.5288
CHEMBL2170994,Nc1ncnc2c1ncn2[C@@H]1O[C@H](CSCCCNC(=O)Nc2ccc(Cl)cc2)[C@@H](O)[C@H]1O,0.0836
CHEMBL809,CN[C@H]1CC[C@@H](c2ccc(Cl)c(Cl)c2)c2ccccc21,0.014599999999999938
CHEMBL1957460,Cc1nccc(-c2ccc(-c3nc4ccncc4c(O)c3C#N)cc2)c1Cl,0.0014000000000000056
CHEMBL320876,COc1cc([C@@H]2c3cc4c(cc3C(O[C@@H]3O[C@@H]5CO[C@@H](C)O[C@H]5[C@H](O)[C@H]3O)C3COC(=O)[C@@H]32)OCO4)cc(OC)c1O,0.018299999999999983
CHEMBL2164364,O=C(NCc1ccc(OC(F)(F)F)cc1)C1c2ccccc2C(=O)N1CCc1ncccn1,0.08180000000000007
CHEMBL2177736,NC(=O)c1cnc(N[C@@H]2CCCC[C@@H]2N)nc1Nc1cccc(-n2nccn2)c1,0.08180000000000007
CHEMBL2069413,O=C(N[C@@H]1COc2cccc(-c3ccc(CO)nc3)c2C1)c1ccc(OCCOCC(F)(F)F)nc1,0.040900000000000034
CHEMBL2062578,N#Cc1cnn2c(NC3CC3)cc(-n3ccc4ccc(CO)cc43)nc12,0.019099999999999964
CHEMBL440498,O=C(NO)C1(CS(=O)(=O)c2ccc(Oc3ccc(Cl)cc3)cc2)CCOCC1,0.02
CHEMBL2312933,CCCN(c1cccnc1)P(=O)(c1ccccc1)c1ccccc1,0.020499999999999973
CHEMBL27890,COc1ccc2c(O)cc(=O)n(Cc3ccc(-c4ccccc4-c4nn[nH]n4)cc3)c2c1,0.0010999999999999942
CHEMBL575448,C[C@@]1(C(=O)Nc2ccc(F)nc2)CCCN1c1nc(Nc2cc(C3CC3)n[nH]2)c2cccn2n1,0.020900000000000033
CHEMBL2171278,Cc1ccc(NC(=O)[C@@H]2CCCN2S(=O)(=O)c2cccc3cccnc23)c(C)c1,0.022399999999999948
CHEMBL257006,C[C@H](CO)Nc1nc(SCc2cccc(F)c2F)nc2[nH]c(N)nc12,0.022900000000000063
CHEMBL1950856,CN[C@@H](C)C(=O)N[C@H](C(=O)N[C@H]1CCCN(CCc2ccc(Br)cc2)C1)C(C)(C)C,0.022900000000000063
CHEMBL2036958,CC1(CCCc2cc(=O)oc3[nH]c(=O)[nH]c(=O)c23)CC1,0.014899999999999948
CHEMBL2335888,CC(=O)N(C)c1ccc(Nc2ncc3cc(-c4ccncc4)ccc3n2)cc1,0.019099999999999964
CHEMBL1824045,O=C1COc2ccc(CNC3CCN(CCN4C(=O)COc5ccc(-c6ccco6)cc54)CC3)nc2N1,0.005999999999999943
CHEMBL1090488,C[C@@H]1CN(C(=O)[C@@H]2CN(C(C)(C)C)C[C@H]2c2ccc(F)cc2F)C[C@H](C)[C@@]1(O)c1ccccc1,0.23189999999999997
CHEMBL550637,Cc1ccc(C(=O)N2CC3CNCC(C2)O3)cc1NC(=O)CC12CC3CC(CC(C3)C1)C2,0.28010000000000007
CHEMBL1916263,CCC(CC)NC(=O)c1cn(-c2ccccc2)nc1NS(=O)(=O)c1ccc(C)cc1,0.0012999999999999546
CHEMBL1957462,Cc1nn(C)c(C)c1-c1ccc(-c2nc3ccncc3c(O)c2C#N)cc1,0.0035999999999999943
CHEMBL296419,COc1ccc(CCN2CCC(Nc3nc4ccccc4n3Cc3ccc(F)cc3)CC2)cc1,0.026200000000000046
CHEMBL2331738,Cc1cn([C@H]2CCCN(S(=O)(=O)c3cccc(Oc4ccccc4)c3)C2)c(=O)[nH]c1=O,0.026200000000000046
CHEMBL2312113,COc1cc(O)c(C(CC(=O)N2CC(C)CC(C)C2)c2ccc3c(c2)OCO3)c(OC)c1,0.002399999999999949
CHEMBL1605684,CC(=O)c1cn(Cc2ccccc2)c(=O)n(Cc2ccc(F)cc2)c1=O,0.02450000000000003
CHEMBL2179270,Cc1cn([C@H]2CCCN([C@@H](C)c3ccc(C(=O)O)c(Oc4cccc(Cl)c4)c3)C2)c(=O)[nH]c1=O,0.022900000000000063
CHEMBL2071491,CC(C)C(NC(=O)c1ccccc1)C(=O)c1ccc([N+](=O)[O-])cc1,0.041800000000000066
CHEMBL140684,CN(c1ccccc1)S(=O)(=O)c1ccc(NC(=O)C(C)(O)C(F)(F)F)cc1,0.022900000000000063
CHEMBL1650723,COc1cc(Nc2nc(N[C@@H](C)c3ncc(F)cn3)ncc2Cl)n[nH]1,0.12129999999999995
CHEMBL2171014,Cc1c(Cl)ccc(OC2CCN(C3CCN(C(=O)NS(=O)(=O)c4ccc(N(C)C)cc4)CC3)CC2)c1Cl,0.022399999999999948
CHEMBL1962896,COc1ccc(CCC[N+](C)(CCCc2ccc(OC)cc2)CCNC(=O)c2nc(Cl)c(N)nc2N)cc1,0.16319999999999993
CHEMBL714,CC(C)(C)NCC(O)c1ccc(O)c(CO)c1,0.7721000000000001
CHEMBL112,CC(=O)Nc1ccc(O)cc1,0.7336
CHEMBL435,NS(=O)(=O)c1cc2c(cc1Cl)NCNS2(=O)=O,0.28010000000000007
CHEMBL2164395,O=C(NCc1ccc(OCC(F)(F)F)nc1)C1c2ccccc2C(=O)N1CCc1ccccn1,0.09280000000000001
CHEMBL1950849,CN[C@@H](C)C(=O)N[C@H](C(=O)N[C@H]1CCCN(CCc2cccc(F)c2)C1)C1CCCCC1,0.28010000000000007
CHEMBL259081,O=c1nc(NCc2ccccc2)sn1Cc1ccccc1,0.0012000000000000454
CHEMBL24646,COc1ccc(-c2nc3cc(C4=NNC(=O)CC4C)ccc3[nH]2)cc1,0.10950000000000003
CHEMBL33899,CC/C(=C(\c1ccccc1)c1ccc(/C=C/C(=O)O)cc1)c1ccccc1,0.003299999999999983
CHEMBL1287892,NC(=O)c1cnc(N[C@H]2CCCNC2)c2cc(-c3ccc(F)c(F)c3)sc12,0.019099999999999964
CHEMBL907,CCCCc1nc(Cl)c(C(=O)O)n1Cc1ccc(-c2ccccc2-c2nn[nH]n2)cc1,0.004899999999999949
CHEMBL2180015,CC#Cc1ccnc(-c2cc(C3(C4CC4)N=C(C)C(N)=N3)ccc2O)c1,0.005999999999999943
CHEMBL2216839,C[C@@H]1CN(Cc2nnc(-c3cc(-c4cccc5[nH]ccc45)cc4[nH]ncc34)o2)C[C@H](C)O1,0.019099999999999964
CHEMBL2208434,O=C(NC[C@@H](O)CN1CCC(Oc2ccc(Cl)c(Cl)c2)CC1)c1cc(=O)[nH]c2ccccc12,0.018299999999999983
CHEMBL655,Cc1ncc2n1-c1ccc(Cl)cc1C(c1ccccc1F)=NC2,0.0175
CHEMBL2103875,CC(=O)Nc1cccc(-n2c(=O)n(C3CC3)c(=O)c3c(Nc4ccc(I)cc4F)n(C)c(=O)c(C)c32)c1,0.00950000000000003
CHEMBL1933593,C[C@H]1O[C@@H](n2cnc3c(N)nc(OC(C4CC4)C(F)(F)F)nc32)[C@H](O)[C@@H]1O,0.3494
CHEMBL2151176,COc1cc(Nc2nc3c(c(COC4CCCC4)n2)COCC3)ccc1-n1cnc(C)c1,0.009899999999999949
CHEMBL2165187,CN(C)CCN(Cc1cccc2ccccc12)c1cc(N2CCOCC2)nc(=O)[nH]1,0.3390000000000001
CHEMBL38182,N#Cc1ccc(NC(=O)Nc2ccccc2Br)c2nn[nH]c12,0.004200000000000017
CHEMBL254497,CC(C)(C)OC(=O)N[C@H](Cc1ccccc1C(F)(F)F)C(=O)NCc1nc2cccnc2n1Cc1ccccc1,0.011099999999999994
CHEMBL1257491,Oc1ccc2cc(CNCCc3ccc(Br)cc3)c(-c3ccsc3)nc2c1,0.0015000000000000568
CHEMBL1309788,Cc1ccc(-n2c(C)cc(/C=C3\SC(=O)NC3=O)c2C)cc1,0.0015999999999999658
CHEMBL461950,O=C(Nc1ccc(Cl)c(C(=O)Nc2cccnc2)c1)c1cccc(Cl)c1,0.017099999999999938
CHEMBL574059,Cn1c(=O)c(-c2c(Cl)cccc2Cl)cc2cnc(Nc3ccc(F)cc3)nc21,0.0040000000000000565
CHEMBL1359777,Cc1cc(C(=O)Cn2cc(C(F)(F)F)ccc2=O)c(C)n1Cc1ccccc1,0.015999999999999945
CHEMBL1957363,N#Cc1c(-c2ccc(-c3ccccc3O)cc2)nc2ccncc2c1O,0.002600000000000051
CHEMBL1683031,CCOc1cc2nnc(C(N)=O)c(Nc3ccc(C)cc3F)c2cc1N1CCN(C)CC1,0.015999999999999945
CHEMBL2204344,O=C(CCCN1CC[Si](O)(c2cccc(C(F)(F)F)c2)CC1)c1ccc(F)cc1,0.040900000000000034
CHEMBL589586,COC(=O)/C=C/C(=O)O,0.13950000000000004
CHEMBL2094588,O=C(CN1C2=NCCN2c2ccccc21)c1ccc(Cl)cc1,0.3390000000000001
CHEMBL232656,C[C@@H]1CN(Cc2ccc(F)cc2)CCN1C(=O)COc1ccc(Cl)cc1NC(N)=O,0.020499999999999973
CHEMBL2059866,Cc1ccc(-c2cn(C)cn2)cc1NC(=O)c1ccc(OCc2ccccn2)cc1,0.09480000000000004
CHEMBL2164373,O=C(NCc1ccc(OC(F)(F)F)cc1)C1c2ccccc2C(=O)N1C1CCC(F)(F)CC1,0.02
CHEMBL2057372,CC(C)(C)NS(=O)(=O)c1cncc(-c2ccc3nc(NC(=O)NCC(=O)N4CCOCC4)nn3c2)c1,0.4598
CHEMBL412142,Cc1c[nH]c(-c2cnc(NCCNc3ccc(C#N)cn3)nc2-c2ccc(Cl)cc2Cl)n1,0.018700000000000046
CHEMBL35,NS(=O)(=O)c1cc(C(=O)O)c(NCc2ccco2)cc1Cl,0.016299999999999953
CHEMBL1090090,NC(=O)c1ccc(N(C(N)=O)c2c(F)cccc2F)nc1-c1ccc(F)cc1F,0.3923
CHEMBL506,COc1cc(NC(C)CCCN)c2ncccc2c1,0.40340000000000004
CHEMBL481,CCc1c2c(nc3ccc(OC(=O)N4CCC(N5CCCCC5)CC4)cc13)-c1cc3c(c(=O)n1C2)COC(=O)[C@]3(O)CC,0.4201
CHEMBL1078411,N#C[C@@]1(NC(=O)[C@@H](N)Cc2cccs2)C[C@@H]1c1ccccc1,0.4598
CHEMBL1957370,N#Cc1c(-c2ccc(-c3ccncc3Cl)cc2)nc2ccncc2c1O,0.005499999999999972
CHEMBL2333941,C[C@@]1(c2cc(-c3cncnc3)c(F)cc2F)CCSC(N)=N1,0.4598
CHEMBL210884,COCCOc1nc(N)c2[nH]c(=O)n(Cc3ccccc3)c2n1,0.10510000000000005
CHEMBL141157,C#CC[C@@H](C(=O)N[C@H](/C=C/C(=O)OCC)C[C@@H]1CCNC1=O)n1cccc(NC(=O)c2cc(C)on2)c1=O,0.44270000000000004
CHEMBL1807823,O=c1[nH]c2c(O)ccc([C@@H](O)CNCCSCCCNCCc3ccccc3)c2s1,0.47119999999999995
CHEMBL1950842,CN[C@@H](C)C(=O)N[C@H](C(=O)N[C@H]1CCCN(CCc2ccccc2)C1)C(C)(C)C,0.5058
CHEMBL1917431,Cc1c(Sc2ccc(Cl)cc2)c2cc(S(C)(=O)=O)ccc2n1CC(=O)O,0.01269999999999996
CHEMBL2335878,CN(C)CCNC(=O)c1ccc(Nc2ncc3cc(-c4ccncc4)ccc3n2)cc1,0.011099999999999994
CHEMBL60066,O=C(Nc1ccc(F)cc1)c1ccc(Cl)[n+]([O-])c1,0.46549999999999997
CHEMBL558,Cc1cccc(C)c1OCC(C)N,0.6347
CHEMBL2062569,CC(=O)Nc1cc2c(ccn2-c2cc(NC3CC3)n3ncc(C#N)c3n2)cc1C,0.020900000000000033
CHEMBL480,Cc1c(OCC(F)(F)F)ccnc1C[S+]([O-])c1nc2ccccc2[nH]1,0.015999999999999945
CHEMBL2152918,CO[C@H]1CC[C@]2(CC1)Cc1ccc(-c3cncc(Br)c3)cc1C21N=C(C)C(N)=N1,0.13950000000000004
CHEMBL98406,Nc1nc2ccc(F)cc2s1,0.16
CHEMBL1470371,NC(=O)c1cccc2c3c([nH]c12)CCCC3,0.28010000000000007
CHEMBL2018969,COc1cccc2c1c(NS(=O)(=O)c1ccc(Cl)s1)nn2Cc1cccc(CNC(=O)C(C)(C)O)c1,0.013299999999999984
CHEMBL1934426,Cc1nn(C2CCOCC2)c(NS(=O)(=O)c2ccc(C3CC3)cc2)c1C(=O)N[C@@H](C)C(C)(C)C,0.0736
CHEMBL2164670,COc1ccccc1C(C#N)NC(=O)[C@@H]1CCCC[C@H]1C(=O)N1CCN(Cc2ccc(F)cc2)CC1,0.05099999999999994
CHEMBL2048864,O=C1NC(=O)/C(=C/c2cccc(Cl)c2N2CCNCC2)S1,0.07840000000000004
CHEMBL2177173,CN1CCN(S(=O)(=O)c2ccc(-c3cnc(N)c(C(=O)Nc4cnccc4CN4CCCC4)n3)cc2)CC1,0.07840000000000004
CHEMBL2158839,O=C(O)[C@H](Cc1ccccc1F)N1CCC(CN2CCC(Oc3ccc(Cl)c(Cl)c3)CC2)CC1,0.11409999999999997
CHEMBL2178388,Cc1nc(C(F)F)c(C(N)=O)nc1-c1ccc([C@H]2CC[C@H](CC(=O)O)CC2)cc1,0.054399999999999976
CHEMBL315708,c1ccc(-c2[nH]nc3ccccc23)cc1,0.030699999999999932
CHEMBL1818300,CC(C)(C)OC(=O)NC[C@H]1CC[C@H](CNC(=O)c2cc(N3CCC(CCN4CC(O)C4)CC3)nc3ccccc23)CC1,0.03
CHEMBL2313230,CCCN(c1cncnc1)P(=O)(c1ccccc1)c1ccccc1,0.1189
CHEMBL62,CN1CCc2cc(Cl)c(O)cc2[C@@H](c2ccccc2)C1,0.08010000000000005
CHEMBL2177908,NC1=NC(c2ccnc(C(F)(F)F)c2)(c2ccc(F)c(-c3cncnc3)c2)c2cccc(F)c21,0.02930000000000007
CHEMBL1778643,CCc1ccc(OCC(=O)O)c(-c2ccc(S(C)(=O)=O)cc2)c1,0.056800000000000066
CHEMBL1444,N#Cc1ccc(C(c2ccc(C#N)cc2)n2cncn2)cc1,0.4827
CHEMBL1650733,Cc1cc(Nc2nc(N[C@@H](C)c3ncc(F)cn3)nc(N3CCOCC3)c2F)n[nH]1,0.0836
CHEMBL1934414,Cc1ccc(S(=O)(=O)Nc2c(C(=O)N[C@@H](C)C(C)(C)C)c(C)nn2C2CCCC2)cc1,0.021400000000000006
CHEMBL182380,CCN(C(=O)NCc1ccc(S(C)(=O)=O)cc1)C1CCN(CCC(c2ccccc2)c2ccccc2)CC1,0.3288
CHEMBL378730,Cc1ccc2c(c1)c(-c1ccnc3c(Cl)cccc13)c(C)n2CC(=O)O,0.0056000000000000225
CHEMBL65693,CS(=O)(=O)Nc1ccc2[nH]c(Cc3ccc(Oc4ccccc4)cc3)nc2c1,0.005499999999999972
CHEMBL2335898,C[C@@H](NC(=O)C1CCCCN1C)c1ccc(Nc2ncc3cc(-c4ccncc4)ccc3n2)cc1,0.03829999999999998
CHEMBL1230662,CN[C@@H](C)C(=O)N[C@H](C(=O)N1CCC[C@H]1C(=O)N[C@@H]1CCCc2ccccc21)C(C)(C)C,0.08010000000000005
CHEMBL1762530,Cc1ccc(CO)cc1N(C)c1ccnc(Nc2cc(N3CCOCC3)cc(N3CCOCC3)c2)n1,0.08180000000000007
CHEMBL2158819,O=C(O)C(c1ccccc1)N1CCC(CN2CCC(Oc3ccc(Cl)c(Cl)c3)CC2)CC1,0.08540000000000006
CHEMBL2207603,COc1cc(OC)c(S(=O)(=O)N2c3ccccc3Oc3ccccc32)cc1NC(=O)CCC(=O)O,0.024000000000000056
CHEMBL1801504,O=c1cc(Cn2c(C3CCC3)nc3nccnc32)c2ccc(F)c(F)c2[nH]1,0.20079999999999998
CHEMBL1087268,Cc1cnc(Nc2cc(N3CCN(C)CC3)nc(N[C@@H](C)c3ccc(F)cn3)n2)s1,0.04670000000000002
CHEMBL1981917,NC1=Nc2ccccc2Sc2cccc(F)c21,0.056800000000000066
CHEMBL2177911,COc1cc(C2(c3cccc(-c4cncnc4)c3)N=C(N)c3c(F)cccc32)ccn1,0.04670000000000002
CHEMBL2017291,COc1cc2c(cc1-c1c(C)noc1C)ncc1[nH]c(=O)n([C@H](C)c3ccccn3)c12,0.023400000000000035
CHEMBL1587607,O=C(Nc1ccccc1Cl)c1cc[nH]n1,0.06609999999999999
CHEMBL1778638,CCS(=O)(=O)c1ccc(-c2cc(C(F)(F)F)ccc2OCC(=O)O)c(Cl)c1,0.023400000000000035
CHEMBL2062576,CC(=O)Nc1ccc2ccn(-c3cc(NCCCN4CCCC4)n4ncc(C#N)c4n3)c2c1,0.06760000000000005
CHEMBL122,CS(=O)(=O)c1ccc(C2=C(c3ccccc3)C(=O)OC2)cc1,0.06900000000000006
CHEMBL439871,CC(C)Cn1c(=O)n(C)c(=O)c2c(C(=O)N3CC(C)(O)C3)c(Cc3ccccc3C(F)(F)F)sc21,0.06900000000000006
CHEMBL1944693,COc1ccccc1CCNCc1cccc(CCNC[C@H](O)c2ccc(O)c3[nH]c(=O)sc23)c1,0.05939999999999998
CHEMBL2070125,COc1cnc(-c2ccccn2)nc1NC1CCCC1,0.06060000000000002
CHEMBL1778639,CCS(=O)(=O)c1ccc(-c2cc(C(F)(F)F)ccc2OCC(=O)O)c(C)c1,0.04280000000000001
CHEMBL2031562,Nc1cc(C(=O)Nc2cccc(-c3nnn[nH]3)c2)cc(C(F)(F)F)c1,0.02189999999999998
CHEMBL162203,Cc1cccc(-c2nc3cc(Cl)ccc3[nH]2)n1,0.011099999999999994
CHEMBL669,CN(C)CCC=C1c2ccccc2C=Cc2ccccc21,0.07840000000000004
CHEMBL550902,O=C(O)c1cncc(-c2ccc(Cl)c(C(=O)NCC34CC5CC(CC(C5)C3)C4)c2)c1,0.009899999999999949
CHEMBL1995703,Cc1cnc(Nc2ccc(N3CCN(C)CC3)cc2)nc1Nc1cccc(S(=O)(=O)NC(C)(C)C)c1,0.07519999999999996
CHEMBL550496,O=C(O)CNCCNc1ccc(Cl)c(C(=O)NCC23CC4CC(CC(C4)C2)C3)c1,0.07200000000000002
CHEMBL380732,CC[C@H](CO)Nc1nc(SCc2cccc(F)c2F)nc2nc(N)sc12,0.014899999999999948
CHEMBL2011928,COc1ccc(-c2nc3c(NCCCNC(C)=O)c(Br)cnc3[nH]2)cc1,0.026200000000000046
CHEMBL2171021,Cc1c(Cl)ccc(OC2CCN(C3CCN(C(=O)c4cccc(S(C)(=O)=O)c4)CC3)CC2)c1Cl,0.035
CHEMBL567,OCCN1CCN(CCCN2c3ccccc3Sc3ccc(Cl)cc32)CC1,0.014899999999999948
CHEMBL2070117,COc1cnc(-c2ccccn2)nc1N1CCCCC1,0.048799999999999955
CHEMBL1489548,O=C(CCS(=O)(=O)c1ccc(Br)cc1)NCCc1ccccc1,0.04
CHEMBL195309,Cc1nccn1-c1ccc(Sc2cccc(C3(C(N)=O)CCOCC3)c2)cc1,0.06900000000000006
CHEMBL2062555,N#Cc1cnn2c(N)cc(-c3cccs3)nc12,0.048799999999999955
CHEMBL580,O=C1Nc2ccc(Cl)cc2C(c2ccccc2Cl)=NC1O,0.07200000000000002
CHEMBL416,COc1c2occc2cc2ccc(=O)oc12,0.07680000000000006
CHEMBL391565,COc1ccc(NC(=O)c2ccnc(N)n2)cc1,0.28950000000000004
CHEMBL1087269,Cc1cnc(Nc2cc(N3CCOCC3)nc(N[C@@H](C)c3ccc(F)cn3)n2)s1,0.026200000000000046
CHEMBL1256967,CC1(C)[C@H](NC(=O)/C(=N\OCc2cc(=O)c(O)cn2O)c2csc(N)n2)C(=O)N1OS(=O)(=O)O,0.30879999999999996
CHEMBL2335876,COCCNC(=O)c1ccc(Nc2ncc3cc(-c4ccncc4)ccc3n2)cc1C,0.0040000000000000565
CHEMBL2335901,C[C@@H](NC(=O)C1CCNCC1)c1ccc(Nc2ncc3cc(-c4ccncc4)ccc3n2)cc1,0.04769999999999996
CHEMBL2062568,CC(=O)Nc1ccc2c(c1)N(c1cc(NC3CC3)n3ncc(C#N)c3n1)CCC2,0.026200000000000046
CHEMBL1770298,Cc1ccc(C(NC(=O)c2ccccc2O)C(=O)Nc2c(C)cccc2C)s1,0.0043000000000000685
CHEMBL1689133,C[C@H](Oc1ccc(Cl)cc1CN1CCN(C(=O)Cc2ccc(Cl)cc2)[C@@H](C)C1)C(=O)O,0.025600000000000022
CHEMBL2164044,O=C(NCc1ccc(F)c(C(F)(F)F)c1)C1c2ccccc2C(=O)N1CCc1ncc(F)cn1,0.04769999999999996
CHEMBL2207606,COc1cc(OC)c(S(=O)(=O)N2c3ccccc3Oc3ccccc32)cc1NC(=O)/C=C/C(=O)O,0.024000000000000056
CHEMBL1557771,O=C(c1ccccc1)N1CCC(c2nc3ccccc3o2)CC1,0.045699999999999935
CHEMBL493677,CC(C)(C)CCN1CC[C@H](CNC(=O)c2cc(Cl)cc(Cl)c2)[C@H](F)C1,0.04469999999999999
CHEMBL2207664,Cc1c(Cl)ccc(OC2CCN(C[C@H](O)CNC(=O)c3c[nH]c(=O)cc3C(F)(F)F)CC2)c1Cl,0.033499999999999946
CHEMBL560993,Cc1c(Cc2ccc3ccccc3n2)c2cc(F)ccc2n1CC(=O)O,0.0064000000000000055
CHEMBL1916535,O=C1COc2ccccc2N1CCN1CCC(NCc2cc3c(cn2)OCCO3)CC1,0.25310000000000005
CHEMBL2059865,Cc1ccc(-c2ncc[nH]2)cc1NC(=O)c1ccc(OCc2ccccn2)cc1,0.05939999999999998
CHEMBL2147475,COc1cc(-n2cnc3cc(-c4ccc(Cl)cc4)sc3c2=O)ccc1OC[C@H](OP(=O)(O)O)C1CC1,0.006099999999999994
CHEMBL1957840,O=c1cc(N2CCOCC2)nc2n(Cc3cccc(Cl)c3Cl)ccn12,0.036599999999999966
CHEMBL1950852,CN[C@@H](C)C(=O)N[C@H](C(=O)N[C@H]1CCCN(CCc2ccccc2OC)C1)C(C)(C)C,0.2575
CHEMBL1917449,CC(=O)Nc1cccc2c1c(S(=O)(=O)c1ccc(Cl)cc1)c(C)n2CC(=O)O,0.04280000000000001
CHEMBL1609717,O=C(CCS(=O)(=O)c1ccc(Br)cc1)NCc1ccc(F)cc1,0.04280000000000001
CHEMBL1950841,CN[C@@H](C)C(=O)N[C@H](C(=O)N[C@H]1CCCCN(CCc2ccccc2)C1)C1CCCCC1,0.26189999999999997
CHEMBL228814,Cc1ccc(C(=O)N(CCCN)[C@@H](c2nc3cc(Cl)ccc3c(=O)n2Cc2ccccc2)C(C)C)cc1,0.005999999999999943
CHEMBL1951077,COc1cc(OC)c(S(=O)(=O)N2c3ccccc3CCC2C)cc1NC(=O)COCC(=O)O,0.2664
CHEMBL1448843,O=C(CSc1ccccc1)N1CCN(C(=O)c2ccco2)CC1,0.2664
CHEMBL1213085,Cc1ccccc1-n1c(Cn2nc(-c3ccc(O)c(F)c3)c3c(N)ncnc32)nc2cccc(C)c2c1=O,0.02
CHEMBL2165057,COc1ccc2ncc(=O)n(CCN3CC[C@@H](NCc4ccc5c(n4)NC(=O)CO5)[C@@H](OC)C3)c2c1,0.28010000000000007
CHEMBL2158825,O=C(O)Cc1ccccc1N1CCC(CN2CCC(Oc3ccc(Cl)c(Cl)c3)CC2)CC1,0.005999999999999943
CHEMBL402831,Cc1nc(-c2c(F)cc(Cl)cc2-c2cnc([C@@H](C)NC(=O)[C@@](C)(O)C(F)(F)F)c(F)c2)no1,0.02
CHEMBL1951075,COc1cc(OC)c(S(=O)(=O)N2c3ccccc3CCC2C)cc1NC(=O)NCC(=O)O,0.28010000000000007
CHEMBL2325021,N#Cc1cc(S(=O)(=O)Nc2ncns2)ccc1Oc1ccc(C(F)(F)F)cc1-c1ccnnc1,0.005900000000000034
CHEMBL480445,COc1cc2ncc(C(N)=O)c(Nc3ccc(F)cc3F)c2cc1N1CCN(C)CC1,0.25310000000000005
CHEMBL559968,O=C(NCCc1ccccc1Cl)c1cc(-n2ncc(=O)[nH]c2=O)ccc1Cl,0.027999999999999973
CHEMBL109980,CC(C)(N)C(=O)N[C@H](COCc1ccc(F)cc1F)C(=O)N1CCC2=NN(CC(F)(F)F)C(=O)[C@]2(Cc2ccccn2)C1,0.25310000000000005
CHEMBL23,COc1ccc([C@@H]2Sc3ccccc3N(CCN(C)C)C(=O)[C@@H]2OC(C)=O)cc1,0.2403
CHEMBL1917443,Cc1ccc2c(c1)c(Sc1ccc(S(C)(=O)=O)cc1)c(C)n2CC(=O)O,0.008100000000000022
CHEMBL481905,CCOc1cc2ncc(C(N)=O)c(Nc3ccc(Cl)c(Cl)c3)c2cc1N1CCN(C)CC1,0.008100000000000022
CHEMBL2180028,COc1c(C)cc(C2(c3cccc(-c4cncnc4)c3)N=C(C)C(N)=N2)cc1C,0.043700000000000044
CHEMBL208943,O=C(c1c2ccccc2cc2ccccc12)N1CCC(N2CCC[C@@H](C(=O)N3CCOCC3)C2)CC1,0.06609999999999999
CHEMBL2144069,Cc1ccc(NC(=O)c2cccc(C(C)(C)C#N)c2)cc1Nc1ccc2ncn(C)c(=O)c2c1,0.003900000000000006
CHEMBL250687,CCCSc1nc(N[C@@H]2C[C@H]2c2ccccc2)c2nnn([C@@H]3C[C@H](CO)[C@@H](O)[C@H]3O)c2n1,0.00769999999999996
CHEMBL1352569,CC(C)(Oc1ccc(Cl)cc1)C(=O)N1CCN(c2ccccn2)CC1,0.00769999999999996
CHEMBL1956163,O=C1[C@@H]2[C@@H]3CC[C@@H](C3)[C@@H]2C(=O)N1[C@H]1CC[C@H](C(=O)Nc2cccc3cccnc23)CC1,0.015999999999999945
CHEMBL1916532,COc1ccc2ncc(F)c(CCN3CCC(NCc4cc5c(cn4)OCCO5)CC3)c2n1,0.1728
CHEMBL149434,CCc1c(C(=O)C(N)=O)c2c(OCC(N)=O)cccc2n1Cc1ccccc1,0.15099999999999994
CHEMBL1818296,CN(C)CCC1CCN(c2cc(C(=O)NC[C@H]3CC[C@H](CNC(=O)OC(C)(C)C)CC3)c3ccccc3n2)CC1,0.033499999999999946
CHEMBL2171033,O=C(NS(=O)(=O)c1ccccc1)N1CCC(N2CCC(Oc3ccc(Cl)c(Cl)c3)CC2)CC1,0.1864
CHEMBL1346,NC(=O)C(c1ccccc1)(c1ccccc1)[C@@H]1CCN(CCc2ccc3c(c2)CCO3)C1,0.048799999999999955
CHEMBL1778636,N#Cc1cccc(-c2cc(Cl)ccc2OCC(=O)O)c1,0.0075
CHEMBL2207654,O=C(NC[C@@H](O)CN1CCC(Oc2ccc(Cl)c(Cl)c2)CC1)c1c[nH]c(=O)c2cc(S(=O)(=O)N3CCC3)ccc12,0.04989999999999995
CHEMBL406,CC1Cc2ccccc2N1NC(=O)c1ccc(Cl)c(S(N)(=O)=O)c1,0.20450000000000002
CHEMBL509032,COc1cc(N2CCC(N3CCN(C)CC3)CC2)ccc1Nc1ncc(Cl)c(Nc2ccccc2S(=O)(=O)C(C)C)n1,0.03280000000000001
CHEMBL13817,CC(C)(N)C(=O)N[C@H](COCc1ccccc1)C(=O)N1CCC2(CC1)CN(S(C)(=O)=O)c1ccccc12,0.23189999999999997
CHEMBL1027,Cc1ccsc1C(=CCCN1CCC[C@@H](C(=O)O)C1)c1sccc1C,0.05099999999999994
CHEMBL1950720,CN[C@@H](C)C(=O)N[C@H](C(=O)N1CC[C@H]2CCN(CCc3ccccc3)C[C@H]21)C1CCCCC1,0.056800000000000066
CHEMBL2171047,Cc1ccc(S(=O)(=O)NC(=O)N2CCC(N3CCC(Oc4ccc(Cl)c(C)c4Cl)CC3)CC2)cc1,0.17950000000000002
CHEMBL331372,CCNC(=O)[C@H]1O[C@@H](n2cnc3c(N)nc(NCCc4ccc(CCC(=O)O)cc4)nc32)[C@H](O)[C@@H]1O,0.4201
CHEMBL479441,COCCOc1cc2ncc(C(N)=O)c(Nc3ccc(F)cc3F)c2cc1N1CCN(C)CC1,0.45409999999999995
CHEMBL1818303,CN(C)CCC1CCN(c2cc(C(=O)NC[C@H]3CC[C@H](CNC(=O)OCC(C)(C)C)CC3)c3ccccc3n2)CC1,0.013900000000000006
CHEMBL1921936,C[C@@](C(=O)O[C@H]1C[N+]2(CCCOc3ccc(F)cc3)CCC1CC2)(c1ccccc1)N1CCCCC1,0.03129999999999995
CHEMBL1090630,CCCCCCCC(=O)N[C@@H](C)C(=O)N[C@H](C(=O)N[C@@H](CCN)C(=O)N[C@H]1CCNC(=O)[C@H]([C@@H](C)O)NC(=O)[C@H](CCN)NC(=O)[C@H](CCN)NC(=O)[C@H](CC(C)C)NC(=O)[C@@H](Cc2ccccc2)NC(=O)[C@H](CCN)NC1=O)[C@@H](C)O,0.10730000000000003
CHEMBL1873475,C=CC(=O)N1CCC[C@@H](n2nc(-c3ccc(Oc4ccccc4)cc3)c3c(N)ncnc32)C1,0.03430000000000007
CHEMBL2335907,COc1cc(-c2ccncc2)cc2cnc(Nc3ccc([C@@H](C)NC(C)=O)cc3)nc12,0.03430000000000007
CHEMBL168634,Cc1ccc(S(=O)(=O)N2N=Cc3ccccc3B2O)cc1,0.0836
CHEMBL2011908,CNc1c(Br)cnc2[nH]c(-c3ccc(S(C)(=O)=O)cc3)nc12,0.04769999999999996
CHEMBL603584,COc1ccc(C2Sc3ccccc3N(CCN(C)C)C(=O)C2OC(C)=O)cc1,0.6454
CHEMBL217943,O=C(NCc1ccccc1)c1ccc2cccnc2c1O,0.030699999999999932
CHEMBL2335885,COCCC(=O)N(C)c1ccc(Nc2ncc3cc(-c4ccncc4)ccc3n2)cc1,0.026200000000000046
CHEMBL2059910,CNC(=O)Nc1nc2ccc(-c3cncc(S(=O)(=O)NC(C)(C)C)c3)cn2n1,0.3545999999999999
CHEMBL1824031,O=C1COc2ccc(CNC3CCN(CCN4C(=O)COc5ccc(Br)cc54)CC3)nc2N1,0.026200000000000046
CHEMBL2178931,Cc1nc(C(C)C)c(-c2ccc([C@H]3CC[C@H](CC(=O)O)CC3)cc2)nc1C(N)=O,0.02189999999999998
CHEMBL271013,C[C@H](CO)Nc1nc(SCc2ccccc2)nc2nc(N)sc12,0.045699999999999935
CHEMBL1608462,Cc1cc(C)c(CNC(=O)c2cc(C3CC3)nc3c2cnn3C(C)C)c(O)n1,0.035
CHEMBL271703,C[C@H](CO)Nc1nc(SCc2cccc(F)c2F)nc2nc(N)cnc12,0.04469999999999999
CHEMBL2059375,CCNC(=O)c1cc2c(-n3ccc(C(F)(F)F)n3)c(-c3cncc(C(N)=O)c3)cnc2[nH]1,0.35989999999999994
CHEMBL2164042,O=C(NCc1cccc(OC(F)(F)F)c1)C1c2ccccc2C(=O)N1CCc1ncc(F)cn1,0.04469999999999999
CHEMBL481230,COc1cc2c(Nc3ccc(F)c(Cl)c3)c(C(N)=O)cnc2cc1OCCN(C)CCO,0.3288
CHEMBL1734492,NC(=O)NC(=O)C(Nc1ccc2c(c1)CCC2)c1ccccc1,0.03
CHEMBL2164747,COc1ccc2ncc(=O)n(CCN3CC[C@@H](NCc4ccc5c(n4)NC(=O)CO5)[C@@H](O)C3)c2c1,0.053199999999999935
CHEMBL2331742,Cc1cn([C@H]2CCCN(S(=O)(=O)c3ccc(C(=O)O)c(Oc4cccc(Cl)c4)c3)C2)c(=O)[nH]c1=O,0.04
CHEMBL2181928,C[C@@H]1CN(c2ccc3c(n2)NC(=O)CO3)[C@H](c2ccccc2)CO1,0.06329999999999998
CHEMBL192307,CCCCc1nc2c(N)nc3ccccc3c2n1CC(C)C,0.06200000000000003
CHEMBL1600099,O=C1CN(C(=O)c2ccccc2)C(c2ccccc2)c2cc(Cl)ccc2N1,0.06060000000000002
CHEMBL2062572,CC(=O)Nc1ccc2ccn(-c3cc(NCCCCO)n4ncc(C#N)c4n3)c2c1,0.040900000000000034
CHEMBL2338408,CC(C)(C)NC(=O)NCCN1CCOC(CNC(=O)c2cc(Cl)cc(Cl)c2)C1,0.06060000000000002
CHEMBL2179287,Cc1cn(C2CCCN(Cc3cccc(Oc4ccccc4)c3)C2)c(=O)[nH]c1=O,0.011099999999999994
CHEMBL1916537,COc1ccc2c(c1)N(CCN1CCC(NCc3ccc4c(n3)NC(=O)CO4)CC1)C(=O)CC2,0.041800000000000066
CHEMBL553,C#Cc1cccc(Nc2ncnc3cc(OCCOC)c(OCCOC)cc23)c1,0.041800000000000066
CHEMBL2171024,O=C(O)c1cccc(C(=O)N2CCC(N3CCC(Oc4ccc(Cl)c(Cl)c4)CC3)CC2)c1,0.04989999999999995
CHEMBL2164565,CCN(CCO)C(=O)c1cc2cccnn2c1-c1cccc(C(F)(F)F)c1,0.04280000000000001
CHEMBL2207669,N#Cc1ccc(OC2CCN(C[C@H](O)CNC(=O)c3c[nH]c(=O)c4ccccc34)CC2)cc1Cl,0.19709999999999994
CHEMBL1951072,COc1cc(OC)c(S(=O)(=O)N2c3ccccc3CC2C)cc1NC(C)=O,0.043700000000000044
CHEMBL1645496,O=c1cc(-c2cccnc2)[nH]c2cc(C(O)c3ccccc3)ccc12,0.026800000000000067
CHEMBL2179275,Cc1cn([C@H]2CCCN([C@H](CC(C)C)c3ccc(C(=O)O)c(Oc4cccc(Cl)c4)c3)C2)c(=O)[nH]c1=O,0.02739999999999995
CHEMBL644,CC(CN(C)C)CN1c2ccccc2CCc2ccccc21,0.06900000000000006
CHEMBL1800658,CC(C)N(CCNCCc1ccc(O)c2[nH]c(=O)sc12)C(=O)CCOCCc1ccccc1,0.027999999999999973
CHEMBL123798,COc1cccc2c(O)nc(-c3ccc(C(F)(F)F)cc3)nc12,0.054399999999999976
CHEMBL2179277,Cc1cn([C@H]2CCCN([C@H](CC(C)(C)C)c3ccc(C(=O)O)c(Oc4cccc(Br)c4)c3)C2)c(=O)[nH]c1=O,0.028700000000000045
CHEMBL494505,CCC(=O)N1CCN(C(=O)c2cc(Cc3n[nH]c(=O)c4ccccc34)ccc2F)CC1,0.37060000000000004
CHEMBL572016,Cc1cnc(-c2cc(NC(=O)c3ccc(C(F)(F)F)nc3C)ccc2Cl)[nH]1,0.03909999999999997
CHEMBL2059909,CC(C)(C)NS(=O)(=O)c1cncc(-c2ccc3nc(N)nn3c2)c1,0.37060000000000004
CHEMBL2335887,COCCC(=O)Nc1ccc(Nc2ncc3cc(-c4ccncc4)ccc3n2)cc1,0.01790000000000006
CHEMBL2171022,O=C(O)COc1cccc(C(=O)N2CCC(N3CCC(Oc4ccc(Cl)c(Cl)c4)CC3)CC2)c1,0.012999999999999972
CHEMBL957,COc1ccccc1Oc1c(NS(=O)(=O)c2ccc(C(C)(C)C)cc2)nc(-c2ncccn2)nc1OCCO,0.012999999999999972
CHEMBL214350,Cc1ccc2c(c1)c(-c1ccnc3c(C(F)(F)F)cccc13)c(C)n2CC(=O)O,0.0037999999999999545
CHEMBL1916272,CCC(CC)NC(=O)c1c(C)nn(-c2ccccc2)c1NS(=O)(=O)c1ccc(C)cc1,0.004899999999999949
CHEMBL1689123,CC[C@H]1CN(Cc2cc(Cl)ccc2OCC(=O)O)CCN1S(=O)(=O)c1ccccc1,0.006899999999999977
CHEMBL2171013,Cc1ccc(S(=O)(=O)N(C)C(=O)N2CCC(N3CCC(Oc4ccc(Cl)c(Cl)c4)CC3)CC2)cc1,0.017099999999999938
CHEMBL1916280,CCC(C)NC(=O)c1c(C)nn(-c2ccccc2)c1NS(=O)(=O)c1ccc(C)cc1,0.005900000000000034
CHEMBL480031,CCOc1cc2ncc(C(N)=O)c(Nc3cccc(Cl)c3Cl)c2cc1N1CCN(C(C)C)CC1,0.014599999999999938
CHEMBL17157,CC(C)(C)c1ccc(C(O)CCCN2CCC(C(O)(c3ccccc3)c3ccccc3)CC2)cc1,0.008400000000000034
CHEMBL426851,CNc1nc2ccccc2n1Cc1sc2c(c1C(=O)N1CC[C@@H](O)C1)c(=O)n(C)c(=O)n2CC(C)C,0.31870000000000004
CHEMBL275742,CC(C)NC[C@@H](O)COc1cccc2ccccc12,0.1761
CHEMBL209689,Cc1ccc2c(c1)c(-c1ccnc3c(C)cccc13)c(C)n2CC(=O)O,0.004899999999999949
CHEMBL87543,CC(C)N1CCC(N(C(=O)Cc2ccccc2)c2ccc(Cl)cc2)CC1,0.28950000000000004
CHEMBL1650725,Cc1cc(Nc2nc(N[C@@H](C)c3ncc(F)cn3)ncc2C)n[nH]1,0.28010000000000007
CHEMBL1709327,CC1CN2c3ccc([N+](=O)[O-])cc3CC3(C(=O)N(C)C(=O)N(C)C3=O)C2C(C)O1,0.1864
CHEMBL407960,COc1ccc(OC)c(CNc2n[nH]c3ccnc(Oc4ccccc4)c23)c1,0.014200000000000016
CHEMBL1300857,Cc1[nH]c2ccc(-c3nnc(SCC(=O)N4CCCc5ccccc54)o3)cc2c1C,0.00519999999999996
CHEMBL464081,CC1(C)[C@@H]2CC[C@@]1(CS(=O)(=O)N1CCN(c3ccc(C(F)(F)F)cn3)CC1)C(=O)C2,0.009200000000000017
CHEMBL2220442,CC(C)n1c(/C=C/C(O)CC(O)CC(=O)O)c(-c2ccc(F)cc2)c2ccccc21,0.0048000000000000395
CHEMBL1624302,Nc1nc(-c2ccc(Cl)c(Cl)c2)c(-c2ccncc2)s1,0.007399999999999949
CHEMBL1290383,O=c1c2cc(-c3ccc(Cl)cc3)oc2ccn1-c1ccc2c(cnn2CCN2CCCC2)c1,0.006599999999999966
CHEMBL550410,O=C(NCc1cccc(F)c1)NC1CCN(Cc2ccn(-c3ccc(C(F)(F)F)cc3)c2)CC1,0.026800000000000067
CHEMBL66089,Nc1ncnc2nc(-c3ccc(N4CCOCC4)nc3)cc(-c3cccc(Br)c3)c12,0.03430000000000007
CHEMBL2171039,O=C(NS(=O)(=O)c1ccccc1Cl)N1CCC(N2CCC(Oc3ccc(Cl)c(Cl)c3)CC2)CC1,0.030699999999999932
CHEMBL393717,O=C(NCC12CC3CC(CC(C3)C1)C2)c1cc(N2CCNCC2)ccc1Cl,0.026800000000000067
CHEMBL397983,CCOc1ccc(-n2c([C@@H](C)N(Cc3cccnc3)C(=O)Cc3ccc(OC(F)(F)F)cc3)nc3ncccc3c2=O)cc1,0.04769999999999996
CHEMBL2179665,Cc1cn([C@H]2CCCN(Cc3ccc(C(=O)O)c(Oc4cccc(Cl)c4)c3)C2)c(=O)[nH]c1=O,0.026800000000000067
CHEMBL2164748,COc1ccc2ncc(=O)n(CCN3CC[C@@H](NCc4cc5c(cn4)OCCO5)[C@H](O)C3)c2c1,0.17950000000000002
CHEMBL1916281,Cc1ccc(S(=O)(=O)Nc2c(C(=O)NC(C)C(C)(C)C)c(C)nn2-c2ccccc2)cc1,0.01269999999999996
CHEMBL475865,Cc1ccc(NC(=O)c2ccc(Cl)c(C(F)(F)F)c2)cc1C(=O)Nc1cccnc1,0.011899999999999977
CHEMBL2110569,COC(=O)[C@@H]1C2CCC(C[C@@H]1c1ccc(I)cc1)N2CCCF,0.20079999999999998
CHEMBL2335911,CC(=O)N[C@H](C)c1ccc(Nc2ncc3cc(-c4ccncc4)c(C)cc3n2)cc1,0.019099999999999964
CHEMBL1477,COCc1c(C(C)C)nc(C(C)C)c(/C=C/[C@@H](O)C[C@@H](O)CC(=O)O)c1-c1ccc(F)cc1,0.009899999999999949
CHEMBL2348651,CNc1nc(C)c(-c2nc(Nc3cccc(N4CCCN(C(C)=O)CC4)c3)ncc2C#N)s1,0.01790000000000006
CHEMBL1934419,Cc1ccc(S(=O)(=O)Nc2c(C(=O)N[C@@H](C)C(C)(C)C)c(C)nn2C2CCS(=O)(=O)CC2)cc1,0.20829999999999999
CHEMBL257991,O=C(Nc1ccccc1-c1cn2c(CN3CCNCC3)csc2n1)c1cnc2ccccc2n1,0.009899999999999949
CHEMBL564607,O=C(O)c1ccc(-c2ccc(Cl)c(C(=O)NCC34CC5CC(CC(C5)C3)C4)c2)cc1,0.00769999999999996
CHEMBL1921931,C[C@@](C(=O)O[C@H]1C[N+]2(CCOc3ccc(Cl)cc3)CCC1CC2)(c1ccccc1)N1CCCCC1,0.0075
CHEMBL2071592,CC(C)(C)C(NC(=O)c1ccccc1)C(=O)c1ccc(Cl)cc1,0.005999999999999943
CHEMBL480813,COc1cc2c(Nc3cccc(Cl)c3Cl)c(C(N)=O)cnc2cc1NCCN1CCCCC1,0.005999999999999943
CHEMBL71,CN(C)CCCN1c2ccccc2Sc2ccc(Cl)cc21,0.013599999999999994
CHEMBL1191,Cc1nnc(NS(=O)(=O)c2ccc(N)cc2)s1,0.0647
CHEMBL601882,Cc1onc(-c2ccccc2)c1C(=O)N(C)c1ccc(Cl)cc1,0.041800000000000066
CHEMBL2062575,CC(=O)Nc1ccc2ccn(-c3cc(NCCCN(C)C)n4ncc(C#N)c4n3)c2c1,0.10090000000000003
CHEMBL401874,CC(C)Cn1c(=O)n(C)c(=O)c2c(-c3ccncc3)n(Cc3cccc4ccccc34)nc21,0.01239999999999995
CHEMBL1950851,CN[C@@H](C)C(=O)N[C@H](C(=O)N[C@H]1CCCN(CCc2ccc(F)cc2)C1)C(C)(C)C,0.07840000000000004
CHEMBL518760,COc1cc2ncc(C(N)=O)c(Nc3ccc(F)cc3F)c2cc1NCCN1CCCCC1,0.20079999999999998
CHEMBL2057336,Cc1ccc(-c2ccc(N)nn2)cc1NC(=O)c1ccc(OCc2ccccn2)cc1,0.05209999999999994
CHEMBL2062558,N#Cc1cnn2c(N)cc(-c3ccc(F)cc3)nc12,0.054399999999999976
CHEMBL521809,O=C(c1cccc(Cc2n[nH]c(=O)c3ccccc23)c1)N1CCN(c2ncccn2)CC1,0.054399999999999976
CHEMBL581893,COc1ccc2c(C)nc(NC(=N)N)nc2c1,0.21209999999999993
CHEMBL1800656,CCN(CCNCCc1ccc(O)c2[nH]c(=O)sc12)C(=O)CCOCCc1ccccc1,0.054399999999999976
CHEMBL2059197,CCCNC(=O)c1cc2c(-n3ccc(C(F)(F)F)n3)c(-c3cncc(C(=O)O)c3)cnc2[nH]1,0.07680000000000006
CHEMBL1778635,N#Cc1ccc(F)c(-c2cc(C(F)(F)F)ccc2OCC(=O)O)c1,0.02930000000000007
CHEMBL1689127,C[C@H]1CN(Cc2cc(Cl)ccc2OCC(=O)O)CCN1C(=O)Cc1ccc(F)cc1,0.028700000000000045
CHEMBL1952329,CN1CCC(CNc2ccc3ncc(-c4cccc(OC(F)(F)F)c4)n3n2)CC1,0.03909999999999997
CHEMBL570899,Cc1cc(Nc2cncc(N[C@@H](C)c3ncc(F)cn3)n2)n[nH]1,0.08540000000000006
CHEMBL2164360,CC(Cc1ccccn1)N1C(=O)c2ccccc2C1C(=O)NCc1ccc(OC(F)(F)F)cc1,0.011099999999999994
CHEMBL1287979,COc1cccc(-c2cc3c(N[C@H]4CCCNC4)ncc(C(N)=O)c3s2)c1,0.043700000000000044
CHEMBL2011942,NC(=O)c1cnc2[nH]c(-c3ccc(OCCN4CCCCC4)cc3)nc2c1NCCCNC(=O)C1CCC1,0.21590000000000004
CHEMBL2098183,COc1ccc2nc(C)cc(OCC(=O)NCc3ccccc3)c2c1,0.009899999999999949
CHEMBL1515447,CN1CCCN(C(c2ccccc2)c2ccc(Cl)cc2)CC1,0.06060000000000002
CHEMBL2335905,C[C@@H](NC1=CC(=O)NCC1)c1ccc(Nc2ncc3cc(-c4ccncc4)ccc3n2)cc1,0.028700000000000045
CHEMBL841,CN(C)C(=O)C(CCN1CCC(O)(c2ccc(Cl)cc2)CC1)(c1ccccc1)c1ccccc1,0.0736
CHEMBL1945033,O=c1[nH]c2c(O)ccc([C@@H](O)CNCCc3cccc(CNCCc4ccccn4)c3)c2s1,0.1761
CHEMBL2207280,O=C(NC[C@@H](O)CN1CCC(Oc2ccc(Cl)c(Cl)c2)CC1)c1c[nH]c(=O)c2ccc(F)cc12,0.04989999999999995
CHEMBL549,CN(C)CCCC1(c2ccc(F)cc2)OCc2cc(C#N)ccc21,0.40340000000000004
CHEMBL398748,COc1ccc2c(C)cc(N[C@H]3CC[C@H](NCc4cn(C)c5ccc(C#N)cc45)C3)nc2c1,0.013900000000000006
CHEMBL2151320,Cc1cc(-n2cnc3ccc(N[C@@H](C)c4ncc(F)cn4)nc32)n[nH]1,0.38689999999999997
CHEMBL1921942,C[C@@](C(=O)O[C@H]1C[N+]2(CC(=O)Nc3ccccc3)CCC1CC2)(c1ccccc1)N1CCCCC1,0.014200000000000016
CHEMBL1097062,CC(C)NC(=O)c1nn(-c2ccc(Cl)cc2)c(=O)c2c(N)scc12,0.009899999999999949
CHEMBL115,CC(C)(C)NC(=O)[C@@H]1CN(Cc2cccnc2)CCN1C[C@@H](O)C[C@@H](Cc1ccccc1)C(=O)N[C@H]1c2ccccc2C[C@H]1O,0.37060000000000004
CHEMBL1263,OCc1cc(C(O)CNCCCCCCOCCCCc2ccccc2)ccc1O,0.06609999999999999
CHEMBL2177113,NC1=NC(c2cccc(-c3cncnc3)c2)(c2ccnc(C3CC3)c2)c2cccc(F)c21,0.014899999999999948
CHEMBL387125,CON(C)C(=O)c1c(Cn2c(C)nc(Cl)c2Cl)sc2c1c(=O)n(C)c(=O)n2CC(C)C,0.35989999999999994
CHEMBL2335504,CC(=O)N[C@@H](C)c1ccc(Nc2ncc3cc(-c4ccncc4)ccc3n2)cc1,0.014899999999999948
CHEMBL189963,CC(=O)c1c(C)c2cnc(Nc3ccc(N4CCNCC4)cn3)nc2n(C2CCCC2)c1=O,0.22790000000000007
CHEMBL2313309,Cc1csc(N)c1C(N)=O,0.32370000000000004
CHEMBL13976,Cc1[nH]c(/C=C2\C(=O)Nc3ccc(F)cc32)c(C)c1C(=O)NCCN(C)C,0.1728
CHEMBL178835,CC(C)[C@H](NC(=O)C[C@H](NC(=O)/C=C/c1ccccc1)c1ccccc1)C(=O)[C@@H]1C(=O)NC(=O)[C@H]1C,0.015999999999999945
CHEMBL1778621,CS(=O)(=O)c1ccc(-c2cc(C(F)(F)F)ccc2OCC(=O)O)cc1,0.06760000000000005
CHEMBL578194,C[C@H](Nc1nc(Nc2cc(C3CC3)[nH]n2)cnc1C#N)c1ccc(F)cn1,0.048799999999999955
CHEMBL1080151,Cc1cnc(Nc2nc(N[C@@H](C)c3ncc(F)cn3)nc(N3CCOCC3)c2F)s1,0.06900000000000006
CHEMBL481423,COc1cc2ncc(C(N)=O)c(Nc3ccc(Cl)c(Cl)c3)c2cc1N1CCN(C)CC1,0.035799999999999985
CHEMBL2071614,CC(C)(O)c1ccc(Nc2nc3ccc(C#N)cc3[nH]2)cc1,0.07200000000000002
CHEMBL2059869,Cc1ccc(-c2cn(C)c(C)n2)cc1NC(=O)c1ccc(OCc2ccccn2)cc1,0.055600000000000024
CHEMBL2335900,C[C@@H](NC(=O)[C@H]1CCCNC1)c1ccc(Nc2ncc3cc(-c4ccncc4)ccc3n2)cc1,0.054399999999999976
CHEMBL1924046,CC(C)=CCC[N+]12CCC(CC1)[C@@H](OC(=O)[C@](C)(c1ccccc1)N1CCCCC1)C2,0.08540000000000006
CHEMBL1740000,O=C(CN1CCCC1)N1c2ccccc2Sc2ccc(C(F)(F)F)cc21,0.022900000000000063
CHEMBL148674,CCc1c(C(=O)C(N)=O)c2c(OCC(=O)O)cccc2n1Cc1ccccc1,0.12379999999999995
CHEMBL1689120,C[C@@H]1CN(Cc2cc(Cl)ccc2OCC(=O)O)CCN1S(=O)(=O)c1ccccc1,0.0051000000000000515
CHEMBL563498,N#Cc1c(O)nc(N)nc1-c1ccccc1,0.036599999999999966
CHEMBL223402,O=C(Nc1ccccc1F)N[C@H]1N=C(c2ccccc2)c2ccccc2NC1=O,0.036599999999999966
CHEMBL1472189,COc1ccc(CC(=O)Nc2nc3ccccc3[nH]2)cc1,0.03739999999999995
CHEMBL168899,O=C1Nc2ccccc2B(O)N1c1ccccc1,0.17950000000000002
CHEMBL1922048,C[C@@](C(=O)O[C@H]1C[N+]2(CC(=O)Nc3ccncn3)CCC1CC2)(c1ccccc1)N1CCCCC1,0.12890000000000001
CHEMBL2011918,CNc1c(Br)cnc2[nH]c(-c3ccc(OCCN4CCN(C)CC4)cc3)nc12,0.03829999999999998
CHEMBL2147222,COc1ncc(-c2cccc(F)c2CCNC(=O)c2ccc(OCCC(F)(F)F)nc2)cn1,0.005
CHEMBL1481866,NC(=O)c1ccc(Oc2cccc3cccnc23)c([N+](=O)[O-])c1,0.03829999999999998
CHEMBL2059870,Cc1ccc(-c2c(C)nn(C)c2C)cc1NC(=O)c1ccc(OCc2ccccn2)cc1,0.01790000000000006
CHEMBL193,COC(=O)C1=C(C)NC(C)=C(C(=O)OC)C1c1ccccc1[N+](=O)[O-],0.03829999999999998
CHEMBL2147226,COc1ncc(-c2cccc(C#N)c2CCNC(=O)c2ccc(OCCC(F)(F)F)nc2)cn1,0.1189
CHEMBL510780,c1ccc2c(c1)CCC[C@H]2Nc1nc2ccccc2[nH]1,0.007000000000000029
CHEMBL1698351,Cc1cnc(NC(=O)C2C(=O)c3ccccc3S(=O)(=O)N2C)s1,0.0043000000000000685
CHEMBL472363,O=C(COc1cccc(Cl)c1)NC1CCN(Cc2ccn(-c3ccc(C(F)(F)F)cc3)c2)CC1,0.0071999999999999885
CHEMBL1487253,O=C(CCS(=O)(=O)c1ccc(Br)cc1)NCc1cccs1,0.08540000000000006
CHEMBL1017,CCCc1nc2c(C)cc(-c3nc4ccccc4n3C)cc2n1Cc1ccc(-c2ccccc2C(=O)O)cc1,0.00769999999999996
CHEMBL1797410,Cc1onc(-c2c(Cl)cccc2Cl)c1CC(=O)NCc1ccc(OCC(F)(F)F)nc1,0.009000000000000057
CHEMBL569185,COc1ccc(CCN2C(=O)N(NS(C)(=O)=O)C[C@H]2c2ccc(OC)cc2)cc1,0.06329999999999998
CHEMBL2171038,Cc1ccccc1S(=O)(=O)NC(=O)N1CCC(N2CCC(Oc3ccc(Cl)c(Cl)c3)CC2)CC1,0.10510000000000005
CHEMBL1800659,CCCCN(CCNCCc1ccc(O)c2[nH]c(=O)sc12)C(=O)CCOCCc1ccccc1,0.053199999999999935
