name,smiles,dose_mg,cmax_obs,cmax_pbpk,fup,clint,logP,TPSA_norm,MW_norm,is_acid,is_base,pgp_flag,in_platinum
tasimelteon,CCC(=O)NC[C@@H]1C[C@H]1c1cccc2c1CCO2,20.0,0.2359595014589781,0.1849260946724014,0.2494,0.949,2.2512,0.19165,0.4088699999999999,0.0,0.0,0.0,False
roxadustat,Cc1nc(C(=O)NCC(=O)O)c(O)c2ccc(Oc3ccccc3)cc12,100.0,8.384317297178903,3.1534775282575813,0.0141,1.984,2.8555200000000003,0.5437500000000001,0.5872433333333335,1.0,0.0,0.0,False
azilsartan,CCOc1nc2cccc(C(=O)O)c2n1Cc1ccc(-c2ccccc2-c2noc(=O)[nH]2)cc1,40.0,2.452206530817404,0.6313487345339573,0.0097,4.153,4.1918000000000015,0.6161999999999999,0.7607633333333336,1.0,0.0,0.0,False
tadalafil,CN1CC(=O)N2[C@H](c3ccc4c(c3)OCO4)c3[nH]c4ccccc4c3C[C@@H]2C1=O,10.0,0.16879441091964625,0.10841603125889643,0.043,1.532,2.2112999999999996,0.37435,0.6490183333333336,0.0,0.0,0.0,False
losartan,CCCCc1nc(Cl)c(CO)n1Cc1ccc(-c2ccccc2-c2nn[nH]n2)cc1,50.0,0.23065104906823403,0.06990267013902099,0.0105,4.021,4.2668000000000035,0.46255,0.7048666666666668,0.0,0.0,0.0,True
losartan carboxylic acid (e-3174),CCCCc1nc(Cl)c(C(=O)O)n1Cc1ccc(-c2ccccc2-c2nn[nH]n2)cc1,50.0,0.30822664704755476,0.470080415695594,0.0075,4.293,4.472700000000002,0.5478999999999999,0.7281716666666669,1.0,0.0,0.0,False
siponimod,CCc1cc(/C(C)=N/OCc2ccc(C3CCCCC3)c(C(F)(F)F)c2)ccc1CN1CC(C(=O)O)C1,0.25,0.0018466596372557053,0.0006864465622630352,0.0028,4.135,6.7727000000000075,0.31065,0.8610066666666669,1.0,0.0,0.0,False
gatifloxacin,COc1c(N2CCNC(C)C2)c(F)cc2c(=O)c(C(=O)O)cn(C3CC3)c12,400.0,3.918968085996581,4.910342112993224,0.4514,1.26,1.9804,0.41900000000000004,0.6256666666666669,1.0,0.0,0.0,False
tinidazole,CCS(=O)(=O)CCn1c([N+](=O)[O-])cnc1C,1000.0,19.614836124170495,16.305669521008962,0.1548,0.21,0.5344200000000001,0.4755,0.41212666666666664,0.0,0.0,0.0,False
mirabegron,Nc1nc(CC(=O)Nc2ccc(CCNC[C@H](O)c3ccccc3)cc2)cs1,100.0,0.06045782018485688,0.5558898474685943,0.0818,2.152,2.7722000000000007,0.50135,0.66086,0.0,1.0,0.0,False
atorvastatin,CC(C)c1c(C(=O)Nc2ccccc2)c(-c2ccccc2)c(-c2ccc(F)cc2)n1CC[C@@H](O)C[C@@H](O)CC(=O)O,40.0,0.016035221494813127,0.00725629491787919,0.0091,4.467,6.313600000000008,0.5589500000000001,0.9310833333333338,1.0,0.0,0.0,False
simvastatin,CCC(C)(C)C(=O)O[C@H]1C[C@@H](C)C=C2C=C[C@H](C)[C@H](CC[C@@H]3C[C@@H](O)CC(=O)O3)[C@H]21,40.0,0.00885921411988956,0.009087709924018023,0.0354,4.285,4.585600000000005,0.36415,0.6976233333333337,0.0,0.0,0.0,False
melagatran,N=C(N)c1ccc(CNC(=O)[C@@H]2CCN2C(=O)[C@H](NCC(=O)O)C2CCCCC2)cc1,36.0,0.144713590679814,0.2514949122141011,0.3828,0.646,0.8108700000000015,0.7430499999999999,0.7158683333333338,1.0,0.0,0.0,False
apixaban,COc1ccc(-n2nc(C(N)=O)c3c2C(=O)N(c2ccc(N4CCCCC4=O)cc2)CC3)cc1,10.0,0.1705367387794138,0.1292923613522134,0.1153,2.459,2.699600000000001,0.5538,0.7658433333333339,1.0,0.0,1.0,True
loxoprofen,CC(C(=O)O)c1ccc(CC2CCCC2=O)cc1,60.0,5.6052073582467905,2.4640214808954792,0.0122,1.37,2.7864000000000013,0.27185,0.4105099999999999,1.0,0.0,0.0,False
vilazodone,N#Cc1ccc2[nH]cc(CCCCN3CCN(c4ccc5oc(C(N)=O)cc5c4)CC3)c2c1,20.0,0.03591591549175925,0.0943744441908512,0.0326,3.897,4.029580000000003,0.51145,0.7358916666666669,0.0,0.0,0.0,True
levofloxacin,C[C@H]1COc2c(N3CCN(C)CC3)c(F)cc3c(=O)c(C(=O)O)cn1c23,500.0,5.413088823258426,4.993984581746318,0.3067,0.877,1.5439999999999998,0.37504999999999994,0.6022883333333334,1.0,0.0,0.0,False
quazepam,Fc1ccccc1C1=NCC(=S)N(CC(F)(F)F)c2ccc(Cl)cc21,20.0,0.03676260299363175,0.05970783543664058,0.0227,4.444,5.026200000000003,0.078,0.6446683333333335,0.0,0.0,0.0,False
tedizolid,Cn1nnc(-c2ccc(-c3ccc(N4C[C@H](CO)OC4=O)cc3F)cn2)n1,200.0,2.1876845871303754,2.0847528161293587,0.2294,0.81,1.3957,0.5313000000000001,0.6172400000000001,0.0,1.0,0.0,False
momelotinib,N#CCNC(=O)c1ccc(-c2ccnc(Nc3ccc(N4CCOCC4)cc3)n2)cc1,200.0,0.48372070610993895,2.7946642764432177,0.0621,2.498,2.9771800000000015,0.51585,0.6907816666666671,0.0,1.0,0.0,False
pemigatinib,CCN1C(=O)N(c2c(F)c(OC)cc(OC)c2F)Cc2cnc3[nH]c(CN4CCOCC4)cc3c21,9.0,0.05275548386869904,0.058128818921617254,0.0508,3.792,3.6570000000000027,0.4158,0.8125116666666673,0.0,1.0,0.0,False
bupropion,CC(NC(C)(C)C)C(=O)c1cccc(Cl)c1,100.0,0.13908501027979212,0.5153216327233713,0.1769,1.817,3.2993000000000023,0.14550000000000002,0.3995766666666667,0.0,1.0,0.0,False
rosuvastatin,CC(C)c1nc(N(C)S(C)(=O)=O)nc(-c2ccc(F)cc2)c1/C=C/[C@@H](O)C[C@@H](O)CC(=O)O,40.0,0.06262273948010284,1.5323481530182765,0.1165,2.25,2.4017,0.7045999999999999,0.802576666666667,1.0,0.0,0.0,False
dihydrotetrabenazine (htbz),COc1cc2c(cc1OC)C1CC(O)C(CC(C)C)CN1CC2,25.0,0.059624320706849414,0.07666786399324303,0.2063,1.981,3.0299000000000014,0.20965,0.5324083333333335,0.0,0.0,0.0,False
telithromycin,CC[C@H]1OC(=O)[C@H](C)C(=O)[C@H](C)[C@@H](O[C@@H]2O[C@H](C)C[C@H](N(C)C)[C@H]2O)[C@](C)(OC)C[C@@H](C)C(=O)[C@H](C)[C@H]2N(CCCCn3cnc(-c4cccnc4)c3)C(=O)O[C@]12C,800.0,2.00824635784909,0.039274745360327955,0.027,5.106,4.929200000000005,0.85925,1.3533633333333328,0.0,1.0,0.0,False
filgotinib,O=C(Nc1nc2cccc(-c3ccc(CN4CCS(=O)(=O)CC4)cc3)n2n1)C1CC1,200.0,1.737872694765452,1.5056399596320598,0.0851,1.488,1.9751999999999998,0.48335,0.7091900000000003,0.0,0.0,0.0,False
ezogabine (retigabine),CCOC(=O)Nc1ccc(NCc2ccc(F)cc2)cc1N,200.0,0.6334972280151897,0.9593370489849301,0.0684,2.498,3.588400000000001,0.38189999999999996,0.5055616666666668,0.0,1.0,0.0,False
cefuroxime,CO/N=C(\C(=O)N[C@@H]1C(=O)N2C(C(=O)O)=C(COC(N)=O)CS[C@H]12)c1ccco1,500.0,5.365017253045262,4.00722453647359,0.1889,0.172,-0.5359999999999987,0.8687999999999999,0.7073183333333336,1.0,0.0,0.0,False
zolpidem,Cc1ccc(-c2nc3ccc(C)cn3c2CC(=O)N(C)C)cc1,10.0,0.12755852370710566,0.14696426849661684,0.0319,2.146,3.2488400000000013,0.18805000000000002,0.5123283333333334,0.0,0.0,0.0,True
bromazepam,O=C1CN=C(c2ccccn2)c2cc(Br)ccc2N1,6.0,0.0793061098993025,0.08026560338205463,0.1105,1.566,2.6336000000000004,0.27175,0.5269299999999999,0.0,1.0,0.0,False
desipramine,CNCCCN1c2ccccc2CCc2ccccc21,50.0,0.018343240308200837,0.18187372599416865,0.1047,2.211,3.5328000000000026,0.07635,0.44398,0.0,1.0,0.0,False
enzalutamide,CNC(=O)c1ccc(N2C(=S)N(c3ccc(C#N)c(C(F)(F)F)c3)C(=O)C2(C)C)cc1F,160.0,4.5548597360319505,0.9291087211161098,0.0229,4.004,3.992480000000003,0.3822,0.7740733333333335,0.0,0.0,0.0,False
anastrozole,CC(C)(C#N)c1cc(Cn2cncn2)cc(C(C)(C)C#N)c1,1.0,0.018659392275011823,0.006574771012630015,0.1854,1.735,2.9287600000000014,0.39144999999999996,0.4889566666666667,0.0,0.0,0.0,False
canagliflozin,Cc1ccc([C@@H]2O[C@H](CO)[C@@H](O)[C@H](O)[C@H]2O)cc1Cc1ccc(-c2ccc(F)cc2)s1,300.0,2.8103023683123984,1.0283851106931163,0.0439,2.682,2.968320000000001,0.45075000000000004,0.7408733333333336,0.0,0.0,0.0,False
cobimetinib,O=C(c1ccc(F)c(F)c1Nc1ccc(I)cc1F)N1CC(O)([C@@H]2CCCCN2)C1,20.0,0.015378308351100942,0.06633015148596913,0.0643,4.21,3.781100000000002,0.32300000000000006,0.8855266666666671,0.0,1.0,0.0,False
cefpodoxime,COCC1=C(C(=O)O)N2C(=O)[C@@H](NC(=O)/C(=N\OC)c3csc(N)n3)[C@H]2SC1,100.0,1.258912136198182,0.6452142950076077,0.2848,0.174,-0.539199999999999,0.7822,0.7124400000000002,1.0,0.0,0.0,False
eslicarbazepine,NC(=O)N1c2ccccc2C[C@H](O)c2ccccc21,600.0,8.031727177348536,6.625856293393662,0.1409,1.162,2.4929000000000006,0.3328,0.423815,0.0,0.0,0.0,False
stavudine (d4t),Cc1cn([C@H]2C=C[C@@H](CO)O2)c(=O)[nH]c1=O,40.0,0.9477504670723025,0.2252995221640068,0.2632,0.038,-0.7090799999999999,0.4216,0.3736933333333333,0.0,0.0,0.0,False
rabeprazole,COCCCOc1ccnc(C[S+]([O-])c2nc3ccccc3[nH]2)c1C,20.0,0.3664653615865635,0.23342667230309633,0.0425,2.171,2.989420000000001,0.41545000000000004,0.5990850000000001,0.0,1.0,0.0,False
meloxicam,Cc1cnc(NC(=O)C2=C(O)c3ccccc3S(=O)(=O)N2C)s1,7.5,0.7496441014900894,0.09811805350553894,0.0183,1.134,1.95092,0.4979999999999999,0.5856816666666669,0.0,0.0,0.0,False
pomalidomide,Nc1cccc2c1C(=O)N(C1CCC(=O)NC1=O)C2=O,4.0,0.05935458298953788,0.05203321887505764,0.2308,0.091,-0.3299999999999998,0.54785,0.45541333333333334,0.0,1.0,0.0,True
rizatriptan (mk-462),CN(C)CCc1c[nH]c2ccc(Cn3cncn3)cc12,10.0,0.027785050471777317,0.05560130333321182,0.4631,0.809,1.9118000000000002,0.2487,0.44892000000000004,0.0,0.0,0.0,False
lacosamide,COC[C@@H](NC(C)=O)C(=O)NCc1ccccc1,200.0,5.416348383459763,1.9454818847614728,0.3855,0.196,0.4539000000000007,0.33714999999999995,0.41716333333333333,0.0,0.0,0.0,False
montelukast,CC(C)(O)c1ccccc1CC[C@@H](SCC1(CC(=O)O)CC1)c1cccc(/C=C/c2ccc3ccc(Cl)cc3n2)c1,10.0,0.3883646160032476,0.006169860031912427,0.0017,1.345,8.948000000000002,0.3521,0.9769950000000002,1.0,0.0,0.0,False
imipramine,CN(C)CCCN1c2ccccc2CCc2ccccc21,50.0,0.02862088469979494,0.13896123909433197,0.138,2.676,3.8750000000000027,0.032400000000000005,0.4673583333333334,0.0,0.0,0.0,False
ondansetron,Cc1nccn1CC1CCc2c(c3ccccc3n2C)C1=O,8.0,0.03993933714012471,0.06534204208807459,0.1574,1.937,3.1285200000000017,0.1991,0.4889500000000001,0.0,0.0,0.0,False
salbutamol (albuterol),CC(C)(C)NCC(O)c1ccc(O)c(CO)c1,4.0,0.012812001774054546,0.016500072291125743,0.722,0.429,1.3059999999999998,0.3636,0.3988583333333333,1.0,0.0,0.0,False
rimegepant,N[C@@H]1c2cccnc2[C@H](OC(=O)N2CCC(n3c(=O)[nH]c4ncccc43)CC2)CC[C@H]1c1cccc(F)c1F,75.0,0.6638696869140865,0.18681428531853927,0.0324,4.806,4.490000000000004,0.5956499999999999,0.8909450000000005,0.0,1.0,0.0,False
rasagiline,C#CCN[C@@H]1CCc2ccccc21,2.0,0.011608015588401873,0.008527312952122409,0.4437,0.531,1.8967,0.060149999999999995,0.28540499999999996,0.0,1.0,0.0,False
acyclovir,Nc1nc(=O)c2ncn(COCCO)c2[nH]1,1000.0,5.185030117413928,5.330504459118468,0.2865,0.012,-1.3318000000000003,0.5952500000000001,0.3753466666666666,0.0,1.0,0.0,False
erlotinib,C#Cc1cccc(Nc2ncnc3cc(OCCOC)c(OCCOC)cc23)c1,150.0,1.233599269314674,0.9377767608405574,0.0439,2.865,3.405100000000002,0.3736500000000001,0.6557383333333336,0.0,1.0,0.0,False
sitagliptin,N[C@@H](CC(=O)N1CCn2c(nnc2C(F)(F)F)C1)Cc1cc(F)c(F)cc1F,200.0,0.8344314532471622,2.1425228829339806,0.327,1.438,2.0164999999999997,0.38520000000000004,0.6788633333333336,0.0,1.0,0.0,False
bromfenac,Nc1c(CC(=O)O)cccc1C(=O)c1ccc(Br)cc1,50.0,4.137691745835626,0.5464884815943122,0.0378,1.917,2.889400000000001,0.4019500000000001,0.5569483333333333,1.0,0.0,0.0,False
macitentan,CCCNS(=O)(=O)Nc1ncnc(OCCOc2ncc(Br)cn2)c1-c1ccc(Br)cc1,10.0,0.20172185326253728,0.04515045108742043,0.0162,4.358,3.572700000000003,0.6411000000000001,0.9804700000000003,1.0,0.0,0.0,False
ticagrelor,CCCSc1nc(N[C@@H]2C[C@H]2c2ccc(F)c(F)c2)c2nnn([C@@H]3C[C@H](OCCO)[C@@H](O)[C@H]3O)c2n1,100.0,0.5141932369929334,1.511784977631908,0.0057,2.056,2.0136999999999996,0.6922,0.8709633333333336,0.0,1.0,0.0,False
simvastatin acid,CCC(C)(C)C(=O)O[C@H]1C[C@@H](C)C=C2C=C[C@H](C)[C@H](CC[C@@H](O)C[C@@H](O)CC(=O)O)[C@H]21,20.0,0.0013398465471905175,0.05303413238199556,0.0401,3.944,4.105700000000003,0.5203000000000001,0.7276483333333337,1.0,0.0,0.0,False
tolbutamide,CCCCNC(=O)NS(=O)(=O)c1ccc(C)cc1,500.0,51.95484400958552,9.579909228643084,0.022,0.734,1.78302,0.3763500000000001,0.45059,1.0,0.0,0.0,False
sulfadiazine,Nc1ccc(S(=O)(=O)Nc2ncccn2)cc1,500.0,18.236205601242897,5.078947655200066,0.1771,0.297,0.8596000000000001,0.48985,0.4171383333333334,1.0,0.0,0.0,False
tucatinib,Cc1cc(Nc2ncnc3ccc(NC4=NC(C)(C)CO4)cc23)ccc1Oc1ccn2ncnc2c1,300.0,0.40287867279978673,0.026689687139825547,0.0142,4.858,5.093520000000003,0.55425,0.8008866666666671,0.0,1.0,0.0,False
lornoxicam,CN1C(C(=O)Nc2ccccn2)=C(O)c2sc(Cl)cc2S1(=O)=O,8.0,0.8249430182572687,0.08464391077748744,0.0229,1.525,2.2958999999999996,0.498,0.6197116666666668,0.0,1.0,0.0,False
fedratinib,Cc1cnc(Nc2ccc(OCCN3CCCC3)cc2)nc1Nc1cccc(S(=O)(=O)NC(C)(C)C)c1,500.0,1.1511831553468352,0.2758024832282915,0.0332,4.921,4.823620000000004,0.5424000000000001,0.8744850000000003,1.0,0.0,0.0,False
clobazam,CN1C(=O)CC(=O)N(c2ccccc2)c2cc(Cl)ccc21,20.0,0.3924545204031221,0.29909096466790275,0.0286,2.24,3.3712000000000018,0.20310000000000003,0.5012416666666668,0.0,0.0,0.0,False
acipimox,Cc1cnc(C(=O)O)c[n+]1[O-],250.0,3.8797055432471987,9.46446079492458,0.296,0.043,-0.2783799999999999,0.38565,0.25687499999999996,1.0,0.0,0.0,False
glipizide,Cc1cnc(C(=O)NCCc2ccc(S(=O)(=O)NC(=O)NC3CCCCC3)cc2)cn1,5.0,0.42322730457772245,0.07120469627140875,0.0102,1.691,2.0781199999999993,0.6507499999999999,0.7425750000000004,1.0,0.0,0.0,False
mizolastine,CN(c1nccc(=O)[nH]1)C1CCN(c2nc3ccccc3n2Cc2ccc(F)cc2)CC1,10.0,0.321827688822039,0.0892902130084366,0.0751,3.134,3.412200000000002,0.35025000000000006,0.7208383333333337,0.0,1.0,0.0,False
temazepam,CN1C(=O)C(O)N=C(c2ccccc2)c2cc(Cl)ccc21,20.0,0.5242788465935281,0.2552125509052455,0.0289,1.346,2.4722,0.2645,0.5012416666666668,0.0,0.0,0.0,False
deferasirox,O=C(O)c1ccc(-n2nc(-c3ccccc3O)nc2-c2ccccc2O)cc1,1400.0,31.399680849258612,24.43668334836867,0.0166,3.09,3.710700000000001,0.54235,0.6222800000000002,1.0,0.0,0.0,False
eltrombopag,CC1=NN(c2ccc(C)c(C)c2)C(=O)/C1=N\Nc1cccc(-c2cccc(C(=O)O)c2)c1O,50.0,5.752652004132838,0.15349611209288408,0.01,4.399,4.564840000000005,0.5729500000000001,0.7374583333333335,1.0,0.0,0.0,False
almotriptan,CN(C)CCc1c[nH]c2ccc(CS(=O)(=O)N3CCCC3)cc12,12.5,0.045388103903797515,0.08315379263870491,0.2346,1.267,2.1975999999999996,0.28205,0.559121666666667,0.0,0.0,0.0,False
tegaserod,CCCCCNC(=N)N/N=C/c1c[nH]c2ccc(OC)cc12,12.0,0.004988292608793563,0.0387637350907357,0.1286,1.664,2.8145700000000007,0.42645000000000005,0.5023233333333336,0.0,1.0,0.0,False
clofibric acid,CC(C)(Oc1ccc(Cl)cc1)C(=O)O,500.0,48.72033887992585,16.15073526718975,0.0998,1.072,2.582,0.23265,0.35774666666666666,1.0,0.0,0.0,False
cefadroxil,CC1=C(C(=O)O)N2C(=O)[C@@H](NC(=O)[C@H](N)c3ccc(O)cc3)[C@H]2SC1,1000.0,32.95103850376143,21.60455807472736,0.1437,0.258,0.15050000000000108,0.6648000000000001,0.6056583333333335,1.0,0.0,0.0,False
desvenlafaxine,CN(C)CC(c1ccc(O)cc1)C1(O)CCCCC1,50.0,0.11691234577271195,0.15554341568722632,0.5084,1.402,2.7326000000000006,0.21850000000000003,0.4389683333333333,1.0,0.0,0.0,False
metronidazole,Cc1ncc([N+](=O)[O-])n1CCO,500.0,9.937063396031094,10.650166590400097,0.1695,0.081,0.09201999999999994,0.40595,0.28525999999999996,0.0,0.0,0.0,True
sibutramine,CC(C)CC(N(C)C)C1(c2ccc(Cl)cc2)CCC1,15.0,0.0028738715167826844,0.03779509829592196,0.0771,3.608,4.738000000000005,0.016200000000000003,0.46642500000000015,0.0,0.0,0.0,False
afatinib,CN(C)C/C=C/C(=O)Nc1cc2c(Nc3ccc(F)c(Cl)c3)ncnc2cc1O[C@H]1CCOC1,40.0,0.02571236415976231,0.14782453121149677,0.029,4.496,4.389900000000002,0.44305000000000005,0.809911666666667,0.0,1.0,0.0,False
metformin,CN(C)C(=N)NC(=N)N,500.0,1.356103882975108,1.4433136825071582,0.8588,0.01,-1.034159999999999,0.44495000000000007,0.21527833333333335,0.0,1.0,0.0,True
quizartinib,CC(C)(C)c1cc(NC(=O)Nc2ccc(-c3cn4c(n3)sc3cc(OCCN5CCOCC5)ccc34)cc2)no1,30.0,0.10270337096065767,0.03650541282543037,0.0062,4.819,5.856500000000005,0.5308,0.9344666666666673,0.0,0.0,0.0,True
acetazolamide,CC(=O)Nc1nnc(S(N)(=O)=O)s1,250.0,16.657217755207785,2.0249362462908578,0.2349,0.03,-0.8561000000000003,0.5751999999999999,0.37041833333333335,1.0,0.0,0.0,False
celecoxib,Cc1ccc(-c2cc(C(F)(F)F)nn2-c2ccc(S(N)(=O)=O)cc2)cc1,200.0,0.6832255170437157,1.8250657172548956,0.0231,2.913,3.5139200000000006,0.3899,0.6356316666666668,1.0,0.0,0.0,False
frovatriptan,CN[C@@H]1CCc2[nH]c3ccc(C(N)=O)cc3c2C1,2.5,0.00570473291111446,0.015250155908883593,0.3421,0.452,1.3435,0.35455,0.40551666666666664,0.0,1.0,0.0,False
etoricoxib,Cc1ccc(-c2ncc(Cl)cc2-c2ccc(S(C)(=O)=O)cc2)cn1,120.0,2.248485380641316,0.7479946427462091,0.0128,3.521,4.175920000000004,0.29960000000000003,0.5980833333333334,0.0,1.0,0.0,False
sumatriptan,CNS(=O)(=O)Cc1ccc2[nH]cc(CCN(C)C)c2c1,200.0,0.0888368850907485,0.8847653422769725,0.2798,0.559,1.3211999999999997,0.326,0.4923466666666667,1.0,0.0,0.0,False
clonazepam,O=C1CN=C(c2ccccc2Cl)c2cc([N+](=O)[O-])ccc2N1,2.0,0.014393117467165102,0.014259236780575798,0.065,1.968,3.037700000000001,0.423,0.5261933333333334,0.0,0.0,0.0,False
nitrazepam,O=C1CN=C(c2ccccc2)c2cc([N+](=O)[O-])ccc2N1,5.0,0.04381596236449001,0.05715562512567857,0.054,1.188,2.3842999999999996,0.423,0.46878499999999995,0.0,0.0,0.0,False
ponatinib,Cc1ccc(C(=O)Nc2ccc(CN3CCN(C)CC3)c(C(F)(F)F)c2)cc1C#Cc1cnc2cccnn12,45.0,0.05501056731389308,0.25844021761823965,0.055,4.777,4.456020000000003,0.32885000000000003,0.8876166666666669,0.0,0.0,0.0,False
axitinib,CNC(=O)c1ccccc1Sc1ccc2c(/C=C/c3ccccn3)n[nH]c2c1,5.0,0.051255385672370035,0.042331879626285686,0.0149,4.149,4.639100000000004,0.35335,0.6441333333333333,0.0,1.0,0.0,False
cefprozil,CC=CC1=C(C(=O)O)N2C(=O)[C@@H](NC(=O)[C@H](N)c3ccc(O)cc3)[C@H]2SC1,250.0,5.5248728020237605,4.226901481315942,0.1775,0.496,0.7067000000000008,0.6648000000000001,0.6490550000000002,1.0,0.0,0.0,False
thalidomide,O=C1CCC(N2C(=O)c3ccccc3C2=O)C(=O)N1,200.0,1.913368324282755,4.0445521210688575,0.3236,0.137,0.08779999999999993,0.41775000000000007,0.43038833333333326,0.0,0.0,0.0,False
tolterodine,Cc1ccc(O)c([C@H](CCN(C(C)C)C(C)C)c2ccccc2)c1,2.0,0.001879625698834387,0.002483126438254728,0.0239,4.352,5.341420000000006,0.11735,0.5424933333333333,1.0,0.0,0.0,False
gliclazide,Cc1ccc(S(=O)(=O)NC(=O)NN2C[C@H]3CCC[C@H]3C2)cc1,80.0,4.068209423912289,0.8169202460433451,0.0663,0.806,1.6298199999999994,0.39254999999999995,0.5390300000000002,1.0,0.0,0.0,False
buspirone,O=C1CC2(CCCC2)CC(=O)N1CCCCN1CCN(c2ncccn2)CC1,10.0,0.0012389511595793058,0.1111219655093603,0.195,1.4,2.0881999999999996,0.34820000000000007,0.6425200000000002,0.0,1.0,0.0,True
furosemide,NS(=O)(=O)c1cc(C(=O)O)c(NCc2ccco2)cc1Cl,40.0,1.7033075605577312,0.7688535997592931,0.0287,1.008,1.8907,0.6131500000000001,0.5512483333333333,1.0,0.0,0.0,True
irbesartan,CCCCC1=NC2(CCCC2)C(=O)N1Cc1ccc(-c2ccccc2-c2nn[nH]n2)cc1,300.0,3.0988551061820826,1.3113721328164316,0.017,4.483,4.777400000000004,0.43565000000000004,0.7142333333333335,0.0,0.0,0.0,False
timolol,CC(C)(C)NC[C@H](O)COc1nsnc1N1CCOCC1,10.0,0.03423782919540408,0.05044119023427176,0.4284,0.29,0.5024999999999997,0.3987,0.5273783333333336,0.0,1.0,0.0,False
misoprostol acid,CCCCC(C)(O)C/C=C/[C@H]1[C@H](O)CC(=O)[C@@H]1CCCCCCC(=O)O,0.4,0.0007344477317432183,0.004665339159048338,0.0416,3.237,3.8652000000000024,0.47415,0.6141900000000003,1.0,0.0,0.0,False
nevirapine,Cc1ccnc2c1NC(=O)c1cccnc1N2C1CC1,200.0,2.1170299575524787,2.141995265584109,0.1466,1.344,2.6512200000000004,0.2906,0.44384000000000007,0.0,1.0,0.0,False
acebutolol,CCCC(=O)Nc1ccc(OCC(O)CNC(C)C)c(C(C)=O)c1,400.0,0.738296177906391,3.397099016732019,0.2063,1.418,2.3655,0.43829999999999997,0.5607200000000001,0.0,1.0,0.0,False
eletriptan,CN1CCC[C@@H]1Cc1c[nH]c2ccc(CCS(=O)(=O)c3ccccc3)cc12,30.0,0.07526438531029968,0.11102335759995587,0.045,3.279,3.8210000000000024,0.26585000000000003,0.6375483333333335,0.0,0.0,0.0,False
finasteride,CC(C)(C)NC(=O)[C@H]1CC[C@H]2[C@@H]3CC[C@H]4NC(=O)C=C[C@]4(C)[C@H]3CC[C@]12C,5.0,0.044295924971702545,0.022966583799721135,0.0579,3.205,3.8145000000000024,0.29100000000000004,0.6209216666666669,0.0,0.0,0.0,False
ambroxol,Nc1c(Br)cc(Br)cc1CN[C@H]1CC[C@H](O)CC1,30.0,0.0631117640787247,0.09721690708744904,0.062,2.51,3.1869000000000014,0.2914,0.6301800000000004,0.0,1.0,0.0,False
tolvaptan,Cc1ccccc1C(=O)Nc1ccc(C(=O)N2CCC[C@@H](O)c3cc(Cl)ccc32)c(C)c1,30.0,0.23083971564878294,0.006830838868534383,0.0133,4.845,5.683140000000005,0.3482,0.7482500000000002,0.0,0.0,0.0,False
olaparib,O=C(c1cc(Cc2n[nH]c(=O)c3ccccc23)ccc1F)N1CCN(C(=O)C2CC2)CC1,300.0,7.165576422098047,3.0989507436441333,0.1643,1.91,2.3474000000000004,0.43185,0.7241183333333339,0.0,0.0,0.0,False
ofloxacin,CC1COc2c(N3CCN(C)CC3)c(F)cc3c(=O)c(C(=O)O)cn1c23,300.0,3.004842180225289,2.9963907490307404,0.3067,0.877,1.5439999999999998,0.37504999999999994,0.6022883333333334,1.0,0.0,0.0,False
trifluoperazine,CN1CCN(CCCN2c3ccccc3Sc3ccc(C(F)(F)F)cc32)CC1,5.0,0.0009856620730287757,0.013436522571710921,0.0204,4.492,4.945600000000005,0.048600000000000004,0.6791750000000003,0.0,0.0,0.0,False
mirtazapine,CN1CCN2c3ncccc3Cc3ccccc3C2C1,15.0,0.03248949498746152,0.051728195215485856,0.2314,1.197,2.4789000000000003,0.09685,0.4422666666666667,0.0,1.0,0.0,False
glasdegib,CN1CC[C@@H](NC(=O)Nc2ccc(C#N)cc2)C[C@@H]1c1nc2ccccc2[nH]1,100.0,0.7189751295138462,0.6343154222749561,0.0716,2.725,3.391580000000002,0.4842,0.6240800000000002,0.0,1.0,0.0,False
edoxaban,CN1CCc2nc(C(=O)N[C@@H]3C[C@@H](C(=O)N(C)C)CC[C@@H]3NC(=O)C(=O)Nc3ccc(Cl)cn3)sc2C1,60.0,0.26583840789396673,0.49349980345572886,0.129,1.443,1.2896000000000014,0.6831499999999999,0.9134483333333334,0.0,1.0,0.0,False
atovaquone,O=C1C(O)=C([C@H]2CC[C@H](c3ccc(Cl)cc3)CC2)C(=O)c2ccccc21,500.0,1.6454419657297856,2.5153449229898945,0.0029,4.601,5.505100000000004,0.27185,0.611406666666667,0.0,0.0,0.0,False
vorapaxar,CCOC(=O)N[C@@H]1CC[C@@H]2[C@@H](C1)C[C@H]1C(=O)O[C@H](C)[C@H]1[C@H]2/C=C/c1ccc(-c2cccc(F)c2)cn1,40.0,0.4544962827111824,0.11048127134454648,0.0094,4.911,5.6295000000000055,0.3876,0.8209850000000002,0.0,1.0,0.0,False
asciminib,O=C(Nc1ccc(OC(F)(F)Cl)cc1)c1cnc(N2CC[C@@H](O)C2)c(-c2ccn[nH]2)c1,40.0,0.5638841369562785,0.29913590579907406,0.0546,3.312,3.462900000000001,0.51685,0.749741666666667,0.0,1.0,0.0,False
famotidine,NC(N)=Nc1nc(CSCCC(N)=NS(N)(=O)=O)cs1,20.0,0.06459226121164821,0.06104545171934192,0.4429,0.078,-0.7679999999999998,0.8791499999999999,0.5624266666666667,1.0,0.0,0.0,True
loratadine,CCOC(=O)N1CCC(=C2c3ccc(Cl)cc3CCc3cccnc32)CC1,20.0,0.015396772247574377,0.06897550963235922,0.0374,4.33,4.887800000000005,0.21215,0.6381516666666671,0.0,1.0,0.0,False
ximelagatran,CCOC(=O)CN[C@@H](C(=O)N1CC[C@H]1C(=O)NCc1ccc(/C(N)=N/O)cc1)C1CCCCC1,50.0,0.4084885708511591,0.19039259532222672,0.3413,0.968,1.099800000000003,0.73175,0.7892900000000005,0.0,1.0,0.0,False
letrozole,N#Cc1ccc(C(c2ccc(C#N)cc2)n2cncn2)cc1,2.5,0.035999367478598575,0.018694910610805925,0.1963,1.439,2.65916,0.39145,0.47551666666666664,0.0,0.0,0.0,False
levamlodipine,CCOC(=O)C1=C(COCCN)NC(C)=C(C(=O)OC)[C@@H]1c1ccccc1Cl,5.0,0.0028118916017344855,0.019256473166487677,0.0626,1.686,2.266300000000001,0.49940000000000007,0.6814700000000001,0.0,1.0,0.0,False
perampanel,N#Cc1ccccc1-c1cc(-c2ccccn2)cn(-c2ccccc2)c1=O,12.0,0.3016504588560529,0.1139651224653664,0.0102,3.737,4.4381800000000045,0.2934,0.5823216666666668,0.0,1.0,0.0,False
ivosidenib,N#Cc1ccnc(N2C(=O)CC[C@H]2C(=O)N(c2cncc(F)c2)[C@H](C(=O)NC2CC(F)(F)C2)c2ccccc2Cl)c1,250.0,1.6098640626968073,0.2511729391509499,0.0552,4.928,4.324580000000004,0.5964499999999999,0.9716166666666669,0.0,1.0,0.0,False
favipiravir,NC(=O)c1nc(F)cnc1O,200.0,5.240712695529575,1.8975728452538825,0.2821,0.027,-0.5798000000000002,0.44550000000000006,0.26183999999999996,0.0,1.0,0.0,False
alprazolam,Cc1nnc2n1-c1ccc(Cl)cc1C(c1ccccc1)=NC2,1.0,0.0182867950963182,0.013126648423225898,0.1351,2.522,3.5801200000000017,0.21535,0.5146200000000001,0.0,0.0,0.0,False
milnacipran,CCN(CC)C(=O)C1(c2ccccc2)CC1CN,50.0,0.13775666000959066,0.38969981186518865,0.2089,0.659,1.7713999999999999,0.23165,0.41058999999999996,0.0,1.0,0.0,False
oxybutynin,CCN(CC)CC#CCOC(=O)C(O)(c1ccccc1)C1CCCCC1,5.0,0.012267120861149268,0.03328141184717567,0.0501,2.559,3.342900000000002,0.24885,0.5958233333333337,0.0,0.0,0.0,True
bicalutamide,CC(O)(CS(=O)(=O)c1ccc(F)cc1)C(=O)Nc1ccc(C#N)c(C(F)(F)F)c1,50.0,0.9459657061662258,1.087115744431085,0.0844,2.485,2.8795800000000007,0.5363,0.7172983333333335,0.0,0.0,0.0,False
sunitinib,CCN(CC)CCNC(=O)c1c(C)[nH]c(/C=C2\C(=O)Nc3ccc(F)cc32)c1C,50.0,0.02429887207079787,0.32060905941870577,0.1311,2.815,3.3349400000000013,0.38615,0.6641366666666669,0.0,0.0,0.0,False
zaleplon,CCN(C(C)=O)c1cccc(-c2ccnc3c(C#N)cnn23)c1,20.0,0.051575826968405916,0.23141143785322488,0.0793,1.519,2.6407800000000003,0.37144999999999995,0.5089016666666667,0.0,1.0,0.0,False
albendazole sulfoxide,CCC[S+]([O-])c1ccc2[nH]c(NC(=O)OC)nc2c1,400.0,0.576652441562221,4.257554598578633,0.0665,1.09,2.2588,0.45035,0.468895,0.0,1.0,0.0,False
rimantadine,CC(N)C12CC3CC(CC(C3)C1)C2,200.0,0.2149408916293914,0.8248221877344023,0.3276,0.919,2.5500000000000007,0.1301,0.2988449999999999,0.0,1.0,0.0,False
flecainide,O=C(NCC1CCCCN1)c1cc(OCC(F)(F)F)ccc1OCC(F)(F)F,200.0,0.35144257368219595,0.9944572586475273,0.1459,3.046,3.4407000000000014,0.29795,0.6905766666666667,0.0,1.0,0.0,False
sildenafil,CCCc1nn(C)c2c(=O)[nH]c(-c3cc(S(=O)(=O)N4CCN(C)CC4)ccc3OCC)nc12,50.0,0.2600212605888587,0.30365537478353943,0.0895,1.388,1.6109,0.5670999999999999,0.790978333333334,0.0,1.0,0.0,False
modafinil,NC(=O)C[S+]([O-])C(c1ccccc1)c1ccccc1,200.0,4.675923959713604,4.810573690599297,0.2025,0.885,2.01,0.33075000000000004,0.455595,0.0,0.0,0.0,False
vardenafil,CCCc1nc(C)c2c(=O)nc(-c3cc(S(=O)(=O)N4CCN(CC)CC4)ccc3OCC)[nH]n12,20.0,0.024434431480457427,0.10763272814455019,0.1171,1.92,2.07042,0.5645,0.8143566666666673,0.0,0.0,0.0,False
labetalol,CC(CCc1ccccc1)NCC(O)c1ccc(O)c(C(N)=O)c1,200.0,0.13472039137745676,0.6638335595256701,0.3634,1.186,2.1353999999999997,0.47789999999999994,0.5473533333333335,1.0,0.0,0.0,False
metoclopramide,CCN(CC)CCNC(=O)c1cc(Cl)c(N)cc1OC,10.0,0.041116895037747785,0.07464694194364176,0.5595,0.973,2.0023999999999997,0.33795000000000003,0.4996700000000001,0.0,1.0,0.0,True
tamsulosin,CCOc1ccccc1OCCN[C@H](C)Cc1ccc(OC)c(S(N)(=O)=O)c1,0.4,0.007141611104551801,0.005714480849140234,0.1434,1.759,2.3409000000000004,0.49939999999999996,0.6808666666666668,1.0,0.0,0.0,False
levetiracetam,CC[C@@H](C(N)=O)N1CCCC1=O,1500.0,50.08734773195037,27.300444377221712,0.6843,0.06,-0.12729999999999997,0.317,0.28368666666666664,0.0,0.0,0.0,False
procaterol,CC[C@@H](NC(C)C)[C@@H](O)c1ccc(O)c2[nH]c(=O)ccc12,0.1,0.0003341084185540104,0.0006693670669696216,0.3602,0.967,2.0436999999999994,0.42674999999999996,0.48393833333333336,1.0,0.0,0.0,False
5-hmt,CC(C)N(CC[C@H](c1ccccc1)c1cc(CO)ccc1O)C(C)C,8.0,0.004491506613248444,0.00918841607163409,0.0367,3.775,4.525300000000004,0.21850000000000003,0.5691583333333334,1.0,0.0,0.0,False
topotecan,CC[C@@]1(O)C(=O)OCc2c1cc1n(c2=O)Cc2cc3c(CN(C)C)c(O)ccc3nc2-1,2.6,0.005369107279930239,0.009913537741076386,0.2066,1.352,1.8468000000000002,0.52445,0.702421666666667,1.0,0.0,0.0,False
brivaracetam,CCC[C@@H]1CC(=O)N([C@@H](CC)C(N)=O)C1,10.0,0.3069046802717541,0.1086880353959945,0.5649,0.255,0.8988999999999999,0.317,0.3538216666666666,0.0,0.0,0.0,False
chlorpropamide,CCCNC(=O)NS(=O)(=O)c1ccc(Cl)cc1,250.0,30.511752668608455,4.315148613397484,0.0418,0.727,1.7379,0.3763500000000001,0.46124166666666666,1.0,0.0,0.0,False
roxithromycin,CC[C@H]1OC(=O)[C@H](C)[C@@H](O[C@H]2C[C@@](C)(OC)[C@@H](O)[C@H](C)O2)[C@H](C)[C@@H](O[C@@H]2O[C@H](C)C[C@H](N(C)C)[C@H]2O)[C@](C)(O)C[C@@H](C)C(=NOCOCCOC)[C@H](C)[C@@H](O)[C@]1(C)O,150.0,6.096979602977228,0.36620172046169785,0.1419,4.503,2.2096000000000076,1.0844499999999997,1.3950966666666667,0.0,0.0,0.0,False
valdecoxib,Cc1onc(-c2ccccc2)c1-c1ccc(S(N)(=O)=O)cc1,20.0,0.28897116205905704,0.3045051183511547,0.0293,1.884,2.9644200000000005,0.43095,0.5239433333333334,1.0,0.0,0.0,False
obeticholic acid,CC[C@H]1[C@@H](O)[C@@H]2[C@H](CC[C@]3(C)[C@@H]([C@H](C)CCC(=O)O)CC[C@@H]23)[C@@]2(C)CC[C@@H](O)C[C@@H]12,10.0,0.045474637203197804,0.04716912170371016,0.0124,4.644,5.114000000000006,0.38880000000000003,0.7010566666666671,1.0,0.0,0.0,False
lesinurad,O=C(O)CSc1nnc(Br)n1-c1ccc(C2CC2)c2ccccc12,400.0,17.94268808316472,4.401748150391651,0.0142,3.875,4.2371000000000025,0.34004999999999996,0.6738150000000003,1.0,0.0,0.0,False
ixazomib,CC(C)C[C@H](NC(=O)CNC(=O)c1cc(Cl)ccc1Cl)B(O)O,4.0,0.06624763869595017,0.04600278605876102,0.1715,0.705,1.2660999999999993,0.49330000000000007,0.6017233333333333,0.0,0.0,0.0,False
norfloxacin,CCn1cc(C(=O)O)c(=O)c2cc(F)c(N3CCNCC3)cc21,400.0,1.2028278433504025,4.425931335427822,0.4233,0.592,1.2683,0.37285,0.5322266666666667,1.0,0.0,0.0,False
idelalisib,CC[C@H](Nc1ncnc2[nH]cnc12)c1nc2cccc(F)c2c(=O)n1-c1ccccc1,150.0,2.239256917063456,1.1995849046726603,0.0164,3.421,3.7543000000000015,0.5069000000000001,0.6923866666666669,0.0,1.0,0.0,False
saxagliptin,N#C[C@@H]1C[C@@H]2C[C@@H]2N1C(=O)[C@@H](N)C12CC3CC(CC(O)(C3)C1)C2,5.0,0.02538360899214673,0.04345196030712407,0.3245,0.53,1.157979999999999,0.45175000000000004,0.5256950000000001,0.0,1.0,0.0,False
vildagliptin,N#C[C@@H]1CCCN1C(=O)CNC12CC3CC(CC(O)(C3)C1)C2,100.0,0.5099150441597413,0.890123080718404,0.3447,0.51,1.1742799999999989,0.3818,0.5056766666666669,0.0,1.0,0.0,False
abacavir,Nc1nc(NC2CC2)c2ncn([C@H]3C=C[C@@H](CO)C3)c2n1,300.0,2.9835159917153424,2.0167376486501882,0.2083,0.439,1.0922999999999998,0.5094,0.4772316666666668,0.0,1.0,0.0,False
ruxolitinib,N#CC[C@H](C1CCCC1)n1cc(-c2ncnc3[nH]ccc23)cn1,25.0,0.396815691457766,0.10442937208621758,0.0507,2.38,3.466380000000001,0.41589999999999994,0.5106216666666668,0.0,1.0,0.0,False
ertugliflozin,CCOc1ccc(Cc2cc([C@]34OC[C@](CO)(O3)[C@@H](O)[C@H](O)[C@H]4O)ccc2Cl)cc1,15.0,0.30898348888710386,0.12235256558547178,0.0766,1.017,1.3564999999999994,0.54305,0.7281466666666667,0.0,0.0,0.0,False
r-138727,O=C(O)/C=C1/CN(C(C(=O)C2CC2)c2ccccc2F)CCC1S,10.0,0.13278786844228166,0.07645934577094908,0.0314,1.973,2.861000000000002,0.28805,0.5823783333333334,1.0,0.0,0.0,False
sofosbuvir,CC(C)OC(=O)[C@H](C)N[P@](=O)(OC[C@H]1O[C@@H](n2ccc(=O)[nH]c2=O)[C@](C)(F)[C@@H]1O)Oc1ccccc1,400.0,0.8981843611113518,2.5448816769199136,0.1111,1.71,1.6565000000000003,0.7908999999999997,0.8824300000000004,1.0,0.0,0.0,False
bilastine,CCOCCn1c(C2CCN(CCc3ccc(C(C)(C)C(=O)O)cc3)CC2)nc2ccccc21,20.0,0.24018138886995385,0.02810699252482058,0.0476,4.696,4.857100000000004,0.33795000000000003,0.7727033333333337,1.0,0.0,0.0,False
epinastine,NC1=NCC2c3ccccc3Cc3ccccc3N12,20.0,0.013024478085686048,0.11148821476170721,0.1206,1.121,2.4668,0.20809999999999998,0.4155283333333333,0.0,1.0,0.0,False
repaglinide,CCOc1cc(CC(=O)N[C@@H](CC(C)C)c2ccccc2N2CCCCC2)ccc1C(=O)O,2.0,0.026143821393901458,0.006893948974833819,0.0114,4.803,5.219900000000005,0.39435000000000003,0.7543250000000005,1.0,0.0,0.0,False
dapagliflozin,CCOc1ccc(Cc2cc([C@@H]3O[C@H](CO)[C@@H](O)[C@H](O)[C@H]3O)ccc2Cl)cc1,10.0,0.14532876964786473,0.05860723871625156,0.1199,1.292,1.8443999999999996,0.49690000000000006,0.6814633333333334,0.0,0.0,0.0,False
ramipril,CCOC(=O)[C@H](CCc1ccccc1)N[C@@H](C)C(=O)N1[C@H](C(=O)O)C[C@@H]2CCC[C@@H]21,5.0,0.01342219533900699,0.01609212902791158,0.1698,1.847,2.3831999999999995,0.47970000000000007,0.6941966666666672,1.0,0.0,0.0,False
canrenone,C[C@]12CCC(=O)C=C1C=C[C@@H]1[C@@H]2CC[C@@]2(C)[C@H]1CC[C@@]21CCC(=O)O1,200.0,0.26126193674454945,0.08058964274654197,0.0957,3.61,4.370100000000003,0.21685000000000001,0.5674383333333336,0.0,0.0,0.0,False
empagliflozin,OC[C@H]1O[C@@H](c2ccc(Cl)c(Cc3ccc(O[C@H]4CCOC4)cc3)c2)[C@H](O)[C@@H](O)[C@@H]1O,50.0,0.5570775560151967,0.29565979331594994,0.0973,1.281,1.6133999999999993,0.54305,0.7515250000000002,0.0,0.0,0.0,False
tivozanib,COc1cc2nccc(Oc3ccc(NC(=O)Nc4cc(C)on4)c(Cl)c3)c2cc1OC,1.5,0.020964129239101757,0.008625138539250534,0.0049,4.858,5.6381200000000025,0.5387000000000001,0.7581166666666671,0.0,1.0,0.0,False
futibatinib,C=CC(=O)N1CC[C@H](n2nc(C#Cc3cc(OC)cc(OC)c3)c3c(N)ncnc32)C1,20.0,0.14041589471647908,0.14656190985745896,0.1653,1.284,1.7849,0.54195,0.6974283333333336,0.0,1.0,0.0,False
cabozantinib,COc1cc2nccc(Oc3ccc(NC(=O)C4(C(=O)Nc5ccc(F)cc5)CC4)cc3)c2cc1OC,140.0,0.5570136607350469,0.825837285025852,0.0069,4.937,5.5408000000000035,0.49390000000000006,0.835856666666667,0.0,1.0,0.0,False
sparfloxacin,C[C@@H]1CN(c2c(F)c(N)c3c(=O)c(C(=O)O)cn(C4CC4)c3c2F)C[C@H](C)N1,400.0,1.2159058315234597,4.606596361220526,0.2058,1.426,2.0816,0.50295,0.6540100000000003,1.0,0.0,0.0,False
domperidone,O=c1[nH]c2ccccc2n1CCCN1CCC(n2c(=O)[nH]c3cc(Cl)ccc32)CC1,20.0,0.03718329114336906,0.12005995181313615,0.0416,3.019,3.353200000000002,0.39409999999999995,0.7098666666666669,0.0,1.0,0.0,False
ezetimibe,O=C1[C@H](CC[C@H](O)c2ccc(F)cc2)[C@@H](c2ccc(O)cc2)N1c1ccc(F)cc1,10.0,0.004235042413781531,0.03210171858767233,0.013,4.464,4.888300000000004,0.30385,0.6823866666666668,1.0,0.0,0.0,False
everolimus,CO[C@H]1C[C@@H]2CC[C@@H](C)[C@@](O)(O2)C(=O)C(=O)N2CCCC[C@H]2C(=O)O[C@H]([C@H](C)C[C@@H]2CC[C@@H](OCCO)[C@H](OC)C2)CC(=O)[C@H](C)/C=C(\C)[C@@H](O)[C@@H](OC)C(=O)[C@H](C)C[C@H](C)/C=C/C=C/C=C/1C,2.0,0.01722616241138146,0.002675380975943761,0.0177,2.821,6.197200000000008,1.0232999999999997,1.5970666666666669,0.0,0.0,0.0,False
pantoprazole,COc1ccnc(C[S+]([O-])c2nc3ccc(OC(F)F)cc3[nH]2)c1OC,40.0,2.644252238167657,1.1109226751139498,0.0582,2.198,2.8843000000000005,0.4616,0.6389600000000001,0.0,1.0,0.0,False
moxonidine,COc1nc(C)nc(Cl)c1NC1=NCCN1,0.2,0.0013390421609688918,0.0013688944065146874,0.3973,0.273,0.8181199999999997,0.35715,0.40280333333333335,0.0,1.0,0.0,False
quinaprilat,C[C@H](N[C@@H](CCc1ccccc1)C(=O)O)C(=O)N1Cc2ccccc2C[C@H]1C(=O)O,20.0,0.5427154884485005,0.3163853119738726,0.1149,1.521,2.0885999999999996,0.5347000000000001,0.684116666666667,1.0,0.0,0.0,False
efavirenz,O=C1Nc2ccc(Cl)cc2[C@@](C#CC2CC2)(C(F)(F)F)O1,600.0,2.543433694368188,4.730637878810406,0.0295,3.126,4.073100000000001,0.19165,0.5261299999999999,0.0,0.0,0.0,False
ramiprilat,C[C@H](N[C@@H](CCc1ccccc1)C(=O)O)C(=O)N1[C@H](C(=O)O)C[C@@H]2CCC[C@@H]21,5.0,0.004841569425926558,0.03942936198089637,0.2121,1.253,1.9046999999999994,0.5347000000000001,0.6474400000000003,1.0,0.0,0.0,False
lorcaserin,C[C@H]1CNCCc2ccc(Cl)cc21,10.0,0.035543605742646575,0.04684819870536024,0.2806,1.005,2.589200000000001,0.060149999999999995,0.326155,0.0,1.0,0.0,False
ketoconazole,CC(=O)N1CCN(c2ccc(OCC3COC(Cn4ccnc4)(c4ccc(Cl)cc4Cl)O3)cc2)CC1,200.0,4.153155658571088,1.289184974090194,0.0337,4.596,4.205800000000003,0.3453,0.8857333333333333,0.0,0.0,0.0,False
baloxavir,O=C1c2c(O)c(=O)ccn2N([C@@H]2c3ccccc3SCc3c2ccc(F)c3F)[C@@H]2COCCN12,20.0,0.04339462723808951,0.1506380863130666,0.0282,2.954,2.977500000000001,0.37504999999999994,0.8058266666666671,0.0,1.0,0.0,False
pretomanid,O=[N+]([O-])c1cn2c(n1)OC[C@@H](OCc1ccc(OC(F)(F)F)cc1)C2,50.0,0.336499257792263,0.5346540811795644,0.0545,1.826,2.667700000000001,0.44325000000000003,0.5987666666666667,0.0,0.0,0.0,False
diltiazem,COc1ccc([C@@H]2Sc3ccccc3N(CCN(C)C)C(=O)[C@@H]2OC(C)=O)cc1,90.0,0.09359212896775557,0.3989134315076512,0.1929,2.961,3.368500000000002,0.29540000000000005,0.6908783333333336,0.0,0.0,0.0,False
ubrogepant,C[C@@H]1[C@H](c2ccccc2)C[C@H](NC(=O)c2cnc3c(c2)C[C@@]2(C3)C(=O)Nc3ncccc32)C(=O)N1CC(F)(F)F,100.0,0.3303257858978742,0.42957824484341406,0.0219,4.063,3.5306000000000024,0.5214500000000001,0.9159216666666672,0.0,1.0,0.0,False
atogepant,C[C@@H]1[C@H](c2c(F)ccc(F)c2F)C[C@H](NC(=O)c2cnc3c(c2)C[C@@]2(C3)C(=O)Nc3ncccc32)C(=O)N1CC(F)(F)F,60.0,0.6936523110495859,0.23535314629900697,0.0243,4.782,3.9479000000000015,0.5214500000000001,1.0058716666666672,0.0,1.0,0.0,False
dexketoprofen,C[C@H](C(=O)O)c1cccc(C(=O)c2ccccc2)c1,25.0,3.430576029417592,0.9648925039980897,0.0086,1.703,3.1057000000000015,0.27185,0.42380833333333334,1.0,0.0,0.0,False
quinine,C=C[C@H]1C[N@@]2CC[C@H]1C[C@H]2[C@H](O)c1ccnc2ccc(OC)cc12,600.0,2.7727973756025057,2.237725834497785,0.1164,2.164,3.1732000000000014,0.22795,0.5407066666666668,0.0,1.0,0.0,False
eluxadoline,COc1ccc(CN(C(=O)[C@@H](N)Cc2c(C)cc(C(N)=O)cc2C)[C@@H](C)c2nc(-c3ccccc3)c[nH]2)cc1C(=O)O,100.0,0.00337698703292163,0.2333628244337757,0.0322,4.761,4.159040000000003,0.8231499999999999,0.9494366666666672,1.0,0.0,0.0,False
mercaptopurine (6-mercaptopurine),S=c1nc[nH]c2nc[nH]c12,50.0,0.05023493174595216,0.4291717032234654,0.6803,0.211,1.0154899999999998,0.2868,0.2536366666666666,0.0,1.0,0.0,True
ambrisentan,COC(c1ccccc1)(c1ccccc1)[C@H](Oc1nc(C)cc(C)n1)C(=O)O,10.0,0.7332554250491975,0.17432054169066494,0.0176,2.896,3.515640000000001,0.4077,0.6307133333333336,1.0,0.0,0.0,False
tenofovir,C[C@H](Cn1cnc2c(N)ncnc21)OCP(=O)(O)O,300.0,0.26577675231071574,1.5983926098108718,0.4369,0.138,-0.051200000000000134,0.6819000000000002,0.47869333333333325,0.0,1.0,0.0,False
codeine,COc1ccc2c3c1O[C@H]1[C@@H](O)C=C[C@H]4[C@@H](C2)N(C)CC[C@@]341,60.0,0.18076681128967245,0.20461759128486204,0.5653,0.66,1.5010999999999999,0.20965,0.49895000000000017,0.0,0.0,0.0,False
agomelatine,COc1ccc2cccc(CCNC(C)=O)c2c1,25.0,0.009809320093657268,0.13972869053674283,0.0591,1.144,2.527,0.19165,0.4055099999999999,0.0,0.0,0.0,False
prucalopride,COCCCN1CCC(NC(=O)c2cc(Cl)c(N)c3c2OCC3)CC1,2.0,0.004776786353186926,0.02019397722656153,0.2454,1.318,2.0877999999999997,0.38410000000000005,0.6131283333333338,0.0,1.0,0.0,False
tofacitinib,C[C@@H]1CCN(C(=O)CC#N)C[C@@H]1N(C)c1ncnc2[nH]ccc12,1.0,0.008270391430487698,0.008565457381939695,0.3053,0.721,1.5447799999999996,0.44455,0.5206283333333334,0.0,1.0,0.0,False
nifedipine,COC(=O)C1=C(C)NC(C)=C(C(=O)OC)C1c1ccccc1[N+](=O)[O-],10.0,0.11424669471769633,0.0677503781464175,0.042,1.297,2.1756,0.53885,0.5772316666666668,0.0,1.0,0.0,True
digoxin,C[C@H]1O[C@@H](O[C@H]2[C@@H](O)C[C@H](O[C@H]3[C@@H](O)C[C@H](O[C@H]4CC[C@@]5(C)[C@H](CC[C@@H]6[C@@H]5C[C@@H](O)[C@]5(C)[C@@H](C7=CC(=O)OC7)CC[C@]65O)C4)O[C@@H]3C)O[C@@H]2C)C[C@H](O)[C@@H]1O,1.0,0.004145825773297213,0.002254299009329253,0.1281,4.109,2.218100000000003,1.0152999999999999,1.301581666666667,0.0,0.0,0.0,False
linezolid,CC(=O)NC[C@H]1CN(c2ccc(N3CCOCC3)c(F)c2)C(=O)O1,600.0,11.07690617700215,7.306617346478813,0.3967,0.566,1.1235999999999997,0.35555,0.5622516666666667,0.0,0.0,0.0,False
primaquine,COc1cc(NC(C)CCCN)c2ncccc2c1,15.0,0.04656064081281292,0.05349106782663568,0.2386,1.427,2.782700000000001,0.30085,0.43225499999999994,0.0,1.0,0.0,True
rolapitant,C[C@@H](OC[C@@]1(c2ccccc2)CC[C@]2(CCC(=O)N2)CN1)c1cc(C(F)(F)F)cc(C(F)(F)F)c1,180.0,0.9474386999325534,0.023850655544675185,0.0179,4.893,5.729500000000005,0.2518,0.8341383333333333,0.0,1.0,0.0,False
lansoprazole,Cc1c(OCC(F)(F)F)ccnc1C[S+]([O-])c1nc2ccccc2[nH]1,30.0,1.039875991994142,0.3765637077798216,0.0175,2.836,3.515220000000001,0.3693,0.6156133333333336,0.0,1.0,0.0,False
crizotinib,C[C@@H](Oc1cc(-c2cnn(C3CCNCC3)c2)cnc1N)c1c(Cl)ccc(F)c1Cl,250.0,0.10861385006961036,0.012849380158148625,0.0464,4.728,5.037700000000004,0.38994999999999996,0.7505750000000002,0.0,1.0,0.0,False
quetiapine,OCCOCCN1CCN(C2=Nc3ccccc3Sc3ccccc32)CC1,100.0,0.3173048542541023,0.3756648849649019,0.0539,2.167,2.8560000000000016,0.24150000000000002,0.6391950000000003,0.0,0.0,1.0,False
aprepitant,C[C@@H](O[C@H]1OCCN(Cc2n[nH]c(=O)[nH]2)[C@H]1c1ccc(F)cc1)c1cc(C(F)(F)F)cc(C(F)(F)F)c1,125.0,1.287390516671369,0.4370632306100202,0.0224,4.989,4.952100000000003,0.41620000000000007,0.8907200000000002,0.0,0.0,0.0,False
cinacalcet,C[C@@H](NCCCc1cccc(C(F)(F)F)c1)c1cccc2ccccc12,50.0,0.013439786702964142,0.11548354838897798,0.0068,4.661,6.142000000000005,0.060149999999999995,0.5956983333333334,0.0,1.0,0.0,False
laropiprant,CS(=O)(=O)c1cc(F)cc2c3c(n(Cc4ccc(Cl)cc4)c12)[C@@H](CC(=O)O)CC3,40.0,0.9561373577265223,0.6430636909381233,0.0244,4.215,4.390100000000004,0.38185,0.726506666666667,1.0,0.0,0.0,False
ivabradine,COc1cc2c(cc1OC)CC(=O)N(CCCN(C)C[C@H]1Cc3cc(OC)c(OC)cc31)CC2,10.0,0.018069607021933408,0.05322007171978481,0.1077,3.257,3.3100000000000023,0.30235000000000006,0.7809900000000005,0.0,0.0,0.0,False
vandetanib,COc1cc2c(Nc3ccc(Br)cc3F)ncnc2cc1OCC1CCN(C)CC1,300.0,0.15316216590561954,0.8354899184591387,0.024,4.81,5.004200000000005,0.29755,0.7922700000000006,0.0,1.0,0.0,False
riociguat,COC(=O)N(C)c1c(N)nc(-c2nn(Cc3ccccc3F)c3ncccc23)nc1N,1.0,0.03613342157477518,0.007340432090439019,0.0993,1.943,2.4426999999999994,0.6903500000000001,0.7040400000000002,0.0,1.0,0.0,False
voriconazole,C[C@@H](c1ncncc1F)[C@](O)(Cn1cncn1)c1ccc(F)cc1F,200.0,1.0883023428635983,1.8389952747508436,0.3952,1.311,2.1769,0.3836,0.5821933333333333,0.0,1.0,0.0,False
rosiglitazone,CN(CCOc1ccc(CC2SC(=O)NC2=O)cc1)c1ccccn1,8.0,0.6374215210531341,0.12174958030038308,0.0075,1.639,2.490900000000001,0.35765,0.595725,1.0,0.0,0.0,False
cefixime,C=CC1=C(C(=O)O)N2C(=O)[C@@H](NC(=O)/C(=N\OCC(=O)O)c3csc(N)n3)[C@H]2SC1,400.0,4.454326474412006,3.5090189796986646,0.176,0.2,-0.5447999999999991,0.92255,0.7557633333333336,1.0,0.0,0.0,False
lorlatinib,C[C@H]1Oc2cc(cnc2N)-c2c(nn(C)c2C#N)CN(C)C(=O)c2ccc(F)cc21,100.0,0.5387738173926159,0.8508173266928095,0.0625,2.244,2.8006800000000016,0.5503,0.6773683333333335,0.0,1.0,0.0,False
fluconazole,OC(Cn1cncn1)(Cn1cncn1)c1ccc(F)cc1F,200.0,4.692143203600026,2.39231878555832,0.6041,0.346,0.7357999999999993,0.40824999999999995,0.51046,0.0,0.0,0.0,True
venlafaxine,COc1ccc(C(CN(C)C)C2(O)CCCCC2)cc1,50.0,0.08497646733066752,0.1328423863837224,0.5354,1.756,3.0356000000000014,0.1635,0.4623466666666665,0.0,0.0,0.0,True
daridorexant,COc1ccc(-n2nccn2)c(C(=O)N2CCC[C@@]2(C)c2nc3c(C)c(Cl)ccc3[nH]2)c1,25.0,0.8195877012254393,0.1361870812052765,0.0122,4.189,4.265420000000003,0.44465000000000005,0.7515500000000002,0.0,1.0,0.0,False
desmopressin,N=C(N)NCCC[C@@H](NC(=O)[C@@H]1CCCN1C(=O)[C@@H]1CSSCCC(=O)N[C@@H](Cc2ccc(O)cc2)C(=O)N[C@@H](Cc2ccccc2)C(=O)N[C@@H](CCC(N)=O)C(=O)N[C@@H](CC(N)=O)C(=O)N1)C(=O)NCC(N)=O,0.4,3.130495168499707e-05,0.0033776216769771843,0.2512,0.102,-4.13203000000001,2.1770499999999995,1.782063333333333,1.0,0.0,0.0,False
amiloride,N=C(N)NC(=O)c1nc(Cl)c(N)nc1N,10.0,0.019177434656387177,0.04859226853049982,0.5392,0.021,-1.0823299999999998,0.7839499999999999,0.38271833333333327,0.0,1.0,0.0,False
celiprolol,CCN(CC)C(=O)Nc1ccc(OCC(O)CNC(C)(C)C)c(C(C)=O)c1,100.0,0.30234086723431886,0.7538445001566799,0.1878,2.182,2.8907000000000007,0.4545,0.632501666666667,0.0,1.0,0.0,False
indomethacin,COc1ccc2c(c1)c(CC(=O)O)c(C)n2C(=O)c1ccc(Cl)cc1,50.0,2.4093629863513715,1.473758630715936,0.0196,3.237,3.9273200000000026,0.34265,0.5963216666666666,1.0,0.0,0.0,False
chloroquine,CCN(CC)CCCC(C)Nc1ccnc2cc(Cl)ccc12,300.0,0.10472959467122939,0.5221981229732053,0.1329,3.917,4.810600000000004,0.1408,0.5331333333333335,0.0,1.0,0.0,False
neratinib,CCOc1cc2ncc(C#N)c(Nc3ccc(OCc4ccccn4)c(Cl)c3)c2cc1NC(=O)/C=C/CN(C)C,240.0,0.05222332812067803,0.05403861700694408,0.0093,4.774,5.932480000000005,0.5619999999999999,0.9284233333333333,0.0,1.0,0.0,False
clomifene (clomiphene),CCN(CC)CCOc1ccc(C(=C(Cl)c2ccccc2)c2ccccc2)cc1,50.0,0.008413750649977698,0.050345457992207604,0.0082,4.531,6.562600000000006,0.06235,0.6766150000000001,0.0,0.0,0.0,False
glyburide,COc1ccc(Cl)cc1C(=O)NCCc1ccc(S(=O)(=O)NC(=O)NC2CCCCC2)cc1,5.0,0.12760090125073573,0.1318681979645505,0.0035,3.818,3.641700000000003,0.568,0.8233550000000005,1.0,0.0,0.0,False
captopril,C[C@H](CS)C(=O)N1CCC[C@H]1C(=O)O,100.0,0.5699454873933121,3.364272508767169,0.2799,0.198,0.6279000000000001,0.28805,0.3621499999999999,1.0,0.0,0.0,False
apremilast,CCOc1cc([C@@H](CS(C)(=O)=O)N2C(=O)c3cccc(NC(C)=O)c3C2=O)ccc1OC,20.0,0.2244749429223672,0.22544528086054352,0.1233,2.158,2.4342000000000006,0.5954,0.7675133333333337,1.0,0.0,0.0,False
trimetazidine,COc1ccc(CN2CCNCC2)c(OC)c1OC,20.0,0.07354682861959447,0.09305412081587666,0.6749,0.41,1.1176,0.21480000000000005,0.4439016666666666,0.0,1.0,0.0,False
procainamide,CCN(CC)CCNC(=O)c1ccc(N)cc1,1000.0,5.2306787322488075,5.7061558659654,0.6829,0.435,1.3403999999999996,0.2918,0.39221833333333334,0.0,1.0,0.0,False
oxcarbazepine,NC(=O)N1c2ccccc2CC(=O)c2ccccc21,300.0,0.3956789923662868,3.566661450923191,0.2072,1.274,2.6422000000000008,0.317,0.42045499999999997,0.0,0.0,0.0,False
alverine,CCN(CCCc1ccccc1)CCCc1ccccc1,120.0,0.008461347410430564,0.16059452368818652,0.177,3.451,4.5739000000000045,0.016200000000000003,0.46907166666666666,0.0,0.0,0.0,False
verapamil,COc1ccc(CCN(C)CCCC(C#N)(c2ccc(OC)c(OC)c2)C(C)C)cc1OC,80.0,0.06284838900083278,0.04024706859321226,0.0655,4.767,5.093080000000005,0.31975000000000003,0.7576850000000004,0.0,0.0,1.0,True
tetrabenazine,COc1cc2c(cc1OC)C1CC(=O)C(CC(C)C)CN1CC2,25.0,0.0006938299503480665,0.1405262703556284,0.1268,2.194,3.238100000000002,0.19385000000000002,0.5290483333333335,0.0,0.0,0.0,False
prazosin,COc1cc2nc(N3CCN(C(=O)c4ccco4)CC3)nc(N)c2cc1OC,1.0,0.007899367063252602,0.01014742306356498,0.0864,1.134,1.7845999999999997,0.5347500000000001,0.6390133333333338,0.0,1.0,0.0,False
molsidomine,CCOC(=O)N=C1CN(N2CCOCC2)NO1,2.0,0.01375790681753587,0.03107675300372267,0.2559,0.063,-0.45959999999999973,0.37815000000000004,0.4070849999999999,0.0,1.0,0.0,False
enalaprilat,C[C@H](N[C@@H](CCc1ccccc1)C(=O)O)C(=O)N1CCC[C@H]1C(=O)O,10.0,0.036752278840909994,0.057954796591726185,0.2764,0.595,1.1261000000000003,0.5347000000000001,0.5806650000000003,1.0,0.0,0.0,False
doxazosin,COc1cc2nc(N3CCN(C(=O)C4COc5ccccc5O4)CC3)nc(N)c2cc1OC,2.0,0.01503984707369061,0.01355485969109441,0.1042,1.376,1.7177999999999993,0.56135,0.7524716666666671,0.0,1.0,0.0,False
terazosin,COc1cc2nc(N3CCN(C(=O)C4CCCO4)CC3)nc(N)c2cc1OC,2.0,0.037499466662874015,0.026865519295841276,0.1943,0.663,1.0567999999999995,0.5152,0.6457333333333336,0.0,1.0,0.0,False
moricizine (en-313),CCOC(=O)Nc1ccc2c(c1)N(C(=O)CCN1CCOCC1)c1ccccc1S2,250.0,0.8160882305241266,0.7733066662218564,0.0206,3.888,4.106600000000004,0.35555,0.7125433333333338,0.0,0.0,0.0,False
cabotegravir,C[C@H]1CO[C@@H]2Cn3cc(C(=O)NCc4ccc(F)cc4F)c(=O)c(O)c3C(=O)N12,30.0,3.349940297975473,0.4069321470784678,0.1053,0.661,0.9626999999999997,0.50435,0.6755950000000003,0.0,1.0,0.0,False
enalapril,CCOC(=O)[C@H](CCc1ccccc1)N[C@@H](C)C(=O)N1CCC[C@H]1C(=O)O,10.0,0.06945134987889004,0.029144303824014544,0.1746,0.972,1.6046,0.47970000000000007,0.6274216666666671,1.0,0.0,0.0,False
selumetinib,Cn1cnc2c(F)c(Nc3ccc(Br)cc3Cl)c(C(=O)NOCCO)cc21,50.0,0.9331489698863735,0.26493918409515355,0.0274,3.439,3.5256000000000016,0.44205000000000005,0.7628116666666671,0.0,1.0,0.0,False
gefitinib,COc1cc2ncnc(Nc3ccc(F)c(Cl)c3)c2cc1OCCCN1CCOCC1,250.0,0.0835374167663808,0.6714960859905513,0.0346,4.175,4.275600000000003,0.34370000000000006,0.7448500000000007,0.0,1.0,1.0,False
dacomitinib,COc1cc2ncnc(Nc3ccc(F)c(Cl)c3)c2cc1NC(=O)/C=C/CN1CCCCC1,45.0,0.027442031630329412,0.030254597382063084,0.0165,4.841,5.1551000000000045,0.39690000000000003,0.7832466666666673,0.0,1.0,0.0,False
nitrendipine,CCOC(=O)C1=C(C)NC(C)=C(C(=O)OC)C1c1cccc([N+](=O)[O-])c1,20.0,0.007597104711664838,0.08271015427597997,0.0207,1.728,2.5657000000000005,0.53885,0.6006100000000001,0.0,1.0,0.0,False
lacidipine,CCOC(=O)C1=C(C)NC(C)=C(C(=O)OCC)C1c1ccccc1/C=C/C(=O)OC(C)(C)C,4.0,0.0029414282245195113,0.008756464935851617,0.0179,4.338,4.402500000000004,0.45464999999999994,0.759251666666667,0.0,1.0,0.0,False
amlodipine,CCOC(=O)C1=C(COCCN)NC(C)=C(C(=O)OC)C1c1ccccc1Cl,10.0,0.005748043145279971,0.038512946333212936,0.0626,1.686,2.266300000000001,0.49940000000000007,0.6814700000000001,0.0,1.0,0.0,False
methylprednisolone,C[C@H]1C[C@@H]2[C@H]([C@@H](O)C[C@@]3(C)[C@H]2CC[C@]3(O)C(=O)CO)[C@@]2(C)C=CC(=O)C=C12,16.0,0.10916959283610067,0.12664910214624692,0.2221,1.112,1.8036,0.47415000000000007,0.6241283333333335,0.0,0.0,0.0,False
flunarizine,Fc1ccc(C(c2ccc(F)cc2)N2CCN(C/C=C/c3ccccc3)CC2)cc1,5.0,0.02604139013186508,0.012439546476232861,0.0159,4.692,5.3852000000000055,0.032400000000000005,0.6741733333333335,0.0,0.0,0.0,False
lenvatinib,COc1cc2nccc(Oc3ccc(NC(=O)NC4CC4)c(Cl)c3)c2cc1C(N)=O,10.0,0.09586448768965496,0.0667871723984439,0.0367,3.847,4.071900000000002,0.57785,0.7114333333333338,0.0,1.0,0.0,False
colchicine,COc1cc2c(c(OC)c1OC)-c1ccc(OC)c(=O)cc1[C@@H](NC(C)=O)CC2,0.6,0.002518392344333982,0.003686250030038192,0.1255,2.282,2.871600000000001,0.41545000000000004,0.6657383333333337,0.0,0.0,0.0,False
nimesulide,CS(=O)(=O)Nc1ccc([N+](=O)[O-])cc1Oc1ccccc1,100.0,3.2310060352775576,0.8079342518608612,0.0176,1.646,2.7586000000000013,0.4927,0.5138583333333333,1.0,0.0,0.0,False
bedaquiline,COc1nc2ccc(Br)cc2cc1[C@@H](c1ccccc1)[C@@](O)(CCN(C)C)c1cccc2ccccc12,400.0,3.8258332425760537,0.029784228473989184,0.0085,3.583,7.1305000000000085,0.22795,0.9258600000000005,0.0,1.0,0.0,False
eliglustat,CCCCCCCC(=O)N[C@H](CN1CCCC1)[C@H](O)c1ccc2c(c1)OCCO2,84.0,0.01081665382639196,0.5727060277209901,0.0649,2.971,3.4323000000000023,0.3551500000000001,0.6742516666666669,0.0,0.0,0.0,False
cefaclor,N[C@@H](C(=O)N[C@@H]1C(=O)N2C(C(=O)O)=C(Cl)CS[C@H]12)c1ccccc1,500.0,16.585234396896535,10.516395807594405,0.1341,0.416,0.6213000000000004,0.56365,0.6130233333333334,1.0,0.0,0.0,False
hydrochlorothiazide,NS(=O)(=O)c1cc2c(cc1Cl)NCNS2(=O)=O,25.0,0.1468013283318649,0.1667189649518845,0.3622,0.103,-0.35129999999999967,0.5917999999999999,0.49624166666666675,1.0,0.0,0.0,False
flosequinan,Cn1cc([S+](C)[O-])c(=O)c2ccc(F)cc21,100.0,1.294990347454374,1.9928214336850314,0.2453,0.473,1.4150000000000003,0.2253,0.398785,0.0,1.0,0.0,False
piretanide,NS(=O)(=O)c1cc(C(=O)O)cc(N2CCCC2)c1Oc1ccccc1,6.0,0.3269174207655505,0.07978710942792866,0.0876,1.6,2.4247000000000005,0.5496500000000001,0.6040116666666667,1.0,0.0,0.0,False
capecitabine,CCCCCOC(=O)Nc1nc(=O)n([C@@H]2O[C@H](C)[C@@H](O)[C@H]2O)cc1F,150.0,0.25735590317690404,2.1939760521242646,0.1937,0.454,0.7601999999999995,0.61455,0.5989233333333334,0.0,0.0,0.0,False
halofantrine,CCCCN(CCCC)CCC(O)c1cc2c(Cl)cc(Cl)cc2c2cc(C(F)(F)F)ccc12,500.0,0.37563945479675065,0.86190516739136,0.0061,1.994,8.644300000000001,0.11735,0.8340533333333335,0.0,0.0,0.0,False
carvedilol,COc1ccccc1OCCNCC(O)COc1cccc2[nH]c3ccccc3c12,50.0,0.0919130023446085,0.09893529344897126,0.0301,3.342,3.738000000000002,0.37870000000000004,0.67747,0.0,1.0,1.0,False
Aprocitentan,NS(=O)(=O)Nc1ncnc(OCCOc2ncc(Br)cn2)c1-c1ccc(Br)cc1,25.0,1.4143125538578805,0.1415926786412253,0.0397,2.829,2.5318000000000005,0.7110499999999998,0.910335,1.0,0.0,0.0,False
eprosartan,CCCCc1ncc(/C=C(\Cc2cccs2)C(=O)O)n1Cc1ccc(C(=O)O)cc1,100.0,0.4334651081690428,0.4910222412244858,0.0035,4.44,4.744400000000003,0.4621,0.7075366666666669,1.0,0.0,0.0,False
bendroflumethiazide,NS(=O)(=O)c1cc2c(cc1C(F)(F)F)NC(Cc1ccccc1)NS2(=O)=O,10.0,0.057449673628315774,0.10516636517845117,0.1024,1.164,1.6254000000000004,0.5917999999999999,0.7023700000000002,1.0,0.0,0.0,False
dextropropoxyphene,CCC(=O)O[C@](Cc1ccccc1)(c1ccccc1)[C@H](C)CN(C)C,65.0,0.05260323183987842,0.11145410507622382,0.0515,3.504,4.275500000000004,0.1477,0.5657983333333336,0.0,0.0,0.0,False
dapsone,Nc1ccc(S(=O)(=O)c2ccc(N)cc2)cc1,100.0,1.710263137648707,1.5212358259616408,0.1419,0.619,1.6838000000000002,0.43090000000000006,0.413845,0.0,1.0,0.0,False
aminosalicylic acid (para-aminosalicylic acid),Nc1ccc(C(=O)O)c(O)c1,4000.0,46.52536942357362,60.59761296852435,0.282,0.146,0.6726000000000001,0.41775000000000007,0.25522833333333333,1.0,0.0,0.0,False
minoxidil,Nc1cc(N2CCCCC2)nc(N)[n+]1[O-],5.0,0.036186185209275655,0.028605916978827518,0.3922,0.078,-0.13029999999999975,0.47555,0.34875500000000004,0.0,1.0,0.0,False
amrinone,Nc1cc(-c2ccncc2)c[nH]c1=O,75.0,0.9515513648773775,0.6637133027353168,0.2985,0.254,1.0191,0.35885,0.31200333333333335,0.0,1.0,0.0,False
ponesimod,CCC/N=C1\S/C(=C\c2ccc(OC[C@H](O)CO)c(Cl)c2)C(=O)N1c1ccccc1C,10.0,0.05440110292999584,0.03932257381062857,0.0067,4.251,4.267320000000003,0.4118,0.7683050000000002,0.0,0.0,0.0,False
ethosuximide,CCC1(C)CC(=O)NC1=O,500.0,12.724173843515342,6.070848615901898,0.625,0.105,0.4491999999999999,0.23085,0.23528333333333332,0.0,0.0,0.0,False
trovafloxacin,N[C@@H]1[C@H]2CN(c3nc4c(cc3F)c(=O)c(C(=O)O)cn4-c3ccc(F)cc3F)C[C@@H]12,200.0,2.054507240191672,1.7973474703264372,0.1502,1.37,1.8944999999999996,0.50725,0.6939316666666668,1.0,0.0,0.0,False
glimepiride,CCC1=C(C)CN(C(=O)NCCc2ccc(S(=O)(=O)NC(=O)N[C@H]3CC[C@H](C)CC3)cc2)C1=O,1.0,0.0863851839148358,0.0117537264991795,0.0227,3.12,3.0740000000000016,0.6234000000000001,0.8177100000000005,1.0,0.0,0.0,False
vinorelbine,CCC1=C[C@@H]2CN(C1)Cc1c([nH]c3ccccc13)[C@@](C(=O)OC)(c1cc3c(cc1OC)N(C)[C@H]1[C@@](O)(C(=O)OC)[C@H](OC(C)=O)[C@]4(CC)C=CCN5CC[C@]31[C@@H]54)C2,138.4,0.13811661739269468,0.21012102749967532,0.0144,5.286,4.753600000000004,0.66935,1.2982449999999999,0.0,0.0,0.0,False
rofecoxib,CS(=O)(=O)c1ccc(C2=C(c3ccccc3)C(=O)OC2)cc1,25.0,0.2016307268250551,0.2859689854058164,0.0412,1.487,2.5577000000000005,0.30219999999999997,0.5239366666666668,0.0,0.0,0.0,False
valsartan,CCCCC(=O)N(Cc1ccc(-c2ccccc2-c2nn[nH]n2)cc1)[C@H](C(=O)O)C(C)C,80.0,1.6928832210167362,0.7858961913188424,0.0066,3.995,4.161700000000002,0.56035,0.7258800000000002,1.0,0.0,0.0,False
levothyroxine (l-t4),N[C@@H](Cc1cc(I)c(Oc2cc(I)c(O)c(I)c2)c(I)c1)C(=O)O,0.6,0.07515562520530315,0.003986203064677972,0.0094,5.386,4.5573000000000015,0.4639000000000001,1.2947866666666668,1.0,0.0,0.0,False
isavuconazole,C[C@@H](c1nc(-c2ccc(C#N)cc2)cs1)[C@](O)(Cn1cncn1)c1cc(F)ccc1F,400.0,3.8000000000000003,0.7532869858576292,0.0184,4.087,4.242980000000002,0.43809999999999993,0.7291250000000001,0.0,0.0,0.0,False
clindamycin,CCC[C@@H]1C[C@@H](C(=O)N[C@@H]([C@H]2O[C@H](SC)[C@H](O)[C@@H](O)[C@H]2O)[C@H](C)Cl)N(C)C1,600.0,5.530913125334731,6.197585965854632,0.2071,0.438,0.3895000000000004,0.5113,0.7083183333333335,0.0,0.0,0.0,False
telaprevir,CCC[C@H](NC(=O)[C@@H]1[C@H]2CCC[C@H]2CN1C(=O)[C@@H](NC(=O)[C@@H](NC(=O)c1cnccn1)C1CCCCC1)C(C)(C)C)C(=O)C(=O)NC1CC1,500.0,0.21260526804385635,1.8940338191960118,0.1052,3.666,2.4459000000000035,0.8978,1.1331049999999998,0.0,1.0,0.0,False
perindoprilat,CCC[C@H](N[C@@H](C)C(=O)N1[C@H](C(=O)O)C[C@@H]2CCCC[C@@H]21)C(=O)O,4.0,0.004015096511915997,0.04637815506832193,0.2326,0.757,1.4621,0.5347000000000001,0.5673666666666668,1.0,0.0,0.0,False
perindopril,CCC[C@H](N[C@@H](C)C(=O)N1[C@H](C(=O)O)C[C@@H]2CCCC[C@@H]21)C(=O)OCC,4.0,0.07403645048217804,0.025473639294356407,0.1811,1.197,1.940599999999999,0.47970000000000007,0.6141233333333336,1.0,0.0,0.0,False
fosfomycin,C[C@@H]1O[C@@H]1P(=O)(O)O,3000.0,24.17105707245755,35.419120402195965,0.6785,0.051,-0.09110000000000007,0.3503,0.23009833333333332,0.0,0.0,0.0,False
olmesartan,CCCc1nc(C(C)(C)O)c(C(=O)O)n1Cc1ccc(-c2ccccc2-c2nnn[nH]2)cc1,20.0,0.45541739097228157,0.3149016592910033,0.013,3.516,3.656600000000002,0.64905,0.7441850000000001,1.0,0.0,0.0,False
galantamine,COc1ccc2c3c1O[C@H]1C[C@@H](O)C=C[C@@]31CCN(C)C2,8.0,0.045620170977320997,0.029988757836616045,0.3445,0.828,1.8503,0.20965,0.47893166666666676,0.0,0.0,0.0,False
telmisartan,CCCc1nc2c(C)cc(-c3nc4ccccc4n3C)cc2n1Cc1ccc(-c2ccccc2C(=O)O)cc1,80.0,0.40814219335912827,0.3991839401243546,0.0053,3.59,7.2644200000000065,0.36469999999999997,0.8577150000000006,1.0,0.0,0.0,False
niraparib,NC(=O)c1cccc2cn(-c3ccc([C@@H]4CCCNC4)cc3)nc12,300.0,1.010296491135152,2.959515569664673,0.1023,1.547,2.591400000000001,0.36469999999999997,0.5339933333333333,0.0,1.0,0.0,False
rivastigmine,CCN(C)C(=O)Oc1cccc([C@H](C)N(C)C)c1,6.0,0.03088418041651746,0.03602802626697995,0.2184,1.365,2.7597000000000014,0.16390000000000002,0.41723666666666664,0.0,0.0,0.0,False
cenobamate,NC(=O)O[C@@H](Cn1ncnn1)c1ccccc1Cl,400.0,10.424250572583142,5.285757392263144,0.3639,0.43,1.1630999999999994,0.4796000000000001,0.4461266666666667,0.0,0.0,0.0,False
solriamfetol,NC(=O)OC[C@H](N)Cc1ccccc1,300.0,1.756917755616352,2.6925994719333977,0.5528,0.179,0.6517000000000001,0.3917,0.3237233333333334,0.0,1.0,0.0,False
isoniazid,NNC(=O)c1ccncc1,300.0,5.159651150998485,2.819184629762335,0.3684,0.036,-0.3149000000000006,0.34004999999999996,0.22857,0.0,1.0,0.0,False
propafenone,CCCNCC(O)COc1ccccc1C(=O)CCc1ccccc1,300.0,0.1477883689604835,1.453451176559003,0.0553,2.343,3.2414000000000023,0.29279999999999995,0.5690850000000002,0.0,1.0,0.0,False
alendronic acid (alendronate),NCCCC(O)(P(=O)(O)O)P(=O)(O)O,70.0,0.03841796975374935,0.367557551514574,0.3773,0.018,-1.2731999999999999,0.8065499999999999,0.41516000000000003,0.0,1.0,0.0,False
udenafil,CCCOc1ccc(S(=O)(=O)NCCC2CCCN2C)cc1-c1nc(=O)c2c([nH]1)c(CCC)nn2C,100.0,0.325521919384855,0.5182152122989974,0.1453,2.995,2.8275000000000006,0.6110499999999999,0.861113333333334,1.0,0.0,0.0,False
gabapentin,NCC1(CC(=O)O)CCCCC1,400.0,3.850454518625041,4.267778581832034,0.7195,0.331,1.3702999999999994,0.31660000000000005,0.2853999999999999,1.0,0.0,0.0,True
baclofen,NCC(CC(=O)O)c1ccc(Cl)cc1,10.0,0.14629422408283932,0.11546655564631896,0.1903,0.617,1.857,0.31660000000000005,0.3561066666666666,1.0,0.0,0.0,False
vemurafenib,CCCS(=O)(=O)Nc1ccc(F)c(C(=O)c2c[nH]c3ncc(-c4ccc(Cl)cc4)cc23)c1F,960.0,4.224926034855522,6.211943402800372,0.0036,4.921,5.544200000000004,0.4596,0.8165516666666668,1.0,0.0,0.0,False
methocarbamol,COc1ccccc1OCC(O)COC(N)=O,1500.0,23.00338888077146,9.21465496185006,0.4685,0.203,0.5302000000000002,0.45504999999999995,0.40207166666666655,0.0,0.0,0.0,False
omeprazole,COc1ccc2nc([S+]([O-])Cc3ncc(C)c(OC)c3C)[nH]c2c1,40.0,0.9099287812790624,0.786149881636234,0.0435,1.992,2.8997400000000004,0.41545000000000004,0.5757066666666668,0.0,1.0,0.0,False
6-methoxy-2-naphthylacetic acid,COc1ccc2cc(CC(=O)O)ccc2c1,1000.0,22.394418947586026,30.65365597223293,0.0299,1.0,2.4755000000000003,0.23265,0.36039333333333334,1.0,0.0,0.0,False
fluocortolone,C[C@@H]1C[C@H]2[C@@H]3C[C@H](F)C4=CC(=O)C=C[C@]4(C)[C@H]3[C@@H](O)C[C@]2(C)[C@H]1C(=O)CO,20.0,0.18608062768595773,0.15235076339942286,0.121,1.889,2.6367000000000016,0.373,0.6274466666666669,0.0,0.0,0.0,False
dihydrocodeine,COc1ccc2c3c1O[C@H]1[C@@H](O)CC[C@H]4[C@@H](C2)N(C)CC[C@@]341,20.0,0.05920346020293071,0.06500510780820859,0.4953,0.795,1.7251,0.20965,0.5023100000000001,0.0,0.0,0.0,False
guanabenz,NC(N)=NN=Cc1c(Cl)cccc1Cl,16.0,0.0025455844122715707,0.07981070726585592,0.3338,0.536,1.6007000000000005,0.38380000000000003,0.38514333333333334,0.0,1.0,0.0,False
zopiclone,CN1CCN(C(=O)OC2c3nccnc3C(=O)N2c2ccc(Cl)cn2)CC1,7.5,0.04964373072201563,0.09036656029288885,0.1345,0.991,1.5679999999999998,0.45879999999999993,0.6480250000000002,0.0,1.0,0.0,False
alosetron,Cc1[nH]cnc1CN1CCc2c(c3ccccc3n2C)C1=O,1.0,0.0059368762830296585,0.0059412464993121175,0.2316,1.263,2.4083200000000007,0.2696,0.4905966666666668,0.0,1.0,0.0,True
cyclizine,CN1CCN(C(c2ccccc2)c2ccccc2)CC1,50.0,0.017476904760282942,0.19132780129871646,0.1265,1.686,3.0234000000000014,0.032400000000000005,0.44398000000000004,0.0,0.0,0.0,False
clozapine,CN1CCN(C2=Nc3cc(Cl)ccc3Nc3ccccc32)CC1,10.0,0.029267319658622656,0.05939899280483315,0.0696,2.8,3.7227000000000023,0.15435,0.5447183333333335,0.0,1.0,0.0,True
finerenone,CCOc1ncc(C)c2c1[C@H](c1ccc(C#N)cc1OC)C(C(N)=O)=C(C)N2,5.0,0.043501724103763996,0.06328849970834197,0.0651,2.282,2.9856999999999996,0.5512999999999999,0.6307200000000003,0.0,1.0,0.0,False
eplerenone,COC(=O)[C@@H]1CC2=CC(=O)CC[C@]2(C)[C@@]23O[C@@H]2C[C@@]2(C)[C@@H](CC[C@@]24CCC(=O)O4)[C@H]13,100.0,1.7573736085420197,0.8531841455256557,0.0665,2.671,3.124500000000002,0.41100000000000003,0.6908300000000005,0.0,0.0,0.0,False
torasemide,Cc1cccc(Nc2ccncc2S(=O)(=O)NC(=O)NC(C)C)c1,10.0,1.2793146602771346,0.059685572829409346,0.0368,1.63,2.5299199999999997,0.50095,0.5807133333333335,1.0,0.0,0.0,False
entrectinib,CN1CCN(c2ccc(C(=O)Nc3n[nH]c4ccc(Cc5cc(F)cc(F)c5)cc34)c(NC3CCOCC3)c2)CC1,600.0,1.2416799211552065,0.3289263432924766,0.0197,5.066,5.026900000000005,0.4276,0.9344150000000002,0.0,1.0,0.0,False
mianserin,CN1CCN2c3ccccc3Cc3ccccc3C2C1,60.0,0.06273814788468018,0.1879081364839203,0.1217,1.735,3.0839000000000016,0.032400000000000005,0.44062,0.0,0.0,0.0,False
mexiletine,Cc1cccc(C)c1OCC(C)N,400.0,0.820121942152507,1.3884315635019455,0.4092,0.614,2.0294399999999997,0.17625,0.2987716666666666,0.0,1.0,0.0,False
bazedoxifene,Cc1c(-c2ccc(O)cc2)n(Cc2ccc(OCCN3CCCCCC3)cc2)c2ccc(O)cc12,10.0,0.002000000000000001,0.0172783890305227,0.0051,4.612,6.331020000000006,0.2893,0.7843550000000005,1.0,0.0,0.0,False
morphine,CN1CC[C@]23c4c5ccc(O)c4O[C@H]2[C@@H](O)C=C[C@H]3[C@H]1C5,10.0,0.010368606463744294,0.04445121496751157,0.4412,0.48,1.1981,0.26465000000000005,0.47557166666666667,1.0,0.0,0.0,False
pirenzepine,CN1CCN(CC(=O)N2c3ccccc3C(=O)Nc3cccnc32)CC1,50.0,0.043056997108484,0.7615215160830693,0.3434,0.853,1.5593999999999992,0.3439,0.5856833333333336,0.0,1.0,0.0,False
aliskiren,COCCCOc1cc(C[C@@H](C[C@H](N)[C@@H](O)C[C@H](C(=O)NCC(C)(C)C(N)=O)C(C)C)C(C)C)ccc1OC,600.0,0.5418302317146949,2.8285060221391483,0.1243,3.808,3.2935000000000043,0.73065,0.9196150000000006,0.0,1.0,0.0,False
zidovudine,Cc1cn([C@H]2C[C@H](N=[N+]=[N-])[C@@H](CO)O2)c(=O)[nH]c1=O,200.0,1.0295009909660118,2.0286530017010747,0.3716,0.103,-0.19628000000000012,0.6653999999999999,0.44540833333333335,0.0,0.0,0.0,False
diazepam,CN1C(=O)CN=C(c2ccccc2)c2cc(Cl)ccc21,10.0,0.22939485608879726,0.1361482687317554,0.0271,1.915,3.153800000000002,0.16335,0.4745766666666667,0.0,0.0,0.0,True
flunitrazepam,CN1C(=O)CN=C(c2ccccc2F)c2cc([N+](=O)[O-])ccc21,2.0,0.011721262730610553,0.019079046379859743,0.0526,1.472,2.5477000000000007,0.37905,0.5221466666666668,0.0,0.0,0.0,False
piroxicam,CN1C(C(=O)Nc2ccccn2)=C(O)c2ccccc2S1(=O)=O,20.0,2.350106380570888,0.18422699197001424,0.0885,0.801,1.5809999999999997,0.498,0.5522550000000002,0.0,1.0,0.0,False
fluvoxamine,COCCCC/C(=N\OCCN)c1ccc(C(F)(F)F)cc1,100.0,0.0421283752357007,0.2392250582797801,0.2065,2.159,3.201500000000001,0.2842,0.530565,0.0,1.0,0.0,False
estromustine,C[C@]12CC[C@@H]3c4ccc(OC(=O)N(CCCl)CCCl)cc4CC[C@H]3[C@@H]1CC[C@@H]2O,420.0,0.4533982673103196,0.8147048761491237,0.0213,4.749,5.182000000000006,0.24885,0.7340183333333337,0.0,0.0,0.0,False
panobinostat,Cc1[nH]c2ccccc2c1CCNCc1ccc(/C=C/C(=O)NO)cc1,30.0,0.023947860029656105,0.38283564199412856,0.0314,2.49,3.3272200000000014,0.38575000000000004,0.58239,0.0,1.0,0.0,False
nilotinib,Cc1cn(-c2cc(NC(=O)c3ccc(C)c(Nc4nccc(-c5cccnc5)n4)c3)cc(C(F)(F)F)c2)cn1,400.0,0.5460311346434378,0.044108749549018444,0.0066,4.497,6.355840000000005,0.48810000000000003,0.8825433333333335,0.0,1.0,0.0,False
abiraterone,C[C@]12CC[C@H](O)CC1=CC[C@@H]1[C@@H]2CC[C@]2(C)C(c3cccnc3)=CC[C@@H]12,250.0,0.0528339379565824,0.6957545278784776,0.0176,4.489,5.398600000000005,0.16560000000000002,0.5825300000000001,0.0,1.0,0.0,False
lasmiditan,CN1CCC(C(=O)c2cccc(NC(=O)c3c(F)cc(F)cc3F)n2)CC1,50.0,0.05324321553024386,0.2373279712067952,0.0814,2.608,3.2757000000000014,0.3115,0.6289433333333335,0.0,1.0,0.0,False
metolazone,Cc1ccccc1N1C(=O)c2cc(S(N)(=O)=O)c(Cl)cc2NC1C,2.0,0.03260036809608137,0.01905828168393171,0.0539,1.911,2.714120000000001,0.4625,0.6097366666666668,1.0,0.0,0.0,False
nisoldipine,COC(=O)C1=C(C)NC(C)=C(C(=O)OCC(C)C)C1c1ccccc1[N+](=O)[O-],10.0,0.0018334666618185346,0.022407168637811104,0.0426,2.593,3.201800000000002,0.53885,0.6473666666666668,0.0,1.0,0.0,False
pirfenidone,Cc1ccc(=O)n(-c2ccccc2)c1,400.0,11.903780911962384,6.002417256819288,0.0566,0.692,2.1459200000000003,0.11,0.30871000000000004,0.0,0.0,0.0,False
vonoprazan,CNCc1cc(-c2ccccc2F)n(S(=O)(=O)c2cccnc2)c1,1.0,0.0005291502622129182,0.014703399603131802,0.0451,1.729,2.645600000000001,0.31995,0.575665,0.0,1.0,0.0,True
triprolidine,Cc1ccc(/C(=C\CN2CCCC2)c2ccccn2)cc1,2.5,0.006858571279792905,0.0037387209223292877,0.2882,2.711,3.917520000000003,0.08065000000000001,0.46399833333333335,0.0,1.0,0.0,False
suvorexant,Cc1ccc(-n2nccn2)c(C(=O)N2CCN(c3nc4cc(Cl)ccc4o3)CC[C@H]2C)c1,40.0,0.3723128100133006,0.4012575233312041,0.0154,4.04,4.111320000000004,0.40145000000000003,0.7515500000000003,0.0,0.0,0.0,False
pseudoephedrine,CN[C@@H](C)[C@@H](O)c1ccccc1,100.0,0.2867490191787934,0.4966409338518393,0.7045,0.309,1.3278999999999999,0.1613,0.2753933333333333,0.0,1.0,0.0,False
nelfinavir,Cc1c(O)cccc1C(=O)N[C@@H](CSc1ccccc1)[C@H](O)CN1C[C@H]2CCCC[C@H]2C[C@H]1C(=O)NC(C)(C)C,1250.0,3.6573214242119874,0.24897371753286274,0.0161,5.042,4.747620000000004,0.5095000000000001,0.9463266666666671,1.0,0.0,0.0,False
monomethyl fumarate,COC(=O)/C=C/C(=O)O,190.0,1.8040487798283062,8.43231514896797,0.3644,0.041,-0.19980000000000003,0.31800000000000006,0.21683166666666664,1.0,0.0,0.0,False
sertraline,CN[C@H]1CC[C@@H](c2ccc(Cl)c(Cl)c2)c2ccccc21,100.0,0.022465529150233695,0.22303617723670977,0.0117,4.148,5.179600000000004,0.060149999999999995,0.5103933333333334,0.0,1.0,0.0,False
metaxalone,Cc1cc(C)cc(OCC2CNC(=O)O2)c1,800.0,1.738339437509257,5.171699142205719,0.2587,0.603,1.7906399999999998,0.2378,0.36876,0.0,0.0,0.0,True
gemifloxacin,CO/N=C1\CN(c2nc3c(cc2F)c(=O)c(C(=O)O)cn3C2CC2)CC1CN,320.0,1.7333205127730993,2.840962721643578,0.4627,0.62,0.966,0.6152000000000001,0.6489783333333337,1.0,0.0,0.0,False
olanzapine,Cc1cc2c(s1)Nc1ccccc1N=C2N1CCN(C)CC1,5.0,0.007633216884119044,0.024613312196152398,0.0632,2.386,3.4392200000000033,0.15435000000000001,0.5207366666666668,0.0,1.0,0.0,False
ceritinib,Cc1cc(Nc2ncc(Cl)c(=Nc3ccccc3S(=O)(=O)C(C)C)[nH]2)c(OC(C)C)cc1C1CCNCC1,750.0,0.21349941451910354,0.04165897637850214,0.0099,4.864,5.783820000000004,0.5423500000000001,0.9302466666666667,0.0,1.0,0.0,False
isradipine,COC(=O)C1=C(C)NC(C)=C(C(=O)OC(C)C)C1c1cccc2nonc12,10.0,0.009576152672132998,0.056039021072923724,0.0244,1.804,2.5822000000000003,0.5177499999999999,0.6189883333333335,0.0,1.0,0.0,False
daclatasvir,COC(=O)N[C@H](C(=O)N1CCC[C@H]1c1ncc(-c2ccc(-c3ccc(-c4cnc([C@@H]5CCCN5C(=O)[C@@H](NC(=O)OC)C(C)C)[nH]4)cc3)cc2)[nH]1)C(C)C,60.0,1.2607127349241776,0.13560524316434017,0.0088,3.924,6.222000000000006,0.8731999999999998,1.2314833333333335,0.0,1.0,0.0,False
vortioxetine,Cc1ccc(Sc2ccccc2N2CCNCC2)c(C)c1,40.0,0.015257784898208514,0.13391257963381148,0.0552,2.779,3.8642400000000023,0.07635,0.4974250000000002,0.0,1.0,0.0,False
3-methylflavone-8-carboxylic acid (mfca),Cc1c(-c2ccccc2)oc2c(C(=O)O)cccc2c1=O,200.0,11.573223367152297,7.516635459452524,0.0135,2.222,3.4666200000000025,0.33754999999999996,0.46713166666666667,1.0,0.0,0.0,False
nomifensine,CN1Cc2c(N)cccc2C(c2ccccc2)C1,100.0,0.05834106615412511,0.47973918415196776,0.1418,1.385,2.8461000000000016,0.14629999999999999,0.3972233333333333,0.0,1.0,0.0,False
troglitazone,Cc1c(C)c2c(c(C)c1O)CCC(C)(COc1ccc(CC3SC(=O)NC3=O)cc1)O2,400.0,0.9612491872558333,1.4894732566710465,0.0013,4.233,4.374260000000002,0.4243,0.7359150000000002,1.0,0.0,0.0,False
encorafenib,COC(=O)N[C@@H](C)CNc1nccc(-c2cn(C(C)C)nc2-c2cc(Cl)cc(NS(C)(=O)=O)c2F)n1,50.0,0.5167475205552514,0.11590488525714021,0.0343,4.389,3.908400000000002,0.70065,0.9000350000000004,1.0,0.0,0.0,False
tolcapone,Cc1ccc(C(=O)c2cc(O)c(O)c([N+](=O)[O-])c2)cc1,200.0,5.992495306631453,4.981520201038282,0.0237,1.285,2.545420000000002,0.50335,0.4554066666666666,1.0,0.0,0.0,False
imatinib,Cc1ccc(NC(=O)c2ccc(CN3CCN(C)CC3)cc2)cc1Nc1nccc(-c2cccnc2)n1,400.0,1.6214641531652805,0.0494693409563416,0.0423,4.677,4.590320000000004,0.43140000000000006,0.8226916666666669,0.0,1.0,0.0,False
fruquintinib,CNC(=O)c1c(C)oc2cc(Oc3ncnc4cc(OC)c(OC)cc34)ccc12,4.0,0.12332063898634324,0.06946770370372528,0.0152,3.388,3.853520000000003,0.47855000000000003,0.6556650000000003,0.0,1.0,0.0,True
capmatinib,CNC(=O)c1ccc(-c2cnc3ncc(Cc4ccc5ncccc5c4)n3n2)cc1F,200.0,1.480675521510368,2.2544456649677667,0.0247,3.019,3.429000000000002,0.42535000000000006,0.6873800000000001,0.0,1.0,0.0,False
remimazolam,COC(=O)CC[C@@H]1N=C(c2ccccn2)c2cc(Br)ccc2-n2c(C)cnc21,360.0,0.07291481330977954,0.2104203103685387,0.0256,4.04,4.183520000000003,0.34685000000000005,0.7321883333333336,0.0,1.0,0.0,False
grepafloxacin,Cc1c(F)c(N2CCNC(C)C2)cc2c1c(=O)c(C(=O)O)cn2C1CC1,600.0,1.6410667262485095,7.576810322082706,0.191,1.45,2.28022,0.37284999999999996,0.5990016666666669,1.0,0.0,0.0,False
gemfibrozil,Cc1ccc(C)c(OCCCC(C)(C)C(=O)O)c1,900.0,46.21449988910408,13.270387501108011,0.0124,2.16,3.573240000000002,0.23265,0.41722999999999993,1.0,0.0,0.0,False
nortriptyline,CNCCC=C1c2ccccc2CCc2ccccc21,25.0,0.010798333204712669,0.08807952285940959,0.0756,2.515,3.826400000000003,0.060149999999999995,0.43897333333333327,0.0,1.0,0.0,False
nicardipine,COC(=O)C1=C(C)NC(C)=C(C(=O)OCCN(C)Cc2ccccc2)C1c1cccc([N+](=O)[O-])c1,20.0,0.029202739597510373,0.040937670137525625,0.0164,3.762,3.677800000000002,0.5550499999999999,0.7992216666666669,0.0,1.0,0.0,False
atomoxetine,CNCC[C@@H](Oc1ccccc1C)c1ccccc1,25.0,0.22383007349326411,0.07955911601797125,0.0998,2.354,3.7246200000000034,0.10629999999999999,0.42560166666666666,0.0,1.0,0.0,False
nizatidine,CNC(=C[N+](=O)[O-])NCCSCc1csc(CN(C)C)n1,150.0,1.3537296628204614,0.8536900241023244,0.3751,0.652,1.3224999999999998,0.41664999999999996,0.5524450000000002,0.0,1.0,0.0,False
erythromycin,CC[C@H]1OC(=O)[C@H](C)[C@@H](O[C@H]2C[C@@](C)(OC)[C@@H](O)[C@H](C)O2)[C@H](C)[C@@H](O[C@@H]2O[C@H](C)C[C@H](N(C)C)[C@H]2O)[C@](C)(O)C[C@@H](C)C(=O)[C@H](C)[C@@H](O)[C@]1(C)O,250.0,1.5245245160377054,0.5447134881337236,0.1354,3.186,1.785600000000004,0.96955,1.2232283333333338,0.0,0.0,0.0,False
azithromycin,CC[C@H]1OC(=O)[C@H](C)[C@@H](O[C@H]2C[C@@](C)(OC)[C@@H](O)[C@H](C)O2)[C@H](C)[C@@H](O[C@@H]2O[C@H](C)C[C@H](N(C)C)[C@H]2O)[C@](C)(O)C[C@@H](C)CN(C)[C@H](C)[C@@H](O)[C@]1(C)O,500.0,0.40982435261950945,0.7166792231528799,0.1664,3.452,1.9007000000000054,0.9004000000000001,1.2483266666666668,0.0,0.0,0.0,False
pralsetinib,CO[C@]1(C(=O)N[C@@H](C)c2ccc(-n3cc(F)cn3)nc2)CC[C@H](c2nc(C)cc(Nc3cc(C)[nH]n3)n2)CC1,200.0,0.6333340350873305,0.31056227242239565,0.0171,4.604,4.200140000000003,0.67765,0.8893533333333337,0.0,1.0,0.0,False
clarithromycin,CC[C@H]1OC(=O)[C@H](C)[C@@H](O[C@H]2C[C@@](C)(OC)[C@@H](O)[C@H](C)O2)[C@H](C)[C@@H](O[C@@H]2O[C@H](C)C[C@H](N(C)C)[C@H]2O)[C@](C)(OC)C[C@@H](C)C(=O)[C@H](C)[C@@H](O)[C@]1(C)O,250.0,0.8532760397432944,0.6280303426111878,0.1148,4.151,2.439700000000004,0.91455,1.2466066666666669,0.0,0.0,0.0,False
prednisolone,C[C@]12C=CC(=O)C=C1CC[C@@H]1[C@@H]2[C@@H](O)C[C@@]2(C)[C@H]1CC[C@]2(O)C(=O)CO,10.0,0.2598845897701516,0.07754875461360514,0.2469,0.882,1.5575999999999999,0.47415,0.6007500000000003,0.0,0.0,0.0,False
fidaxomicin,CCc1c(Cl)c(O)c(Cl)c(O)c1C(=O)O[C@H]1[C@H](O)[C@H](OC)[C@H](OC/C2=C\C=C\C[C@H](O)/C(C)=C/[C@H](CC)[C@@H](O[C@@H]3OC(C)(C)[C@@H](OC(=O)C(C)C)[C@H](O)[C@@H]3O)/C(C)=C/C(C)=C/C[C@@H]([C@@H](C)O)OC2=O)O[C@@H]1C,200.0,0.006111464636239009,0.028407057581418708,0.0138,2.231,6.23440000000001,1.3333,1.7634199999999998,1.0,0.0,0.0,False
ethionamide,CCc1cc(C(N)=S)ccn1,250.0,2.047574174480622,1.5869986647372896,0.7038,0.295,1.2782,0.19454999999999997,0.2770816666666667,0.0,1.0,0.0,False
triazolam,Cc1nnc2n1-c1ccc(Cl)cc1C(c1ccccc1Cl)=NC2,0.5,0.004302743310958719,0.00280839166920808,0.0975,3.482,4.233520000000002,0.21535,0.5720283333333334,0.0,0.0,0.0,False
dutasteride,C[C@]12C=CC(=O)N[C@@H]1CC[C@@H]1[C@@H]2CC[C@]2(C)[C@@H](C(=O)Nc3cc(C(F)(F)F)ccc3C(F)(F)F)CC[C@@H]12,0.5,0.002811263061330266,0.0016359950072669987,0.0093,4.297,6.576100000000006,0.29100000000000004,0.8808950000000001,0.0,0.0,0.0,False
rifaximin,CO[C@H]1/C=C/O[C@@]2(C)Oc3c(C)c(O)c4c(O)c(c5c(nc6cc(C)ccn65)c4c3C2=O)NC(=O)/C(C)=C\C=C\[C@H](C)[C@H](O)[C@@H](C)[C@@H](O)[C@@H](C)[C@H](OC(C)=O)[C@@H]1C,400.0,0.002847209159861635,1.1396478419294094,0.0065,3.789,6.157840000000009,0.9918999999999998,1.3098183333333338,1.0,0.0,0.0,False
rifapentine,CO[C@H]1/C=C/O[C@@]2(C)Oc3c(C)c(O)c4c(O)c(c(/C=N/N5CCN(C6CCCC6)CC5)c(O)c4c3C2=O)NC(=O)/C(C)=C\C=C\[C@H](C)[C@H](O)[C@@H](C)[C@@H](O)[C@@H](C)[C@H](OC(C)=O)[C@@H]1C,600.0,14.550601362143073,0.03210180560727778,0.0118,4.034,5.6482200000000065,1.1007499999999997,1.4617416666666674,1.0,0.0,0.0,False
etodolac,CCc1cccc2c3c([nH]c12)C(CC)(CC(=O)O)OCC3,200.0,19.584769592721788,3.9337404403164875,0.1155,2.173,3.383000000000002,0.31160000000000004,0.47893166666666676,1.0,0.0,0.0,True
pyrimethamine,CCc1nc(N)nc(N)c1-c1ccc(Cl)cc1,50.0,0.40209110907852713,0.4043752332054378,0.0682,1.163,2.5238000000000005,0.38909999999999995,0.4145283333333334,0.0,1.0,0.0,False
maraviroc,Cc1nnc(C(C)C)n1[C@@H]1C[C@H]2CC[C@@H](C1)N2CC[C@H](NC(=O)C1CCC(F)(F)CC1)c1ccccc1,300.0,0.5045889416148555,0.020301204746916098,0.0115,4.8,5.950920000000006,0.31525000000000003,0.8561283333333337,0.0,0.0,0.0,False
nefazodone,CCc1nn(CCCN2CCN(c3cccc(Cl)c3)CC2)c(=O)n1CCOc1ccccc1,200.0,0.40333608814486216,1.338241372256097,0.0362,3.554,3.5519000000000025,0.27765,0.7833616666666672,0.0,0.0,0.0,False
ripretinib,CCn1c(=O)c(-c2cc(NC(=O)Nc3ccccc3)c(F)cc2Br)cc2cnc(NC)cc21,50.0,0.28999827585694365,0.006727165807462894,0.0053,4.916,5.670700000000004,0.44025000000000003,0.8506116666666669,0.0,1.0,0.0,False
pefloxacin,CCn1cc(C(=O)O)c(=O)c2cc(F)c(N3CCN(C)CC3)cc21,400.0,4.374598267269807,2.0139182767413146,0.3604,0.826,1.6105000000000003,0.3289,0.5556050000000001,1.0,0.0,0.0,False
lomefloxacin,CCn1cc(C(=O)O)c(=O)c2cc(F)c(N3CCNC(C)C3)c(F)c21,100.0,1.0105444077327825,1.4688171103359564,0.2939,1.016,1.7959,0.37285,0.5855883333333334,1.0,0.0,0.0,False
pioglitazone,CCc1ccc(CCOc2ccc(CC3SC(=O)NC3=O)cc2)nc1,15.0,0.5807550774638135,0.128308544680919,0.0092,2.343,3.159600000000001,0.34145,0.5940783333333335,0.0,1.0,0.0,False
brigatinib,COc1cc(N2CCC(N3CCN(C)CC3)CC2)ccc1Nc1ncc(Cl)c(Nc2ccccc2P(C)(C)=O)n1,180.0,0.761054314750268,0.3343235193923938,0.0245,5.107,5.090000000000003,0.4293,0.9735083333333333,0.0,1.0,0.0,False
candesartan,CCOc1nc2cccc(C(=O)O)c2n1Cc1ccc(-c2ccccc2-c2nnn[nH]2)cc1,16.0,0.14445296120190823,0.27930681233367316,0.0084,3.889,4.028600000000002,0.59405,0.7341050000000001,1.0,0.0,0.0,False
cisapride,COc1cc(N)c(Cl)cc1C(=O)N[C@@H]1CCN(CCCOc2ccc(F)cc2)C[C@@H]1OC,20.0,0.06792718159912128,0.08709862737340224,0.0832,3.296,3.358100000000002,0.43024999999999997,0.7765883333333339,0.0,1.0,0.0,False
mycophenolic acid,COc1c(C)c2c(c(O)c1C/C=C(\C)CCC(=O)O)C(=O)OC2,500.0,15.27225791383186,7.733268802108813,0.0236,1.683,2.73322,0.4653000000000001,0.5339016666666667,1.0,0.0,0.0,False
ticlopidine,Clc1ccccc1CN1CCc2sccc2C1,250.0,0.3608545413320997,0.3789379376606248,0.0283,2.667,3.959800000000002,0.016200000000000003,0.439655,0.0,0.0,0.0,False
tizanidine,Clc1ccc2nsnc2c1NC1=NCCN1,8.0,0.00541472067608293,0.07030416786167244,0.1608,0.65,1.7157999999999993,0.311,0.4228633333333333,0.0,1.0,0.0,False
desloratadine,Clc1ccc2c(c1)CCc1cccnc1C2=C1CCNCC1,10.0,0.005079566910672599,0.02285477408455147,0.0744,3.034,4.018900000000002,0.1246,0.5180466666666668,0.0,1.0,0.0,True
methyldopa,C[C@](N)(Cc1ccc(O)c(O)c1)C(=O)O,250.0,1.5020936322346887,5.454100055433728,0.1292,0.157,0.4423000000000001,0.5189,0.35202833333333333,1.0,0.0,0.0,False
estazolam,Clc1ccc2c(c1)C(c1ccccc1)=NCc1nncn1-2,4.0,0.16202966395077167,0.04052100897371734,0.0887,2.097,3.2717000000000027,0.21535,0.4912416666666667,0.0,0.0,0.0,False
zafirlukast,COc1cc(C(=O)NS(=O)(=O)c2ccccc2C)ccc1Cc1cn(C)c2ccc(NC(=O)OC3CCCC3)cc12,20.0,0.597534936217122,0.03215659326573193,0.0132,4.902,5.695920000000005,0.57865,0.9594783333333335,1.0,0.0,0.0,False
pravastatin,CC[C@H](C)C(=O)O[C@H]1C[C@H](O)C=C2C=C[C@H](C)[C@H](CC[C@@H](O)C[C@@H](O)CC(=O)O)[C@H]21,10.0,0.011334284273830444,0.36474577393196383,0.2349,1.953,2.4404000000000003,0.6214500000000001,0.7075566666666671,1.0,0.0,0.0,False
moxifloxacin,COc1c(N2C[C@@H]3CCCN[C@@H]3C2)c(F)cc2c(=O)c(C(=O)O)cn(C3CC3)c12,400.0,2.4999999999999996,4.559307230576985,0.4134,1.751,2.3705000000000007,0.41900000000000004,0.6690633333333337,1.0,0.0,0.0,False
mycophenolate mofetil,COc1c(C)c2c(c(O)c1C/C=C(\C)CCC(=O)OCCN1CCOCC1)C(=O)OC2,500.0,0.002979395911925771,3.926980405993002,0.0444,2.097,2.52402,0.47265000000000007,0.7225016666666672,1.0,0.0,0.0,False
methylergometrine,CC[C@@H](CO)NC(=O)[C@@H]1C=C2c3cccc4[nH]cc(c34)C[C@H]2N(C)C1,0.12,0.0009652460826131336,0.0007802170989711189,0.1513,1.066,1.9247,0.3418,0.565731666666667,0.0,0.0,0.0,False
diphenhydramine,CN(C)CCOC(c1ccccc1)c1ccccc1,25.0,0.034998714262098274,0.044588166153005517,0.1891,1.958,3.3542000000000023,0.06235,0.4256016666666667,0.0,0.0,0.0,False
drospirenone,C[C@]12CCC(=O)C=C1[C@@H]1C[C@@H]1[C@H]1[C@@H]3[C@@H]4C[C@@H]4[C@@]4(CCC(=O)O4)[C@@]3(C)CC[C@@H]12,1.0,0.01131591799192624,0.006061178501820255,0.045,3.708,4.305900000000004,0.21685000000000001,0.6108350000000002,0.0,0.0,0.0,False
febuxostat,Cc1nc(-c2ccc(OCC(C)C)c(C#N)c2)sc1C(=O)O,120.0,4.665049485268082,0.508014429333153,0.0084,2.733,3.723200000000002,0.41605,0.5273033333333333,1.0,0.0,0.0,False
zolmitriptan (311c90),CN(C)CCc1c[nH]c2ccc(C[C@H]3COC(=O)N3)cc12,2.5,0.003541186241925157,0.014904895448101908,0.2538,0.875,1.9229,0.2868,0.47893833333333324,0.0,0.0,0.0,False
dienogest,C[C@]12CCC3=C4CCC(=O)C=C4CC[C@H]3[C@@H]1CC[C@@]2(O)CC#N,2.0,0.05264142855204444,0.013932864827081696,0.118,2.831,3.8371800000000027,0.30545,0.5190416666666667,0.0,0.0,0.0,False
omadacycline,CN(C)c1cc(CNCC(C)(C)C)c(O)c2c1C[C@H]1C[C@H]3[C@H](N(C)C)C(O)=C(C(N)=O)C(=O)[C@@]3(O)C(O)=C1C2=O,300.0,0.5305657357952924,2.33076153025567,0.1,1.517,1.3223000000000011,0.8832999999999999,0.9277666666666672,1.0,0.0,0.0,False
minocycline,CN(C)c1ccc(O)c2c1C[C@H]1C[C@H]3[C@H](N(C)C)C(O)=C(C(N)=O)C(=O)[C@@]3(O)C(O)=C1C2=O,100.0,1.1128549321452461,1.5839911008934089,0.1083,0.423,0.1866000000000017,0.8231499999999999,0.7624716666666671,1.0,0.0,0.0,False
rupatadine,Cc1cncc(CN2CCC(=C3c4ccc(Cl)cc4CCc4cccnc43)CC2)c1,40.0,0.017812214909999267,0.0030432505397725894,0.0106,4.778,5.6349200000000055,0.1451,0.6932800000000005,0.0,1.0,0.0,False
metoprolol,COCCc1ccc(OCC(O)CNC(C)C)cc1,50.0,0.0742874148157008,0.05421496696820429,0.736,0.633,1.6132,0.2536,0.44561499999999993,0.0,1.0,1.0,True
nimodipine,COCCOC(=O)C1=C(C)NC(C)=C(C(=O)OC(C)C)C1c1cccc([N+](=O)[O-])c1,60.0,0.033270557554690904,0.1776340246178711,0.0273,2.516,2.9708000000000014,0.585,0.6974100000000002,0.0,1.0,0.0,False
"dofetilide (uk-68,798)",CN(CCOc1ccc(NS(C)(=O)=O)cc1)CCc1ccc(NS(C)(=O)=O)cc1,0.5,0.0019590814173994914,0.002907840573253257,0.1718,1.576,1.9828999999999997,0.52405,0.7359583333333336,1.0,0.0,0.0,False
cinoxacin,CCn1nc(C(=O)O)c(=O)c2cc3c(cc21)OCO3,500.0,15.688530842625129,23.209375028444168,0.2014,0.31,0.8432999999999997,0.45325000000000004,0.4370349999999999,1.0,0.0,0.0,False
rifampicin,CO[C@H]1/C=C/O[C@@]2(C)Oc3c(C)c(O)c4c(O)c(c(/C=N/N5CCN(C)CC5)c(O)c4c3C2=O)NC(=O)/C(C)=C\C=C\[C@H](C)[C@H](O)[C@@H](C)[C@@H](O)[C@@H](C)[C@H](OC(C)=O)[C@@H]1C,600.0,11.529223737962587,0.16446994914665214,0.024,5.477,4.335420000000004,1.1007499999999997,1.3715883333333339,1.0,0.0,0.0,False
loperamide,CN(C)C(=O)C(CCN1CCC(O)(c2ccc(Cl)cc2)CC1)(c1ccccc1)c1ccccc1,8.0,0.0015927962832703996,0.013348082998944216,0.0467,4.844,5.088000000000005,0.2189,0.7950800000000003,0.0,0.0,1.0,False
midostaurin,CO[C@@H]1[C@H](N(C)C(=O)c2ccccc2)C[C@H]2O[C@]1(C)n1c3ccccc3c3c4c(c5c6ccccc6n2c5c31)C(=O)NC4,50.0,1.6030375931961172,0.175081101952406,0.0042,4.774,5.906800000000007,0.38864999999999994,0.951081666666667,0.0,0.0,0.0,False
hydrocortisone,C[C@]12CCC(=O)C=C1CC[C@@H]1[C@@H]2[C@@H](O)C[C@@]2(C)[C@H]1CC[C@]2(O)C(=O)CO,10.0,0.18661457606521525,0.14501390518948037,0.1893,1.048,1.7815999999999996,0.47415,0.6041100000000003,0.0,0.0,0.0,False
medifoxamine,CN(C)CC(Oc1ccccc1)Oc1ccccc1,500.0,0.7088501886858747,1.6532109083568485,0.1463,1.648,3.0321000000000016,0.10850000000000001,0.42888833333333326,0.0,0.0,0.0,False
doxylamine,CN(C)CCOC(C)(c1ccccc1)c1ccccn1,25.0,0.1215138309000255,0.09432041461082867,0.2684,1.61,2.923300000000001,0.1268,0.45062666666666673,0.0,1.0,0.0,False
cerivastatin,COCc1c(C(C)C)nc(C(C)C)c(/C=C/[C@@H](O)C[C@@H](O)CC(=O)O)c1-c1ccc(F)cc1,0.3,0.003624224054884025,0.0020066401246122637,0.0123,4.69,4.8807000000000045,0.49940000000000007,0.7659300000000003,1.0,0.0,0.0,False
secnidazole,Cc1ncc([N+](=O)[O-])n1CC(C)O,2000.0,41.02056801166945,30.881910188744293,0.2434,0.141,0.4805199999999999,0.40595,0.30863833333333335,0.0,0.0,0.0,False
lemborexant,Cc1ncc(OC[C@@]2(c3cccc(F)c3)C[C@H]2C(=O)Nc2ccc(F)cn2)c(C)n1,10.0,0.035687532837112734,0.04455961567005101,0.035,3.373,3.742040000000002,0.385,0.6840400000000002,0.0,1.0,0.0,False
paliperidone,Cc1nc2n(c(=O)c1CCN1CCC(c3noc4cc(F)ccc34)CC1)CCCC2O,1.0,0.007949150898051942,0.008484678639667544,0.0651,2.698,3.081320000000002,0.42195,0.7108200000000005,0.0,1.0,0.0,False
risperidone,Cc1nc2n(c(=O)c1CCN1CCC(c3noc4cc(F)ccc34)CC1)CCCC2,2.0,0.01975276183220969,0.0060920021190628984,0.0798,3.197,3.5904200000000026,0.3208,0.6841550000000005,0.0,1.0,1.0,False
benzydamine,CN(C)CCCOc1nn(Cc2ccccc2)c2ccccc12,50.0,0.5006136234662417,0.2905200953851475,0.1451,2.341,3.4151000000000016,0.15145,0.5156883333333333,0.0,0.0,0.0,False
escitalopram,CN(C)CCC[C@@]1(c2ccc(F)cc2)OCc2cc(C#N)ccc21,10.0,0.011180697652651202,0.029055403922507033,0.2783,2.888,3.812980000000003,0.1813,0.5406650000000001,0.0,0.0,0.0,False
2-pyridylacetic acid,O=C(O)Cc1ccccn1,16.0,0.4918190897067743,0.588427318930229,0.3271,0.139,0.7087000000000001,0.25095,0.22856333333333329,1.0,0.0,0.0,False
tacrolimus,C=CC[C@@H]1/C=C(\C)C[C@H](C)C[C@H](OC)[C@H]2O[C@@](O)(C(=O)C(=O)N3CCCC[C@H]3C(=O)O[C@H](/C(C)=C/[C@@H]3CC[C@@H](O)[C@H](OC)C3)[C@H](C)[C@@H](O)CC1=O)[C@H](C)C[C@@H]2OC,5.0,0.03325782013301534,0.010308626516228287,0.0419,5.331,4.639000000000004,0.8917999999999998,1.3400516666666669,0.0,0.0,0.0,False
allopurinol,Oc1ncnc2[nH]ncc12,200.0,2.064663943599539,3.4673379088997174,0.292,0.062,0.058499999999999885,0.37345,0.22685666666666668,0.0,1.0,0.0,False
zanubrutinib,C=CC(=O)N1CCC([C@@H]2CCNc3c(C(N)=O)c(-c4ccc(Oc5ccccc5)cc4)nn32)CC1,320.0,0.5100470566526191,0.88436984928687,0.0341,4.272,4.222600000000003,0.5124000000000001,0.7859350000000004,0.0,1.0,0.0,False
nalbuphine,Oc1ccc2c3c1O[C@H]1[C@@H](O)CC[C@@]4(O)[C@@H](C2)N(CC2CCC2)CC[C@]314,45.0,0.012820354909283908,0.23267668654013268,0.2376,0.975,1.7072999999999998,0.36579999999999996,0.5957500000000004,1.0,0.0,0.0,False
ketoprofen,CC(C(=O)O)c1cccc(C(=O)c2ccccc2)c1,100.0,10.395672176439575,3.859570015970356,0.0086,1.703,3.1057000000000015,0.27185,0.42380833333333334,1.0,0.0,0.0,False
oxprenolol,C=CCOc1ccccc1OCC(O)CNC(C)C,80.0,0.45459762427887807,0.24224749885275218,0.4714,0.844,1.9890999999999999,0.2536,0.4422549999999999,0.0,1.0,0.0,False
pimavanserin,CC(C)COc1ccc(CNC(=O)N(Cc2ccc(F)cc2)C2CCN(C)CC2)cc1,100.0,0.05407494798887929,0.1941154522169034,0.1189,4.398,4.6665000000000045,0.22405,0.7126066666666669,0.0,0.0,0.0,False
diclofenac,O=C(O)Cc1ccccc1Nc1c(Cl)cccc1Cl,50.0,1.0138351937075376,0.05138990341590595,0.0088,3.322,4.364100000000001,0.24664999999999998,0.49358833333333335,1.0,0.0,0.0,True
selegiline,C#CCN(C)[C@H](C)Cc1ccccc1,10.0,0.002209977375449805,0.043739670242348774,0.3305,0.718,2.1826,0.016200000000000003,0.31214333333333333,0.0,0.0,0.0,False
acetaminophen (paracetamol),CC(=O)Nc1ccc(O)cc1,1000.0,12.886038956948713,14.244469606393375,0.4727,0.294,1.3505999999999998,0.24664999999999998,0.2519416666666667,1.0,0.0,0.0,True
benoxaprofen,CC(C(=O)O)c1ccc2oc(-c3ccc(Cl)cc3)nc2c1,100.0,13.0,2.0689825219114453,0.0044,3.327,4.336300000000002,0.31665,0.5028816666666667,1.0,0.0,0.0,False
sotorasib,C=CC(=O)N1CCN(c2nc(=O)n(-c3c(C)ccnc3C(C)C)c3nc(-c4c(O)cccc4F)c(F)cc23)[C@@H](C)C1,960.0,6.30987321584198,0.0793310500004181,0.0262,4.915,4.4814200000000035,0.5222500000000001,0.9343416666666668,0.0,1.0,0.0,False
daprodustat,O=C(O)CNC(=O)C1C(=O)N(C2CCCCC2)C(=O)N(C2CCCCC2)C1=O,100.0,2.25984291489475,4.4396415046644195,0.1786,0.799,1.2595999999999992,0.6204500000000001,0.6557333333333337,1.0,0.0,0.0,False
lomitapide,O=C(NC1CCN(CCCCC2(C(=O)NCC(F)(F)F)c3ccccc3-c3ccccc32)CC1)c1ccccc1-c1ccc(C(F)(F)F)cc1,60.0,0.00690416540937426,0.006303518774118808,0.007,1.47,8.382100000000005,0.30720000000000003,1.1562200000000005,0.0,0.0,0.0,False
lasofoxifene,Oc1ccc2c(c1)CC[C@H](c1ccccc1)[C@@H]2c1ccc(OCCN2CCCC2)cc1,0.25,0.0001933907960581374,0.0005249541032731436,0.0073,4.778,5.728700000000006,0.1635,0.6892683333333339,1.0,0.0,0.0,False
mitapivat,O=C(c1ccc(NS(=O)(=O)c2cccc3cccnc23)cc1)N1CCN(CC2CC2)CC1,120.0,2.372030775517046,0.49532987354081603,0.0406,3.005,3.203400000000001,0.4130499999999999,0.7509400000000006,1.0,0.0,0.0,False
oxaprozin,O=C(O)CCc1nc(-c2ccccc2)c(-c2ccccc2)o1,1200.0,90.77444574328173,17.763604234763704,0.0036,2.929,4.025800000000003,0.31665,0.4888700000000001,1.0,0.0,0.0,False
bisoprolol,CC(C)NCC(O)COc1ccc(COCCOC(C)C)cc1,10.0,0.03631418455645121,0.02875606716118669,0.4077,1.367,2.3659,0.29975,0.542415,0.0,1.0,0.0,False
raloxifene,O=C(c1ccc(OCCN2CCCCC2)cc1)c1c(-c2ccc(O)cc2)sc2cc(O)ccc12,60.0,0.00030463092423455615,0.009242920061620178,0.0048,4.754,6.075200000000007,0.35,0.7893233333333335,1.0,0.0,0.0,False
flutamide,CC(C)C(=O)Nc1ccc([N+](=O)[O-])c(C(F)(F)F)c1,250.0,0.028301943396169812,5.428474820572482,0.0695,1.924,3.2081000000000017,0.36119999999999997,0.4603566666666666,0.0,0.0,0.0,True
ceftibuten (7432-s),Nc1nc(/C(=C/CC(=O)O)C(=O)N[C@@H]2C(=O)N3C(C(=O)O)=CCS[C@H]23)cs1,200.0,10.689246933250253,3.448440004709932,0.1922,0.268,-0.0481999999999998,0.8146,0.6840550000000002,1.0,0.0,0.0,False
acetylcysteine (n-acetylcysteine),CC(=O)N[C@@H](CS)C(=O)O,600.0,2.801996611346987,27.14688762779161,0.4377,0.033,-0.4945,0.332,0.27199666666666666,1.0,0.0,0.0,False
exemestane,C=C1C[C@@H]2[C@H](CC[C@]3(C)C(=O)CC[C@@H]23)[C@@]2(C)C=CC(=O)C=C12,25.0,0.01285067313412025,0.09902218774332329,0.0539,2.953,4.029500000000003,0.1707,0.4940166666666667,0.0,0.0,0.0,False
ketorolac,O=C(c1ccccc1)c1ccc2n1CCC2C(=O)O,10.0,0.8346256645946134,0.4873456845810562,0.0667,1.014,2.291,0.2965,0.42545499999999997,1.0,0.0,0.0,True
fexofenadine,CC(C)(C(=O)O)c1ccc(C(O)CCCN2CCC(C(O)(c3ccccc3)c3ccccc3)CC2)cc1,60.0,0.20496097189465123,0.002914788910317325,0.1093,4.941,5.510500000000006,0.405,0.8361116666666669,1.0,0.0,0.0,False
sertindole,O=C1NCCN1CCN1CCC(c2cn(-c3ccc(F)cc3)c3ccc(Cl)cc23)CC1,4.0,0.0024722459424579924,0.016172617568637217,0.0595,4.439,4.627600000000004,0.20255000000000004,0.734916666666667,0.0,0.0,0.0,False
fosinoprilat,O=C(O)[C@@H]1C[C@@H](C2CCCCC2)CN1C(=O)CP(=O)(O)CCCCc1ccccc1,10.0,0.15500129031721,0.051938383213520706,0.0393,3.994,4.161700000000003,0.47455,0.7258350000000003,1.0,0.0,0.0,False
atenolol,CC(C)NCC(O)COc1ccc(CC(N)=O)cc1,50.0,0.3192616481821768,0.2647327847583964,0.5993,0.213,0.45210000000000006,0.42289999999999994,0.4439016666666666,0.0,1.0,0.0,True
carebastine,CC(C)(C(=O)O)c1ccc(C(=O)CCCN2CCC(OC(c3ccccc3)c3ccccc3)CC2)cc1,20.0,0.11883337494155417,0.0016284320905860863,0.0174,4.608,6.282300000000006,0.3342,0.8327516666666669,1.0,0.0,0.0,False
lenacapavir,CC(C)(C#Cc1ccc(-c2ccc(Cl)c3c(NS(C)(=O)=O)nn(CC(F)(F)F)c23)c([C@H](Cc2cc(F)cc(F)c2)NC(=O)Cn2nc(C(F)(F)F)c3c2C(F)(F)[C@@H]2C[C@H]32)n1)S(C)(=O)=O,300.0,0.02147044480209947,0.09561390391200023,0.0103,1.103,7.662800000000007,0.7897,1.6138266666666667,1.0,0.0,0.0,False
nebivolol,OC(CNCC(O)C1CCc2cc(F)ccc2O1)C1CCc2cc(F)ccc2O1,5.0,0.0015194735930578076,0.022563513315590263,0.293,1.766,2.363600000000001,0.35475,0.6757350000000002,0.0,1.0,0.0,False
levocetirizine,O=C(O)COCCN1CCN([C@H](c2ccccc2)c2ccc(Cl)cc2)CC1,5.0,0.22355451214413008,0.0396953474387659,0.0568,2.534,3.148200000000002,0.26505,0.6481583333333337,1.0,0.0,0.0,False
riluzole,Nc1nc2ccc(OC(F)(F)F)cc2s1,100.0,0.36978372057190406,0.6338645372472503,0.0435,1.307,2.7771,0.2407,0.39033666666666655,0.0,1.0,0.0,False
cetirizine,O=C(O)COCCN1CCN(C(c2ccccc2)c2ccc(Cl)cc2)CC1,20.0,0.5759340239992772,0.15878138975506356,0.0568,2.534,3.148200000000002,0.26505,0.6481583333333337,1.0,0.0,0.0,True
adefovir,Nc1ncnc2c1ncn2CCOCP(=O)(O)O,10.0,0.023883048381645094,0.08065452389596024,0.3455,0.079,-0.4397000000000001,0.6819000000000002,0.45531499999999986,0.0,1.0,0.0,False
megestrol acetate,CC(=O)O[C@]1(C(C)=O)CC[C@H]2[C@@H]3C=C(C)C4=CC(=O)CC[C@]4(C)[C@H]3CC[C@@]21C,800.0,0.19679354664215998,6.6237724331400285,0.0379,4.081,4.575300000000005,0.3022,0.6408600000000004,0.0,0.0,0.0,False
Vadadustat,O=C(O)CNC(=O)c1ncc(-c2cccc(Cl)c2)cc1O,450.0,49.697082409332644,21.23965380566057,0.0356,0.942,1.9219999999999993,0.49760000000000004,0.511175,1.0,0.0,0.0,False
anagrelide,O=C1CN2Cc3c(ccc(Cl)c3Cl)N=C2N1,2.0,0.01131763226121083,0.02851301395788314,0.2119,0.776,1.9263000000000001,0.2235,0.42682,0.0,0.0,0.0,False
lamotrigine,Nc1nnc(-c2cccc(Cl)c2Cl)c(N)n1,200.0,2.6755560169803956,1.3559750558281811,0.2694,0.827,2.0098,0.45354999999999995,0.4268266666666666,0.0,1.0,0.0,False
didanosine,O=c1nc[nH]c2c1ncn2[C@H]1CC[C@@H](CO)O1,375.0,2.247696153842863,4.607319180705949,0.3533,0.083,-0.21050000000000008,0.46515,0.3937183333333332,0.0,0.0,0.0,False
venetoclax,CC1(C)CCC(CN2CCN(c3ccc(C(=O)NS(=O)(=O)c4ccc(NCC5CCOCC5)c([N+](=O)[O-])c4)c(Oc4cnc5[nH]ccc5c4)c3)CC2)=C(c2ccc(Cl)cc2)C1,100.0,0.17262676501632068,0.0890064103282741,0.0094,0.693,8.659900000000006,0.86015,1.4474283333333333,1.0,0.0,0.0,False
naloxegol,C=CCN1CC[C@]23c4c5ccc(O)c4O[C@H]2[C@@H](OCCOCCOCCOCCOCCOCCOCCOC)CC[C@@]3(O)[C@H]1C5,25.0,0.03994921776455705,0.09987702820719227,0.2544,2.706,1.8635000000000028,0.6338500000000002,1.086323333333334,1.0,0.0,0.0,False
aceclofenac,O=C(O)COC(=O)Cc1ccccc1Nc1c(Cl)cccc1Cl,100.0,9.572585857541313,0.2705719024365309,0.0118,3.19,3.907300000000002,0.37815,0.5903150000000001,1.0,0.0,0.0,False
palovarotene,CC1(C)CCC(C)(C)c2cc(Cn3cccn3)c(/C=C/c3ccc(C(=O)O)cc3)cc21,10.0,0.0790771774913597,0.04637239078082906,0.003,4.718,6.149000000000006,0.2756,0.6909150000000003,1.0,0.0,0.0,False
trazodone,O=c1n(CCCN2CCN(c3cccc(Cl)c3)CC2)nc2ccccn12,50.0,0.8612792810697352,0.6463181697562213,0.073,1.588,2.3617,0.2289,0.6197866666666669,0.0,0.0,0.0,True
desalkylflurazepam,O=C1CN=C(c2ccccc2F)c2cc(Cl)ccc2N1,30.0,0.028270302439132144,0.36901298693742873,0.0994,2.058,3.268600000000002,0.2073,0.48118166666666656,0.0,0.0,0.0,False
desmethyldiazepam,O=C1CN=C(c2ccccc2)c2cc(Cl)ccc2N1,15.0,0.2616772821625905,0.21349153035229118,0.0476,1.814,3.129500000000001,0.2073,0.4511983333333332,0.0,0.0,0.0,False
rebamipide,O=C(NC(Cc1cc(=O)[nH]c2ccccc12)C(=O)O)c1ccc(Cl)cc1,100.0,0.21836901863588618,3.5299644585775916,0.0207,1.827,2.6071999999999997,0.4963,0.6179866666666667,1.0,0.0,0.0,False
dihydro-alpha-ergocryptine (alpha-dihydroergocryptine),CC(C)C[C@H]1C(=O)N2CCC[C@H]2[C@]2(O)O[C@](NC(=O)[C@@H]3C[C@@H]4c5cccc6[nH]cc(c56)C[C@H]4N(C)C3)(C(C)C)C(=O)N12,20.0,0.00026981475126464126,0.04564707444169039,0.106,3.032,2.5206,0.59105,0.962876666666667,0.0,0.0,0.0,False
mobocertinib,C=CC(=O)Nc1cc(Nc2ncc(C(=O)OC(C)C)c(-c3cn(C)c4ccccc34)n2)c(OC)cc1N(C)CCN(C)C,160.0,0.05440349253494669,0.07648881968159464,0.0181,5.111,5.075000000000005,0.5692499999999999,0.9761816666666666,0.0,1.0,0.0,False
amoxicillin,CC1(C)S[C@@H]2[C@H](NC(=O)[C@H](N)c3ccc(O)cc3)C(=O)N2[C@H]1C(=O)O,3000.0,27.733733971465142,41.894861403131905,0.289,0.229,0.023700000000000443,0.6648000000000001,0.6090183333333336,1.0,0.0,0.0,False
belumosudil,CC(C)NC(=O)COc1cccc(-c2nc(Nc3ccc4[nH]ncc4c3)c3ccccc3n2)c1,200.0,1.829562789302406,0.06089090472741708,0.0114,4.625,4.820100000000003,0.5241,0.754196666666667,0.0,1.0,0.0,False
proguanil,CC(C)NC(=N)NC(=N)Nc1ccc(Cl)cc1,200.0,0.1881781071219498,0.9843944186415112,0.2701,0.95,2.209039999999999,0.41895000000000004,0.422895,0.0,1.0,0.0,False
flurbiprofen,CC(C(=O)O)c1ccc(-c2ccccc2)c(F)c1,100.0,13.37609808576477,2.905508213774926,0.0107,2.24,3.6808000000000023,0.1865,0.4071083333333333,1.0,0.0,0.0,False
Lazertinib,C=CC(=O)Nc1cc(Nc2nccc(-n3cc(CN(C)C)c(-c4ccccc4)n3)n2)c(OC)cc1N1CCOCC1,240.0,0.3860854265573877,0.44311304519050654,0.0538,4.642,4.104200000000003,0.5483500000000001,0.9244250000000004,0.0,1.0,0.0,False
ganciclovir,Nc1nc2c(ncn2COC(CO)CO)c(=O)[nH]1,900.0,6.3990624313253885,3.6457952178621706,0.486,0.01,-1.970899999999999,0.6964,0.42539,0.0,1.0,0.0,False
cilostazol,O=C1CCc2cc(OCCCCc3nnnn3C3CCCCC3)ccc2N1,100.0,0.6446898479113813,0.6561796072550552,0.0837,2.778,3.4647000000000014,0.40965,0.615781666666667,0.0,0.0,0.0,False
palbociclib,CC(=O)c1c(C)c2cnc(Nc3ccc(N4CCNCC4)cn3)nc2n(C2CCCC2)c1=O,125.0,0.051356012306252904,1.1711612170948669,0.1849,2.699,2.965820000000001,0.5252,0.7459050000000006,0.0,1.0,0.0,False
flibanserin,O=c1[nH]c2ccccc2n1CCN1CCN(c2cccc(C(F)(F)F)c2)CC1,100.0,0.43863971548413166,0.7843018684425764,0.0216,2.569,3.170600000000002,0.22135000000000002,0.6506816666666667,0.0,1.0,0.0,False
aripiprazole,O=C1CCc2ccc(OCCCCN3CCN(c4cccc(Cl)c4Cl)CC3)cc2N1,5.0,0.019648409604850973,0.01943798806400189,0.0488,4.629,4.859300000000005,0.22405,0.7473233333333335,0.0,0.0,0.0,False
cyclacillin,CC1(C)S[C@@H]2[C@H](NC(=O)C3(N)CCCCC3)C(=O)N2[C@H]1C(=O)O,250.0,5.405034689990435,3.235818539132379,0.3641,0.263,0.2797000000000011,0.56365,0.569055,1.0,0.0,0.0,False
mefloquine,OC(c1cc(C(F)(F)F)nc2c(C(F)(F)F)cccc12)C1CCCCN1,750.0,1.1207122735118056,0.029027066942046518,0.0349,3.925,4.447900000000003,0.22575000000000003,0.6305266666666669,0.0,1.0,0.0,False
praziquantel,O=C(C1CCCCC1)N1CC(=O)N2CCc3ccccc3C2C1,1800.0,0.45089724450255847,7.462098916567983,0.2644,1.456,2.5349000000000004,0.20310000000000003,0.5206883333333334,0.0,0.0,0.0,False
selexipag,CC(C)N(CCCCOCC(=O)NS(C)(=O)=O)c1cnc(-c2ccccc2)c(-c2ccccc2)n1,0.4,0.005889312353747255,0.0015265054095959173,0.0258,4.111,3.8980000000000032,0.5074500000000001,0.827721666666667,1.0,0.0,0.0,False
pimozide,O=c1[nH]c2ccccc2n1C1CCN(CCCC(c2ccc(F)cc2)c2ccc(F)cc2)CC1,6.0,0.005007993610219565,0.00764722581855048,0.013,4.831,5.8570000000000055,0.20515,0.7692600000000002,0.0,1.0,0.0,False
naldemedine,CC(C)(NC(=O)C1=C(O)[C@@H]2Oc3c(O)ccc4c3[C@@]23CCN(CC2CC2)[C@H](C4)[C@]3(O)C1)c1nc(-c2ccccc2)no1,0.2,0.003030989937297713,0.0006489591283067072,0.0514,4.146,3.4798000000000027,0.7059000000000001,0.9510766666666673,1.0,0.0,0.0,False
3alpha-hydroxytibolone,C#C[C@]1(O)CC[C@H]2[C@@H]3[C@H](C)CC4=C(CC[C@@H](O)C4)[C@H]3CC[C@@]21C,2.5,0.013760886599343807,0.00614185510008059,0.1297,2.665,3.674400000000003,0.2023,0.5241150000000001,0.0,0.0,0.0,False
bepotastine,O=C(O)CCCN1CCC(OC(c2ccc(Cl)cc2)c2ccccn2)CC1,10.0,0.08861230162906279,0.118257657565916,0.0394,3.708,4.170200000000004,0.31329999999999997,0.6481583333333337,1.0,0.0,0.0,False
tibolone,C#C[C@]1(O)CC[C@H]2[C@@H]3[C@H](C)CC4=C(CCC(=O)C4)[C@H]3CC[C@@]21C,2.5,0.0014696938456699071,0.00877007971424617,0.0947,2.89,3.8826000000000036,0.1865,0.5207550000000001,0.0,0.0,0.0,False
roflumilast,O=C(Nc1c(Cl)cncc1Cl)c1ccc(OC(F)F)c(OCC2CC2)c1,0.5,0.010240849574132025,0.0020972132898863165,0.0101,4.524,5.030900000000003,0.30225,0.6720200000000003,0.0,1.0,0.0,False
oxazepam,O=C1Nc2ccc(Cl)cc2C(c2ccccc2)=NC1O,15.0,0.32419784083179826,0.18704847396850305,0.0384,1.263,2.4479,0.30845,0.47786333333333336,0.0,0.0,0.0,False
sulfasalazine,O=C(O)c1cc(/N=N/c2ccc(S(=O)(=O)Nc3ccccn3)cc2)ccc1O,500.0,4.949060921023301,6.772035694330903,0.0082,3.246,3.7016000000000013,0.70655,0.6640000000000001,1.0,0.0,0.0,False
levonorgestrel,C#C[C@]1(O)CC[C@H]2[C@@H]3CCC4=CC(=O)CC[C@@H]4[C@H]3CC[C@@]21CC,0.75,0.011062025131050824,0.0032791966208949373,0.127,2.89,3.8826000000000036,0.1865,0.5207550000000002,0.0,0.0,0.0,False
roflumilast n-oxide,O=C(Nc1c(Cl)c[n+]([O-])cc1Cl)c1ccc(OC(F)F)c(OCC2CC2)c1,0.5,0.01350111106539013,0.003559309462608672,0.02,4.001,4.269300000000002,0.37250000000000005,0.6986850000000003,0.0,1.0,0.0,False
enasidenib,CC(C)(O)CNc1nc(Nc2ccnc(C(F)(F)F)c2)nc(-c2cccc(C(F)(F)F)n2)n1,50.0,0.4651859843116514,0.09389914113611363,0.0298,4.345,4.292600000000002,0.5437,0.7889683333333335,0.0,1.0,0.0,False
mifepristone,CC#C[C@]1(O)CC[C@H]2[C@@H]3CCC4=CC(=O)CCC4=C3[C@@H](c3ccc(N(C)C)cc3)C[C@@]21C,75.0,1.4391837964624254,1.122221346207381,0.0026,4.779,5.406500000000006,0.2027,0.7160066666666668,0.0,0.0,0.0,False
zalcitabine,Nc1ccn([C@H]2CC[C@@H](CO)O2)c(=O)n1,1.5,0.022561914812355807,0.014114758153747029,0.2805,0.047,-0.5046000000000002,0.45185,0.35203499999999993,0.0,1.0,0.0,False
nadolol,CC(C)(C)NCC(O)COc1cccc2c1C[C@H](O)[C@H](O)C2,80.0,0.14183046217227102,0.3967515777829451,0.459,0.319,0.6347999999999998,0.40975,0.5156766666666667,0.0,1.0,0.0,False
2-hydroxyflutamide,CC(C)(O)C(=O)Nc1ccc([N+](=O)[O-])c(C(F)(F)F)c1,250.0,1.183934119788766,3.587252321947496,0.195,1.185,2.3230000000000004,0.46235,0.48702166666666663,0.0,0.0,0.0,False
tenofovir alafenamide,CC(C)OC(=O)[C@H](C)N[P@](=O)(CO[C@H](C)Cn1cnc2c(N)ncnc21)Oc1ccccc1,25.0,0.27691731256821056,0.0537182370798929,0.0914,2.9,2.9729,0.7173999999999999,0.7941233333333336,0.0,1.0,0.0,False
lurasidone,O=C1[C@@H]2[C@H]3CC[C@H](C3)[C@@H]2C(=O)N1C[C@@H]1CCCC[C@H]1CN1CCN(c2nsc3ccccc23)CC1,40.0,0.05232991496266741,0.2219163931822616,0.0083,4.423,4.255800000000003,0.28375000000000006,0.8211483333333337,0.0,0.0,0.0,False
dabrafenib,CC(C)(C)c1nc(-c2cccc(NS(=O)(=O)c3c(F)cccc3F)c2F)c(-c2ccnc(N)n2)s1,150.0,2.468625771557933,0.18097817197613514,0.0053,4.983,5.364900000000003,0.5543,0.8659566666666669,1.0,0.0,0.0,False
(s)-warfarin,CC(=O)C[C@@H](c1ccccc1)c1c(O)c2ccccc2oc1=O,25.0,1.550677271388215,1.6911205980271147,0.0091,2.553,3.609600000000003,0.33754999999999996,0.5138883333333335,1.0,0.0,0.0,False
ozanimod,CC(C)Oc1ccc(-c2nc(-c3cccc4c3CC[C@@H]4NCCO)no2)cc1C#N,1.0,0.0001643167672515499,0.0030384717964566724,0.0167,3.205,3.631680000000002,0.5209999999999999,0.6741166666666668,0.0,1.0,0.0,False
methadone,CCC(=O)C(CC(C)N(C)C)(c1ccccc1)c1ccccc1,10.0,0.035916569992135945,0.03960782296304179,0.0397,3.329,4.292000000000004,0.10155000000000002,0.5157550000000001,0.0,0.0,0.0,False
terfenadine,CC(C)(C)c1ccc(C(O)CCCN2CCC(C(O)(c3ccccc3)c3ccccc3)CC2)cc1,60.0,0.001754992877478425,0.0747019059332777,0.017,4.532,6.445800000000008,0.21850000000000003,0.7861416666666668,0.0,0.0,0.0,False
d-sotalol ((+)-sotalol),CC(C)NC[C@@H](O)c1ccc(NS(C)(=O)=O)cc1,100.0,0.8533350455711989,0.46001362267990636,0.479,0.411,1.0895000000000001,0.39215000000000005,0.45395,1.0,0.0,0.0,False
indapamide,CC1Cc2ccccc2N1NC(=O)c1ccc(Cl)c(S(N)(=O)=O)c1,5.0,0.24648123660838775,0.06431475133725745,0.1113,1.305,2.0834,0.4625,0.6097366666666667,1.0,0.0,0.0,True
maribavir,CC(C)Nc1nc2cc(Cl)c(Cl)cc2n1[C@H]1O[C@@H](CO)[C@H](O)[C@@H]1O,100.0,3.6167388625666628,0.5304474925496521,0.295,1.097,1.7748999999999993,0.49885000000000007,0.6270666666666668,0.0,1.0,0.0,False
teriflunomide,C/C(O)=C(\C#N)C(=O)Nc1ccc(C(F)(F)F)cc1,20.0,1.9390719429665317,0.24168961006287715,0.0557,1.683,2.99948,0.3655999999999999,0.45035,0.0,0.0,0.0,False
(r)-warfarin,CC(=O)C[C@H](c1ccccc1)c1c(O)c2ccccc2oc1=O,25.0,1.5733531072203721,1.6911205980271147,0.0091,2.553,3.609600000000003,0.33754999999999996,0.5138883333333335,1.0,0.0,0.0,False
ospemifene,OCCOc1ccc(/C(=C(/CCCl)c2ccccc2)c2ccccc2)cc1,60.0,0.6468437214660123,0.11272857233790586,0.0037,4.681,5.645700000000005,0.14730000000000001,0.6314983333333334,0.0,0.0,0.0,False
3beta-hydroxytibolone,C#C[C@]1(O)CC[C@H]2[C@@H]3[C@H](C)CC4=C(CC[C@H](O)C4)[C@H]3CC[C@@]21C,2.5,0.003784970277294131,0.00614185510008059,0.1297,2.665,3.674400000000003,0.2023,0.5241150000000001,0.0,0.0,0.0,False
saquinavir,CC(C)(C)NC(=O)[C@@H]1C[C@@H]2CCCC[C@@H]2CN1C[C@@H](O)[C@H](Cc1ccccc1)NC(=O)[C@H](CC(N)=O)NC(=O)c1ccc2ccccc2n1,600.0,0.009088454214001413,0.9377596545981703,0.0164,4.385,3.092400000000003,0.83375,1.1180916666666667,0.0,1.0,0.0,False
methenamine,C1N2CN3CN1CN(C2)C3,1000.0,30.246652707365822,7.838250255599271,0.7503,0.01,-1.0197999999999992,0.06480000000000001,0.23365,0.0,0.0,0.0,False
acamprosate,CC(=O)NCCCS(=O)(=O)O,666.0,0.269778427603098,2.619608047802028,0.5328,0.032,-0.5995999999999997,0.41735,0.30202166666666663,0.0,0.0,0.0,False
solifenacin,O=C(O[C@H]1CN2CCC1CC2)N1CCc2ccccc2[C@@H]1c1ccccc1,10.0,0.013392535234226562,0.02995444062189551,0.0472,3.196,3.864900000000003,0.16390000000000002,0.6041216666666668,0.0,0.0,0.0,False
cilazaprilat,O=C(O)[C@H](CCc1ccccc1)N[C@H]1CCCN2CCC[C@@H](C(=O)O)N2C1=O,5.0,0.10146950280749385,0.041967027274759795,0.1398,0.702,1.1170000000000004,0.5509000000000001,0.649086666666667,1.0,0.0,0.0,False
rivaroxaban,O=C(NC[C@H]1CN(c2ccc(N3CCOCC3=O)cc2)C(=O)O1)c1ccc(Cl)s1,10.0,0.12285471093938567,0.07138922597219555,0.0573,2.106,2.5199000000000007,0.4409,0.7264816666666669,0.0,0.0,0.0,False
diflunisal,O=C(O)c1cc(-c2ccc(F)cc2F)ccc1O,250.0,36.31859028101174,20.40636558166772,0.0123,1.615,3.035600000000001,0.28765,0.4169999999999999,1.0,0.0,0.0,False
rilmenidine,C1COC(NC(C2CC2)C2CC2)=N1,1.0,0.003367862823809784,0.0059539771433423675,0.7598,0.28,1.1507999999999994,0.1681,0.3004183333333333,0.0,1.0,0.0,False
varenicline,c1cnc2cc3c(cc2n1)C1CNCC3C1,1.0,0.005534256951027847,0.005193412028962997,0.4891,0.584,1.8038999999999998,0.18905000000000002,0.3521133333333332,0.0,1.0,0.0,False
lorazepam,O=C1Nc2ccc(Cl)cc2C(c2ccccc2Cl)=NC1O,2.0,0.02212690669750293,0.01945362886227638,0.0469,2.067,3.1013000000000015,0.30845,0.5352716666666667,0.0,0.0,0.0,True
isosorbide mononitrate,O=[N+]([O-])O[C@@H]1CO[C@H]2[C@@H]1OC[C@@H]2O,20.0,0.4159326868617084,0.10156622202641272,0.3631,0.01,-1.2782000000000004,0.4553000000000001,0.318565,0.0,0.0,0.0,False
acalabrutinib,CC#CC(=O)N1CCC[C@H]1c1nc(-c2ccc(C(=O)Nc3ccccn3)cc2)c2c(N)nccn12,100.0,0.538641921873892,0.5312289487506339,0.0643,3.239,3.3126000000000015,0.5925499999999999,0.7758616666666669,0.0,1.0,0.0,False
fluvastatin,CC(C)n1c(/C=C/C(O)CC(O)CC(=O)O)c(-c2ccc(F)cc2)c2ccccc21,40.0,0.3134677016855166,0.37664407656282295,0.0084,4.28,4.628100000000003,0.41345,0.6857883333333333,1.0,0.0,0.0,False
nicorandil,O=C(NCCO[N+](=O)[O-])c1cccnc1,5.0,0.060926184846911265,0.08988541635843977,0.2895,0.095,0.01969999999999983,0.4718,0.35196166666666673,0.0,1.0,0.0,False
linagliptin,CC#CCn1c(N2CCC[C@@H](N)C2)nc2c1c(=O)n(Cc1nc(C)c3ccccc3n1)c(=O)n2C,10.0,0.010407996925441514,0.06259361140399301,0.2077,0.998,1.1474199999999997,0.5843,0.7875883333333337,0.0,1.0,0.0,False
risedronic acid (risedronate),O=P(O)(O)C(O)(Cc1cccnc1)P(=O)(O)O,30.0,0.0049477267507411936,0.3731350951373147,0.34,0.091,-0.3744000000000002,0.7409,0.471855,0.0,1.0,0.0,False
phenytoin,O=C1NC(=O)C(c2ccccc2)(c2ccccc2)N1,100.0,1.9000000000000001,1.7438134966012098,0.1324,0.675,1.7696,0.29100000000000004,0.420455,0.0,0.0,0.0,True
ziprasidone,O=C1Cc2cc(CCN3CCN(c4nsc5ccccc45)CC3)c(Cl)cc2N1,80.0,0.084,0.5125264547224894,0.0037,3.467,3.809000000000002,0.24235000000000004,0.6882433333333337,0.0,0.0,0.0,False
deferiprone,Cc1c(O)c(=O)ccn1C,3500.0,54.38999999999998,49.19539971753241,0.4433,0.098,0.39931999999999984,0.21114999999999998,0.23192333333333331,0.0,1.0,0.0,False
opicapone,Cc1c(Cl)c(C)[n+]([O-])c(Cl)c1-c1noc(-c2cc(O)c(O)c([N+](=O)[O-])c2)n1,10.0,0.13100000000000003,0.133262570224724,0.0234,2.847,3.2800400000000014,0.7473000000000002,0.6886216666666669,0.0,1.0,0.0,False
4-formylaminoantipyrine,Cc1c(NC=O)c(=O)n(-c2ccccc2)n1C,750.0,1.61,8.968443670296917,0.2598,0.327,1.05272,0.28015,0.385425,0.0,0.0,0.0,False
rimonabant,Cc1c(C(=O)NN2CCCCC2)nn(-c2ccc(Cl)cc2Cl)c1-c1ccc(Cl)cc1,20.0,0.21223,0.03949535898186522,0.0057,4.808,5.938620000000005,0.2508,0.7729933333333336,0.0,0.0,0.0,False
sonidegib,Cc1c(C(=O)Nc2ccc(N3C[C@@H](C)O[C@@H](C)C3)nc2)cccc1-c1ccc(OC(F)(F)F)cc1,200.0,0.10000000000000002,0.014370031737690806,0.0033,4.856,5.821520000000005,0.31845000000000007,0.8091766666666668,0.0,1.0,0.0,False
4-aminoantipyrine,Cc1c(N)c(=O)n(-c2ccccc2)n1C,1500.0,2.32,14.140675273994553,0.3368,0.288,1.0666200000000003,0.26475000000000004,0.33874166666666666,0.0,1.0,0.0,False
tolfenamic acid,Cc1c(Cl)cccc1Nc1ccccc1C(=O)O,100.0,1.98,0.1397597235692935,0.0179,2.799,4.090220000000002,0.24664999999999998,0.43617999999999996,1.0,0.0,0.0,False
deacetylmoxisylyte,Cc1cc(OCCN(C)C)c(C(C)C)cc1O,120.0,3.0260000000000002,0.4089473543995788,0.1964,1.311,2.7644200000000017,0.1635,0.3955716666666667,1.0,0.0,0.0,False
3-hydroxyanagrelide,O=C1NC2=Nc3ccc(Cl)c(Cl)c3CN2C1O,2.0,0.005030000000000003,0.022265796699149645,0.214,0.472,1.2446999999999997,0.32465000000000005,0.4534849999999999,0.0,0.0,0.0,False
deacetylmetipranolol,Cc1cc(OCC(O)CNC(C)C)c(C)c(C)c1O,40.0,0.022,0.1229430167034967,0.3102,0.894,2.0551600000000003,0.3086,0.44561499999999993,1.0,0.0,0.0,False
sulfamethazine,Cc1cc(C)nc(NS(=O)(=O)c2ccc(N)cc2)n1,850.0,40.11999999999998,14.865686215507974,0.1556,0.592,1.4764399999999998,0.48985,0.463895,1.0,0.0,0.0,False
sulfamethoxazole,Cc1cc(NS(=O)(=O)c2ccc(N)cc2)no1,1200.0,94.41999999999999,19.464196439728063,0.1596,0.482,1.3660199999999998,0.4911,0.42213833333333334,1.0,0.0,0.0,False
isoxicam,Cc1cc(NC(=O)C2=C(O)c3ccccc3S(=O)(=O)N2C)no1,200.0,12.2,1.768727986857474,0.083,0.754,1.48242,0.5637,0.5589016666666669,0.0,0.0,0.0,False
riboflavin,Cc1cc2nc3c(=O)[nH]c(=O)nc-3n(C[C@H](O)[C@H](O)[C@H](O)CO)c2cc1C,60.0,0.116,0.571559182449338,0.1796,0.025,-1.7235599999999989,0.8078,0.6272816666666668,0.0,1.0,0.0,False
rilpivirine,Cc1cc(/C=C/C#N)cc(C)c1Nc1ccnc(Nc2ccc(C#N)cc2)n1,75.0,0.17,0.020682818768588376,0.0093,4.319,4.989100000000003,0.48710000000000003,0.6107133333333336,0.0,1.0,0.0,False
etravirine,Cc1cc(C#N)cc(C)c1Oc1nc(Nc2ccc(C#N)cc2)nc(N)c1Br,100.0,0.08900000000000001,0.035578143885251746,0.0113,4.475,4.717400000000002,0.6032,0.7254750000000001,0.0,1.0,0.0,False
dolasetron,O=C(O[C@@H]1C[C@@H]2C[C@H]3C[C@H](C1)N2CC3=O)c1c[nH]c2ccccc12,200.0,0.5781000000000001,2.3828088054052445,0.0976,1.5,2.519000000000001,0.312,0.5406333333333334,0.0,0.0,0.0,False
telotristat,Cc1ccn(-c2cc(Cl)ccc2[C@@H](Oc2cc(-c3ccc(C[C@H](N)C(=O)O)cc3)nc(N)n2)C(F)(F)F)n1,500.0,0.61,0.12682517539527377,0.0277,4.871,4.510120000000002,0.7108500000000001,0.911561666666667,1.0,0.0,0.0,False
orphenadrine,Cc1ccccc1C(OCCN(C)C)c1ccccc1,100.0,0.14688,0.17872262107916015,0.1487,2.371,3.662620000000003,0.06235,0.44897999999999993,0.0,0.0,0.0,False
meclizine,Cc1cccc(CN2CCN(C(c3ccccc3)c3ccc(Cl)cc3)CC2)c1,25.0,0.08006999999999999,0.06639887822056449,0.0138,4.697,5.555620000000006,0.032400000000000005,0.651596666666667,0.0,0.0,0.0,False
mefenamic acid,Cc1cccc(Nc2ccccc2C(=O)O)c1C,250.0,2.68,0.6675885342408365,0.0139,2.292,3.7452400000000017,0.24664999999999998,0.40215,1.0,0.0,0.0,False
trospium,O=C(O[C@H]1C[C@H]2CC[C@@H](C1)[N+]21CCCC1)C(O)(c1ccccc1)c1ccccc1,60.0,0.014000000000000007,0.2917604710078272,0.0788,3.286,3.769700000000003,0.23265,0.6541983333333333,0.0,0.0,0.0,False
salsalate,O=C(Oc1ccccc1C(=O)O)c1ccccc1O,1500.0,30.799999999999994,43.30284732407349,0.1201,1.038,2.309600000000001,0.4191500000000001,0.43038166666666666,1.0,0.0,0.0,False
salicylic acid,O=C(O)c1ccccc1O,1500.0,85.99999999999997,52.85903505520597,0.3628,0.212,1.0903999999999998,0.28765,0.23020333333333332,1.0,0.0,0.0,False
risdiplam,Cc1cn2nc(-c3cc(=O)n4cc(N5CCNC6(CC6)C5)ccc4n3)cc(C)c2n1,0.6,0.00288,0.006010379521218417,0.1226,1.362,1.9632399999999994,0.39915,0.6691233333333336,0.0,1.0,0.0,False
fomepizole,Cc1cn[nH]c1,490.0,12.315899999999996,5.575733677354004,0.5642,0.102,0.7181199999999999,0.1434,0.13684333333333332,0.0,0.0,0.0,False
tiagabine,Cc1ccsc1C(=CCCN1CCC[C@@H](C(=O)O)C1)c1sccc1C,2.0,0.04340000000000001,0.006166286110436412,0.0384,4.402,5.044840000000004,0.20270000000000002,0.6259316666666668,1.0,0.0,0.0,False
ciprofloxacin,O=C(O)c1cn(C2CC2)c2cc(N3CCNCC3)c(F)cc2c1=O,100.0,0.37,1.316419962137654,0.5456,0.803,1.5833,0.37284999999999996,0.5522450000000001,1.0,0.0,0.0,True
telbivudine,Cc1cn([C@@H]2C[C@@H](O)[C@H](CO)O2)c(=O)[nH]c1=O,200.0,1.8,1.0823873195756775,0.2781,0.01,-1.5142799999999992,0.5227499999999999,0.4037183333333333,0.0,0.0,0.0,False
pyrazinoic acid,O=C(O)c1cnccn1,1890.0,4.5,74.97096298614588,0.4237,0.067,0.1747999999999999,0.3154,0.20683166666666664,1.0,0.0,0.0,False
tolmetin,Cc1ccc(C(=O)c2ccc(CC(=O)O)n2C)cc1,81.5,13.0,5.132897633824071,0.0178,0.951,2.1916200000000003,0.29650000000000004,0.428815,1.0,0.0,0.0,False
naltrexone,O=C1CC[C@@]2(O)[C@H]3Cc4ccc(O)c5c4[C@@]2(CCN3CC2CC2)[C@H]1O5,100.0,0.018270000000000005,0.6325868848568564,0.2999,0.799,1.5253999999999999,0.35,0.5690116666666668,1.0,0.0,0.0,False
meclofenamic acid,Cc1ccc(Cl)c(Nc2ccccc2C(=O)O)c1Cl,300.0,15.099999999999996,0.031076182020549722,0.011,3.713,4.743620000000003,0.24664999999999998,0.49358833333333335,1.0,0.0,0.0,False
halazepam,O=C1CN=C(c2ccccc2)c2cc(Cl)ccc2N1CC(F)(F)F,20.0,0.03034,0.15391111941792843,0.0279,3.383,4.086300000000002,0.16335,0.587905,0.0,0.0,0.0,False
acrivastine,Cc1ccc(/C(=C\CN2CCCC2)c2cccc(/C=C/C(=O)O)n2)cc1,4.0,0.073,0.020059818406254915,0.0419,3.275,4.015320000000003,0.26715000000000005,0.5807433333333334,1.0,0.0,0.0,False
nitrofurantoin,O=C1CN(/N=C/c2ccc([N+](=O)[O-])o2)C(=O)N1,100.0,0.875,2.283298320874848,0.1396,0.12,0.07349999999999995,0.59025,0.3969316666666666,0.0,0.0,0.0,False
dantrolene,O=C1CN(/N=C/c2ccc(-c3ccc([N+](=O)[O-])cc3)o2)C(=O)N1,100.0,2.7199999999999998,1.2969922004520447,0.0718,0.846,1.7404999999999997,0.59025,0.5237616666666667,0.0,0.0,0.0,False
sulfinpyrazone,O=C1C(CC[S+]([O-])c2ccccc2)C(=O)N(c2ccccc2)N1c1ccccc1,400.0,29.89999999999999,1.0628046464120147,0.0088,3.395,3.795500000000003,0.3184,0.6741516666666668,0.0,0.0,0.0,False
phentolamine,Cc1ccc(N(CC2=NCCN2)c2cccc(O)c2)cc1,60.0,0.06705000000000001,0.33044068658516207,0.0671,1.587,2.840420000000001,0.23929999999999998,0.46893166666666675,1.0,0.0,0.0,False
tocainide,Cc1cccc(C)c1NC(=O)C(C)N,600.0,3.1999999999999997,4.136848800620282,0.5231,0.446,1.58914,0.2756,0.32043666666666665,0.0,1.0,0.0,False
avacopan,Cc1ccc(NC(=O)[C@H]2CCCN(C(=O)c3c(C)cccc3F)[C@H]2c2ccc(NC3CCCC3)cc2)cc1C(F)(F)F,1.0,0.002000000000000001,0.002065479390835238,0.0095,2.321,8.048040000000006,0.30720000000000003,0.9694233333333339,0.0,1.0,0.0,False
nitisinone (ntbc),O=C1CCCC(=O)C1C(=O)c1ccc(C(F)(F)F)cc1[N+](=O)[O-],70.0,7.810000000000002,0.8657704860126323,0.0663,1.732,2.7346000000000013,0.47174999999999995,0.5487166666666667,0.0,0.0,0.0,False
n-desmethylclobazam,O=C1CC(=O)N(c2ccccc2)c2cc(Cl)ccc2N1,20.0,0.082,0.27512865643399803,0.0404,2.13,3.3469000000000015,0.24705000000000002,0.47786333333333336,0.0,0.0,0.0,False
lumiracoxib,Cc1ccc(Nc2c(F)cccc2Cl)c(CC(=O)O)c1,200.0,3.998,0.14255825054006788,0.0086,3.08,4.158220000000002,0.24664999999999998,0.4895416666666667,1.0,0.0,0.0,False
pazopanib,Cc1ccc(Nc2nccc(N(C)c3ccc4c(C)n(C)nc4c3)n2)cc1S(N)(=O)=O,200.0,15.400000000000004,8.363520915231886,0.0414,2.84,3.1390400000000005,0.59515,0.7292150000000003,1.0,0.0,0.0,True
tolazamide,Cc1ccc(S(=O)(=O)NC(=O)NN2CCCCCC2)cc1,250.0,25.399999999999995,4.627093119430128,0.0582,0.859,1.7739199999999995,0.39254999999999995,0.5190116666666669,1.0,0.0,0.0,False
ursodeoxycholic acid,C[C@H](CCC(=O)O)[C@H]1CC[C@H]2[C@@H]3[C@@H](O)C[C@@H]4C[C@H](O)CC[C@]4(C)[C@H]3CC[C@]12C,150.0,1.33477,0.996923499542631,0.0175,4.039,4.477900000000004,0.38880000000000003,0.6543000000000003,1.0,0.0,0.0,False
deucravacitinib,[2H]C([2H])([2H])NC(=O)c1nnc(NC(=O)C2CC2)cc1Nc1cccc(-c2ncn(C)n2)c1OC,40.0,0.4100000000000001,0.2116535481364633,0.1318,1.27,1.7324,0.67975,0.709112175556667,0.0,1.0,0.0,False
isoxsuprine,C[C@H](COc1ccccc1)N[C@H](C)[C@@H](O)c1ccc(O)cc1,30.0,0.04582000000000001,0.07632607003379889,0.1061,1.72,2.871200000000001,0.3086,0.50231,1.0,0.0,0.0,False
zofenoprilat,C[C@H](CS)C(=O)N1C[C@@H](Sc2ccccc2)C[C@H]1C(=O)O,10.0,0.09700000000000002,0.409506256823538,0.1316,1.396,2.3987,0.28805,0.5424250000000002,1.0,0.0,0.0,False
zofenopril,C[C@H](CSC(=O)c1ccccc1)C(=O)N1C[C@@H](Sc2ccccc2)C[C@H]1C(=O)O,60.0,0.09116000000000002,0.3148368722236819,0.0152,3.834,4.042500000000002,0.3734,0.7159383333333336,1.0,0.0,0.0,False
silodosin,C[C@H](Cc1cc2c(c(C(N)=O)c1)N(CCCO)CC2)NCCOc1ccccc1OCC(F)(F)F,4.0,0.0267,0.026921074549778837,0.096,3.151,3.0711000000000013,0.48525000000000007,0.8259033333333337,0.0,1.0,0.0,False
(s)-fenoprofen,C[C@H](C(=O)O)c1cccc(Oc2ccccc2)c1,600.0,35.199999999999996,10.889643667223483,0.009,2.213,3.6670000000000016,0.23265,0.40379,1.0,0.0,0.0,False
levamisole,c1ccc([C@H]2CN3CCSC3=N2)cc1,350.0,1.53,1.5818712085486255,0.3,0.748,2.1460999999999997,0.078,0.34049666666666667,0.0,0.0,0.0,False
deutetrabenazine,[2H]C([2H])([2H])Oc1cc2c(cc1OC([2H])([2H])[2H])[C@@H]1CC(=O)[C@@H](CC(C)C)CN1CC2,25.0,0.00026999999999999995,0.13130248166814756,0.097,2.23,3.238100000000002,0.19385000000000002,0.5391093511133336,0.0,0.0,0.0,False
zuranolone,C[C@@]1(O)CC[C@H]2[C@H](CC[C@@H]3[C@@H]2CC[C@]2(C)[C@@H](C(=O)Cn4cc(C#N)cn4)CC[C@@H]32)C1,30.0,0.018300000000000007,0.1720771287287795,0.042,4.014,4.3436800000000035,0.39454999999999996,0.6826233333333337,0.0,0.0,0.0,False
safinamide,C[C@H](NCc1ccc(OCc2cccc(F)c2)cc1)C(N)=O,63.0,0.4093,0.32846990748665733,0.2269,1.265,2.3681,0.32175,0.5039150000000001,0.0,1.0,0.0,False
8-hydroxyamoxapine,Oc1ccc2c(c1)N=C(N1CCNCC1)c1cc(Cl)ccc1O2,50.0,0.058039999999999994,0.2950212679443866,0.052,2.154,3.134800000000001,0.28545000000000004,0.5496449999999999,1.0,0.0,0.0,False
fenoldopam,Oc1ccc(C2CNCCc3c2cc(O)c(O)c3Cl)cc1,100.0,0.06330000000000001,0.7470379627679535,0.1274,1.61,2.734400000000001,0.3636,0.5096016666666666,1.0,0.0,0.0,False
spiraprilat,C[C@H](N[C@@H](CCc1ccccc1)C(=O)O)C(=O)N1CC2(C[C@H]1C(=O)O)SCCS2,3.0,0.025,0.023633151447949367,0.2,1.493,1.9123000000000003,0.5347000000000001,0.7309516666666671,1.0,0.0,0.0,False
triclosan,Oc1cc(Cl)ccc1Oc1ccc(Cl)cc1Cl,4.0,0.21010000000000004,0.01633610999770955,0.0051,4.032,5.144700000000002,0.14730000000000001,0.4825749999999999,1.0,0.0,0.0,False
vilanterol,OCc1cc([C@@H](O)CNCCCCCCOCCOCc2c(Cl)cccc2Cl)ccc1O,0.5,4.400000000000004e-05,0.0005819033823350802,0.0371,4.654,4.608100000000005,0.4559,0.8107266666666669,1.0,0.0,0.0,False
trichloroethanol,OCC(Cl)(Cl)Cl,1500.0,15.83682,9.290954184788376,0.7774,0.291,1.3489,0.10115,0.24900666666666665,0.0,0.0,0.0,False
(-)-prenylamine,C[C@H](Cc1ccccc1)NCCC(c1ccccc1)c1ccccc1,200.0,0.050700000000000016,0.35155657085781833,0.0136,4.419,5.4294000000000056,0.060149999999999995,0.549145,0.0,1.0,0.0,False
dextroamphetamine,C[C@H](N)Cc1ccccc1,30.0,0.032200000000000006,0.14289943448805043,0.3898,0.338,1.5763,0.1301,0.22534999999999997,0.0,1.0,0.0,False
7-hydroxyamoxapine,Oc1ccc2c(c1)Oc1ccc(Cl)cc1C(N1CCNCC1)=N2,50.0,0.01947,0.2976819793279183,0.0497,2.154,3.134800000000002,0.28545000000000004,0.5496450000000003,1.0,0.0,0.0,False
cinnarizine,C(=C/c1ccccc1)\CN1CCN(C(c2ccccc2)c2ccccc2)CC1,25.0,0.03539,0.06013754869386924,0.0254,4.409,5.1070000000000055,0.032400000000000005,0.6142066666666669,0.0,0.0,0.0,False
dolutegravir (s/gsk1394572),C[C@@H]1CCO[C@H]2Cn3cc(C(=O)NCc4ccc(F)cc4F)c(=O)c(O)c3C(=O)N12,2.0,0.23100000000000004,0.019455149896655366,0.1074,0.95,1.3528,0.50435,0.6989733333333337,0.0,1.0,0.0,False
ritodrine,C[C@@H](NCCc1ccc(O)cc1)[C@@H](O)c1ccc(O)cc1,10.0,0.0041,0.03432411635665966,0.2725,1.187,2.3520000000000003,0.3636,0.47893166666666676,1.0,0.0,0.0,False
huperzine a,C/C=C1\[C@H]2C=C(C)C[C@]1(N)c1ccc(=O)[nH]c1C2,0.99,0.008400000000000005,0.0070852296671452784,0.2427,0.776,1.9975,0.2944,0.40386999999999995,0.0,1.0,0.0,False
cyclosporine,C/C=C/C[C@@H](C)[C@@H](O)[C@H]1C(=O)N[C@@H](CC)C(=O)N(C)CC(=O)N(C)[C@@H](CC(C)C)C(=O)N[C@@H](C(C)C)C(=O)N(C)[C@@H](CC(C)C)C(=O)N[C@@H](C)C(=O)N[C@H](C)C(=O)N(C)[C@@H](CC(C)C)C(=O)N(C)[C@@H](CC(C)C)C(=O)N(C)[C@@H](C(C)C)C(=O)N1C,372.5,1.22,1.0577064746092153,0.0592,5.622,3.2690000000000046,1.3940000000000001,2.004391666666665,0.0,0.0,0.0,False
dexamethasone,C[C@@H]1C[C@H]2[C@@H]3CCC4=CC(=O)C=C[C@]4(C)[C@@]3(F)[C@@H](O)C[C@]2(C)[C@@]1(O)C(=O)CO,0.75,0.009,0.009285233118573882,0.2282,1.263,1.8957000000000002,0.47415,0.654111666666667,0.0,0.0,0.0,False
norethisterone (norethindrone),C#C[C@]1(O)CC[C@H]2[C@@H]3CCC4=CC(=O)CC[C@@H]4[C@H]3CC[C@@]21C,0.3,0.004360000000000003,0.001784157882234785,0.0998,2.36,3.4925000000000024,0.1865,0.49737666666666674,0.0,0.0,0.0,False
etonogestrel,C#C[C@]1(O)CC[C@H]2[C@@H]3CCC4=CC(=O)CC[C@@H]4[C@H]3C(=C)C[C@@]21CC,0.15,0.0012900000000000006,0.0005512209252319569,0.0928,3.156,4.048700000000004,0.1865,0.5407733333333336,0.0,0.0,0.0,False
Ensartinib,C[C@@H]1CN(C(=O)c2ccc(NC(=O)c3cc(O[C@H](C)c4c(Cl)ccc(F)c4Cl)c(N)nn3)cc2)C[C@H](C)N1,225.0,0.264,0.32433190513348753,0.016,5.014,4.719400000000002,0.61235,0.9357416666666668,0.0,1.0,0.0,False
levocabastine,C[C@@H]1CN([C@H]2CC[C@](C#N)(c3ccc(F)cc3)CC2)CC[C@]1(C(=O)O)c1ccccc1,0.5,0.007400000000000003,0.001868630929548298,0.0393,4.521,4.894080000000004,0.32165,0.7008800000000003,1.0,0.0,0.0,False
danazol,C#C[C@]1(O)CC[C@H]2[C@@H]3CCC4=Cc5oncc5C[C@]4(C)[C@H]3CC[C@@]21C,400.0,0.0696,1.1018674061161264,0.0712,3.432,4.221000000000004,0.23130000000000003,0.5624383333333336,0.0,0.0,0.0,False
hydroxyzine,OCCOCCN1CCN(C(c2ccccc2)c2ccc(Cl)cc2)CC1,46.62,0.07178000000000001,0.21564058317086013,0.0981,2.34,3.055900000000001,0.17970000000000003,0.6248533333333336,0.0,0.0,0.0,True
vamorolone,C[C@@H]1C[C@H]2[C@@H]3CCC4=CC(=O)C=C[C@]4(C)C3=CC[C@]2(C)[C@@]1(O)C(=O)CO,7.0,0.013100000000000007,0.07793456922445798,0.1022,1.899,2.752900000000001,0.373,0.5941033333333335,0.0,0.0,0.0,False
fludrocortisone,C[C@]12CCC(=O)C=C1CC[C@H]1[C@@H]3CC[C@](O)(C(=O)CO)[C@@]3(C)C[C@H](O)[C@@]12F,0.1,0.00124,0.0013775739468914912,0.1847,1.193,1.8737,0.47415,0.6340933333333335,0.0,0.0,0.0,False
isosorbide dinitrate,O=[N+]([O-])O[C@H]1CO[C@H]2[C@@H]1OC[C@H]2O[N+](=O)[O-],120.0,0.0237,0.7094075553862416,0.3027,0.023,-1.0622000000000003,0.6160000000000001,0.39355999999999997,0.0,0.0,0.0,False
estetrol,C[C@]12CC[C@@H]3c4ccc(O)cc4CC[C@H]3[C@@H]1[C@@H](O)[C@@H](O)[C@@H]2O,1.0,0.00055,0.0053465954666113875,0.5406,0.702,1.5507999999999988,0.4046,0.5073099999999999,1.0,0.0,0.0,False
nitroglycerin,O=[N+]([O-])OCC(CO[N+](=O)[O-])O[N+](=O)[O-],13.0,0.0004200000000000001,0.07071011883641092,0.3605,0.023,-1.0200999999999996,0.7855500000000001,0.37847499999999995,0.0,0.0,0.0,False
triamcinolone,C[C@]12C=CC(=O)C=C1CC[C@H]1[C@@H]3C[C@@H](O)[C@](O)(C(=O)CO)[C@@]3(C)C[C@H](O)[C@@]12F,5.0,0.010500000000000006,0.06766002888505226,0.3207,0.47,0.6204999999999998,0.5753,0.6573983333333336,0.0,0.0,0.0,False
brivudine,O=c1[nH]c(=O)n([C@H]2C[C@H](O)[C@@H](CO)O2)cc1/C=C/Br,125.0,1.82,2.0038237472846587,0.2798,0.112,-0.45710000000000006,0.52275,0.55523,0.0,0.0,0.0,False
canrenoic acid,C[C@]12CCC(=O)C=C1C=C[C@@H]1[C@@H]2CC[C@@]2(C)[C@H]1CC[C@@]2(O)CCC(=O)O,100.0,4.126,1.502865322138867,0.0811,3.199,3.8902000000000028,0.373,0.5974633333333336,1.0,0.0,0.0,False
oxypurinol,O=c1[nH]c(=O)c2cn[nH]c2[nH]1,200.0,4.10705,8.249851608416801,0.0832,0.01,-1.0605000000000004,0.47200000000000003,0.25352166666666665,0.0,0.0,0.0,False
cortisone,C[C@]12CCC(=O)C=C1CC[C@@H]1[C@@H]2C(=O)C[C@@]2(C)[C@H]1CC[C@]2(O)C(=O)CO,5.0,0.015739999999999997,0.07610436578256642,0.1917,1.203,1.9898000000000002,0.45835000000000004,0.6007500000000002,0.0,0.0,0.0,False
methyltestosterone,C[C@]12CCC(=O)C=C1CC[C@@H]1[C@@H]2CC[C@@]2(C)[C@H]1CC[C@]2(C)O,10.0,0.02057,0.03733586422149116,0.0789,3.259,4.269300000000005,0.1865,0.5040966666666667,0.0,0.0,0.0,False
milrinone,Cc1[nH]c(=O)c(C#N)cc1-c1ccncc1,2.13,0.04060000000000001,0.03632458437588596,0.1819,0.498,1.617,0.34769999999999995,0.35204,0.0,1.0,0.0,False
palonosetron,O=C1c2cccc3c2[C@H](CCC3)CN1[C@@H]1CN2CCC1CC2,0.25,0.0006700000000000002,0.0011048573201579992,0.1136,1.49,2.656500000000001,0.11775000000000002,0.4940233333333333,0.0,0.0,0.0,False
ifosfamide,O=P1(NCCCl)OCCCN1CCCl,2595.0,52.217800000000004,28.381877491214876,0.3989,0.766,1.884,0.20785,0.43514833333333325,0.0,1.0,0.0,False
tiludronic acid,O=P(O)(O)C(Sc1ccc(Cl)cc1)P(=O)(O)O,400.0,2.9999999999999996,7.0612591526558495,0.1307,1.095,2.0711000000000013,0.5753,0.5310183333333334,0.0,0.0,0.0,False
oxandrolone,C[C@]12COC(=O)C[C@@H]1CC[C@@H]1[C@@H]2CC[C@@]2(C)[C@H]1CC[C@]2(C)O,10.0,0.4066,0.06029519689736288,0.0679,2.466,3.543100000000003,0.23265,0.5107433333333333,0.0,0.0,0.0,False
betaine,C[N+](C)(C)CC(=O)[O-],3500.0,110.00197000000001,20.985700081101243,0.6762,0.01,-1.5574999999999983,0.20064999999999997,0.19524666666666662,0.0,0.0,0.0,False
amitriptylinoxide,C[N+](C)([O-])CCC=C1c2ccccc2CCc2ccccc21,50.0,0.48380000000000006,0.10863704108917781,0.0682,3.103,4.181200000000003,0.1153,0.4890166666666667,0.0,0.0,0.0,False
diphemanil,C[N+]1(C)CCC(=C(c2ccccc2)c2ccccc2)CC1,250.0,0.040850000000000004,0.6501566490538374,0.0607,3.203,4.358700000000004,0.0,0.46403166666666684,0.0,0.0,0.0,False
ademetionine (same),C[S+](CC[C@H](N)C(=O)[O-])C[C@H]1O[C@@H](n2cnc3c(N)ncnc32)[C@H](O)[C@@H]1O,500.0,0.93737,2.748938987061032,0.3,0.01,-3.256899999999996,0.9272999999999999,0.6640750000000002,0.0,1.0,0.0,False
trihexyphenidyl,OC(CCN1CCCCC1)(c1ccccc1)C1CCCCC1,4.0,0.006680000000000002,0.009908969835080994,0.1775,3.319,4.330500000000004,0.11735,0.5024566666666669,0.0,0.0,0.0,False
betamethasone,C[C@H]1C[C@H]2[C@@H]3CCC4=CC(=O)C=C[C@]4(C)[C@@]3(F)[C@@H](O)C[C@]2(C)[C@@]1(O)C(=O)CO,2.0,0.024700000000000007,0.02476062164953035,0.2282,1.263,1.8957000000000002,0.47415,0.654111666666667,0.0,0.0,0.0,False
digitoxin,C[C@H]1O[C@@H](O[C@H]2[C@@H](O)C[C@H](O[C@H]3[C@@H](O)C[C@H](O[C@H]4CC[C@@]5(C)[C@H](CC[C@@H]6[C@@H]5CC[C@]5(C)[C@@H](C7=CC(=O)OC7)CC[C@]65O)C4)O[C@@H]3C)O[C@@H]2C)C[C@H](O)[C@@H]1O,0.56,0.030100000000000005,0.0013765734947146868,0.0537,5.101,3.2473000000000014,0.9141499999999999,1.2749166666666671,0.0,0.0,0.0,False
biperiden,OC(CCN1CCCCC1)(c1ccccc1)C1CC2C=CC1C2,4.0,0.003930000000000003,0.011760045905536618,0.132,2.974,3.9624000000000033,0.11735,0.5191150000000001,0.0,0.0,0.0,False
mazindol,OC1(c2ccc(Cl)cc2)c2ccccc2C2=NCCN21,2.0,0.005070000000000001,0.011714056957862056,0.1591,1.392,2.6092000000000004,0.17915000000000003,0.4745766666666667,0.0,0.0,0.0,False
trandolaprilat,C[C@H](N[C@@H](CCc1ccccc1)C(=O)O)C(=O)N1[C@H](C(=O)O)C[C@H]2CCCC[C@@H]21,1.0,0.0010700000000000004,0.007927818169813416,0.1639,1.68,2.2947999999999995,0.5347000000000001,0.6708183333333337,1.0,0.0,0.0,False
sapropterin,C[C@H](O)[C@H](O)[C@H]1CNc2nc(N)[nH]c(=O)c2N1,730.0,0.08409999999999998,2.8024554161925455,0.4572,0.01,-1.7002000000000006,0.68145,0.402085,0.0,1.0,0.0,False
alvimopan,C[C@H]1CN(C[C@H](Cc2ccccc2)C(=O)NCC(=O)O)CC[C@@]1(C)c1cccc(O)c1,6.0,0.008790000000000004,0.04319761324375607,0.0577,2.65,3.051400000000001,0.44935,0.7075683333333337,1.0,0.0,0.0,False
delamanid,C[C@]1(COc2ccc(N3CCC(Oc4ccc(OC(F)(F)F)cc4)CC3)cc2)Cn2cc([N+](=O)[O-])nc2O1,25.0,0.136,0.10067935814953896,0.0087,4.993,4.967800000000004,0.5056,0.8908183333333337,0.0,0.0,0.0,False
fluoxymesterone,C[C@]1(O)CC[C@H]2[C@@H]3CCC4=CC(=O)CC[C@]4(C)[C@@]3(F)[C@@H](O)C[C@@]21C,10.0,0.08000000000000002,0.07124939273458249,0.0831,2.414,3.332200000000002,0.28765,0.560745,0.0,0.0,0.0,False
oxymetholone,C[C@]12C/C(=C/O)C(=O)C[C@@H]1CC[C@@H]1[C@@H]2CC[C@@]2(C)[C@H]1CC[C@]2(C)O,50.0,0.0188,0.11736977762046946,0.0464,3.592,4.401000000000005,0.28765,0.5541400000000002,0.0,0.0,0.0,False
quercetin,O=c1c(O)c(-c2ccc(O)c(O)c2)oc2cc(O)cc(O)c12,16.0,0.0235,0.31346649662675874,0.0416,0.972,1.988,0.6568,0.5037300000000001,1.0,0.0,0.0,False
prednisone,C[C@]12C=CC(=O)C=C1CC[C@@H]1[C@@H]2C(=O)C[C@@]2(C)[C@H]1CC[C@]2(O)C(=O)CO,10.0,0.024499999999999997,0.15176458910420992,0.221,1.021,1.7658,0.45835000000000004,0.5973900000000002,0.0,0.0,0.0,False
chlorzoxazone,O=c1[nH]c2cc(Cl)ccc2o1,400.0,7.15,5.593249196295728,0.1523,0.475,1.7745,0.23,0.28261166666666665,0.0,0.0,0.0,False
trifluridine,O=c1[nH]c(=O)n([C@H]2C[C@H](O)[C@@H](CO)O2)cc1C(F)(F)F,60.55,0.09600000000000002,0.3290529275203863,0.3196,0.056,-0.8039000000000001,0.52275,0.49366833333333326,0.0,0.0,0.0,False
procyclidine,OC(CCN1CCCC1)(c1ccccc1)C1CCCCC1,10.0,0.116,0.029015325972370738,0.2752,2.795,3.940400000000003,0.11735,0.47907833333333355,0.0,0.0,0.0,False
dicoumarol,O=c1oc2ccccc2c(O)c1Cc1c(O)c2ccccc2oc1=O,600.0,39.28,15.325326486159032,0.0134,1.941,2.9014000000000006,0.5044,0.5604983333333334,1.0,0.0,0.0,False
acarbose,C[C@H]1O[C@H](O[C@H]2[C@H](O)[C@@H](O)[C@@H](O[C@@H]([C@H](O)[C@@H](O)C=O)[C@H](O)CO)O[C@@H]2CO)[C@H](O)[C@@H](O)[C@@H]1N[C@H]1C=C(CO)[C@@H](O)[C@H](O)[C@H]1O,300.0,0.011000000000000005,0.959395474207697,0.2402,0.01,-8.721900000000014,1.64505,1.076013333333334,0.0,1.0,0.0,False
artenimol (dihydroartemisinin),C[C@H]1[C@@H](O)O[C@@H]2O[C@]3(C)CC[C@H]4[C@H](C)CC[C@@H]1[C@]24OO3,103.0,0.18100000000000005,0.5536021564488238,0.1979,1.048,2.1867,0.28575,0.47391999999999995,0.0,0.0,0.0,False
aztreonam,C[C@H]1[C@H](NC(=O)/C(=N\OC(C)(C)C(=O)O)c2csc(N)n2)C(=O)N1S(=O)(=O)O,500.0,0.14000000000000004,3.0755858043520243,0.2934,0.086,-1.1724999999999979,1.0079,0.7257333333333336,1.0,0.0,0.0,False
artesunate,C[C@H]1[C@H](OC(=O)CCC(=O)O)O[C@@H]2O[C@@]3(C)CC[C@H]4[C@H](C)CC[C@@H]1[C@@]24OO3,200.0,0.11000000000000001,5.5690152640862225,0.0693,1.898,2.6024000000000003,0.5026000000000002,0.6407083333333337,1.0,0.0,0.0,False
doxycycline,C[C@H]1c2cccc(O)c2C(=O)C2=C(O)[C@]3(O)C(=O)C(C(N)=O)=C(O)[C@@H](N(C)C)[C@@H]3[C@@H](O)[C@@H]21,100.0,1.6133,0.9835484119509107,0.2385,0.235,-0.3475999999999985,0.9081,0.7407333333333336,1.0,0.0,0.0,False
azacitidine,Nc1ncn([C@@H]2O[C@H](CO)[C@@H](O)[C@H]2O)c(=O)n1,300.0,0.145,1.0532464982817098,0.3268,0.01,-3.1679999999999997,0.7186000000000001,0.40701166666666666,0.0,1.0,0.0,False
rufinamide,NC(=O)c1cn(Cc2c(F)cccc2F)nn1,1200.0,4.166,23.357337898515564,0.2933,0.239,0.7035000000000001,0.36900000000000005,0.396995,0.0,0.0,0.0,False
pyrazinamide,NC(=O)c1cnccn1,1890.0,38.699999999999996,41.239677778540084,0.5381,0.027,-0.4245000000000001,0.34435000000000004,0.20519166666666663,0.0,1.0,0.0,False
ribavirin,NC(=O)c1ncn([C@@H]2O[C@H](CO)[C@@H](O)[C@H]2O)n1,600.0,0.782,4.201750609446654,0.3281,0.01,-3.0114999999999994,0.7186000000000001,0.4070116666666667,0.0,0.0,0.0,False
guanadrel,NC(N)=NCC1COC2(CCCCC2)O1,25.0,0.042000000000000016,0.1204711318432019,0.5317,0.14,0.3355999999999997,0.41430000000000006,0.3554683333333332,0.0,1.0,0.0,False
leucovorin,Nc1nc2c(c(=O)[nH]1)N(C=O)C(CNc1ccc(C(=O)N[C@@H](CCC(=O)O)C(=O)O)cc1)CN2,75.0,0.64,0.4097691134597716,0.1802,0.182,-0.7310999999999979,1.0991999999999997,0.7890766666666671,1.0,0.0,0.0,False
samidorphan,NC(=O)c1ccc2c(c1O)[C@]13CCN(CC4CC4)[C@H](C2)[C@]1(O)CCC(=O)C3,11.0,0.0252,0.1055573386065073,0.3934,0.725,1.2533999999999996,0.5193000000000001,0.6174150000000003,1.0,0.0,0.0,False
salicylamide,NC(=O)c1ccccc1O,1500.0,30.899999999999995,22.302557572729835,0.4486,0.108,0.49110000000000004,0.31660000000000005,0.22856333333333329,1.0,0.0,0.0,False
nicotinamide,NC(=O)c1cccnc1,187.5,3.3,3.109481817897575,0.6021,0.066,0.18050000000000016,0.27990000000000004,0.20354499999999995,0.0,1.0,0.0,False
tioguanine,Nc1nc(=S)c2[nH]cnc2[nH]1,40.0,0.00836,0.3013170953270086,0.5153,0.145,0.5976899999999998,0.4169,0.2786616666666667,0.0,1.0,0.0,False
emtricitabine,Nc1nc(=O)n([C@@H]2CS[C@H](CO)O2)cc1F,200.0,2.26839,1.6381505395078522,0.2592,0.065,-0.4550000000000003,0.45185000000000003,0.412085,0.0,1.0,0.0,False
aminocaproic acid,NCCCCCC(=O)O,500.0,16.355,3.3350659012348594,0.5441,0.117,0.5901000000000001,0.31660000000000005,0.218625,1.0,0.0,0.0,False
Mavorixafor,NCCCCN(Cc1nc2ccccc2[nH]1)[C@H]1CCCc2cccnc21,50.0,0.159,0.17261853376218905,0.0255,2.778,3.5764000000000022,0.35414999999999996,0.5824700000000004,0.0,1.0,0.0,False
gamma-aminobutyric acid,NCCCC(=O)O,2000.0,0.68853,10.535900607830218,0.5508,0.034,-0.19009999999999977,0.31660000000000005,0.1718683333333333,1.0,0.0,0.0,False
capivasertib,NC1(C(=O)N[C@@H](CCO)c2ccc(Cl)cc2)CCN(c2ncnc3[nH]ccc23)CC1,80.0,0.12100000000000001,0.6125258727744518,0.1564,1.674,2.1489000000000003,0.6008,0.7148733333333337,0.0,1.0,0.0,False
triamterene,Nc1nc(N)c2nc(-c3ccccc3)c(N)nc2n1,100.0,0.11800000000000002,1.1095579238800943,0.1562,0.294,0.8334000000000001,0.6481,0.4221150000000001,0.0,1.0,0.0,False
fludarabine,Nc1nc(F)nc2c1ncn2[C@@H]1O[C@H](CO)[C@@H](O)[C@@H]1O,74.0,0.2790000000000001,0.28281120783300956,0.3152,0.01,-1.8409000000000002,0.6977000000000001,0.4753916666666667,0.0,1.0,0.0,False
amantadine,NC12CC3CC(CC(C3)C1)C2,100.0,0.40182999999999996,0.4748592596165203,0.5487,0.494,1.9139,0.1301,0.2520883333333333,0.0,1.0,0.0,False
cladribine,Nc1nc(Cl)nc2c1ncn2[C@H]1C[C@H](O)[C@@H](CO)O1,10.0,0.025500000000000002,0.0725567864631897,0.3202,0.102,-0.29740000000000044,0.5965500000000001,0.4761516666666667,0.0,1.0,0.0,False
pemoline,NC1=NC(=O)C(c2ccccc2)O1,50.0,0.9950000000000001,0.5926814041353058,0.2748,0.153,0.5992000000000001,0.32339999999999997,0.29362499999999997,0.0,1.0,0.0,False
aminolevulinic acid,NCC(=O)CCC(=O)O,100.0,4.6499999999999995,0.29729258595973806,0.648,0.02,-0.6210000000000004,0.40195000000000003,0.21855166666666667,1.0,0.0,0.0,False
piracetam,NC(=O)CN1CCCC1=O,800.0,14.530000000000001,14.831290506072861,0.6632,0.012,-0.9059000000000004,0.317,0.23692999999999997,0.0,0.0,0.0,False
moclobemide,O=C(NCCN1CCOCC1)c1ccc(Cl)cc1,150.0,2.109,1.283078512114884,0.3218,0.533,1.4020000000000006,0.20785000000000003,0.4479066666666666,0.0,0.0,0.0,False
armodafinil,NC(=O)C[S@@+]([O-])C(c1ccccc1)c1ccccc1,50.0,1.3,1.2026434226498244,0.2025,0.885,2.01,0.33075000000000004,0.455595,0.0,0.0,0.0,False
lonafarnib,NC(=O)N1CCC(CC(=O)N2CCC([C@H]3c4ncc(Br)cc4CCc4cc(Cl)cc(Br)c43)CC2)CC1,100.0,0.32300000000000006,0.401108536854537,0.015,4.639,5.909900000000006,0.39765,1.0647199999999999,0.0,1.0,0.0,False
carbamazepine,NC(=O)N1c2ccccc2C=Cc2ccccc21,100.0,1.01,0.7015581881624624,0.1623,1.886,3.3872000000000018,0.23165000000000002,0.39379000000000003,0.0,0.0,0.0,True
xamoterol,O=C(NCCNCC(O)COc1ccc(O)cc1)N1CCOCC1,200.0,0.146,2.058472908284463,0.335,0.15,-0.23669999999999924,0.5164500000000001,0.5656533333333337,1.0,0.0,0.0,False
darifenacin,NC(=O)C(c1ccccc1)(c1ccccc1)[C@@H]1CCN(CCc2ccc3c(c2)CCO3)C1,20.0,0.0038100000000000005,0.06732803311009157,0.0455,3.723,3.957500000000003,0.2778,0.7109333333333339,0.0,0.0,0.0,False
bromperidol,O=C(CCCN1CCC(O)(c2ccc(Br)cc2)CC1)c1ccc(F)cc1,10.0,0.00451,0.025071868300085825,0.0838,4.252,4.5347000000000035,0.20270000000000002,0.7005366666666669,0.0,0.0,0.0,False
vorinostat,O=C(CCCCCCC(=O)Nc1ccccc1)NO,400.0,0.31719,3.1263244396311856,0.0727,1.186,2.4711,0.39215000000000005,0.4405416666666667,0.0,0.0,0.0,False
selinexor,O=C(/C=C\n1cnc(-c2cc(C(F)(F)F)cc(C(F)(F)F)c2)n1)NNc1cnccn1,100.0,0.6930000000000001,1.0930751252912303,0.0618,3.177,3.386700000000001,0.48810000000000003,0.7388516666666667,0.0,1.0,0.0,False
licarbazepine,NC(=O)N1c2ccccc2CC(O)c2ccccc21,300.0,2.33,3.3129281466968314,0.1409,1.162,2.4929000000000006,0.3328,0.423815,0.0,0.0,0.0,False
(r)-licarbazepine,NC(=O)N1c2ccccc2C[C@@H](O)c2ccccc21,300.0,0.76287,3.3129281466968314,0.1409,1.162,2.4929000000000006,0.3328,0.423815,0.0,0.0,0.0,False
indoramin,O=C(NC1CCN(CCc2c[nH]c3ccccc23)CC1)c1ccccc1,50.0,0.02671,0.1890781155655481,0.037,2.797,3.604800000000002,0.24065,0.5791033333333336,0.0,0.0,0.0,False
benznidazole,O=C(Cn1ccnc1[N+](=O)[O-])NCc1ccccc1,100.0,2.2,3.4979760049583075,0.1411,0.395,1.1077,0.45030000000000003,0.433755,0.0,0.0,0.0,False
benperidol,O=C(CCCN1CCC(n2c(O)nc3ccccc32)CC1)c1ccc(F)cc1,6.0,0.007299999999999999,0.029241105636733607,0.0417,3.672,4.181000000000004,0.2918,0.6357516666666669,1.0,0.0,0.0,False
haloperidol,O=C(CCCN1CCC(O)(c2ccc(Cl)cc2)CC1)c1ccc(F)cc1,5.0,0.0012900000000000006,0.02132073518392594,0.094,3.888,4.425600000000004,0.20270000000000002,0.626451666666667,0.0,0.0,0.0,False
hydroxyurea,NC(=O)NO,2000.0,60.36866,19.39128146908411,0.3318,0.01,-0.9561000000000002,0.37675000000000003,0.12675833333333333,0.0,0.0,0.0,False
felbamate,NC(=O)OCC(COC(N)=O)c1ccccc1,600.0,0.008899999999999998,6.377870927822313,0.3605,0.309,0.9607999999999993,0.5232000000000001,0.3970716666666667,0.0,0.0,0.0,False
chlorphenesin carbamate,NC(=O)OCC(O)COc1ccc(Cl)cc1,250.0,3.43,2.6658233133154083,0.4074,0.392,1.1750000000000003,0.4089000000000001,0.40943666666666667,0.0,0.0,0.0,False
cycloserine,N[C@@H]1CONC1=O,250.0,19.419999999999998,1.1576008897435568,0.6389,0.01,-1.6249000000000007,0.32175,0.17015499999999997,0.0,1.0,0.0,False
lamivudine,Nc1ccn([C@@H]2CS[C@H](CO)O2)c(=O)n1,450.0,3.605,2.459653432212772,0.1986,0.047,-0.5941000000000001,0.45185,0.3821016666666667,0.0,1.0,0.0,False
(+)-tranylcypromine,N[C@@H]1C[C@H]1c1ccccc1,20.0,0.014300000000000009,0.10588582080943804,0.5841,0.312,1.5011999999999999,0.1301,0.22199,0.0,1.0,0.0,False
cidofovir,Nc1ccn(C[C@@H](CO)OCP(=O)(O)O)c(=O)n1,140.0,0.03110000000000001,0.5363608711475734,0.4163,0.01,-1.6618000000000002,0.7394999999999999,0.4653149999999999,0.0,1.0,0.0,False
amifampridine,Nc1ccncc1N,30.0,0.025500000000000002,0.2066694861346748,0.484,0.066,0.2460000000000001,0.32464999999999994,0.18188666666666667,0.0,1.0,0.0,False
carbocisteine,N[C@@H](CSCC(=O)O)C(=O)O,750.0,6.89,3.24263360319072,0.3382,0.023,-0.7838999999999998,0.5031000000000001,0.29866166666666666,1.0,0.0,0.0,False
tryptophan,N[C@@H](Cc1c[nH]c2ccccc12)C(=O)O,700.0,24.999999999999993,7.085174749010953,0.2546,0.306,1.1223000000000003,0.39555,0.34038166666666664,1.0,0.0,0.0,False
levodopa,N[C@@H](Cc1ccc(O)c(O)c1)C(=O)O,250.0,1.077,2.7406939756162276,0.3867,0.091,0.052200000000000135,0.5189,0.32864999999999994,1.0,0.0,0.0,False
melphalan,N[C@@H](Cc1ccc(N(CCCl)CCCl)cc1)C(=O)O,5.0,0.052129999999999996,0.05050661958065406,0.4729,0.938,1.925,0.3328,0.508675,1.0,0.0,0.0,False
dalfampridine,Nc1ccncc1,10.0,0.04270000000000001,0.07621849723251116,0.5675,0.103,0.6638000000000001,0.19454999999999997,0.15686166666666665,0.0,1.0,0.0,False
phenazopyridine,Nc1ccc(/N=N/c2ccccc2)c(N)n1,200.0,0.065,1.1098611865310481,0.0589,1.126,2.6613999999999995,0.44825,0.3554066666666667,0.0,1.0,0.0,False
mesalazine (5-asa),Nc1ccc(O)c(C(=O)O)c1,1200.0,0.857,19.341527109018433,0.2532,0.146,0.6726000000000001,0.41775,0.25522833333333333,1.0,0.0,0.0,True
lenalidomide,Nc1cccc2c1CN(C1CCC(=O)NC1=O)C2=O,400.0,4.586,4.296749901881858,0.2592,0.129,0.029799999999999882,0.4625,0.4321083333333333,0.0,1.0,0.0,False
droxidopa,N[C@H](C(=O)O)[C@H](O)c1ccc(O)c(O)c1,200.0,0.9650000000000001,1.632937549566556,0.42,0.051,-0.4569000000000002,0.6200500000000001,0.355315,1.0,0.0,0.0,False
(-)-tranylcypromine,N[C@H]1C[C@@H]1c1ccccc1,20.0,0.056100000000000004,0.10588582080943804,0.5841,0.312,1.5011999999999999,0.1301,0.22199,0.0,1.0,0.0,False
tacrine,Nc1c2c(nc3ccccc13)CCCC2,25.0,0.009389999999999997,0.1276427395652699,0.2383,1.092,2.695800000000001,0.19454999999999997,0.3304483333333332,0.0,1.0,0.0,False
1-hydroxytacrine,Nc1c2c(nc3ccccc13)CCCC2O,40.0,0.032299999999999995,0.1883835166896546,0.1503,0.803,2.1867000000000005,0.2957,0.3571133333333332,0.0,1.0,0.0,False
penciclovir,Nc1nc(=O)c2ncn(CCC(CO)CO)c2[nH]1,250.0,1.5899999999999999,0.995492425865269,0.4627,0.017,-1.3073,0.6502500000000001,0.4221033333333333,0.0,1.0,0.0,False
hydralazine,NNc1nncc2ccccc12,25.0,0.16733000000000003,0.2161015827071941,0.2786,0.198,0.9153999999999998,0.31915,0.26696666666666663,0.0,1.0,0.0,False
zonisamide,NS(=O)(=O)Cc1noc2ccccc12,100.0,0.9719900000000001,1.3657225682112148,0.2293,0.19,0.6163,0.43095000000000006,0.3537166666666667,1.0,0.0,0.0,True
delafloxacin,Nc1nc(-n2cc(C(=O)O)c(=O)c3cc(F)c(N4CC(O)C4)c(Cl)c32)c(F)cc1F,50.0,0.9490000000000001,0.4200077115503562,0.1246,1.509,1.9177000000000002,0.6084,0.7346083333333336,1.0,0.0,0.0,False
folic acid,Nc1nc(=O)c2nc(CNc3ccc(C(=O)N[C@@H](CCC(=O)O)C(=O)O)cc3)cnc2[nH]1,2.3,0.133,0.035665290017707366,0.0962,0.314,-0.04479999999999945,1.0663999999999998,0.7356733333333336,1.0,0.0,0.0,False
lisinopril,NCCCC[C@H](N[C@@H](CCc1ccccc1)C(=O)O)C(=O)N1CCC[C@H]1C(=O)O,10.0,0.05100000000000001,0.05263709813014603,0.2545,0.823,1.2352000000000007,0.6648,0.6758250000000003,1.0,0.0,0.0,False
triethylenetetramine,NCCNCCNCCN,600.0,0.866,1.9386753215662405,0.8504,0.01,-1.916999999999998,0.38049999999999995,0.24373,0.0,1.0,0.0,False
cysteamine,NCCS,1200.0,4.87601,5.715974891381306,1.0,0.03,-0.12509999999999988,0.1301,0.12858666666666665,0.0,1.0,0.0,False
taurine,NCCS(=O)(=O)O,4000.0,84.16999999999994,15.70480471444801,0.6555,0.01,-1.1670999999999996,0.40195000000000003,0.2085816666666666,0.0,1.0,0.0,False
tranexamic acid,NC[C@H]1CC[C@H](C(=O)O)CC1,1000.0,6.999999999999999,9.74948197835947,0.7132,0.179,0.8361000000000001,0.31660000000000005,0.2620216666666666,1.0,0.0,0.0,False
phenelzine,NNCCc1ccccc1,15.0,0.010140000000000001,0.10032276582315337,0.6432,0.136,0.6923999999999992,0.19024999999999997,0.22699666666666662,0.0,1.0,0.0,False
dihydralazine,NNc1nnc(NN)c2ccccc12,20.0,0.04662000000000001,0.1924425353931614,0.2977,0.105,0.20100000000000012,0.5094,0.3170166666666667,0.0,1.0,0.0,False
loracarbef,N[C@@H](C(=O)N[C@@H]1C(=O)N2C(C(=O)O)=C(Cl)CC[C@H]12)c1ccccc1,200.0,9.009999999999998,3.9776238854406984,0.1014,0.416,0.7108000000000003,0.56365,0.5829566666666668,1.0,0.0,0.0,False
chlorthalidone,NS(=O)(=O)c1cc(C2(O)NC(=O)c3ccccc32)ccc1Cl,25.0,1.9520000000000002,0.37251313058545243,0.171,0.479,0.9242000000000001,0.54745,0.5646200000000001,1.0,0.0,0.0,False
diclofenamide,NS(=O)(=O)c1cc(Cl)c(Cl)c(S(N)(=O)=O)c1,25.0,0.298,0.41842052439183625,0.2042,0.22,0.2882000000000006,0.6015999999999999,0.5086066666666668,1.0,0.0,0.0,False
chlorothiazide,NS(=O)(=O)c1cc2c(cc1Cl)NC=NS2(=O)=O,500.0,0.513,6.5250091711440605,0.231,0.177,0.12990000000000046,0.59345,0.4928816666666667,1.0,0.0,0.0,False
trichlormethiazide,NS(=O)(=O)c1cc2c(cc1Cl)NC(C(Cl)Cl)NS2(=O)=O,4.0,0.03879,0.04204336282946293,0.2736,0.527,0.8210000000000004,0.5917999999999999,0.6344366666666668,1.0,0.0,0.0,False
midazolam,Cc1ncc2n1-c1ccc(Cl)cc1C(c1ccccc1F)=NC2,8.0,0.04420000000000001,0.025624586933848406,0.0367,3.468,4.324220000000002,0.1509,0.5429566666666668,0.0,0.0,1.0,False
raltegravir,Cc1nnc(C(=O)NC(C)(C)c2nc(C(=O)NCc3ccc(F)cc3)c(O)c(=O)n2C)o1,10.0,0.25777,0.15350490703832223,0.1007,0.746,0.9115199999999997,0.7612000000000001,0.7407050000000003,0.0,1.0,0.0,True
guanfacine,N=C(N)NC(=O)Cc1c(Cl)cccc1Cl,3.0,0.005500000000000001,0.02052969754100476,0.3595,0.546,1.5455700000000003,0.39485,0.4101616666666667,0.0,1.0,0.0,False
sulfisoxazole,Cc1noc(NS(=O)(=O)c2ccc(N)cc2)c1C,1000.0,90.0,17.190302230635357,0.1063,0.665,1.67444,0.4911,0.44551666666666667,1.0,0.0,0.0,False
fezolinetant,Cc1nsc(-c2nnc3n2CCN(C(=O)c2ccc(F)cc2)[C@@H]3C)n1,12.0,0.07750000000000003,0.14345343613853773,0.0677,1.615,2.46112,0.38400000000000006,0.5973366666666667,0.0,0.0,0.0,False
dicloxacillin,Cc1onc(-c2c(Cl)cccc2Cl)c1C(=O)N[C@@H]1C(=O)N2[C@@H]1SC(C)(C)[C@@H]2C(=O)O,500.0,24.279999999999998,6.74802314932163,0.0394,3.138,3.2021200000000007,0.5637,0.7838900000000003,1.0,0.0,0.0,False
erdosteine,O=C(O)CSCC(=O)NC1CCSC1=O,600.0,2.5060000000000002,21.418169897681544,0.2296,0.111,-0.047499999999999876,0.41735,0.4155216666666666,1.0,0.0,0.0,False
flucloxacillin,Cc1onc(-c2c(F)cccc2Cl)c1C(=O)N[C@@H]1C(=O)N2[C@@H]1SC(C)(C)[C@@H]2C(=O)O,750.0,34.499999999999986,16.13465979455476,0.048,2.41,2.6878199999999994,0.5637,0.7564650000000003,1.0,0.0,0.0,False
bendazac,O=C(O)COc1nn(Cc2ccccc2)c2ccccc12,500.0,41.9,21.22713428036336,0.0241,1.328,2.548,0.32175,0.4704983333333334,1.0,0.0,0.0,False
etrasimod,O=C(O)C[C@H]1CCc2c1[nH]c1ccc(OCc3ccc(C4CCCC4)c(C(F)(F)F)c3)cc21,5.0,0.10200000000000002,0.019579126237014195,0.0064,4.153,6.927800000000006,0.3116,0.7624866666666671,1.0,0.0,0.0,False
pitavastatin,O=C(O)C[C@H](O)C[C@H](O)/C=C/c1c(C2CC2)nc2ccccc2c1-c1ccc(F)cc1,4.0,0.23291,0.0378814372297965,0.0097,4.244,4.518100000000003,0.45325000000000004,0.7024466666666668,1.0,0.0,0.0,False
ataluren,O=C(O)c1cccc(-c2noc(-c3ccccc3F)n2)c1,1448.0,45.70000000000001,54.53865519196554,0.0282,2.003,3.240900000000001,0.3811,0.4737433333333333,1.0,0.0,0.0,False
Acoramidis,Cc1n[nH]c(C)c1CCCOc1cc(C(=O)O)ccc1F,50.0,2.11,1.1511928797145825,0.0648,1.677,2.875440000000001,0.37605,0.48718333333333336,1.0,0.0,0.0,False
paritaprevir,Cc1cnc(C(=O)N[C@H]2CCCCC/C=C\[C@@H]3C[C@@]3(C(=O)NS(=O)(=O)C3CC3)NC(=O)[C@@H]3C[C@@H](Oc4nc5ccccc5c5ccccc45)CN3C2=O)cn1,300.0,0.12000000000000001,0.927681188663896,0.0134,5.347,3.6369200000000026,0.9482499999999999,1.2764883333333332,1.0,0.0,0.0,False
dasatinib,Cc1nc(Nc2ncc(C(=O)Nc3c(C)cccc3Cl)s2)cc(N2CCN(CCO)CC2)n1,50.0,0.08763999999999998,0.1288584547768344,0.0305,3.394,3.3135400000000015,0.53255,0.8133616666666672,0.0,1.0,0.0,True
thiamine,Cc1ncc(C[n+]2csc(CCO)c2C)c(N)n1,50.0,0.009370000000000005,0.3887012701319573,0.2791,0.249,0.60774,0.37955,0.44226999999999994,0.0,1.0,0.0,False
tafamidis,O=C(O)c1ccc2nc(-c3cc(Cl)cc(Cl)c3)oc2c1,400.0,20.36,5.021117696015644,0.0083,3.542,4.4998000000000005,0.31665,0.5135333333333334,1.0,0.0,0.0,False
rhein,O=C(O)c1cc(O)c2c(c1)C(=O)c1cccc(O)c1C2=O,50.0,3.1999999999999997,2.0951634185481587,0.1428,0.656,1.5714000000000004,0.5595,0.4737050000000001,1.0,0.0,0.0,False
clopidogrel carboxylic acid,O=C(O)[C@H](c1ccccc1Cl)N1CCc2sccc2C1,75.0,2.6088600000000004,0.4957429388554116,0.0176,2.522,3.5855000000000024,0.2027,0.5130033333333334,1.0,0.0,0.0,False
olsalazine,O=C(O)c1cc(/N=N/c2ccc(O)c(C(=O)O)c2)ccc1O,4000.0,9.67174,112.92584654324567,0.0508,1.763,2.9096000000000006,0.6989,0.5037366666666667,1.0,0.0,0.0,False
alpelisib,Cc1nc(NC(=O)N2CCC[C@H]2C(N)=O)sc1-c1ccnc(C(C)(C)C(F)(F)F)c1,400.0,1.32,0.7541211272349394,0.0333,3.686,3.835020000000002,0.50605,0.7357983333333334,0.0,1.0,0.0,False
talazoparib,Cn1ncnc1[C@H]1c2n[nH]c(=O)c3cc(F)cc(c23)N[C@@H]1c1ccc(F)cc1,1.0,0.007700000000000003,0.01247813869604683,0.0374,1.902,2.6285000000000007,0.44245000000000007,0.6339300000000001,0.0,1.0,0.0,False
lipoic acid (r-lipoic acid),O=C(O)CCCC[C@@H]1CCSS1,200.0,3.7817,7.56228637625594,0.1025,1.194,2.7851000000000017,0.1865,0.3438866666666667,1.0,0.0,0.0,False
fenbufen,O=C(O)CCC(=O)c1ccc(-c2ccccc2)cc1,600.0,3.8299999999999996,18.816220963358774,0.0176,2.001,3.4011000000000022,0.27185,0.4238083333333334,1.0,0.0,0.0,False
temozolomide,Cn1nnc2c(C(N)=O)ncn2c1=O,259.5,7.499999999999999,2.4131930615185886,0.3788,0.01,-2.078099999999999,0.54085,0.32359,0.0,0.0,0.0,True
pexidartinib,FC(F)(F)c1ccc(CNc2ccc(Cc3c[nH]c4ncc(Cl)cc34)cn2)cn1,400.0,4.657,0.05842953323492327,0.0118,4.683,5.228000000000002,0.33245,0.69637,0.0,1.0,0.0,False
paroxetine,Fc1ccc([C@@H]2CCNC[C@H]2COc2ccc3c(c2)OCO3)cc1,7.5,0.00277,0.030806215958402,0.151,2.364,3.326500000000002,0.1986,0.5489516666666668,0.0,1.0,0.0,False
chlorambucil,O=C(O)CCCc1ccc(N(CCCl)CCCl)cc1,40.0,1.4000000000000001,0.25083181548541783,0.1225,2.268,3.377900000000002,0.2027,0.5070283333333333,1.0,0.0,0.0,False
doravirine,Cn1c(Cn2ccc(C(F)(F)F)c(Oc3cc(Cl)cc(C#N)c3)c2=O)n[nH]c1=O,300.0,1.6269200000000001,3.997993724857026,0.0816,2.197,2.654580000000001,0.5285,0.7095900000000002,0.0,0.0,0.0,False
gamma-hydroxybutyric acid,O=C(O)CCCO,3960.0,79.99999999999997,224.49343998898965,0.3228,0.036,-0.15650000000000003,0.28765,0.17350833333333335,1.0,0.0,0.0,False
avapritinib,Cn1cc(-c2cc3c(N4CCN(c5ncc([C@@](C)(N)c6ccc(F)cc6)cn5)CC4)ncnn3c2)cn1,300.0,0.49200000000000005,1.1757050083012799,0.0727,2.603,2.6077000000000004,0.53145,0.8309500000000003,0.0,1.0,0.0,False
methimazole,Cn1cc[nH]c1=S,10.0,0.24599000000000004,0.08683088886476305,0.6607,0.185,1.08269,0.1036,0.19028833333333334,0.0,1.0,0.0,False
avatrombopag,O=C(Nc1nc(-c2cc(Cl)cs2)c(N2CCN(C3CCCCC3)CC2)s1)c1cnc(N2CCC(C(=O)O)CC2)c(Cl)c1,3.0,0.017100000000000008,0.0023156802425329456,0.0082,3.861,6.581400000000007,0.5095000000000001,1.0827833333333339,1.0,0.0,0.0,False
finafloxacin,N#Cc1c(N2C[C@@H]3NCCO[C@H]3C2)c(F)cc2c(=O)c(C(=O)O)cn(C3CC3)c12,50.0,0.44000000000000006,0.5404087278354367,0.3089,0.792,1.2223799999999996,0.53795,0.6639900000000003,1.0,0.0,0.0,False
vibegron,O=C(Nc1ccc(C[C@@H]2CC[C@H]([C@H](O)c3ccccc3)N2)cc1)[C@@H]1CCc2nccc(=O)n21,75.0,0.1327,0.7865590030834119,0.063,2.442,2.766000000000001,0.48125,0.740891666666667,0.0,1.0,0.0,False
tecovirimat,O=C(NN1C(=O)[C@@H]2[C@@H]3C=C[C@@H]([C@H]4C[C@@H]34)[C@@H]2C1=O)c1ccc(C(F)(F)F)cc1,2000.0,2.553,14.450931070596269,0.1231,1.651,2.4033000000000007,0.33240000000000003,0.6272233333333334,0.0,0.0,0.0,False
diphenoxylic acid,N#CC(CCN1CCC(C(=O)O)(c2ccccc2)CC1)(c1ccccc1)c1ccccc1,5.0,0.040100000000000004,0.018301793059996446,0.0203,4.605,5.004780000000005,0.32165,0.7075733333333336,1.0,0.0,0.0,False
tizoxanide,O=C(Nc1ncc([N+](=O)[O-])s1)c1ccccc1O,4000.0,41.999999999999986,76.1182222835461,0.0374,0.857,2.0092000000000003,0.5268,0.44208333333333333,1.0,0.0,0.0,False
amoxapine,Clc1ccc2c(c1)C(N1CCNCC1)=Nc1ccccc1O2,150.0,0.07322000000000002,0.7437875345618777,0.0813,2.384,3.4292000000000025,0.1843,0.52298,0.0,1.0,0.0,False
cloxacillin,Cc1onc(-c2ccccc2Cl)c1C(=O)N[C@@H]1C(=O)N2[C@@H]1SC(C)(C)[C@@H]2C(=O)O,250.0,4.8,5.4176616999911476,0.0504,2.139,2.5487200000000003,0.5637,0.7264816666666669,1.0,0.0,0.0,False
econazole,Clc1ccc(COC(Cn2ccnc2)c2ccc(Cl)cc2Cl)cc1,250.0,2.1,0.7760389213204267,0.0096,4.711,5.801400000000003,0.13525,0.6361500000000001,0.0,0.0,0.0,False
piperaquine,Clc1ccc2c(N3CCN(CCCN4CCN(c5ccnc6cc(Cl)ccc56)CC4)CC3)ccnc2c1,500.0,0.035100000000000006,0.024491739868477427,0.0107,4.997,5.4241000000000055,0.1937,0.8925383333333338,0.0,1.0,0.0,False
dabigatran,Cn1c(CNc2ccc(C(=N)N)cc2)nc2cc(C(=O)N(CCC(=O)O)c3ccccn3)ccc21,10.0,0.008300000000000002,0.06521426152529725,0.2624,2.883,2.985970000000001,0.7510999999999999,0.7858683333333337,1.0,0.0,0.0,False
benazeprilat,O=C(O)CN1C(=O)[C@@H](N[C@@H](CCc2ccccc2)C(=O)O)CCc2ccccc21,10.0,0.19505,0.05637182828766477,0.0564,1.458,2.0946000000000007,0.5347000000000001,0.6607383333333336,1.0,0.0,0.0,False
phenylbutyrate,O=C(O)CCCc1ccccc1,5000.0,217.99999999999994,142.0060300712135,0.1156,0.608,2.0939,0.1865,0.2736733333333333,1.0,0.0,0.0,False
clotrimazole,Clc1ccccc1C(c1ccccc1)(c1ccccc1)n1ccnc1,1000.0,0.80349,4.526945896635705,0.0043,4.458,5.376700000000004,0.0891,0.5747416666666667,0.0,0.0,0.0,False
theophylline,Cn1c(=O)c2[nH]cnc2n(C)c1=O,250.0,6.499999999999999,4.691860203076911,0.4804,0.014,-1.0397000000000005,0.36340000000000006,0.3002783333333333,0.0,1.0,0.0,True
caffeine,Cn1c(=O)c2c(ncn2C)n(C)c1=O,100.0,1.5,1.5507470230451568,0.537,0.017,-1.0293,0.3091,0.32365666666666665,0.0,0.0,0.0,True
alogliptin,Cn1c(=O)cc(N2CCC[C@@H](N)C2)n(Cc2ccccc2C#N)c1=O,800.0,6.993999999999999,8.76841855038732,0.2235,0.292,0.3944800000000006,0.48525000000000007,0.5656650000000001,0.0,1.0,0.0,False
dyphylline,Cn1c(=O)c2c(ncn2CC(O)CO)n(C)c1=O,1000.0,15.619999999999997,5.619291878885271,0.4428,0.01,-2.213099999999999,0.5114,0.4237433333333333,1.0,0.0,0.0,False
sulindac sulfone,CC1=C(CC(=O)O)c2cc(F)ccc2C1=Cc1ccc(S(C)(=O)=O)cc1,200.0,3.56,4.804324293474072,0.0286,3.45,4.031600000000003,0.35719999999999996,0.6206950000000001,1.0,0.0,0.0,False
lutein,CC1=C[C@H](O)CC(C)(C)[C@H]1/C=C/C(C)=C/C=C/C(C)=C/C=C/C=C(C)/C=C/C=C(C)/C=C/C1=C(C)C[C@@H](O)CC1(C)C,19.91,0.42098,0.018710245399781764,0.0084,0.447,10.403299999999993,0.2023,0.9481433333333337,0.0,0.0,0.0,False
edaravone,CC1=NN(c2ccccc2)C(=O)C1,30.0,0.20800000000000002,0.6616919799270026,0.1224,0.495,1.7992,0.16335,0.29033833333333325,0.0,0.0,0.0,False
perhexiline,C1CCC(C(CC2CCCCN2)C2CCCCC2)CC1,300.0,0.09944,1.424978100365728,0.025,4.085,5.295400000000005,0.060149999999999995,0.4624933333333333,0.0,1.0,0.0,False
diazoxide,CC1=NS(=O)(=O)c2cc(Cl)ccc2N1,100.0,4.989999999999999,2.0698949311191526,0.1589,0.67,1.8726,0.29265,0.38446,0.0,1.0,0.0,False
21-desacetyldeflazacort,CC1=N[C@]2(C(=O)CO)[C@@H](C[C@H]3[C@@H]4CCC5=CC(=O)C=C[C@]5(C)[C@H]4[C@@H](O)C[C@@]32C)O1,3.0,0.010399999999999998,0.02306721886066613,0.0986,1.379,1.9924,0.48095,0.6658116666666669,0.0,0.0,0.0,False
nifurtimox,CC1CS(=O)(=O)CCN1/N=C/c1ccc([N+](=O)[O-])o1,862.5,0.751,9.51097543687853,0.2441,0.288,0.6406000000000001,0.5301,0.47882833333333336,0.0,0.0,0.0,False
memantine,CC12CC3CC(C)(C1)CC(N)(C3)C2,10.0,0.0116,0.04851260398657836,0.2634,1.019,2.6941000000000006,0.1301,0.29884499999999997,0.0,1.0,0.0,True
beta carotene,CC1=C(/C=C/C(C)=C/C=C/C(C)=C/C=C/C=C(C)/C=C/C=C(C)/C=C/C2=C(C)CCCC2(C)C)C(C)(C)CCC1,30.0,0.1627,0.05181352949904812,0.0051,0.04,12.605799999999977,0.0,0.8948133333333339,0.0,0.0,0.0,False
isotretinoin,CC1=C(/C=C/C(C)=C/C=C/C(C)=C\C(=O)O)C(C)(C)CCC1,40.0,0.314,0.18738686154349632,0.0113,4.385,5.602600000000005,0.1865,0.5007366666666667,1.0,0.0,0.0,False
alitretinoin (9-cis-retinoic acid),CC1=C(/C=C/C(C)=C\C=C\C(C)=C\C(=O)O)C(C)(C)CCC1,5.0,0.024700000000000007,0.029508305408763254,0.0113,4.385,5.602600000000005,0.1865,0.5007366666666667,1.0,0.0,0.0,False
cefradine,CC1=C(C(=O)O)N2C(=O)[C@@H](NC(=O)[C@H](N)C3=CCC=CC3)[C@H]2SC1,250.0,9.4,6.809544070633778,0.1144,0.294,0.34860000000000113,0.56365,0.5823533333333335,1.0,0.0,0.0,False
cephalexin,CC1=C(C(=O)O)N2C(=O)[C@@H](NC(=O)[C@H](N)c3ccccc3)[C@H]2SC1,250.0,12.000000000000002,4.906648529022506,0.1316,0.32,0.4449000000000012,0.56365,0.5789933333333335,1.0,0.0,0.0,False
sulindac,CC1=C(CC(=O)O)c2cc(F)ccc2/C1=C\c1ccc([S+](C)[O-])cc1,150.0,3.8000000000000003,2.3914492599082844,0.0183,3.706,4.365500000000003,0.3018,0.5940300000000001,1.0,0.0,0.0,False
benzoic acid,CCC(COC(=O)c1cc(OC)c(OC)c(OC)c1)(NC)c1ccccc1,125.0,0.9489,0.24852604799948663,0.0572,2.721,3.3941000000000017,0.33010000000000006,0.622415,0.0,1.0,0.0,False
trimebutine,CCC(COC(=O)c1cc(OC)c(OC)c(OC)c1)(c1ccccc1)N(C)C,125.0,0.018140000000000007,0.2802399761425228,0.0474,3.214,3.7363000000000026,0.28615000000000007,0.6457933333333334,0.0,0.0,0.0,False
phenprocoumon,CCC(c1ccccc1)c1c(O)c2ccccc2oc1=O,16.1,1.7,0.2898807286446482,0.0126,2.862,4.040500000000003,0.25220000000000004,0.467205,1.0,0.0,0.0,False
methyprylon,CCC1(CC)C(=O)NCC(C)C1=O,300.0,5.449999999999999,2.178114589524855,0.775,0.277,1.1278,0.23085,0.3054183333333333,0.0,0.0,0.0,False
aminoglutethimide,CCC1(c2ccc(N)cc2)CCC(=O)NC1=O,500.0,5.909999999999999,2.640308995317441,0.5033,0.434,1.3532,0.36095,0.38713833333333325,0.0,1.0,0.0,False
alfentanil,CCC(=O)N(c1ccccc1)C1(COC)CCN(CCn2nnn(CC)c2=O)CC1,1.5,0.01600000000000001,0.023887339395203055,0.253,0.961,1.3838999999999997,0.42745000000000005,0.6942100000000004,0.0,0.0,0.0,False
leniolisib,CCC(=O)N1CC[C@H](Nc2ncnc3c2CN(c2cnc(OC)c(C(F)(F)F)c2)CC3)C1,400.0,13.513950000000001,2.789437833227514,0.0853,2.621,2.884500000000002,0.4174,0.7507750000000003,0.0,1.0,0.0,False
ramelteon,CCC(=O)NCC[C@@H]1CCc2ccc3c(c21)CCO3,4.0,0.0011499999999999998,0.03624442928988221,0.379,1.243,2.5676000000000005,0.19165,0.43224833333333323,0.0,0.0,0.0,False
methysergide,CCC(CO)NC(=O)[C@@H]1C=C2c3cccc4c3c(cn4C)C[C@H]2N(C)C1,2.0,0.0017700000000000005,0.011803922468275375,0.1254,1.13,1.9351,0.2875,0.5891100000000002,0.0,0.0,0.0,False
beclomethasone 17-monopropionate,CCC(=O)O[C@]1(C(=O)CO)[C@@H](C)C[C@H]2[C@@H]3CCC4=CC(=O)C=C[C@]4(C)[C@@]3(Cl)[C@@H](O)C[C@@]21C,4.0,0.0007000000000000002,0.01829418111844707,0.0469,3.009,3.1259000000000015,0.5045000000000001,0.774976666666667,0.0,0.0,0.0,False
itraconazole,CCC(C)n1ncn(-c2ccc(N3CCN(c4ccc(OC[C@H]5CO[C@](Cn6cncn6)(c6ccc(Cl)cc6Cl)O5)cc4)CC3)cc2)c1=O,100.0,0.038400000000000004,0.18440709905834018,0.0152,4.778,5.5773000000000055,0.5235000000000001,1.1760783333333336,0.0,0.0,0.0,False
oseltamivir acid,CCC(CC)O[C@@H]1C=C(C(=O)O)C[C@H](N)[C@H]1NC(C)=O,20.0,0.06790000000000002,0.1362149644141971,0.5598,0.334,0.8069000000000008,0.50825,0.47392666666666666,1.0,0.0,0.0,False
voxelotor,CC(C)n1nccc1-c1ncccc1COc1cccc(O)c1C=O,1000.0,2.21,1.2683301668390117,0.0171,2.753,3.6231000000000027,0.38620000000000004,0.5622983333333333,0.0,1.0,0.0,False
trimipramine,CC(CN(C)C)CN1c2ccccc2CCc2ccccc21,75.0,0.022400000000000007,0.20409986441977956,0.0915,3.043,4.121000000000003,0.032400000000000005,0.49073666666666665,0.0,0.0,0.0,False
alimemazine,CC(CN(C)C)CN1c2ccccc2Sc2ccccc21,20.0,0.004550000000000002,0.03660890127841199,0.0262,3.467,4.487000000000004,0.032400000000000005,0.49742500000000006,0.0,0.0,0.0,False
phenylpropanolamine,CC(N)C(O)c1ccccc1,25.0,0.11312000000000001,0.12093005045680714,0.6469,0.222,1.0672000000000001,0.23125,0.25201499999999993,0.0,1.0,0.0,False
pinacidil,CC(N/C(=N/c1ccncc1)NC#N)C(C)(C)C,12.5,0.029800000000000007,0.06304304419240146,0.3053,0.89,2.1639800000000005,0.3655,0.4088833333333334,0.0,1.0,0.0,False
darolutamide,CC(O)c1cc(C(=O)N[C@@H](C)Cn2ccc(-c3ccc(C#N)c(Cl)c3)n2)n[nH]1,300.0,0.8,2.957579058061692,0.0582,2.053,2.6700799999999996,0.5981000000000001,0.6647566666666668,0.0,0.0,0.0,False
lofexidine,CC(Oc1c(Cl)cccc1Cl)C1=NCCN1,0.36,0.0008200000000000001,0.0013874784591774616,0.1989,1.408,2.7624000000000004,0.1681,0.4318933333333333,0.0,1.0,0.0,False
promethazine,CC(CN1c2ccccc2Sc2ccccc21)N(C)C,50.0,0.0193,0.11748574650803374,0.0204,3.11,4.239400000000003,0.032400000000000005,0.47404666666666667,0.0,0.0,0.0,False
valganciclovir,CC(C)[C@H](N)C(=O)OCC(CO)OCn1cnc2c(=O)nc(N)[nH]c21,900.0,0.33742000000000005,11.278445151710779,0.4058,0.033,-1.4366999999999974,0.85685,0.5906116666666668,0.0,1.0,0.0,False
valaciclovir,CC(C)[C@H](N)C(=O)OCCOCn1cnc2c(=O)nc(N)[nH]c21,1000.0,0.19136000000000006,10.311537759420663,0.4114,0.069,-0.7975999999999985,0.7557,0.5405683333333333,0.0,1.0,0.0,False
nateglinide,CC(C)[C@H]1CC[C@H](C(=O)N[C@H](Cc2ccccc2)C(=O)O)CC1,30.0,1.5,0.9263306428123889,0.0502,2.219,3.2609000000000012,0.332,0.5290483333333336,1.0,0.0,0.0,False
propantheline,CC(C)[N+](C)(CCOC(=O)C1c2ccccc2Oc2ccccc21)C(C)C,30.0,0.027090000000000003,0.07719531090996798,0.0318,4.126,4.730800000000005,0.17765,0.6141616666666668,0.0,0.0,0.0,False
cobicistat (gs-9350),CC(C)c1nc(CN(C)C(=O)N[C@@H](CCN2CCOCC2)C(=O)N[C@H](CC[C@H](Cc2ccccc2)NC(=O)OCc2cncs2)Cc2ccccc2)cs1,50.0,0.06160000000000001,0.037794793647839914,0.0225,4.042,6.000700000000006,0.6901,1.2934033333333337,0.0,0.0,0.0,False
ritonavir,CC(C)c1nc(CN(C)C(=O)N[C@H](C(=O)N[C@@H](Cc2ccccc2)C[C@H](O)[C@H](Cc2ccccc2)NC(=O)OCc2cncs2)C(C)C)cs1,400.0,5.103999999999999,0.31835182043882404,0.0143,4.387,5.905200000000005,0.7288999999999999,1.2016033333333336,0.0,0.0,0.0,False
mavacamten,CC(C)n1c(=O)cc(N[C@@H](C)c2ccccc2)[nH]c1=O,15.0,0.3954,0.08967866708914458,0.1574,1.083,2.2906,0.33445,0.45556000000000013,0.0,1.0,0.0,False
topiramate,CC1(C)O[C@@H]2[C@@H](CO[C@@]3(COS(N)(=O)=O)OC(C)(C)O[C@@H]23)O1,800.0,18.379999999999995,11.948228555877,0.3307,0.125,-0.3953999999999982,0.5777,0.5656100000000002,1.0,0.0,0.0,False
mecillinam,CC1(C)S[C@@H]2[C@H](N=CN3CCCCCC3)C(=O)N2[C@H]1C(=O)O,200.0,2.829,2.0040224527354376,0.3457,0.681,1.4062000000000001,0.36605000000000004,0.5423899999999998,1.0,0.0,0.0,False
phenoxymethylpenicillin,CC1(C)S[C@@H]2[C@H](NC(=O)COc3ccccc3)C(=O)N2[C@H]1C(=O)O,400.0,5.14,13.346583719490761,0.1423,0.412,0.6970999999999998,0.47970000000000007,0.5839933333333335,1.0,0.0,0.0,False
ampicillin,CC1(C)S[C@@H]2[C@H](NC(=O)[C@H](N)c3ccccc3)C(=O)N2[C@H]1C(=O)O,394.0,7.1000000000000005,5.201181397940573,0.2633,0.285,0.3181000000000002,0.56365,0.5823533333333335,1.0,0.0,0.0,False
tiopronin,CC(S)C(=O)NCC(=O)O,500.0,3.2639599999999995,20.957652353696254,0.6264,0.033,-0.49450000000000044,0.332,0.27199666666666666,1.0,0.0,0.0,False
zileuton,CC(c1cc2ccccc2s1)N(O)C(N)=O,200.0,1.4400000000000002,1.5153244558452696,0.065,1.279,2.7321999999999997,0.3328,0.3938266666666666,0.0,0.0,0.0,False
muzolimine,CC(c1ccc(Cl)c(Cl)c1)N1N=C(N)CC1=O,40.0,0.27,0.22804597971777052,0.0824,1.292,2.5589000000000013,0.29345,0.4535583333333334,0.0,1.0,0.0,False
tamoxifen,CC/C(=C(\c1ccccc1)c1ccc(OCCN(C)C)cc1)c1ccccc1,20.0,0.0342,0.02776796677837355,0.0061,4.695,5.9961000000000055,0.06235,0.6192066666666667,0.0,0.0,0.0,False
omaveloxolone,CC1(C)CC[C@]2(NC(=O)C(C)(F)F)CC[C@]3(C)[C@H](C(=O)C=C4[C@@]5(C)C=C(C#N)C(=O)C(C)(C)[C@@H]5CC[C@]43C)[C@@H]2C1,150.0,0.03241,0.010525718745909931,0.0105,4.055,6.729780000000008,0.43515,0.924536666666667,0.0,0.0,0.0,False
nilutamide,CC1(C)NC(=O)N(c2ccc([N+](=O)[O-])c(C(F)(F)F)c2)C1=O,100.0,0.8,1.2693443081313602,0.0584,1.401,2.4484000000000004,0.46275000000000005,0.528705,0.0,0.0,0.0,False
dimethadione,CC1(C)OC(=O)NC1=O,65.3,3.3200000000000003,1.1990323250761206,0.548,0.057,0.03139999999999993,0.27699999999999997,0.21519166666666667,0.0,0.0,0.0,False
gepirone,CC1(C)CC(=O)N(CCCCN2CCN(c3ncccn3)CC2)C(=O)C1,20.0,0.018730000000000004,0.25167736478520175,0.2843,0.877,1.5539999999999996,0.34820000000000007,0.5991233333333336,0.0,1.0,0.0,False
phenobarbital,CCC1(c2ccccc2)C(=O)NC(=O)NC1=O,0.1,0.0026000000000000016,0.001165804916063852,0.3019,0.231,0.7004,0.3763500000000001,0.38706499999999994,0.0,0.0,0.0,False
propylthiouracil,CCCc1cc(=O)[nH]c(=S)[nH]1,50.0,1.62,0.6509125647101597,0.4966,0.334,1.38499,0.24325,0.2837283333333333,0.0,0.0,0.0,False
probenecid,CCCN(CCC)S(=O)(=O)c1ccc(C(=O)O)cc1,1000.0,69.6,38.40611849357521,0.1474,1.058,2.1955,0.3734,0.47560833333333324,1.0,0.0,0.0,False
pergolide,CCCN1C[C@H](CSC)C[C@@H]2c3cccc4[nH]cc(c34)C[C@H]21,0.15,3.8000000000000016e-05,0.00038355854811930704,0.0702,3.338,4.271100000000003,0.09515000000000001,0.5241633333333335,0.0,0.0,0.0,False
pramipexole,CCCN[C@H]1CCc2nc(N)sc2C1,0.25,0.0007300000000000004,0.0013103749715646625,0.3728,0.483,1.5822,0.2547,0.3522233333333333,0.0,1.0,0.0,False
propiverine,CCCOC(C(=O)OC1CCN(C)CC1)(c1ccccc1)c1ccccc1,10.0,0.05279999999999999,0.06339200395248525,0.08,3.376,3.994200000000003,0.19385000000000002,0.6124816666666666,0.0,0.0,0.0,False
albendazole,CCCSc1ccc2nc(NC(=O)OC)[nH]c2c1,400.0,0.0153,1.2153335612837295,0.0409,1.9,3.2433000000000005,0.33504999999999996,0.44222999999999996,0.0,1.0,0.0,False
abrocitinib,CCCS(=O)(=O)N[C@H]1C[C@@H](N(C)c2ncnc3[nH]ccc23)C1,3.0,0.017100000000000008,0.021606859551286356,0.2665,0.596,1.2544999999999995,0.45489999999999997,0.5390366666666668,1.0,0.0,0.0,False
entacapone,CCN(CC)C(=O)/C(C#N)=C/c1cc(O)c(O)c([N+](=O)[O-])c1,200.0,1.8079999999999998,4.182956266277996,0.1916,0.843,1.7813800000000002,0.6385000000000001,0.5088166666666667,1.0,0.0,0.0,False
diethylcarbamazine,CCN(CC)C(=O)N1CCN(C)CC1,150.0,0.5,1.4151190787693728,0.8068,0.193,0.6956,0.13395000000000004,0.33216333333333325,0.0,0.0,0.0,False
levomilnacipran,CCN(CC)C(=O)[C@@]1(c2ccccc2)C[C@H]1CN,25.0,0.04770000000000002,0.19484990594069107,0.2089,0.659,1.7713999999999999,0.23165,0.41058999999999996,0.0,1.0,0.0,False
disulfiram,CCN(CC)C(=S)SSC(=S)N(CC)CC,250.0,0.38,1.1023476569884578,0.1726,2.492,3.6212000000000026,0.032400000000000005,0.4942533333333335,0.0,0.0,0.0,False
lidocaine,CCN(CC)CC(=O)Nc1c(C)cccc1C,66.5,0.12700000000000003,0.5443948384012531,0.2117,1.151,2.5837400000000006,0.1617,0.39057166666666665,0.0,0.0,0.0,False
flurazepam,CCN(CC)CCN1C(=O)CN=C(c2ccccc2F)c2cc(Cl)ccc21,30.0,0.0021000000000000007,0.11348325616212862,0.1244,3.522,4.004900000000003,0.17955,0.6464766666666669,0.0,0.0,0.0,False
amodiaquine,CCN(CC)Cc1cc(Nc2ccnc3cc(Cl)ccc23)ccc1O,200.0,0.01600000000000001,0.010875620373301148,0.0088,4.394,5.179200000000004,0.24195,0.5931150000000002,0.0,1.0,0.0,False
enprofylline,CCCn1c(=O)[nH]c(=O)c2[nH]cnc21,152.0,2.04,1.9446372296064929,0.4157,0.066,-0.17710000000000065,0.4177,0.32365666666666665,0.0,1.0,0.0,False
sparsentan,CCCCC1=NC2(CCCC2)C(=O)N1Cc1ccc(-c2ccccc2S(=O)(=O)Nc2noc(C)c2C)c(COCC)c1,400.0,6.969999999999998,0.9921750576168772,0.0079,4.133,6.539440000000007,0.5705,0.9879366666666668,1.0,0.0,0.0,False
phenylbutazone,CCCCC1C(=O)N(c2ccccc2)N(c2ccccc2)C1=O,100.0,14.169999999999996,0.698696015108956,0.0246,2.756,3.7878000000000025,0.20310000000000003,0.5139683333333335,0.0,0.0,0.0,False
nabilone,CCCCCCC(C)(C)c1cc(O)c2c(c1)OC(C)(C)[C@@H]1CCC(=O)C[C@@H]21,2.0,0.002000000000000001,0.005913423895985734,0.0052,4.658,6.264000000000007,0.23265,0.6209150000000003,1.0,0.0,0.0,False
brincidofovir,CCCCCCCCCCCCCCCCOCCCOP(=O)(O)CO[C@H](CO)Cn1ccc(N)nc1=O,1.75,0.0025800000000000016,0.008610384588504121,0.0064,5.057,5.250500000000005,0.73065,0.9361683333333336,0.0,1.0,0.0,False
primidone,CCC1(c2ccccc2)C(=O)NCNC1=O,500.0,8.97032,4.7676430969269195,0.4142,0.181,0.5378999999999999,0.29100000000000004,0.3637599999999999,0.0,0.0,0.0,False
carisoprodol,CCCC(C)(COC(N)=O)COC(=O)NC(C)C,350.0,2.31647,3.7144043980792483,0.4539,0.849,2.0227,0.45325000000000004,0.43389,0.0,0.0,0.0,True
meprobamate,CCCC(C)(COC(N)=O)COC(N)=O,400.0,7.669999999999999,5.570613167760937,0.6297,0.286,0.9834000000000005,0.5231999999999999,0.36375499999999994,0.0,0.0,0.0,False
valproic acid,CCCC(CCC)C(=O)O,500.0,62.22000000000001,21.984639305399778,0.1717,0.654,2.2874,0.1865,0.24035666666666666,1.0,0.0,0.0,False
budesonide,CCCC1O[C@@H]2C[C@H]3[C@@H]4CCC5=CC(=O)C=C[C@]5(C)[C@H]4[C@@H](O)C[C@]3(C)[C@]2(C(=O)CO)O1,3.0,0.0008200000000000001,0.01738190283060809,0.0485,2.297,2.7168000000000014,0.4653,0.7175683333333337,0.0,0.0,0.0,False
butobarbital,CCCCC1(CC)C(=O)NC(=O)NC1=O,200.0,3.5000000000000004,2.141893218654307,0.4172,0.266,0.9389999999999998,0.3763500000000001,0.35374833333333333,0.0,0.0,0.0,False
odevixibat,CCCCC1(CCCC)CN(c2ccccc2)c2cc(SC)c(OCC(=O)N[C@@H](C(=O)N[C@@H](CC)C(=O)O)c3ccc(O)cc3)cc2S(=O)(=O)N1,7.2,0.00047000000000000026,0.007249911416327425,0.0139,4.342,5.879000000000006,0.87185,1.234908333333334,1.0,0.0,0.0,False
maralixibat,CCCCC1(CCCC)CS(=O)(=O)c2ccc(N(C)C)cc2[C@@H](c2ccc(OCc3ccc(C[N+]45CCN(CC4)CC5)cc3)cc2)[C@H]1O,30.0,0.0016500000000000006,0.036780778284152015,0.003,3.695,6.624500000000008,0.3504,1.1249533333333335,0.0,0.0,0.0,False
bumetanide,CCCCNc1cc(C(=O)O)cc(S(N)(=O)=O)c1Oc1ccccc1,1.0,0.0309,0.009785899517411923,0.0231,2.253,3.036500000000001,0.5935999999999999,0.6073716666666668,1.0,0.0,0.0,False
benzonatate,CCCCNc1ccc(C(=O)OCCOCCOCCOCCOCCOCCOCCOCCOCCOC)cc1,100.0,1.063,0.30418902719769764,0.0834,3.614,2.8346000000000036,0.6070000000000002,1.0062500000000005,0.0,1.0,0.0,False
butylscopolamine,CCCC[N+]1(C)[C@@H]2C[C@@H](OC(=O)[C@H](CO)c3ccccc3)C[C@H]1[C@@H]1O[C@@H]12,10.0,6.199999999999998e-05,0.07035138806774573,0.2959,1.412,2.2329999999999997,0.2953,0.60079,0.0,0.0,0.0,False
dronedarone,CCCCc1oc2ccc(NS(C)(=O)=O)cc2c1C(=O)c1ccc(OCCCN(CCCC)CCCC)cc1,400.0,0.0258,0.022478566604141634,0.0022,3.677,7.0490000000000075,0.44425,0.9279483333333342,1.0,0.0,0.0,False
amiodarone,CCCCc1oc2ccccc2c1C(=O)c1cc(I)c(OCCN(CC)CC)c(I)c1,200.0,0.17028000000000004,0.008836541670567735,0.0043,3.429,6.936200000000007,0.2134,1.075531666666667,0.0,0.0,0.0,False
ropinirole,CCCN(CCC)CCc1cccc2c1CC(=O)N2,1.0,0.001560000000000001,0.004496106578776427,0.2174,1.489,2.845700000000001,0.1617,0.4339683333333332,0.0,0.0,0.0,False
fingolimod,CCCCCCCCc1ccc(CCC(N)(CO)CO)cc1,1.0,0.0006500000000000003,0.0031061492810770964,0.1564,2.098,3.204300000000001,0.33240000000000003,0.5124633333333334,0.0,1.0,0.0,False
lusutrombopag,CCCCCCO[C@@H](C)c1cccc(-c2csc(NC(=O)c3cc(Cl)c(/C=C(\C)C(=O)O)c(Cl)c3)n2)c1OC,0.75,0.0192,0.0019608089890144993,0.0041,1.74,8.523600000000004,0.48875,0.9859283333333335,1.0,0.0,0.0,False
ibandronate,CCCCCN(C)CCC(O)(P(=O)(O)O)P(=O)(O)O,50.0,0.024300000000000006,0.46036129892115674,0.3851,0.294,0.4999999999999996,0.69265,0.5320516666666667,0.0,0.0,0.0,False
treprostinil,CCCCC[C@H](O)CC[C@@H]1[C@H]2Cc3cccc(OCC(=O)O)c3C[C@H]2C[C@H]1O,1.0,0.0004900000000000001,0.008491427803065695,0.0318,3.055,3.583200000000003,0.43495000000000006,0.650866666666667,1.0,0.0,0.0,False
dronabinol,CCCCCc1cc(O)c2c(c1)OC(C)(C)[C@@H]1CCC(C)=C[C@@H]21,5.0,0.00219,0.015221435311083276,0.0115,4.497,5.735800000000006,0.14730000000000001,0.5241150000000001,1.0,0.0,0.0,False
miglustat,CCCCN1C[C@H](O)[C@@H](O)[C@H](O)[C@H]1CO,100.0,1.328,0.37234727438753457,0.4027,0.01,-1.4542999999999995,0.42080000000000006,0.3654683333333333,0.0,0.0,0.0,False
quinidine,C=C[C@H]1CN2CC[C@H]1C[C@@H]2[C@@H](O)c1ccnc2ccc(OC)cc12,10.0,0.016100000000000003,0.04268279030864295,0.1164,2.164,3.1732000000000014,0.22795,0.5407066666666668,0.0,1.0,0.0,False
lefamulin,C=C[C@]1(C)C[C@@H](OC(=O)CS[C@@H]2CC[C@@H](N)C[C@H]2O)[C@]2(C)C(C)CC[C@]3(CCC(=O)[C@H]32)[C@@H](C)[C@@H]1O,600.0,1.5599999999999998,2.489755903665142,0.0461,4.149,3.8668000000000036,0.54925,0.8462283333333338,0.0,1.0,0.0,False
acenocoumarol,CC(=O)CC(c1ccc([N+](=O)[O-])cc1)c1c(O)c2ccccc2oc1=O,4.0,0.18697,0.17099850560176383,0.0051,2.735,3.517800000000003,0.55325,0.5888833333333334,1.0,0.0,0.0,False
warfarin,CC(=O)CC(c1ccccc1)c1c(O)c2ccccc2oc1=O,2.0,0.19,0.13528964784216918,0.0091,2.553,3.609600000000003,0.33754999999999996,0.5138883333333335,1.0,0.0,0.0,True
cabergoline,C=CCN1C[C@H](C(=O)N(CCCN(C)C)C(=O)NCC)C[C@@H]2c3cccc4[nH]cc(c34)C[C@H]21,0.5,3.2999999999999996e-05,0.0019027205035963288,0.1188,3.001,3.193900000000001,0.35840000000000005,0.7526916666666671,0.0,0.0,0.0,False
almitrine,C=CCNc1nc(NCC=C)nc(N2CCN(C(c3ccc(F)cc3)c3ccc(F)cc3)CC2)n1,25.0,0.038900000000000004,0.05761782476020872,0.0344,4.338,4.257200000000004,0.34605,0.7959383333333336,0.0,1.0,0.0,False
asunaprevir,C=C[C@@H]1C[C@]1(NC(=O)[C@@H]1C[C@@H](Oc2ncc(OC)c3ccc(Cl)cc23)CN1C(=O)[C@@H](NC(=O)OC(C)(C)C)C(C)(C)C)C(=O)NS(=O)(=O)C1CC1,10.0,0.0009600000000000006,0.022020029569166568,0.0205,5.368,3.8538000000000023,0.9116500000000001,1.2471649999999999,1.0,0.0,0.0,False
fusidic acid,CC(=O)O[C@H]1C[C@@]2(C)[C@@H](C[C@@H](O)[C@H]3[C@@]4(C)CC[C@@H](O)[C@@H](C)[C@@H]4CC[C@@]32C)/C1=C(\CCC=C(C)C)C(=O)O,550.0,32.599999999999994,1.8966919528304176,0.0048,4.921,5.6661000000000055,0.5203000000000001,0.861198333333334,1.0,0.0,0.0,False
cyproterone acetate,CC(=O)O[C@]1(C(C)=O)CC[C@H]2[C@@H]3C=C(Cl)C4=CC(=O)[C@@H]5C[C@@H]5[C@]4(C)[C@H]3CC[C@@]21C,2.0,0.011179999999999999,0.012924380109470309,0.0344,4.294,4.607600000000004,0.3022,0.6949083333333338,0.0,0.0,0.0,False
triflusal,CC(=O)Oc1cc(C(F)(F)F)ccc1C(=O)O,300.0,5.005,11.191566646246876,0.097,1.014,2.3289,0.31800000000000006,0.4135933333333333,1.0,0.0,0.0,False
acetylsalicylic acid,CC(=O)Oc1ccccc1C(=O)O,75.0,0.9710000000000001,2.120150825747751,0.4283,0.326,1.3101,0.31800000000000006,0.30026499999999995,1.0,0.0,0.0,False
spironolactone,CC(=O)S[C@@H]1CC2=CC(=O)CC[C@]2(C)[C@H]2CC[C@@]3(C)[C@@H](CC[C@@]34CCC(=O)O4)[C@H]12,100.0,0.0474,0.02585488608897995,0.0834,4.475,4.852300000000005,0.30219999999999997,0.6943050000000004,0.0,0.0,0.0,False
ulipristal,CC(=O)[C@@]1(O)CC[C@H]2[C@@H]3CCC4=CC(=O)CCC4=C3[C@@H](c3ccc(N(C)C)cc3)C[C@@]21C,5.0,0.04770000000000002,0.3716291372752214,0.0063,4.627,4.972200000000005,0.28805,0.7226533333333336,0.0,0.0,0.0,False
dydrogesterone,CC(=O)[C@H]1CC[C@H]2[C@@H]3C=CC4=CC(=O)CC[C@@]4(C)[C@@H]3CC[C@]12C,10.0,0.0031300000000000013,0.04687474809398323,0.0912,3.568,4.499500000000004,0.1707,0.5207550000000002,0.0,0.0,0.0,False
progesterone,CC(=O)[C@H]1CC[C@H]2[C@@H]3CCC4=CC(=O)CC[C@]4(C)[C@H]3CC[C@]12C,20.0,0.0030499999999999998,0.010828540615822625,0.0856,3.804,4.723500000000005,0.1707,0.5241150000000001,0.0,0.0,0.0,False
pentoxifylline,CC(=O)CCCCn1c(=O)c2c(ncn2C)n(C)c1=O,100.0,0.2720000000000001,1.8903011920083879,0.4645,0.172,0.19300000000000006,0.39445,0.46385333333333345,0.0,0.0,0.0,False
acetylcarnitine,CC(=O)O[C@H](CC(=O)[O-])C[N+](C)(C)C,500.0,1.188,3.5070201720359475,0.6913,0.011,-1.2356999999999976,0.33215000000000006,0.33873,0.0,0.0,0.0,False
4-acetylaminoantipyrine,CC(=O)Nc1c(C)n(C)n(-c2ccccc2)c1=O,750.0,2.1,7.42881395823741,0.2896,0.498,1.4428199999999998,0.28015,0.40880333333333335,0.0,0.0,0.0,False
trametinib,CC(=O)Nc1cccc(-n2c(=O)n(C3CC3)c(=O)c3c(Nc4ccc(I)cc4F)n(C)c(=O)c(C)c32)c1,2.0,0.008899999999999998,0.00555357604149398,0.0165,4.838,3.940120000000002,0.53565,1.0256716666666665,0.0,1.0,0.0,False
cannabidiol,C=C(C)[C@@H]1CCC(C)=C[C@H]1c1c(O)cc(CCCCC)cc1O,200.0,0.153,0.4653431438789994,0.0146,4.532,5.846500000000006,0.2023,0.524115,1.0,0.0,0.0,False
adagrasib,C=C(F)C(=O)N1CCN(c2nc(OC[C@@H]3CCCN3C)nc3c2CCN(c2cccc4cccc(Cl)c24)C3)C[C@@H]1CC#N,600.0,0.9840000000000001,0.050869515806554466,0.0094,5.142,4.732980000000004,0.44415000000000004,1.0068833333333331,0.0,1.0,0.0,False
voclosporin,C=C/C=C/C[C@@H](C)[C@@H](O)[C@H]1C(=O)N[C@@H](CC)C(=O)N(C)CC(=O)N(C)[C@@H](CC(C)C)C(=O)N[C@@H](C(C)C)C(=O)N(C)[C@@H](CC(C)C)C(=O)N[C@@H](C)C(=O)N[C@H](C)C(=O)N(C)[C@@H](CC(C)C)C(=O)N(C)[C@@H](CC(C)C)C(=O)N(C)[C@@H](C(C)C)C(=O)N1C,18.07,0.03200000000000001,0.08804790008508433,0.0634,5.387,3.435100000000004,1.3940000000000001,2.024409999999998,0.0,0.0,0.0,False
norgestrel,C#CC1(O)CCC2C3CCC4=CC(=O)CCC4C3CCC21CC,0.3,0.010500000000000006,0.0013116786483579749,0.127,2.89,3.8826000000000036,0.1865,0.5207550000000002,0.0,0.0,0.0,False
ethinamate,C#CC1(OC(N)=O)CCCCC1,1000.0,5.900000000000001,16.938069584854006,0.9541,0.339,1.4178000000000002,0.2616,0.27867999999999993,0.0,0.0,0.0,False
dipyridamole,OCCN(CCO)c1nc(N2CCCCC2)c2nc(N(CCO)CCO)nc(N3CCCCC3)c2n1,25.0,0.37500000000000006,0.13654195300420802,0.4231,0.436,-0.017599999999997396,0.7272,0.8410600000000007,0.0,1.0,0.0,False
zuclopenthixol,OCCN1CCN(CC/C=C2/c3ccccc3Sc3ccc(Cl)cc32)CC1,10.0,0.00441,0.02156810852674221,0.0262,3.854,4.2363000000000035,0.13355,0.668291666666667,0.0,0.0,0.0,False
fluphenazine,OCCN1CCN(CCCN2c3ccccc3Sc3ccc(C(F)(F)F)cc32)CC1,12.0,0.0023,0.028851056880269066,0.0151,4.149,4.308100000000003,0.14975000000000002,0.7292183333333336,0.0,0.0,0.0,False
miglitol,OCCN1C[C@H](O)[C@@H](O)[C@H](O)[C@H]1CO,50.0,1.297,0.19071306652579856,0.4755,0.01,-3.262099999999999,0.52195,0.34537666666666667,0.0,0.0,0.0,False
migalastat,OC[C@H]1NC[C@H](O)[C@@H](O)[C@H]1O,25.0,0.21050000000000002,0.08780445811743626,0.6387,0.01,-2.9667999999999988,0.46475,0.271955,0.0,1.0,0.0,False
osimertinib,C=CC(=O)Nc1cc(Nc2nccc(-c3cn(C)c4ccccc34)n2)c(OC)cc1N(C)CCN(C)C,80.0,0.05896000000000002,0.11493594192476296,0.0463,4.653,4.509800000000003,0.43775,0.8326983333333339,0.0,1.0,0.0,False
vigabatrin,C=CC(N)CCC(=O)O,500.0,17.999999999999996,5.802858812205535,0.5756,0.088,0.36450000000000005,0.31660000000000005,0.21526499999999998,1.0,0.0,0.0,False
cefdinir,C=CC1=C(C(=O)O)N2C(=O)[C@@H](NC(=O)/C(=N\O)c3csc(N)n3)[C@H]2SC1,100.0,0.88,2.419032575788179,0.1409,0.218,-0.17179999999999884,0.7910500000000001,0.6590366666666668,1.0,0.0,0.0,False
nalmefene,C=C1CC[C@@]2(O)[C@H]3Cc4ccc(O)c5c4[C@@]2(CCN3CC2CC2)[C@H]1O5,18.06,0.016500000000000008,0.06709861182921456,0.2244,1.568,2.512500000000001,0.26465000000000005,0.5657250000000001,1.0,0.0,0.0,False
secobarbital,C=CCC1(C(C)CCC)C(=O)NC(=O)NC1=O,244.2,2.0100000000000002,1.8736883340233133,0.3645,0.445,1.3510999999999997,0.3763500000000001,0.39714499999999997,0.0,0.0,0.0,False
calcifediol (25-hydroxyvitamin d3),C=C1CC[C@H](O)C/C1=C/C=C1\CCC[C@]2(C)[C@@H]([C@H](C)CCCC(C)(C)O)CC[C@@H]12,0.9,0.023100000000000006,0.0014030371547956513,0.0033,4.428,6.733900000000008,0.2023,0.6677450000000004,0.0,0.0,0.0,False
ibrutinib,C=CC(=O)N1CCC[C@@H](n2nc(-c3ccc(Oc4ccccc4)cc3)c3c(N)ncnc32)C1,140.0,0.008660000000000006,0.30256754441018013,0.0231,4.08,4.2173000000000025,0.49579999999999996,0.7341783333333336,0.0,1.0,0.0,False
ritlecitinib,C=CC(=O)N1C[C@H](Nc2ncnc3[nH]ccc23)CC[C@@H]1C,50.0,0.29710000000000003,0.43911331722223335,0.1906,0.876,1.9352999999999994,0.36955,0.4755850000000001,0.0,1.0,0.0,False
pregabalin,CC(C)C[C@H](CN)CC(=O)O,50.0,1.61,0.3088036159260526,0.6567,0.234,1.0821,0.31660000000000005,0.2653816666666667,1.0,0.0,0.0,False
bromocriptine,CC(C)C[C@H]1C(=O)N2CCC[C@H]2[C@]2(O)O[C@](NC(=O)[C@@H]3C=C4c5cccc6[nH]c(Br)c(c56)C[C@H]4N(C)C3)(C(C)C)C(=O)N12,5.0,0.0006900000000000001,0.014437926310706256,0.0254,4.387,3.192800000000001,0.59105,1.0910099999999998,0.0,0.0,0.0,False
ibuprofen,CC(C)Cc1ccc(C(C)C(=O)O)cc1,292.6,31.000000000000004,13.945617032368208,0.0118,1.435,3.073200000000001,0.1865,0.34380833333333327,1.0,0.0,0.0,True
dexibuprofen,CC(C)Cc1ccc([C@H](C)C(=O)O)cc1,400.0,26.5,19.06441152714878,0.0118,1.435,3.073200000000001,0.1865,0.34380833333333327,1.0,0.0,0.0,False
disopyramide,CC(C)N(CCC(C(N)=O)(c1ccccc1)c1ccccn1)C(C)C,92.0,2.4,0.6966436888270084,0.2881,2.467,3.361900000000002,0.2961,0.5658050000000002,0.0,1.0,0.0,False
act-333679,CC(C)N(CCCCOCC(=O)O)c1cnc(-c2ccccc2)c(-c2ccccc2)n1,0.1,0.0019900000000000013,0.000280707407055989,0.0161,4.524,4.906800000000004,0.37775,0.6992083333333334,1.0,0.0,0.0,False
vitamin e (delta-tocotrienol),CC(C)=CCC/C(C)=C/CC/C(C)=C/CC[C@]1(C)CCc2cc(O)cc(C)c2O1,200.0,1.8181,0.4204997600184732,0.0048,3.217,7.983720000000009,0.14730000000000001,0.6610250000000003,1.0,0.0,0.0,False
pentazocine,CC(C)=CCN1CCC2(C)c3cc(O)ccc3CC1C2C,100.0,0.045000000000000005,0.15380075887792113,0.1434,2.717,3.8826000000000027,0.11735,0.4757183333333334,1.0,0.0,0.0,False
amprenavir,CC(C)CN(C[C@@H](O)[C@H](Cc1ccccc1)NC(=O)O[C@H]1CCOC1)S(=O)(=O)c1ccc(N)cc1,150.0,2.0,0.9502934970886232,0.1492,2.403,2.4028,0.65595,0.8427283333333339,0.0,1.0,0.0,False
darunavir,CC(C)CN(C[C@@H](O)[C@H](Cc1ccccc1)NC(=O)O[C@H]1CO[C@H]2OCC[C@H]21)S(=O)(=O)c1ccc(N)cc1,400.0,2.73,1.9718105613611585,0.1034,2.644,2.3753,0.7021000000000001,0.9127900000000005,0.0,1.0,0.0,False
propranolol,CC(C)NCC(O)COc1cccc2ccccc12,224.0,0.16,0.15431160742131037,0.1454,1.251,2.5775000000000006,0.20744999999999997,0.4322483333333334,0.0,1.0,1.0,True
oxamniquine,CC(C)NCC1CCc2cc(CO)c([N+](=O)[O-])cc2N1,1000.0,1.8571300000000002,8.937476668489502,0.3303,0.779,1.8117999999999996,0.43715,0.46556666666666663,0.0,1.0,0.0,False
dihydrotachysterol,CC(C)[C@@H](C)/C=C/[C@@H](C)[C@H]1CC[C@H]2/C(=C/C=C3\C[C@@H](O)CC[C@@H]3C)CCC[C@]12C,1.0,0.021799999999999996,0.002314707310953347,0.0029,3.51,7.720900000000009,0.10115,0.6644583333333337,0.0,0.0,0.0,False
ibrexafungerp,CC(C)[C@@H](C)[C@@]1(C)CC[C@]2(C)[C@H]3CC[C@@H]4[C@@]5(COC[C@@]4(C)[C@@H](OC[C@](C)(N)C(C)(C)C)[C@H](n4ncnc4-c4ccncc4)C5)C3=CC[C@@]2(C)[C@@H]1C(=O)O,300.0,0.29169,0.05956524574376427,0.0114,1.126,8.618400000000008,0.6269,1.2167516666666667,1.0,0.0,0.0,False
dihydroergocristine,CC(C)[C@@]1(NC(=O)[C@@H]2C[C@@H]3c4cccc5[nH]cc(c45)C[C@H]3N(C)C2)O[C@@]2(O)[C@@H]3CCCN3C(=O)[C@H](Cc3ccccc3)N2C1=O,18.0,0.00028000000000000003,0.06748208688478023,0.0742,3.523,2.717200000000001,0.5910500000000001,1.0195716666666674,0.0,0.0,0.0,False
pramiracetam,CC(C)N(CCNC(=O)CN1CCCC1=O)C(C)C,400.0,2.7099999999999995,2.6993112177175473,0.6309,0.321,0.8438000000000003,0.26325000000000004,0.4489816666666666,0.0,0.0,0.0,False
clofazimine,CC(C)N=c1cc2n(-c3ccc(Cl)cc3)c3ccccc3nc-2cc1Nc1ccc(Cl)cc1,200.0,0.21871000000000004,0.03309549503088904,0.0048,3.489,7.489800000000005,0.21105000000000002,0.7890116666666669,0.0,1.0,0.0,False
betaxolol,CC(C)NCC(O)COc1ccc(CCOCC2CC2)cc1,10.0,0.021600000000000008,0.024369737706482986,0.5193,1.309,2.3933999999999997,0.2536,0.51239,0.0,1.0,0.0,False
pindolol,CC(C)NCC(O)COc1cccc2[nH]ccc12,5.0,0.017119999999999996,0.014280541008015636,0.3039,0.74,1.9055999999999995,0.2864,0.4138766666666667,0.0,1.0,0.0,False
metyrapone,CC(C)(C(=O)c1cccnc1)c1cccnc1,750.0,3.6999999999999997,5.648022625821408,0.2727,1.16,2.637100000000001,0.21425,0.37713166666666664,0.0,1.0,0.0,False
pivmecillinam,CC(C)(C)C(=O)OCOC(=O)[C@@H]1N2C(=O)[C@@H](N=CN3CCCCCC3)[C@H]2SC1(C)C,200.0,0.00010999999999999999,1.5504836625168192,0.1553,2.009,2.4116,0.44254999999999994,0.7326300000000006,0.0,0.0,0.0,False
stiripentol,CC(C)(C)C(O)/C=C/c1ccc2c(c1)OCO2,1000.0,6.6000000000000005,1.5405616083608213,0.197,1.358,2.8355000000000015,0.19344999999999998,0.3904916666666666,0.0,0.0,0.0,False
boceprevir,CC(C)(C)NC(=O)N[C@H](C(=O)N1C[C@H]2[C@@H]([C@H]1C(=O)NC(CC1CCC1)C(=O)C(N)=O)C2(C)C)C(C)(C)C,400.0,0.5570000000000002,1.9490616372397254,0.1504,1.713,1.7112000000000023,0.7535000000000001,0.8661450000000006,0.0,0.0,0.0,False
indinavir,CC(C)(C)NC(=O)[C@@H]1CN(Cc2cccnc2)CCN1C[C@@H](O)C[C@@H](Cc1ccccc1)C(=O)N[C@H]1c2ccccc2C[C@H]1O,400.0,2.7498400000000003,1.9686220057230737,0.1853,3.725,2.8669000000000016,0.5901500000000001,1.0230050000000006,0.0,1.0,0.0,False
carteolol,CC(C)(C)NCC(O)COc1cccc2c1CCC(=O)N2,20.0,0.04590000000000001,0.12515565534079115,0.3985,0.752,1.6990999999999998,0.35294999999999993,0.4872983333333333,0.0,1.0,0.0,False
tiaprofenic acid,CC(C(=O)O)c1ccc(C(=O)c2ccccc2)s1,300.0,40.099999999999994,11.513208844043813,0.0075,1.796,3.167200000000001,0.27185,0.4338566666666666,1.0,0.0,0.0,False
suprofen,CC(C(=O)O)c1ccc(C(=O)c2cccs2)cc1,200.0,18.949999999999992,8.24372489604016,0.0062,1.796,3.167200000000001,0.27185,0.4338566666666666,1.0,0.0,0.0,False
carprofen,CC(C(=O)O)c1ccc2c(c1)[nH]c1ccc(Cl)cc12,100.0,10.199999999999998,1.8877954379458062,0.0046,2.956,4.162600000000002,0.26544999999999996,0.4561983333333333,1.0,0.0,0.0,False
fenoprofen,CC(C(=O)O)c1cccc(Oc2ccccc2)c1,60.0,6.199999999999999,1.2511861072140227,0.009,2.213,3.6670000000000016,0.23265,0.40379,1.0,0.0,0.0,False
macimorelin,CC(C)(N)C(=O)N[C@H](Cc1c[nH]c2ccccc12)C(=O)N[C@H](Cc1c[nH]c2ccccc12)NC=O,71.4,0.013100000000000007,0.7202853434457847,0.1743,1.61,1.8447999999999996,0.7244999999999999,0.790941666666667,0.0,1.0,0.0,False
fenofibric acid,CC(C)(Oc1ccc(C(=O)c2ccc(Cl)cc2)cc1)C(=O)O,67.0,4.09,1.373711456970645,0.0215,2.851,3.8130000000000033,0.31800000000000006,0.5312600000000001,1.0,0.0,0.0,False
ciprofibrate,CC(C)(Oc1ccc(C2CC2(Cl)Cl)cc1)C(=O)O,100.0,23.999999999999993,1.9274664615458459,0.0549,2.411,3.589800000000003,0.23265,0.48193,1.0,0.0,0.0,False
bezafibrate,CC(C)(Oc1ccc(CCNC(=O)c2ccc(Cl)cc2)cc1)C(=O)O,200.0,7.390000000000001,3.7876193511257443,0.0176,2.833,3.554500000000001,0.37815,0.6030416666666667,1.0,0.0,0.0,False
penicillamine,CC(C)(S)[C@@H](N)C(=O)O,500.0,3.0500000000000003,5.580999018076822,0.477,0.072,0.10669999999999985,0.31660000000000005,0.24869166666666667,1.0,0.0,0.0,False
penbutolol,CC(C)(C)NC[C@H](O)COc1ccccc1C1CCCC1,40.0,0.24547000000000002,0.08260642280926532,0.1402,2.295,3.472000000000002,0.20744999999999997,0.4857250000000002,0.0,1.0,0.0,False
glecaprevir,CC(C)(C)[C@@H]1NC(=O)O[C@@H]2CCC[C@H]2OC/C=C/C(F)(F)c2nc3ccccc3nc2O[C@@H]2C[C@@H](C(=O)N[C@]3(C(=O)NS(=O)(=O)C4(C)CC4)C[C@H]3C(F)F)N(C2)C1=O,200.0,0.0645,0.46640837576900873,0.0085,5.601,3.8568000000000016,0.9761,1.3981299999999997,1.0,0.0,0.0,False
ivacaftor,CC(C)(C)c1cc(C(C)(C)C)c(NC(=O)c2c[nH]c3ccccc3c2=O)cc1O,150.0,0.9944000000000001,0.5296453154495179,0.0087,4.505,5.081000000000005,0.41095,0.6541650000000002,1.0,0.0,0.0,False
ebastine,CC(C)(C)c1ccc(C(=O)CCCN2CCC(OC(c3ccccc3)c3ccccc3)CC2)cc1,10.0,0.00068,0.0011459120488013102,0.0123,3.814,7.217600000000008,0.14770000000000003,0.7827816666666668,0.0,0.0,0.0,False
bempedoic acid,CC(C)(CCCCCC(O)CCCCCC(C)(C)C(=O)O)C(=O)O,2.5,0.106,0.018843344726990393,0.0351,3.738,4.469900000000003,0.47415,0.5741533333333334,1.0,0.0,0.0,False
elbasvir,COC(=O)N[C@H](C(=O)N1CCC[C@H]1c1ncc(-c2ccc3c(c2)O[C@@H](c2ccccc2)n2c-3cc3cc(-c4cnc([C@@H]5CCCN5C(=O)[C@@H](NC(=O)OC)C(C)C)[nH]4)ccc32)[nH]1)C(C)C,50.0,0.10673000000000002,0.006698032939808988,0.0094,1.026,8.116000000000009,0.9439999999999997,1.4700583333333328,0.0,1.0,0.0,False
atazanavir,COC(=O)N[C@H](C(=O)N[C@@H](Cc1ccccc1)[C@@H](O)CN(Cc1ccc(-c2ccccn2)cc1)NC(=O)[C@@H](NC(=O)OC)C(C)(C)C)C(C)(C)C,400.0,2.25558,0.35112177356570023,0.0276,5.327,4.2116000000000025,0.8560999999999999,1.1747816666666666,0.0,1.0,0.0,False
vericiguat,COC(=O)Nc1c(N)nc(-c2nn(Cc3ccccc3F)c3ncc(F)cc23)nc1N,1.25,0.062,0.0075260424506029,0.0572,2.092,2.557499999999999,0.7343000000000001,0.7106450000000002,0.0,1.0,0.0,False
dexmethylphenidate,COC(=O)[C@H](c1ccccc1)[C@H]1CCCCN1,20.0,0.023719999999999998,0.09088399477579914,0.4601,0.801,2.0852999999999997,0.19165,0.3888516666666666,0.0,1.0,0.0,False
clopidogrel,COC(=O)[C@H](c1ccccc1Cl)N1CCc2sccc2C1,25.0,0.0004800000000000003,0.03378264450964745,0.0227,2.712,3.6739000000000024,0.1477,0.5363816666666666,0.0,0.0,0.0,False
cocaine,COC(=O)[C@H]1[C@@H](OC(=O)c2ccccc2)C[C@@H]2CC[C@H]1N2C,100.0,0.11499999999999999,0.6309843417753498,0.4726,0.893,1.8677,0.2792,0.5055966666666668,0.0,0.0,0.0,False
mebendazole,COC(=O)Nc1nc2ccc(C(=O)c3ccccc3)cc2[nH]1,1000.0,0.03100000000000001,4.71356065019775,0.035,1.788,2.972200000000001,0.42039999999999994,0.49216333333333334,0.0,1.0,0.0,False
manidipine,COC(=O)C1=C(C)NC(C)=C(C(=O)OCCN2CCN(C(c3ccccc3)c3ccccc3)CC2)C1c1cccc([N+](=O)[O-])c1,10.0,0.003510000000000001,0.016357832995043498,0.0175,5.161,4.953000000000005,0.57125,1.017851666666667,0.0,1.0,0.0,False
pibrentasvir,COC(=O)N[C@H](C(=O)N1CCC[C@H]1c1nc2cc([C@H]3CC[C@H](c4cc5nc([C@@H]6CCCN6C(=O)[C@@H](NC(=O)OC)[C@@H](C)OC)[nH]c5cc4F)N3c3cc(F)c(N4CCC(c5ccc(F)cc5)CC4)c(F)c3)c(F)cc2[nH]1)[C@@H](C)OC,1.5,0.00010000000000000009,0.004139238137842275,0.0103,0.103,9.447500000000002,0.9978999999999998,1.855331666666666,0.0,1.0,0.0,False
relugolix,CONC(=O)Nc1ccc(-c2sc3c(c2CN(C)C)c(=O)n(-c2ccc(OC)nn2)c(=O)n3Cc2c(F)cccc2F)cc1,360.0,0.194,2.858698945289004,0.0261,4.734,3.7505000000000024,0.66305,1.039403333333334,0.0,0.0,0.0,False
spiramycin,CO[C@@H]1[C@@H](O[C@@H]2O[C@H](C)[C@@H](O[C@H]3C[C@@](C)(O)[C@@H](O)[C@H](C)O3)[C@H](N(C)C)[C@H]2O)[C@@H](CC=O)C[C@@H](C)[C@@H](O[C@H]2CC[C@H](N(C)C)[C@@H](C)O2)/C=C/C=C/C[C@@H](C)OC(=O)C[C@H]1O,1000.0,0.9600000000000001,1.5314584324843816,0.1139,4.682,2.3251000000000093,0.9768999999999999,1.4051083333333332,0.0,0.0,0.0,False
rifabutin,CO[C@H]1/C=C/O[C@@]2(C)Oc3c(C)c(O)c4c(c3C2=O)C2=NC3(CCN(CC(C)C)CC3)NC2=C(NC(=O)/C(C)=C\C=C\[C@H](C)[C@H](O)[C@@H](C)[C@@H](O)[C@@H](C)[C@H](OC(C)=O)[C@@H]1C)C4=O,150.0,0.1879,0.051866822732253084,0.0198,5.291,4.615720000000003,1.0277499999999997,1.411698333333334,1.0,0.0,0.0,False
deserpidine,COC(=O)[C@H]1[C@H]2C[C@@H]3c4[nH]c5ccccc5c4CCN3C[C@H]2C[C@@H](OC(=O)c2cc(OC)c(OC)c(OC)c2)[C@@H]1OC,0.25,0.00017000000000000012,0.00039548213442330534,0.0234,4.809,4.162500000000003,0.5427500000000001,0.9644366666666673,0.0,0.0,0.0,False
sirolimus,CO[C@H]1C[C@@H]2CC[C@@H](C)[C@@](O)(O2)C(=O)C(=O)N2CCCC[C@H]2C(=O)O[C@H]([C@H](C)C[C@@H]2CC[C@@H](O)[C@H](OC)C2)CC(=O)[C@H](C)/C=C(\C)[C@@H](O)[C@@H](OC)C(=O)[C@H](C)C[C@H](C)/C=C/C=C/C=C/1C,5.0,0.010300000000000002,0.005967728820438385,0.0202,3.086,6.180600000000006,0.9771499999999997,1.523645,0.0,0.0,0.0,False
artemether,CO[C@H]1O[C@@H]2O[C@@]3(C)CC[C@H]4[C@H](C)CC[C@@H]([C@H]1C)[C@@]24OO3,100.0,0.042000000000000016,0.5122191072264503,0.1131,1.674,2.8408000000000015,0.23075000000000004,0.49729833333333334,0.0,0.0,0.0,False
nintedanib,COC(=O)c1ccc2c(c1)NC(=O)/C2=C(\Nc1ccc(N(C)C(=O)CN2CCN(C)CC2)cc1)c1ccccc1,50.0,0.004190000000000001,0.10564464592800049,0.0438,4.091,3.6159000000000026,0.47109999999999985,0.899393333333334,0.0,1.0,0.0,False
"10alpha-methoxy-9,10-dihydrolysergol",COC12C[C@@H](CO)CN(C)C1Cc1c[nH]c3cccc2c13,30.0,0.03285000000000001,0.09282930886343513,0.3436,0.843,1.8782999999999992,0.24245,0.4772916666666668,0.0,0.0,0.0,False
idebenone,COC1=C(OC)C(=O)C(CCCCCCCCCCO)=C(C)C1=O,150.0,1.631,1.3597257998360066,0.0628,2.575,3.4623000000000026,0.3641500000000001,0.5640733333333333,1.0,0.0,0.0,False
griseofulvin,COC1=CC(=O)C[C@@H](C)[C@]12Oc1c(Cl)c(OC)cc(OC)c1C2=O,125.0,1.1,1.9059532563731345,0.0889,1.938,2.8103000000000007,0.3553,0.5879500000000002,1.0,0.0,0.0,False
velpatasvir,COC[C@H]1C[C@@H](c2ncc(-c3ccc4c(c3)COc3cc5c(ccc6nc([C@@H]7CC[C@H](C)N7C(=O)[C@@H](NC(=O)OC)C(C)C)[nH]c65)cc3-4)[nH]2)N(C(=O)[C@H](NC(=O)OC)c2ccccc2)C1,5.0,0.022400000000000007,0.003528652408727369,0.0135,1.355,7.7315000000000085,0.9655,1.4716983333333333,0.0,1.0,0.0,False
duloxetine,CNCC[C@H](Oc1cccc2ccccc12)c1cccs1,30.0,0.03182000000000001,0.01965081208726205,0.0104,3.609,4.630900000000003,0.10629999999999999,0.495705,0.0,1.0,0.0,False
n-desmethyl zolmitriptan (183c91),CNCCc1c[nH]c2ccc(C[C@H]3COC(=O)N3)cc12,2.5,0.002000000000000001,0.012709009265753662,0.193,0.632,1.5806999999999998,0.33074999999999993,0.4555599999999999,0.0,1.0,0.0,False
phenylephrine,CNC[C@H](O)c1cccc(O)c1,20.0,0.0029600000000000013,0.07133415896362999,0.9096,0.153,0.645,0.26244999999999996,0.27867999999999993,1.0,0.0,0.0,False
procarbazine,CNNCc1ccc(C(=O)NC(C)C)cc1,300.0,0.561,1.7330952483808237,0.6629,0.31,1.0487999999999995,0.2658,0.36884,0.0,1.0,0.0,False
ranitidine,CNC(=C[N+](=O)[O-])NCCSCc1ccc(CN(C)C)o1,40.0,0.17153000000000002,0.3688008038707848,0.3691,0.679,1.4589999999999999,0.4179,0.5240183333333334,0.0,1.0,0.0,True
regorafenib,CNC(=O)c1cc(Oc2ccc(NC(=O)Nc3ccc(Cl)c(C(F)(F)F)c3)c(F)c2)ccn1,40.0,0.59914,0.13092632845808014,0.0051,4.889,5.688800000000002,0.46175000000000005,0.8047016666666669,0.0,1.0,0.0,False
sorafenib,CNC(=O)c1cc(Oc2ccc(NC(=O)Nc3ccc(Cl)c(C(F)(F)F)c3)cc2)ccn1,50.0,0.46,0.1708875833644143,0.0056,4.879,5.549700000000003,0.46175000000000005,0.7747183333333335,0.0,1.0,0.0,False
apalutamide,CNC(=O)c1ccc(N2C(=S)N(c3cnc(C#N)c(C(F)(F)F)c3)C(=O)C23CCC3)cc1F,240.0,3.2499999999999996,1.2811976672622025,0.0401,3.58,3.5315800000000026,0.44665000000000005,0.7957383333333337,0.0,1.0,0.0,False
ketamine,CNC1(c2ccccc2Cl)CCCCC1=O,35.35,0.044000000000000004,0.15559062313096592,0.2501,1.428,2.897800000000001,0.14550000000000002,0.3962166666666665,0.0,1.0,0.0,False
chlordiazepoxide,CNC1=Nc2ccc(Cl)cc2C(c2ccccc2)=[N+]([O-])C1,50.0,3.1199999999999997,0.8830305395740254,0.0404,1.791,2.950700000000001,0.25229999999999997,0.4996016666666667,0.0,1.0,0.0,False
fluoxetine,CNCCC(Oc1ccc(C(F)(F)F)cc1)c1ccccc1,20.0,0.02256000000000001,0.01161584060862687,0.0497,3.481,4.435000000000003,0.10629999999999999,0.5155516666666666,0.0,1.0,0.0,True
maprotiline,CNCCCC12CCC(c3ccccc31)c1ccccc12,75.0,0.023070000000000004,0.14709767919398686,0.0847,3.034,4.211400000000004,0.060149999999999995,0.46235166666666677,0.0,1.0,0.0,False
protriptyline,CNCCCC1c2ccccc2C=Cc2ccccc21,30.0,0.013740000000000007,0.09807290727696798,0.0443,3.044,4.301900000000003,0.060149999999999995,0.4389733333333334,0.0,1.0,0.0,False
moxidectin,CO/N=C1\C[C@]2(C[C@@H]3C[C@@H](C/C=C(\C)C[C@@H](C)/C=C/C=C4\CO[C@@H]5[C@H](O)C(C)=C[C@@H](C(=O)O3)[C@]45O)O2)O[C@H](/C(C)=C/C(C)C)[C@H]1C,3.0,0.022400000000000007,0.005463352915107213,0.0137,4.794,5.7289000000000065,0.5802,1.0663833333333337,0.0,0.0,0.0,False
methylphenidate,COC(=O)C(c1ccccc1)C1CCCCN1,21.0,0.0078000000000000005,0.09542819451458906,0.4601,0.801,2.0852999999999997,0.19165,0.3888516666666666,0.0,1.0,0.0,True
nilvadipine,COC(=O)C1=C(C#N)NC(C)=C(C(=O)OC(C)C)C1c1cccc([N+](=O)[O-])c1,2.0,0.0014800000000000006,0.006991388819850803,0.0213,1.753,2.4578800000000003,0.6578,0.6422933333333335,0.0,1.0,0.0,False
lercanidipine,COC(=O)C1=C(C)NC(C)=C(C(=O)OC(C)(C)CN(C)CCC(c2ccccc2)c2ccccc2)C1c1cccc([N+](=O)[O-])c1,10.0,0.003000000000000002,0.007931628567784382,0.0037,4.133,6.478400000000008,0.5550499999999999,1.0195650000000005,0.0,1.0,0.0,False
(r)-lercanidipine,COC(=O)C1=C(C)NC(C)=C(C(=O)OC(C)(C)CN(C)CCC(c2ccccc2)c2ccccc2)[C@@H]1c1cccc([N+](=O)[O-])c1,20.0,0.001680000000000001,0.01202210081959793,0.0037,4.133,6.478400000000008,0.5550499999999999,1.0195650000000005,0.0,1.0,0.0,False
(s)-lercanidipine,COC(=O)C1=C(C)NC(C)=C(C(=O)OC(C)(C)CN(C)CCC(c2ccccc2)c2ccccc2)[C@H]1c1cccc([N+](=O)[O-])c1,20.0,0.0020700000000000007,0.01202210081959793,0.0037,4.133,6.478400000000008,0.5550499999999999,1.0195650000000005,0.0,1.0,0.0,False
ephedrine,CN[C@@H](C)[C@H](O)c1ccccc1,50.0,0.1378,0.24832046692724316,0.7045,0.309,1.3278999999999999,0.1613,0.2753933333333333,0.0,1.0,0.0,False
esketamine (s-ketamine),CN[C@]1(c2ccccc2Cl)CCCCC1=O,14.0,0.008300000000000002,0.061620048764739005,0.2501,1.428,2.897800000000001,0.14550000000000002,0.3962166666666665,0.0,1.0,0.0,False
4-methylaminoantipyrine,CNc1c(C)n(C)n(-c2ccccc2)c1=O,750.0,10.6,9.461863736563005,0.3809,0.473,1.5261199999999997,0.1948,0.36212000000000005,0.0,1.0,0.0,False
cefditoren,CO/N=C(\C(=O)N[C@@H]1C(=O)N2C(C(=O)O)=C(/C=C\c3scnc3C)CS[C@H]12)c1csc(N)n1,200.0,2.3000000000000003,1.5837713602475183,0.1673,1.253,1.2927199999999992,0.8005000000000001,0.8443183333333336,1.0,0.0,0.0,False
hydrocodone,COc1ccc2c3c1O[C@H]1C(=O)CC[C@H]4[C@@H](C2)N(C)CC[C@]314,90.0,0.060600000000000015,0.4801398121925744,0.4823,0.923,1.9333,0.19385000000000002,0.4989500000000001,0.0,0.0,0.0,False
nabumetone,COc1ccc2cc(CCC(C)=O)ccc2c1,500.0,0.56,1.219071197231895,0.0435,1.826,3.370000000000002,0.1315,0.38048499999999996,0.0,0.0,0.0,False
naproxen,COc1ccc2cc([C@H](C)C(=O)O)ccc2c1,250.0,44.29999999999999,12.361793139796298,0.0042,1.517,3.036500000000001,0.23265,0.3837716666666666,1.0,0.0,0.0,False
elagolix,COc1cccc(-c2c(C)n(Cc3c(F)cccc3C(F)(F)F)c(=O)n(C[C@H](NCCCC(=O)O)c3ccccc3)c2=O)c1F,25.0,0.055499999999999994,0.004320862990637185,0.0086,4.948,5.535020000000003,0.5128,1.0526633333333337,1.0,0.0,0.0,False
tramadol,COc1cccc(C2(O)CCCCC2CN(C)C)c1,100.0,0.29,0.31167767649245154,0.3246,1.317,2.6346000000000007,0.1635,0.4389683333333332,0.0,0.0,0.0,True
avanafil,COc1ccc(CNc2nc(N3CCC[C@H]3CO)ncc2C(=O)NCc2ncccn2)cc1Cl,50.0,1.206,0.8559845746954929,0.1275,2.3,2.4318,0.6269500000000001,0.8066000000000002,0.0,1.0,0.0,False
papaverine,COc1ccc(Cc2nccc3cc(OC)c(OC)cc23)cc1OC,80.0,0.18150000000000002,0.23964272533323494,0.0207,3.039,3.860000000000003,0.24905000000000002,0.5656516666666668,0.0,1.0,0.0,False
desglymidodrine,COc1ccc(OC)c(C(O)CN)c1,2.5,0.005650000000000001,0.01245771974573352,0.6655,0.191,0.6959,0.32354999999999995,0.3287233333333333,0.0,1.0,0.0,False
midodrine,COc1ccc(OC)c(C(O)CNC(=O)CN)c1,2.5,0.011650000000000006,0.013133157455894485,0.4684,0.096,-0.18789999999999946,0.46904999999999997,0.42380999999999996,0.0,1.0,0.0,False
melatonin,COc1ccc2[nH]cc(CCNC(C)=O)c2c1,2.0,0.00217,0.015080644309507412,0.2078,0.665,1.8550999999999997,0.2706,0.38713833333333325,0.0,0.0,0.0,False
acemetacin,COc1ccc2c(c1)c(CC(=O)OCC(=O)O)c(C)n2C(=O)c1ccc(Cl)cc1,60.0,0.24500000000000002,1.2664584929356215,0.0233,3.091,3.4705200000000014,0.4741499999999999,0.6930483333333335,1.0,0.0,0.0,False
noscapine,COc1ccc2c(c1OC)C(=O)O[C@@H]2[C@H]1c2c(cc3c(c2OC)OCO3)CCN1C,100.0,0.129,0.42337028242527697,0.0792,2.38,2.881800000000001,0.37845000000000006,0.6890433333333338,0.0,0.0,0.0,False
oxycodone,COc1ccc2c3c1O[C@H]1C(=O)CC[C@@]4(O)[C@@H](C2)N(C)CC[C@]314,5.0,0.010000000000000004,0.02900748892673454,0.5618,0.482,1.0481999999999998,0.29500000000000004,0.5256150000000002,0.0,0.0,0.0,False
fexinidazole,CSc1ccc(OCc2ncc([N+](=O)[O-])n2C)cc1,200.0,0.13900000000000004,2.346438417901225,0.0627,1.385,2.629200000000001,0.35095,0.465535,0.0,0.0,0.0,False
thioridazine,CSc1ccc2c(c1)N(CCC1CCCCN1C)c1ccccc1S2,25.0,0.11083,0.031384317201226856,0.0062,4.692,5.885600000000005,0.032400000000000005,0.617645,0.0,0.0,0.0,False
letermovir,COc1cccc(N2CCN(C3=Nc4c(F)cccc4[C@H](CC(=O)O)N3c3cc(C(F)(F)F)ccc3OC)CC2)c1,240.0,11.0,0.012971070493251519,0.0045,4.897,5.707400000000006,0.3892,0.9542649999999999,1.0,0.0,0.0,False
(r)-fenoprofen,C[C@@H](C(=O)O)c1cccc(Oc2ccccc2)c1,600.0,10.8,10.889643667223483,0.009,2.213,3.6670000000000016,0.23265,0.40379,1.0,0.0,0.0,False
ergometrine,C[C@@H](CO)NC(=O)[C@@H]1C=C2c3cccc4[nH]cc(c34)C[C@H]2N(C)C1,0.2,0.0010400000000000006,0.0013258283023208398,0.2337,0.755,1.5346000000000002,0.3418,0.5423533333333335,0.0,0.0,0.0,False
lisdexamfetamine,C[C@@H](Cc1ccccc1)NC(=O)[C@@H](N)CCCCN,30.0,0.015699999999999995,0.14806008181851804,0.4315,0.432,1.1901,0.4057,0.4389749999999999,0.0,1.0,0.0,False
(+)-prenylamine,C[C@@H](Cc1ccccc1)NCCC(c1ccccc1)c1ccccc1,200.0,0.009200000000000002,0.35155657085781833,0.0136,4.419,5.4294000000000056,0.060149999999999995,0.549145,0.0,1.0,0.0,False
bosentan,COc1ccccc1Oc1c(NS(=O)(=O)c2ccc(C(C)(C)C)cc2)nc(-c2ncccn2)nc1OCCO,3.0,0.03867999999999999,0.06820298420413798,0.0108,4.701,4.203900000000004,0.7282500000000001,0.9193750000000004,1.0,0.0,0.0,False
lapatinib,CS(=O)(=O)CCNCc1ccc(-c2ccc3ncnc(Nc4ccc(OCc5cccc(F)c5)c(Cl)c4)c3c2)o1,100.0,0.11499999999999999,0.004729575857849967,0.0025,4.57,6.139100000000005,0.5317500000000001,0.9684483333333337,0.0,1.0,0.0,False
busulfan,CS(=O)(=O)OCCCCOS(C)(=O)=O,2.0,0.032200000000000006,0.027181986820899246,0.3769,0.081,-0.2809999999999997,0.43370000000000003,0.41051,0.0,0.0,0.0,False
vismodegib,CS(=O)(=O)c1ccc(C(=O)Nc2ccc(Cl)c(-c3ccccn3)c2)c(Cl)c1,150.0,2.47727,0.3013079583619338,0.0132,4.399,4.7112000000000025,0.38065,0.7021750000000001,0.0,1.0,0.0,False
sulindac sulfide,CSc1ccc(/C=C2/C(C)=C(CC(=O)O)c3cc(F)ccc32)cc1,150.0,2.6,0.9155085537177943,0.0068,4.424,5.350000000000005,0.1865,0.567365,1.0,0.0,0.0,False
bosutinib,COc1cc(Nc2c(C#N)cnc3cc(OCCCN4CCN(C)CC4)c(OC)cc23)c(Cl)cc1Cl,200.0,0.0169,0.5320382108967782,0.0228,5.008,5.190380000000005,0.4144,0.884093333333334,0.0,1.0,0.0,False
tamatinib (r406),COc1cc(Nc2ncc(F)c(Nc3ccc4c(n3)NC(=O)C(C)(C)O4)n2)cc(OC)c1OC,150.0,0.313,0.581746096687214,0.0305,3.65,3.6332000000000013,0.64375,0.7841016666666671,0.0,1.0,0.0,False
erdafitinib,COc1cc(OC)cc(N(CCNC(C)C)c2ccc3ncc(-c4cnn(C)c4)nc3c2)c1,4.0,0.13800000000000004,0.01237573937139422,0.0337,4.085,4.183600000000003,0.38665,0.7442583333333336,0.0,1.0,0.0,False
etoposide,COc1cc([C@@H]2c3cc4c(cc3[C@@H](O[C@@H]3O[C@@H]5CO[C@@H](C)O[C@H]5[C@H](O)[C@H]3O)[C@H]3COC(=O)[C@H]23)OCO4)cc(OC)c1O,100.0,2.9999999999999996,0.6249558003357316,0.0277,1.7,1.3385999999999993,0.80415,0.9809366666666672,1.0,0.0,0.0,False
donepezil,COc1cc2c(cc1OC)C(=O)C(CC1CCN(Cc3ccccc3)CC1)C2,4.0,0.0069000000000000025,0.014924002029169962,0.0653,3.846,4.361100000000004,0.19385000000000002,0.6325000000000003,0.0,0.0,0.0,True
moexiprilat,COc1cc2c(cc1OC)CN(C(=O)[C@H](C)N[C@@H](CCc1ccccc1)C(=O)O)[C@H](C(=O)O)C2,15.0,0.018400000000000003,0.20282821848198854,0.1517,1.856,2.1058000000000003,0.6270000000000001,0.7842033333333338,1.0,0.0,0.0,False
valbenazine,COc1cc2c(cc1OC)[C@H]1C[C@@H](OC(=O)[C@@H](N)C(C)C)[C@H](CC(C)C)CN1CC2,1.0,0.0029400000000000016,0.0031870463345270244,0.0495,3.22,3.5641000000000025,0.3701,0.6976300000000004,0.0,1.0,0.0,False
methoxsalen,COc1c2occc2cc2ccc(=O)oc12,40.0,0.17800000000000005,0.5246737274713498,0.0495,1.052,2.5478000000000005,0.26289999999999997,0.3603199999999999,0.0,0.0,0.0,False
pinaverium,COc1cc(Br)c(C[N+]2(CCOCCC3CCC4CC3C4(C)C)CCOCC2)cc1OC,50.0,0.0017100000000000004,0.06309455708218471,0.0179,4.971,5.292300000000005,0.18460000000000001,0.8525350000000008,0.0,0.0,0.0,False
iloperidone,COc1cc(C(C)=O)ccc1OCCCN1CCC(c2noc3cc(F)ccc23)CC1,4.0,0.003240000000000001,0.031238790386664127,0.0411,4.506,4.826600000000004,0.32400000000000007,0.7108133333333335,0.0,0.0,0.0,False
gefapixant,COc1cc(C(C)C)c(Oc2cnc(N)nc2N)cc1S(N)(=O)=O,10.0,0.07150000000000001,0.08633998951113883,0.1746,0.653,1.2127,0.7822,0.5890066666666668,1.0,0.0,0.0,False
acitretin,COc1cc(C)c(/C=C/C(C)=C/C=C/C(C)=C/C(=O)O)c(C)c1C,50.0,0.24500000000000002,0.22941599978796684,0.0161,4.242,5.167060000000005,0.23265,0.5440600000000001,1.0,0.0,0.0,False
ro 13-7652,COc1cc(C)c(/C=C/C(C)=C/C=C/C(C)=C\C(=O)O)c(C)c1C,50.0,0.020600000000000004,0.22941599978796684,0.0161,4.242,5.167060000000005,0.23265,0.5440600000000001,1.0,0.0,0.0,False
tafenoquine,COc1cc(C)c2c(Oc3cccc(C(F)(F)F)c3)c(OC)cc(NC(C)CCCN)c2n1,200.0,0.13818000000000003,0.020090232165425593,0.0159,4.817,5.910820000000005,0.39315,0.7725000000000005,0.0,1.0,0.0,True
anethole trithione,COc1ccc(-c2cc(=S)ss2)cc1,75.0,0.0009600000000000006,0.2843769582247721,0.0134,2.802,4.214690000000002,0.046150000000000004,0.40062333333333333,0.0,0.0,0.0,False
arzoxifene,COc1ccc(-c2sc3cc(O)ccc3c2Oc2ccc(OCCN3CCCCC3)cc2)cc1,10.0,0.0008000000000000003,0.017228515812678796,0.0072,4.089,6.939500000000007,0.2558,0.7926833333333341,1.0,0.0,0.0,False
encainide,COc1ccc(C(=O)Nc2ccccc2CCC2CCCCN2C)cc1,25.0,0.06080000000000002,0.039430518160423936,0.0796,3.68,4.364400000000003,0.20785,0.5874633333333336,0.0,0.0,0.0,False
formoterol,COc1ccc(CC(C)NCC(O)c2ccc(O)c(NC=O)c2)cc1,0.17,9.399999999999997e-05,0.0008264688945441831,0.3522,1.329,2.2233,0.45409999999999995,0.5740183333333334,1.0,0.0,0.0,False
astemizole,COc1ccc(CCN2CCC(Nc3nc4ccccc4n3Cc3ccc(F)cc3)CC2)cc1,10.0,0.0007400000000000002,0.013200474954021513,0.02,4.851,5.351300000000005,0.2116,0.7643016666666671,0.0,1.0,0.0,False
vernakalant,COc1ccc(CCO[C@@H]2CCCC[C@H]2N2CC[C@@H](O)C2)cc1OC,240.0,0.48120000000000007,0.9701803452317959,0.2803,1.745,2.6407000000000007,0.2558,0.5824516666666668,0.0,0.0,0.0,False
alfuzosin,COc1cc2nc(N(C)CCCNC(=O)C3CCCO3)nc(N)c2cc1OC,1.0,0.0026000000000000016,0.00782940620242856,0.2504,0.844,1.3507000000000002,0.55915,0.6490933333333336,0.0,1.0,0.0,False
baricitinib,CCS(=O)(=O)N1CC(CC#N)(n2cc(-c3ncnc4[nH]ccc34)cn2)C1,2.0,0.024600000000000004,0.01947410869553952,0.1235,0.64,1.09568,0.6027999999999999,0.6190433333333335,0.0,1.0,0.0,True
ethambutol,CC[C@@H](CO)NCCN[C@@H](CC)CO,1200.0,2.9320000000000004,4.9204629340216455,0.7715,0.061,-0.292599999999999,0.3226,0.34052333333333334,0.0,1.0,0.0,False
posaconazole,CC[C@@H]([C@H](C)O)n1ncn(-c2ccc(N3CCN(c4ccc(OC[C@@H]5CO[C@@](Cn6cncn6)(c6ccc(F)cc6F)C5)cc4)CC3)cc2)c1=O,50.0,0.113,0.12230392476635474,0.044,5.331,4.573200000000004,0.5784999999999999,1.1679850000000003,0.0,0.0,0.0,False
drotaverine,CCOc1ccc(/C=C2\NCCc3cc(OCC)c(OCC)cc32)cc1OCC,40.0,0.12185000000000001,0.12810124637450765,0.0371,4.43,4.925200000000005,0.24475000000000002,0.6625250000000003,0.0,1.0,0.0,False
reboxetine,CCOc1ccccc1OC(c1ccccc1)C1CNCCO1,3.0,0.09200000000000001,0.02022909191796837,0.1571,2.122,3.1938000000000004,0.1986,0.5223283333333334,0.0,1.0,0.0,False
viloxazine,CCOc1ccccc1OCC1CNCCO1,100.0,1.5922999999999998,0.5412620243639857,0.6295,0.485,1.4525,0.1986,0.39549833333333323,0.0,1.0,0.0,False
levacetylmethadol (laam),CC[C@H](OC(C)=O)C(C[C@H](C)N(C)C)(c1ccccc1)c1ccccc1,40.0,0.06300000000000001,0.11076927703202205,0.0317,3.972,4.654600000000005,0.1477,0.5891766666666667,0.0,0.0,0.0,False
ajmaline,CC[C@H]1[C@@H]2C[C@H]3[C@@H]4N(C)c5ccccc5[C@]45C[C@@H](C2[C@H]5O)N3[C@@H]1O,50.0,0.018,0.2631571405249759,0.2392,0.77,1.5545,0.2347,0.5440666666666667,0.0,0.0,0.0,False
vinflunine,CC[C@]12C=CCN3CC[C@@]4(c5cc([C@@]6(C(=O)OC)C[C@@H]7C[C@@H](C(C)(F)F)C[N@](Cc8c6[nH]c6ccccc86)C7)c(OC)cc5N(C)[C@H]4[C@@](O)(C(=O)OC)[C@@H]1OC(C)=O)[C@@H]32,207.6,0.23500000000000004,0.2973864350792,0.0066,4.957,5.078700000000006,0.66935,1.3615716666666666,0.0,0.0,0.0,False
bretylium,CC[N+](C)(C)Cc1ccccc1Br,100.0,0.0357,0.3039809432238323,0.1106,1.589,3.0454000000000017,0.0,0.40528,0.0,0.0,0.0,False
methantheline,CC[N+](C)(CC)CCOC(=O)C1c2ccccc2Oc2ccccc21,100.0,0.0251,0.2785472597202629,0.0552,3.153,3.953800000000003,0.17765,0.5674050000000002,0.0,0.0,0.0,False
tapentadol,CC[C@@H](c1cccc(O)c1)[C@@H](C)CN(C)C,86.0,0.07339999999999999,0.2838143376884585,0.184,1.516,3.0835000000000017,0.11735,0.3689066666666666,1.0,0.0,0.0,False
pimecrolimus,CC[C@@H]1/C=C(\C)C[C@H](C)C[C@H](OC)[C@H]2O[C@@](O)(C(=O)C(=O)N3CCCC[C@H]3C(=O)O[C@H](/C(C)=C/[C@@H]3CC[C@H](Cl)[C@H](OC)C3)[C@H](C)[C@@H](O)CC1=O)[C@H](C)C[C@@H]2OC,15.0,0.041200000000000014,0.013049509857983047,0.0177,4.25,5.7194000000000065,0.7906499999999999,1.350776666666667,0.0,0.0,0.0,False
pilocarpine,CC[C@@H]1C(=O)OC[C@@H]1Cc1cncn1C,3.0,0.015600000000000003,0.03805528733803332,0.4492,0.324,1.1618000000000002,0.2206,0.34710166666666664,0.0,0.0,0.0,False
upadacitinib,CC[C@@H]1CN(C(=O)NCC(F)(F)F)C[C@@H]1c1cnc2cnc3[nH]ccc3n12,1.0,0.00772,0.006872138070095648,0.079,2.206,2.9079000000000006,0.39159999999999995,0.6339566666666667,0.0,1.0,0.0,False
lovastatin acid,CC[C@H](C)C(=O)O[C@H]1C[C@@H](C)C=C2C=C[C@H](C)[C@H](CC[C@@H](O)C[C@@H](O)CC(=O)O)[C@H]21,80.0,0.004660000000000002,1.226341989569944,0.0642,3.424,3.715600000000002,0.5203000000000001,0.7042700000000004,1.0,0.0,0.0,False
lovastatin,CC[C@H](C)C(=O)O[C@H]1C[C@@H](C)C=C2C=C[C@H](C)[C@H](CC[C@@H]3C[C@@H](O)CC(=O)O3)[C@H]21,80.0,0.006069999999999999,0.05459019160377731,0.0311,3.834,4.195500000000004,0.36415,0.6742450000000004,0.0,0.0,0.0,False
fenfluramine,CCNC(C)Cc1cccc(C(F)(F)F)c1,58.0,0.06240000000000002,0.23008721160822754,0.0806,1.719,3.2459000000000024,0.060149999999999995,0.38543499999999997,0.0,1.0,0.0,False
etilefrine,CCNCC(O)c1cccc(O)c1,20.0,0.0185,0.06791470404740356,0.9376,0.25,1.0351,0.26244999999999996,0.3020583333333333,1.0,0.0,0.0,False
elacestrant,CCNCCc1ccc(CN(CC)c2cc(OC)ccc2[C@@H]2CCc3cc(O)ccc3C2)cc1,1.0,6.000000000000007e-05,0.001331373316693224,0.0124,4.83,5.851800000000007,0.22365000000000002,0.7644100000000003,1.0,0.0,0.0,False
desethylamodiaquine,CCNCc1cc(Nc2ccnc3cc(Cl)ccc23)ccc1O,200.0,0.05100000000000001,0.05426565141738982,0.0132,3.611,4.446900000000003,0.28590000000000004,0.5463583333333334,0.0,1.0,0.0,False
dexfenfluramine,CCN[C@@H](C)Cc1cccc(C(F)(F)F)c1,30.0,0.0273,0.11901062669478892,0.0806,1.719,3.2459000000000024,0.060149999999999995,0.38543499999999997,0.0,1.0,0.0,False
diphenoxylate,CCOC(=O)C1(c2ccccc2)CCN(CCC(C#N)(c2ccccc2)c2ccccc2)CC1,5.0,0.0095,0.01612831468941913,0.0122,4.852,5.483280000000006,0.26665,0.7543300000000002,0.0,0.0,0.0,False
felodipine,CCOC(=O)C1=C(C)NC(C)=C(C(=O)OC)C1c1cccc(Cl)c1Cl,5.0,0.00553,0.013204502023011678,0.0219,3.453,3.9643000000000033,0.32315,0.6404316666666667,0.0,1.0,0.0,False
Givinostat,CCN(CC)Cc1ccc2cc(COC(=O)Nc3ccc(C(=O)NO)cc3)ccc2c1,50.0,0.05299999999999999,0.160502149086744,0.0183,4.271,4.549300000000003,0.4545,0.7024950000000001,0.0,0.0,0.0,False
hydroxychloroquine,CCN(CCO)CCCC(C)Nc1ccnc2cc(Cl)ccc12,155.0,0.04600000000000002,0.07488257389708122,0.1279,2.928,3.783000000000002,0.24195,0.5597983333333335,0.0,1.0,0.0,True
(+)-ethotoin,CCN1C(=O)N[C@@H](c2ccccc2)C1=O,1000.0,29.879999999999995,8.106719841585772,0.3852,0.362,1.2993999999999999,0.24705000000000002,0.34038166666666664,0.0,0.0,0.0,False
(-)-ethotoin,CCN1C(=O)N[C@H](c2ccccc2)C1=O,1000.0,26.07,8.106719841585772,0.3852,0.362,1.2993999999999999,0.24705000000000002,0.34038166666666664,0.0,0.0,0.0,False
amisulpride,CCN1CCCC1CNC(=O)c1cc(S(=O)(=O)CC)c(N)cc1OC,200.0,0.671,1.611123550241484,0.2301,0.74,1.2851000000000006,0.50865,0.615811666666667,0.0,1.0,0.0,False
sultopride,CCN1CCCC1CNC(=O)c1cc(S(=O)(=O)CC)ccc1OC,50.0,0.33,0.895647801721837,0.1415,0.961,1.7028999999999999,0.37855000000000005,0.5907866666666669,0.0,0.0,0.0,False
sulpiride,CCN1CCCC1CNC(=O)c1cc(S(N)(=O)=O)ccc1OC,100.0,0.08840000000000003,1.0202334792728156,0.2503,0.346,0.5567000000000012,0.50865,0.5690550000000002,1.0,0.0,0.0,False
remoxipride,CCN1CCC[C@H]1CNC(=O)c1c(OC)ccc(Br)c1OC,20.0,0.40469,0.203027040040699,0.1458,1.906,2.6804000000000006,0.25400000000000006,0.6187916666666669,0.0,0.0,0.0,False
abemaciclib,CCN1CCN(Cc2ccc(Nc3ncc(F)c(-c4cc(F)c5nc(C)n(C(C)C)c5c4)n3)nc2)CC1,200.0,0.10200000000000002,0.4265652274387959,0.0313,4.897,4.936920000000004,0.375,0.8443416666666672,0.0,1.0,0.0,False
quinapril,CCOC(=O)[C@H](CCc1ccccc1)N[C@@H](C)C(=O)N1Cc2ccccc2C[C@H]1C(=O)O,40.0,0.579,0.4583787390864422,0.0861,2.175,2.5671,0.47970000000000007,0.7308733333333338,1.0,0.0,0.0,False
trandolapril,CCOC(=O)[C@H](CCc1ccccc1)N[C@@H](C)C(=O)N1[C@H](C(=O)O)C[C@H]2CCCC[C@@H]21,1.0,0.0015700000000000004,0.0026600739640583702,0.1049,2.362,2.7733000000000008,0.47970000000000007,0.7175750000000006,1.0,0.0,0.0,False
cilazapril,CCOC(=O)[C@H](CCc1ccccc1)N[C@H]1CCCN2CCC[C@@H](C(=O)O)N2C1=O,0.5,0.017000000000000005,0.0015884491998836257,0.1188,1.124,1.5955,0.4959,0.6958433333333338,1.0,0.0,0.0,False
flumazenil,CCOC(=O)c1ncn2c1CN(C)C(=O)c1cc(F)ccc1-2,30.0,0.24683000000000002,0.5263908572226432,0.256,0.832,1.7736999999999998,0.32215000000000005,0.5054883333333333,0.0,0.0,0.0,False
emedastine,CCOCCn1c(N2CCCN(C)CC2)nc2ccccc21,2.0,0.002000000000000001,0.009936357897904109,0.2041,1.141,2.2146999999999997,0.16765,0.5040366666666667,0.0,0.0,0.0,False
Seladelpar,CCO[C@H](COc1ccc(C(F)(F)F)cc1)CSc1ccc(OCC(=O)O)c(C)c1,10.0,0.07190000000000002,0.07161954319035922,0.0113,4.712,5.053420000000005,0.32495000000000007,0.7407850000000002,1.0,0.0,0.0,False
iptacopan,CCO[C@H]1CCN(Cc2c(OC)cc(C)c3[nH]ccc23)[C@H](c2ccc(C(=O)O)cc2)C1,100.0,2.1319999999999997,0.023808615131805013,0.0193,4.55,4.925320000000004,0.37395,0.7042083333333337,1.0,0.0,0.0,False
benazepril,CCOC(=O)[C@H](CCc1ccccc1)N[C@H]1CCc2ccccc2N(CC(=O)O)C1=O,10.0,0.13541,0.0228677600034804,0.0594,2.098,2.5731,0.4797,0.7074950000000004,1.0,0.0,0.0,False
oseltamivir (gs4104),CCOC(=O)C1=C[C@@H](OC(CC)CC)[C@H](NC(C)=O)[C@@H](N)C1,20.0,0.011500000000000003,0.07307693544677085,0.5203,0.583,1.2853999999999997,0.45324999999999993,0.5206833333333334,0.0,1.0,0.0,False
telotristat ethyl,CCOC(=O)[C@@H](N)Cc1ccc(-c2cc(O[C@H](c3ccc(Cl)cc3-n3ccc(C)n3)C(F)(F)F)nc(N)n2)cc1,500.0,0.004400000000000001,0.03965090445022519,0.0158,5.095,4.988620000000003,0.6558499999999999,0.9583183333333333,0.0,1.0,0.0,False
moexipril,CCOC(=O)[C@H](CCc1ccccc1)N[C@@H](C)C(=O)N1Cc2cc(OC)c(OC)cc2C[C@H]1C(=O)O,15.0,0.0782,0.1668008054607615,0.1226,2.575,2.5843,0.5720000000000001,0.8309600000000007,1.0,0.0,0.0,False
trimethadione,CN1C(=O)OC(C)(C)C1=O,65.3,1.04,1.0245768195772145,0.4404,0.097,0.37359999999999993,0.23305,0.23857,0.0,0.0,0.0,False
tenoxicam,CN1C(C(=O)Nc2ccccn2)=C(O)c2sccc2S1(=O)=O,10.0,1.5,0.09179030033153554,0.0546,0.86,1.6425,0.498,0.5623033333333335,0.0,1.0,0.0,False
ketotifen,CN1CCC(=C2c3ccccc3CC(=O)c3sccc32)CC1,2.0,0.00026999999999999995,0.006367564748463177,0.024,3.02,4.014400000000004,0.10155000000000002,0.5157233333333334,0.0,0.0,0.0,False
azatadine,CN1CCC(=C2c3ccccc3CCc3cccnc32)CC1,2.0,0.0014000000000000004,0.00542391336746099,0.1028,2.551,3.7077000000000027,0.08065000000000001,0.4840166666666668,0.0,1.0,0.0,False
tepotinib,CN1CCC(COc2cnc(-c3cccc(Cn4nc(-c5cccc(C#N)c5)ccc4=O)c3)nc2)CC1,500.0,0.48700000000000004,0.6021125992272311,0.0297,4.196,4.007880000000003,0.48464999999999997,0.8209716666666671,0.0,1.0,0.0,False
azelastine,CN1CCCC(n2nc(Cc3ccc(Cl)cc3)c3ccccc3c2=O)CC1,2.0,0.0010200000000000003,0.008636577361201984,0.0342,3.797,4.297500000000004,0.19065000000000001,0.636511666666667,0.0,0.0,0.0,False
sulforidazine,CN1CCCCC1CCN1c2ccccc2Sc2ccc(S(C)(=O)=O)cc21,25.0,0.03171000000000001,0.12144739314600751,0.0361,4.179,4.567200000000004,0.20310000000000003,0.6709750000000002,0.0,0.0,0.0,False
cyproheptadine,CN1CCC(=C2c3ccccc3C=Cc3ccccc32)CC1,8.0,0.03,0.03025012072234463,0.0403,3.615,4.697900000000004,0.016200000000000003,0.4790100000000002,0.0,0.0,0.0,False
bromhexine,CN(Cc1cc(Br)cc(Br)c1N)C1CCCCC1,8.0,0.024600000000000004,0.01749456045803329,0.0549,4.017,4.558300000000004,0.14629999999999999,0.6268933333333337,0.0,1.0,0.0,False
methotrexate,CN(Cc1cnc2nc(N)nc(N)c2n1)c1ccc(C(=O)N[C@@H](CCC(=O)O)C(=O)O)cc1,5.0,0.09190000000000004,0.046361924893783116,0.2246,0.449,0.2684000000000012,1.0526999999999997,0.757411666666667,1.0,0.0,0.0,False
cimetidine,CN/C(=N/C#N)NCCSCc1nc[nH]c1C,200.0,0.79,1.6087725818339667,0.3276,0.231,0.5973999999999997,0.44444999999999996,0.42057833333333333,0.0,1.0,0.0,False
lormetazepam,CN1C(=O)C(O)N=C(c2ccccc2Cl)c2cc(Cl)ccc21,1.0,0.005650000000000001,0.011163961697238014,0.0256,2.176,3.1256000000000013,0.2645,0.5586500000000002,0.0,0.0,0.0,False
methsuximide,CN1C(=O)CC(C)(c2ccccc2)C1=O,300.0,1.62808,2.5573972464578087,0.3489,0.372,1.333,0.1869,0.338735,0.0,0.0,0.0,False
chlormezanone,CN1C(=O)CCS(=O)(=O)C1c1ccc(Cl)cc1,200.0,2.7499999999999996,1.5541454487059354,0.2227,0.651,1.6155000000000002,0.27225,0.456235,0.0,0.0,0.0,False
prochlorperazine,CN1CCN(CCCN2c3ccccc3Sc3ccc(Cl)cc32)CC1,5.0,0.0002600000000000003,0.01431743854388008,0.0254,4.024,4.580200000000004,0.048600000000000004,0.6232550000000002,0.0,0.0,0.0,False
nefopam,CN1CCOC(c2ccccc2)c2ccccc2C1,20.0,0.012290000000000002,0.06984949998366835,0.0764,1.829,3.238000000000002,0.06235,0.4222416666666667,0.0,0.0,0.0,False
oxymorphone,CN1CC[C@]23c4c5ccc(O)c4O[C@H]2C(=O)CC[C@@]3(O)[C@H]1C5,5.0,0.0011000000000000003,0.03837496216209761,0.4445,0.341,0.7451999999999999,0.35,0.5022366666666667,1.0,0.0,0.0,False
hydromorphone,CN1CC[C@]23c4c5ccc(O)c4O[C@H]2C(=O)CC[C@H]3[C@H]1C5,4.0,0.012950000000000005,0.020035419064476322,0.4331,0.691,1.6302999999999999,0.24885000000000002,0.4755716666666666,1.0,0.0,0.0,False
pholcodine,CN1CC[C@]23c4c5ccc(OCCN6CCOCC6)c4O[C@H]2[C@@H](O)C=C[C@H]3[C@H]1C5,60.0,0.03120000000000001,0.27677461285692573,0.3558,0.781,1.2034999999999998,0.272,0.6641716666666667,0.0,0.0,0.0,False
ergotamine,CN1C[C@H](C(=O)N[C@]2(C)O[C@@]3(O)[C@@H]4CCCN4C(=O)[C@H](Cc4ccccc4)N3C2=O)C=C2c3cccc4[nH]cc(c34)C[C@H]21,2.0,0.00036000000000000024,0.011685091292519916,0.0513,2.397,1.990800000000002,0.5910500000000001,0.9694550000000002,0.0,0.0,0.0,False
tropisetron,CN1[C@@H]2CC[C@H]1C[C@@H](OC(=O)c1c[nH]c3ccccc13)C2,5.0,0.003460000000000001,0.020030759342434815,0.1604,1.708,2.9499000000000013,0.22665,0.4739316666666668,0.0,0.0,0.0,False
scopolamine,CN1[C@@H]2C[C@@H](OC(=O)[C@H](CO)c3ccccc3)C[C@H]1[C@@H]1O[C@@H]12,0.4,0.0004900000000000001,0.004083052781541346,0.5285,0.405,0.9180999999999995,0.3115,0.5055966666666667,0.0,0.0,0.0,False
mesoridazine,CN1CCCCC1CCN1c2ccccc2Sc2ccc([S+](C)[O-])cc21,25.0,0.16854,0.09068607485948389,0.0282,4.358,4.901100000000005,0.1477,0.6443100000000002,0.0,0.0,0.0,False
pyrantel,CN1CCCN=C1/C=C/c1cccs1,750.0,0.037559999999999996,2.906185750073673,0.2459,0.978,2.4953000000000003,0.078,0.3438566666666667,0.0,0.0,0.0,False
clemastine,CN1CCC[C@@H]1CCO[C@](C)(c1ccccc1)c1ccc(Cl)cc1,2.0,0.0011499999999999998,0.004060387421122933,0.058,4.286,5.104400000000005,0.06235,0.5731633333333334,0.0,0.0,0.0,False
eszopiclone,CN1CCN(C(=O)O[C@H]2c3nccnc3C(=O)N2c2ccc(Cl)cn2)CC1,1.5,0.018080000000000006,0.01807331205871153,0.1345,0.991,1.5679999999999998,0.45879999999999993,0.6480250000000002,0.0,1.0,0.0,False
thiothixene,CN1CCN(CC/C=C2/c3ccccc3Sc3ccc(S(=O)(=O)N(C)C)cc32)CC1,20.0,0.0272,0.16417315796237505,0.0355,3.279,3.4707000000000026,0.21930000000000002,0.7393966666666671,0.0,0.0,0.0,False
cariprazine,CN(C)C(=O)N[C@H]1CC[C@H](CCN2CCN(c3cccc(Cl)c3Cl)CC2)CC1,1.5,0.0008800000000000001,0.005046204352481036,0.0721,4.114,4.335500000000003,0.19410000000000005,0.7123666666666669,0.0,0.0,0.0,False
pyridostigmine,CN(C)C(=O)Oc1ccc[n+](C)c1,120.0,0.052,1.464773631172026,0.5973,0.153,0.5714999999999999,0.1671,0.30202499999999993,0.0,1.0,0.0,False
neostigmine,CN(C)C(=O)Oc1cccc([N+](C)(C)C)c1,30.0,0.005750000000000001,0.2544786138688804,0.4102,0.689,1.9437,0.14770000000000003,0.37215999999999994,0.0,0.0,0.0,False
ribociclib,CN(C)C(=O)c1cc2cnc(Nc3ccc(N4CCNCC4)cn3)nc2n1C1CCCC1,400.0,0.31699999999999995,3.4041568536459286,0.1445,2.414,2.7964,0.45605000000000007,0.724246666666667,0.0,1.0,0.0,False
zimelidine,CN(C)C/C=C(/c1ccc(Br)cc1)c1cccnc1,100.0,0.09825,0.09678827938543773,0.1157,2.869,3.8374000000000024,0.08065000000000001,0.5287166666666666,0.0,1.0,0.0,False
olopatadine,CN(C)CC/C=C1/c2ccccc2COc2ccc(CC(=O)O)cc21,5.0,0.06998,0.031115118556989035,0.0521,2.715,3.589500000000002,0.24885,0.5623650000000001,1.0,0.0,0.0,False
brompheniramine,CN(C)CCC(c1ccc(Br)cc1)c1ccccn1,9.46,0.011230000000000006,0.02289451312959434,0.1066,2.985,3.9277000000000024,0.08065000000000001,0.5320766666666666,0.0,1.0,0.0,False
chlorpheniramine,CN(C)CCC(c1ccc(Cl)cc1)c1ccccn1,8.0,0.017360000000000004,0.028052230184710692,0.1085,2.578,3.8186000000000027,0.08065000000000001,0.4579916666666667,0.0,1.0,0.0,False
pheniramine,CN(C)CCC(c1ccccc1)c1ccccn1,30.5,0.2235,0.1330566773390708,0.2705,1.688,3.1652000000000013,0.08065000000000001,0.40058333333333335,0.0,1.0,0.0,False
alectinib,CCc1cc2c(cc1N1CCC(N3CCOCC3)CC1)C(C)(C)c1[nH]c3cc(C#N)ccc3c1C2=O,600.0,0.10300000000000004,2.033098481556832,0.0133,4.733,4.773280000000004,0.3618,0.8043800000000004,0.0,0.0,0.0,False
clotiazepam,CCc1cc2c(s1)N(C)C(=O)CN=C2c1ccccc1Cl,5.0,0.17880000000000004,0.0357451321706774,0.0211,2.811,3.777700000000003,0.16335,0.5313816666666665,0.0,0.0,0.0,False
istradefylline,CCn1c(=O)c2c(nc(/C=C/c3ccc(OC)c(OC)c3)n2C)n(CC)c1=O,40.0,0.18110000000000004,0.27928438413642365,0.091,1.427,2.1241000000000003,0.4014,0.640726666666667,0.0,0.0,0.0,False
enoxacin,CCn1cc(C(=O)O)c(=O)c2cc(F)c(N3CCNCC3)nc21,200.0,1.22,2.6182467166378247,0.4735,0.346,0.6633000000000002,0.4373,0.5338733333333333,1.0,0.0,0.0,False
rosoxacin,CCn1cc(C(=O)O)c(=O)c2ccc(-c3ccncc3)cc21,300.0,4.53,16.39196030432467,0.0294,1.597,2.781600000000001,0.36095,0.49051666666666666,1.0,0.0,0.0,False
nalidixic acid,CCn1cc(C(=O)O)c(=O)c2ccc(C)nc21,1000.0,30.600000000000005,47.91720761625744,0.2616,0.462,1.4230200000000002,0.36095,0.38706499999999994,1.0,0.0,0.0,False
pipotiazine,CN(C)S(=O)(=O)c1ccc2c(c1)N(CCCN1CCC(CCO)CC1)c1ccccc1S2,10.0,0.010000000000000004,0.0431327101756793,0.016,4.107,4.024100000000003,0.32045,0.7928000000000005,0.0,0.0,0.0,False
lymecycline,CN(C)[C@@H]1C(O)=C(C(=O)NCNCCCC[C@H](N)C(=O)O)C(=O)[C@@]2(O)C(O)=C3C(=O)c4c(O)cccc4[C@@](C)(O)[C@H]3C[C@@H]12,300.0,2.13,2.4804250860756327,0.2077,0.458,-0.45419999999999416,1.2148999999999999,1.004401666666667,1.0,0.0,0.0,False
tetracycline,CN(C)[C@@H]1C(O)=C(C(N)=O)C(=O)[C@@]2(O)C(O)=C3C(=O)c4c(O)cccc4[C@@](C)(O)[C@H]3C[C@@H]12,300.0,2.4999999999999996,3.488187031012768,0.1496,0.269,-0.21439999999999837,0.9080999999999999,0.7407333333333336,1.0,0.0,0.0,False
cyclobenzaprine,CN(C)CCC=C1c2ccccc2C=Cc2ccccc21,2.5,0.0021000000000000007,0.006972895639129298,0.062,3.392,4.553800000000004,0.016200000000000003,0.45899166666666674,0.0,0.0,0.0,True
methylene blue,CN(C)c1ccc2nc3ccc(N(C)C)cc3[s+]c2c1,500.0,3.5715100000000004,0.12527341247106633,0.0452,2.688,3.862600000000003,0.09685000000000002,0.47401333333333334,0.0,1.0,0.0,False
altretamine,CN(C)c1nc(N(C)C)nc(N(C)C)n1,200.0,0.277,1.7515134457989454,0.7239,0.101,0.0696000000000001,0.24195000000000003,0.350475,0.0,1.0,0.0,False
terbinafine,CN(C/C=C/C#CC(C)(C)C)Cc1cccc2ccccc12,125.0,0.5650000000000002,0.3126177691068896,0.016,3.811,4.877300000000004,0.016200000000000003,0.48573,0.0,0.0,0.0,False
creatine,CN(CC(=O)O)C(=N)N,5000.0,102.09999999999995,11.659932534097933,0.7141,0.01,-1.1037299999999988,0.45205000000000006,0.21855833333333327,1.0,0.0,0.0,False
revefenacin,CN(CCN1CCC(OC(=O)Nc2ccccc2-c2ccccc2)CC1)C(=O)c1ccc(CN2CCC(C(N)=O)CC2)cc1,0.2,0.00013000000000000015,0.0003154870519549598,0.0388,5.137,4.836000000000004,0.54105,0.9962666666666671,0.0,0.0,0.0,False
xanthinol,CN(CCO)CC(O)Cn1cnc2c1c(=O)n(C)c(=O)n2C,150.0,0.615,0.4754461426970442,0.6909,0.01,-2.281299999999997,0.5276000000000001,0.5189033333333334,0.0,0.0,0.0,False
amitriptyline,CN(C)CCC=C1c2ccccc2CCc2ccccc21,10.0,0.00596,0.018014983872025374,0.1175,2.987,4.168600000000003,0.016200000000000003,0.46235166666666666,0.0,0.0,0.0,False
doxepin,CN(C)CCC=C1c2ccccc2COc2ccccc21,3.0,0.00059,0.005664635819859752,0.1501,2.768,3.9624000000000033,0.06235,0.4656383333333333,0.0,0.0,0.0,False
clomipramine,CN(C)CCCN1c2ccccc2CCc2ccc(Cl)cc21,75.0,0.04757,0.23730332329576725,0.0734,3.613,4.528400000000004,0.032400000000000005,0.5247666666666667,0.0,0.0,0.0,False
chlorpromazine,CN(C)CCCN1c2ccccc2Sc2ccc(Cl)cc21,25.0,0.004310000000000001,0.07789660846406368,0.0192,3.986,4.894400000000004,0.032400000000000005,0.5314550000000001,0.0,0.0,0.0,False
carbinoxamine,CN(C)CCOC(c1ccc(Cl)cc1)c1ccccn1,8.0,0.09574000000000002,0.030398819721951697,0.1694,2.215,3.4026000000000023,0.1268,0.4846566666666666,0.0,1.0,0.0,False
zotepine,CN(C)CCOC1=Cc2ccccc2Sc2ccc(Cl)cc21,25.0,0.005900000000000002,0.06264872459017105,0.0208,4.048,4.880900000000004,0.06235,0.5531133333333336,0.0,0.0,0.0,False
toremifene,CN(C)CCOc1ccc(/C(=C(/CCCl)c2ccccc2)c2ccccc2)cc1,120.0,0.63,0.14632086317118867,0.0054,4.692,6.215000000000006,0.06235,0.676615,0.0,0.0,0.0,False
