name,canon_smiles,dose_mg,cmax_mg_L,log_cmax_per_dose,n_studies,tmax_h,thalf_h,auc_ng_h_ml,f_pct,formulation,is_prodrug,in_holdout
norgestrel,C#CC1(O)CCC2C3CCC4=CC(=O)CCC4C3CCC21CC,0.3,0.0104999999999999,-1.4559319556497243,1,1.63,38.19,188.31,,tablet,False,False
ethinamate,C#CC1(OC(N)=O)CCCCC1,1000.0,5.9,-2.229147988357856,1,1.0,2.25,24830.0,,,False,False
selegiline,C#CCN(C)[C@H](C)Cc1ccccc1,10.0,0.0022099773754498,-3.655612172363577,2,0.88,1.2,4.145,4.28,tablet,False,False
rasagiline,C#CCN[C@@H]1CCc2ccccc21,0.5,0.0026554103302162,-2.2748383638980605,3,0.33,1.26,1.47,36.0,tablet,False,False
rasagiline,C#CCN[C@@H]1CCc2ccccc21,1.0,0.0049383283578506,-2.3064200364653398,4,0.5,1.725,3.585,36.0,tablet,False,False
rasagiline,C#CCN[C@@H]1CCc2ccccc21,2.0,0.0116080155884018,-2.236272013019935,4,0.4499999999999999,2.13,9.204999999999998,36.0,tablet,False,False
rasagiline,C#CCN[C@@H]1CCc2ccccc21,5.0,0.0222,-2.3526170298853804,1,0.56,2.87,20.9,36.0,tablet,False,False
Islatravir,C#C[C@]1(CO)O[C@@H](n2cnc3c(N)nc(F)nc32)C[C@@H]1O,5.0,0.0431099999999999,-2.0643919814821308,1,0.5,,,,suspension,False,False
Islatravir,C#C[C@]1(CO)O[C@@H](n2cnc3c(N)nc(F)nc32)C[C@@H]1O,15.0,0.1143699999999999,-2.117779137947295,1,0.5,51.4,463.35,,suspension,False,False
Islatravir,C#C[C@]1(CO)O[C@@H](n2cnc3c(N)nc(F)nc32)C[C@@H]1O,30.0,0.3137899999999999,-1.980482155538916,1,0.5,48.6,1146.64,,suspension,False,False
Islatravir,C#C[C@]1(CO)O[C@@H](n2cnc3c(N)nc(F)nc32)C[C@@H]1O,100.0,0.93843,-2.027598117019765,1,0.5,58.9,3431.12,,suspension,False,False
Islatravir,C#C[C@]1(CO)O[C@@H](n2cnc3c(N)nc(F)nc32)C[C@@H]1O,200.0,1.81233,-2.0427927161586137,1,0.5,61.4,7507.4,,suspension,False,False
Islatravir,C#C[C@]1(CO)O[C@@H](n2cnc3c(N)nc(F)nc32)C[C@@H]1O,400.0,2.90619,-2.1387359872661142,1,0.5,48.5,14164.36,,suspension,False,False
etonogestrel,C#C[C@]1(O)CC[C@H]2[C@@H]3CCC4=CC(=O)CC[C@@H]4[C@H]3C(=C)C[C@@]21CC,0.15,0.0012899999999999,-2.0655015487564325,1,1.3,30.6,12.4,79.0,tablet,True,False
norethisterone (norethindrone),C#C[C@]1(O)CC[C@H]2[C@@H]3CCC4=CC(=O)CC[C@@H]4[C@H]3CC[C@@]21C,0.3,0.0043599999999999,-1.8376347654510763,1,1.0,,,,tablet,False,False
norethisterone (norethindrone),C#C[C@]1(O)CC[C@H]2[C@@H]3CCC4=CC(=O)CC[C@@H]4[C@H]3CC[C@@]21C,0.5,0.0054999999999999,-1.958607314841775,1,1.0,,,,tablet,False,False
levonorgestrel,C#C[C@]1(O)CC[C@H]2[C@@H]3CCC4=CC(=O)CC[C@@H]4[C@H]3CC[C@@]21CC,0.75,0.0110620251310508,-1.8312266226137963,2,1.9,23.08,139.43,,tablet,False,False
levonorgestrel,C#C[C@]1(O)CC[C@H]2[C@@H]3CCC4=CC(=O)CC[C@@H]4[C@H]3CC[C@@]21CC,1.5,0.0162,-1.96657624451305,1,2.5,29.7,360.1,,tablet,False,False
danazol,C#C[C@]1(O)CC[C@H]2[C@@H]3CCC4=Cc5oncc5C[C@]4(C)[C@H]3CC[C@@]21C,100.0,0.037,-3.431798275933005,1,2.5,,204.0,,capsule,False,False
danazol,C#C[C@]1(O)CC[C@H]2[C@@H]3CCC4=Cc5oncc5C[C@]4(C)[C@H]3CC[C@@]21C,400.0,0.0695999999999999,-3.759450751717401,1,2.47,9.7,601.0,,capsule,False,False
tibolone,C#C[C@]1(O)CC[C@H]2[C@@H]3[C@H](C)CC4=C(CCC(=O)C4)[C@H]3CC[C@@]21C,1.25,0.0008999999999999,-3.1426675035687315,1,1.0,,,,tablet,False,False
tibolone,C#C[C@]1(O)CC[C@H]2[C@@H]3[C@H](C)CC4=C(CCC(=O)C4)[C@H]3CC[C@@]21C,2.5,0.0014696938456699,-3.230713133096572,2,1.55,,,,tablet,False,False
3alpha-hydroxytibolone,C#C[C@]1(O)CC[C@H]2[C@@H]3[C@H](C)CC4=C(CC[C@@H](O)C4)[C@H]3CC[C@@]21C,1.25,0.0082999999999999,-2.1778319206319825,1,1.2,6.4,27.1,,tablet,True,False
3alpha-hydroxytibolone,C#C[C@]1(O)CC[C@H]2[C@@H]3[C@H](C)CC4=C(CC[C@@H](O)C4)[C@H]3CC[C@@]21C,2.5,0.0137608865993438,-2.259293592737779,2,1.3,5.51,47.32,,tablet,True,False
3beta-hydroxytibolone,C#C[C@]1(O)CC[C@H]2[C@@H]3[C@H](C)CC4=C(CC[C@H](O)C4)[C@H]3CC[C@@]21C,1.25,0.0021,-2.7746907182741367,1,1.4,6.2,8.7,,tablet,True,False
3beta-hydroxytibolone,C#C[C@]1(O)CC[C@H]2[C@@H]3[C@H](C)CC4=C(CC[C@H](O)C4)[C@H]3CC[C@@]21C,2.5,0.0037849702772941,-2.819877535260736,2,1.55,6.005000000000001,15.63,,tablet,True,False
erlotinib,C#Cc1cccc(Nc2ncnc3cc(OCCOC)c(OCCOC)cc23)c1,150.0,1.233599269314674,-2.084917155589963,4,2.55,14.225,26319.0,59.0,tablet,False,False
erlotinib,C#Cc1cccc(Nc2ncnc3cc(OCCOC)c(OCCOC)cc23)c1,300.0,1.979,-2.180675460513266,1,2.0,11.7,44317.0,,tablet,False,False
Icotinib,C#Cc1cccc(Nc2ncnc3cc4c(cc23)OCCOCCOCCO4)c1,100.0,0.728,-2.137868620686963,1,1.0,6.02,3220.0,,tablet,False,False
Icotinib,C#Cc1cccc(Nc2ncnc3cc4c(cc23)OCCOCCOCCO4)c1,350.0,2.06,-2.2302008239811224,1,0.75,6.47,12300.0,,tablet,False,False
Icotinib,C#Cc1cccc(Nc2ncnc3cc4c(cc23)OCCOCCOCCO4)c1,600.0,2.8,-2.3309932190414244,1,3.0,7.83,18600.0,,tablet,False,False
cinnarizine,C(=C/c1ccccc1)\CN1CCN(C(c2ccccc2)c2ccccc2)CC1,25.0,0.03539,-2.8490594460345227,1,2.2,29.48,370.1,,tablet,False,False
teriflunomide,C/C(O)=C(\C#N)C(=O)Nc1ccc(C(F)(F)F)cc1,10.0,0.8388325220209335,-1.0763247400326024,2,2.75,302.28,299610.0,,tablet,True,False
teriflunomide,C/C(O)=C(\C#N)C(=O)Nc1ccc(C(F)(F)F)cc1,20.0,1.939071942966532,-1.0134360732001506,2,7.5,267.09000000000003,688350.0,,tablet,True,False
teriflunomide,C/C(O)=C(\C#N)C(=O)Nc1ccc(C(F)(F)F)cc1,40.0,5.200000000000001,-0.8860566476931632,1,13.0,170.0,1344000.0,,tablet,True,False
teriflunomide,C/C(O)=C(\C#N)C(=O)Nc1ccc(C(F)(F)F)cc1,60.0,6.7,-0.9520764476828172,1,9.0,252.0,2555000.0,,tablet,True,False
cyclosporine,C/C=C/C[C@@H](C)[C@@H](O)[C@H]1C(=O)N[C@@H](CC)C(=O)N(C)CC(=O)N(C)[C@@H](CC(C)C)C(=O)N[C@@H](C(C)C)C(=O)N(C)[C@@H](CC(C)C)C(=O)N[C@@H](C)C(=O)N[C@H](C)C(=O)N(C)[C@@H](CC(C)C)C(=O)N(C)[C@@H](CC(C)C)C(=O)N(C)[C@@H](C(C)C)C(=O)N1C,347.5,0.8,-2.637864821934189,1,1.7,6.0,5071.0,18.0,solution,False,False
cyclosporine,C/C=C/C[C@@H](C)[C@@H](O)[C@H]1C(=O)N[C@@H](CC)C(=O)N(C)CC(=O)N(C)[C@@H](CC(C)C)C(=O)N[C@@H](C(C)C)C(=O)N(C)[C@@H](CC(C)C)C(=O)N[C@@H](C)C(=O)N[C@H](C)C(=O)N(C)[C@@H](CC(C)C)C(=O)N(C)[C@@H](CC(C)C)C(=O)N(C)[C@@H](C(C)C)C(=O)N1C,371.5,2.053,-2.2575698687260024,1,1.66,7.3,8990.3,39.3,capsule,False,False
cyclosporine,C/C=C/C[C@@H](C)[C@@H](O)[C@H]1C(=O)N[C@@H](CC)C(=O)N(C)CC(=O)N(C)[C@@H](CC(C)C)C(=O)N[C@@H](C(C)C)C(=O)N(C)[C@@H](CC(C)C)C(=O)N[C@@H](C)C(=O)N[C@H](C)C(=O)N(C)[C@@H](CC(C)C)C(=O)N(C)[C@@H](CC(C)C)C(=O)N(C)[C@@H](C(C)C)C(=O)N1C,372.5,1.22,-2.484766446409564,1,1.66,8.0,6742.25,32.8,capsule,False,False
huperzine a,C/C=C1\[C@H]2C=C(C)C[C@]1(N)c1ccc(=O)[nH]c1C2,0.2,0.0015499999999999,-2.11069829749369,1,0.95,12.09,19.13,,capsule,False,False
huperzine a,C/C=C1\[C@H]2C=C(C)C[C@]1(N)c1ccc(=O)[nH]c1C2,0.4,0.00256,-2.193820026016113,1,1.0,11.76,40.67,,tablet,False,False
huperzine a,C/C=C1\[C@H]2C=C(C)C[C@]1(N)c1ccc(=O)[nH]c1C2,0.99,0.0084,-2.0713559085356685,1,1.33,4.8,68.33,,tablet,False,False
perhexiline,C1CCC(C(CC2CCCCN2)C2CCCCC2)CC1,300.0,0.09944,-3.479560139086074,1,6.0,11.34,2050.0,,tablet,False,False
rilmenidine,C1COC(NC(C2CC2)C2CC2)=N1,0.5,0.0014,-2.552841968657781,1,2.0,7.74,14.28,,capsule,False,False
rilmenidine,C1COC(NC(C2CC2)C2CC2)=N1,1.0,0.0033678628238097,-2.472645606030973,2,1.865,7.75,34.14,100.1,capsule,False,False
rilmenidine,C1COC(NC(C2CC2)C2CC2)=N1,2.0,0.0054099999999999,-2.567832730557412,1,2.0,8.15,59.64,,capsule,False,False
rilmenidine,C1COC(NC(C2CC2)C2CC2)=N1,3.0,0.01079,-2.444099810036752,1,1.75,7.69,130.0,,capsule,False,False
methenamine,C1N2CN3CN1CN(C2)C3,1000.0,30.246652707365826,-1.519322680223279,2,0.95,4.0,165500.0,,tablet,False,False
cannabidiol,C=C(C)[C@@H]1CCC(C)=C[C@H]1c1c(O)cc(CCCCC)cc1O,200.0,0.153,-3.1163385648463824,1,2.5,11.2,499.0,6.0,solution,False,False
cannabidiol,C=C(C)[C@@H]1CCC(C)=C[C@H]1c1c(O)cc(CCCCC)cc1O,1500.0,0.2924,-3.7101138907698585,1,4.0,14.43,1618.0,6.0,solution,False,False
cannabidiol,C=C(C)[C@@H]1CCC(C)=C[C@H]1c1c(O)cc(CCCCC)cc1O,3000.0,0.533,-3.75039404569309,1,5.0,14.39,2802.0,6.0,solution,False,False
cannabidiol,C=C(C)[C@@H]1CCC(C)=C[C@H]1c1c(O)cc(CCCCC)cc1O,4500.0,0.7221000000000001,-3.794615168780651,1,5.0,16.61,3426.0,6.0,solution,False,False
Bevirimat,C=C(C)[C@@H]1CC[C@]2(C(=O)O)CC[C@]3(C)[C@H](CC[C@@H]4[C@@]5(C)CC[C@H](OC(=O)CC(C)(C)C(=O)O)C(C)(C)[C@@H]5CC[C@]43C)[C@@H]12,25.0,2.24,-1.0476919903378747,1,1.75,55.82,151200.0,,solution,False,False
Bevirimat,C=C(C)[C@@H]1CC[C@]2(C(=O)O)CC[C@]3(C)[C@H](CC[C@@H]4[C@@]5(C)CC[C@H](OC(=O)CC(C)(C)C(=O)O)C(C)(C)[C@@H]5CC[C@]43C)[C@@H]12,50.0,6.06,-0.9164973801697328,1,1.0,56.69,312100.0,,solution,False,False
Bevirimat,C=C(C)[C@@H]1CC[C@]2(C(=O)O)CC[C@]3(C)[C@H](CC[C@@H]4[C@@]5(C)CC[C@H](OC(=O)CC(C)(C)C(=O)O)C(C)(C)[C@@H]5CC[C@]43C)[C@@H]12,100.0,13.65,-0.8648673486232252,1,2.0,75.39,982800.0,,solution,False,False
Bevirimat,C=C(C)[C@@H]1CC[C@]2(C(=O)O)CC[C@]3(C)[C@H](CC[C@@H]4[C@@]5(C)CC[C@H](OC(=O)CC(C)(C)C(=O)O)C(C)(C)[C@@H]5CC[C@]43C)[C@@H]12,250.0,30.050000000000004,-0.9200955323332792,1,2.5,69.0,1795700.0,,solution,False,False
adagrasib,C=C(F)C(=O)N1CCN(c2nc(OC[C@@H]3CCCN3C)nc3c2CCN(c2cccc4cccc(Cl)c24)C3)C[C@@H]1CC#N,600.0,0.984,-2.785156151952302,1,4.17,23.0,37139.0,,,False,False
voclosporin,C=C/C=C/C[C@@H](C)[C@@H](O)[C@H]1C(=O)N[C@@H](CC)C(=O)N(C)CC(=O)N(C)[C@@H](CC(C)C)C(=O)N[C@@H](C(C)C)C(=O)N(C)[C@@H](CC(C)C)C(=O)N[C@@H](C)C(=O)N[C@H](C)C(=O)N(C)[C@@H](CC(C)C)C(=O)N(C)[C@@H](CC(C)C)C(=O)N(C)[C@@H](C(C)C)C(=O)N1C,18.07,0.032,-2.7518081742410256,1,1.0,5.7,142.9,,solution,False,False
voclosporin,C=C/C=C/C[C@@H](C)[C@@H](O)[C@H]1C(=O)N[C@@H](CC)C(=O)N(C)CC(=O)N(C)[C@@H](CC(C)C)C(=O)N[C@@H](C(C)C)C(=O)N(C)[C@@H](CC(C)C)C(=O)N[C@@H](C)C(=O)N[C@H](C)C(=O)N(C)[C@@H](CC(C)C)C(=O)N(C)[C@@H](CC(C)C)C(=O)N(C)[C@@H](C(C)C)C(=O)N1C,36.15,0.077,-2.671617576458068,1,1.5,7.9,354.4,,solution,False,False
voclosporin,C=C/C=C/C[C@@H](C)[C@@H](O)[C@H]1C(=O)N[C@@H](CC)C(=O)N(C)CC(=O)N(C)[C@@H](CC(C)C)C(=O)N[C@@H](C(C)C)C(=O)N(C)[C@@H](CC(C)C)C(=O)N[C@@H](C)C(=O)N[C@H](C)C(=O)N(C)[C@@H](CC(C)C)C(=O)N(C)[C@@H](CC(C)C)C(=O)N(C)[C@@H](C(C)C)C(=O)N1C,108.45,0.459,-2.373416870812951,1,1.5,14.3,2166.5,,solution,False,False
voclosporin,C=C/C=C/C[C@@H](C)[C@@H](O)[C@H]1C(=O)N[C@@H](CC)C(=O)N(C)CC(=O)N(C)[C@@H](CC(C)C)C(=O)N[C@@H](C(C)C)C(=O)N(C)[C@@H](CC(C)C)C(=O)N[C@@H](C)C(=O)N[C@H](C)C(=O)N(C)[C@@H](CC(C)C)C(=O)N(C)[C@@H](CC(C)C)C(=O)N(C)[C@@H](C(C)C)C(=O)N1C,216.9,0.8749,-2.39430113548338,1,2.0,17.4,5079.6,,solution,False,False
voclosporin,C=C/C=C/C[C@@H](C)[C@@H](O)[C@H]1C(=O)N[C@@H](CC)C(=O)N(C)CC(=O)N(C)[C@@H](CC(C)C)C(=O)N[C@@H](C(C)C)C(=O)N(C)[C@@H](CC(C)C)C(=O)N[C@@H](C)C(=O)N[C@H](C)C(=O)N(C)[C@@H](CC(C)C)C(=O)N(C)[C@@H](CC(C)C)C(=O)N(C)[C@@H](C(C)C)C(=O)N1C,325.35,0.9555,-2.5321201196788428,1,1.8,18.1,7693.6,,solution,False,False
nalmefene,C=C1CC[C@@]2(O)[C@H]3Cc4ccc(O)c5c4[C@@]2(CCN3CC2CC2)[C@H]1O5,18.06,0.0165,-3.0392338017635807,1,1.5,12.5,131.0,41.0,tablet,False,False
nalmefene,C=C1CC[C@@]2(O)[C@H]3Cc4ccc(O)c5c4[C@@]2(CCN3CC2CC2)[C@H]1O5,20.0,0.0219399999999999,-2.9597933724252887,1,0.75,13.4,144.8,,tablet,False,False
nalmefene,C=C1CC[C@@]2(O)[C@H]3Cc4ccc(O)c5c4[C@@]2(CCN3CC2CC2)[C@H]1O5,50.0,0.0242999999999999,-3.313363730737706,1,2.5,10.3,274.0,,tablet,False,False
nalmefene,C=C1CC[C@@]2(O)[C@H]3Cc4ccc(O)c5c4[C@@]2(CCN3CC2CC2)[C@H]1O5,100.0,0.0579,-3.237321436272564,1,1.5,11.4,647.0,,tablet,False,False
nalmefene,C=C1CC[C@@]2(O)[C@H]3Cc4ccc(O)c5c4[C@@]2(CCN3CC2CC2)[C@H]1O5,200.0,0.155,-3.11069829749369,1,1.25,9.8,1320.0,,tablet,False,False
nalmefene,C=C1CC[C@@]2(O)[C@H]3Cc4ccc(O)c5c4[C@@]2(CCN3CC2CC2)[C@H]1O5,300.0,0.177,-3.229147988357856,1,1.5,11.7,1876.0,,tablet,False,False
calcifediol (25-hydroxyvitamin d3),C=C1CC[C@H](O)C/C1=C/C=C1\CCC[C@]2(C)[C@@H]([C@H](C)CCCC(C)(C)O)CC[C@@H]12,0.9,0.0231,-1.5906305295471803,1,11.2,60.6,3128.0,,capsule,False,False
exemestane,C=C1C[C@@H]2[C@H](CC[C@]3(C)C(=O)CC[C@@H]23)[C@@]2(C)C=CC(=O)C=C12,25.0,0.0128506731341202,-3.289014131527888,2,1.25,24.355,38.175,,tablet,False,False
Evobrutinib,C=CC(=O)N1CCC(CNc2ncnc(N)c2-c2ccc(Oc3ccccc3)cc2)CC1,25.0,0.0699,-2.553462832926356,1,0.8,1.8,104.0,,solution,False,False
Evobrutinib,C=CC(=O)N1CCC(CNc2ncnc(N)c2-c2ccc(Oc3ccccc3)cc2)CC1,50.0,0.234,-2.329754146925876,1,0.5,2.06,326.0,,solution,False,False
Evobrutinib,C=CC(=O)N1CCC(CNc2ncnc(N)c2-c2ccc(Oc3ccccc3)cc2)CC1,100.0,0.309,-2.5100415205751654,1,0.5,2.56,434.0,,solution,False,False
Evobrutinib,C=CC(=O)N1CCC(CNc2ncnc(N)c2-c2ccc(Oc3ccccc3)cc2)CC1,200.0,0.555,-2.556737012541305,1,0.5,2.09,856.0,,solution,False,False
Evobrutinib,C=CC(=O)N1CCC(CNc2ncnc(N)c2-c2ccc(Oc3ccccc3)cc2)CC1,350.0,0.846,-2.616697681311252,1,1.0,6.81,1910.0,,solution,False,False
Evobrutinib,C=CC(=O)N1CCC(CNc2ncnc(N)c2-c2ccc(Oc3ccccc3)cc2)CC1,500.0,1.51,-2.519993057042849,1,0.5,6.63,3220.0,,solution,False,False
zanubrutinib,C=CC(=O)N1CCC([C@@H]2CCNc3c(C(N)=O)c(-c4ccc(Oc5ccccc5)cc4)nn32)CC1,20.0,0.0479999999999999,-2.619788758288394,1,1.5,2.2,184.0,,,False,False
zanubrutinib,C=CC(=O)N1CCC([C@@H]2CCNc3c(C(N)=O)c(-c4ccc(Oc5ccccc5)cc4)nn32)CC1,80.0,0.1628,-2.6914355864387614,1,1.5,3.03,683.1,,,False,False
zanubrutinib,C=CC(=O)N1CCC([C@@H]2CCNc3c(C(N)=O)c(-c4ccc(Oc5ccccc5)cc4)nn32)CC1,320.0,0.5100470566526191,-2.797539732610572,2,1.75,6.65,3152.0,,capsule,False,False
ibrutinib,C=CC(=O)N1CCC[C@@H](n2nc(-c3ccc(Oc4ccccc4)cc3)c3c(N)ncnc32)C1,140.0,0.0086599999999999,-4.208610143660891,1,1.5,9.4,68.8,2.9,capsule,False,False
ibrutinib,C=CC(=O)N1CCC[C@@H](n2nc(-c3ccc(Oc4ccccc4)cc3)c3c(N)ncnc32)C1,420.0,0.0384999999999999,-4.0377885608894,1,1.5,9.7,289.0,2.9,,False,False
ibrutinib,C=CC(=O)N1CCC[C@@H](n2nc(-c3ccc(Oc4ccccc4)cc3)c3c(N)ncnc32)C1,840.0,0.248,-3.529827605235665,1,3.0,6.0,1080.0,2.9,capsule,False,False
ibrutinib,C=CC(=O)N1CCC[C@@H](n2nc(-c3ccc(Oc4ccccc4)cc3)c3c(N)ncnc32)C1,1680.0,0.567,-3.4717262228329564,1,3.0,6.5,3029.0,2.9,capsule,False,False
sotorasib,C=CC(=O)N1CCN(c2nc(=O)n(-c3c(C)ccnc3C(C)C)c3nc(-c4c(O)cccc4F)c(F)cc23)[C@@H](C)C1,360.0,6.13,-1.7688420262488722,1,0.51,6.65,25000.0,,,False,False
sotorasib,C=CC(=O)N1CCN(c2nc(=O)n(-c3c(C)ccnc3C(C)C)c3nc(-c4c(O)cccc4F)c(F)cc23)[C@@H](C)C1,720.0,6.69,-2.0319063786634453,1,0.75,6.35,26100.0,,,False,False
sotorasib,C=CC(=O)N1CCN(c2nc(=O)n(-c3c(C)ccnc3C(C)C)c3nc(-c4c(O)cccc4F)c(F)cc23)[C@@H](C)C1,960.0,6.309873215841978,-2.1822505999782225,2,0.96,6.51,26100.0,,tablet,False,False
futibatinib,C=CC(=O)N1CC[C@H](n2nc(C#Cc3cc(OC)cc(OC)c3)c3c(N)ncnc32)C1,20.0,0.140415894716479,-2.153613724074302,3,1.5,2.2,625.7,,tablet,False,False
futibatinib,C=CC(=O)N1CC[C@H](n2nc(C#Cc3cc(OC)cc(OC)c3)c3c(N)ncnc32)C1,80.0,0.5415,-2.1694915260306047,1,2.0,5.4,3229.0,,tablet,False,False
ritlecitinib,C=CC(=O)N1C[C@H](Nc2ncnc3[nH]ccc23)CC[C@@H]1C,50.0,0.2971,-2.226067352532355,1,1.0,,651.4,64.0,capsule,False,False
ritlecitinib,C=CC(=O)N1C[C@H](Nc2ncnc3[nH]ccc23)CC[C@@H]1C,200.0,1.275,-2.195519810894007,1,1.0,,3382.0,64.0,capsule,False,False
mobocertinib,C=CC(=O)Nc1cc(Nc2ncc(C(=O)OC(C)C)c(-c3cn(C)c4ccccc34)n2)c(OC)cc1N(C)CCN(C)C,20.0,0.0031999999999999,-3.795880017344075,1,6.0,18.1,64.0,,capsule,False,False
mobocertinib,C=CC(=O)Nc1cc(Nc2ncc(C(=O)OC(C)C)c(-c3cn(C)c4ccccc34)n2)c(OC)cc1N(C)CCN(C)C,40.0,0.0078999999999999,-3.704432900037521,1,5.0,16.0,160.0,,capsule,False,False
mobocertinib,C=CC(=O)Nc1cc(Nc2ncc(C(=O)OC(C)C)c(-c3cn(C)c4ccccc34)n2)c(OC)cc1N(C)CCN(C)C,80.0,0.0146999999999999,-3.735772652243768,1,4.0,14.3,257.0,,capsule,False,False
mobocertinib,C=CC(=O)Nc1cc(Nc2ncc(C(=O)OC(C)C)c(-c3cn(C)c4ccccc34)n2)c(OC)cc1N(C)CCN(C)C,120.0,0.0257999999999999,-3.6675615400843946,1,6.0,18.3,456.0,,capsule,False,False
mobocertinib,C=CC(=O)Nc1cc(Nc2ncc(C(=O)OC(C)C)c(-c3cn(C)c4ccccc34)n2)c(OC)cc1N(C)CCN(C)C,160.0,0.0544034925349466,-3.4684932017083407,2,5.5,21.4,1033.5,36.7,capsule,False,False
osimertinib,C=CC(=O)Nc1cc(Nc2nccc(-c3cn(C)c4ccccc34)n2)c(OC)cc1N(C)CCN(C)C,20.0,0.01579,-3.102647865655687,1,6.0,59.7,791.4,,tablet,False,False
osimertinib,C=CC(=O)Nc1cc(Nc2nccc(-c3cn(C)c4ccccc34)n2)c(OC)cc1N(C)CCN(C)C,80.0,0.05896,-3.1325325121409486,1,7.0,59.7,3392.91,69.8,tablet,False,False
Lazertinib,C=CC(=O)Nc1cc(Nc2nccc(-n3cc(CN(C)C)c(-c4ccccc4)n3)n2)c(OC)cc1N1CCOCC1,240.0,0.3860854265573877,-2.7935278329525137,2,2.0,67.955,4055.085,,,False,False
vigabatrin,C=CC(N)CCC(=O)O,500.0,17.999999999999996,-1.443697499232713,1,0.8,7.5,73200.0,,tablet,False,False
vigabatrin,C=CC(N)CCC(=O)O,1000.0,36.8,-1.4341521813264824,1,0.9,7.0,146000.0,,tablet,False,False
vigabatrin,C=CC(N)CCC(=O)O,2000.0,76.8,-1.4156687756324693,1,0.9,6.4,292000.0,,tablet,False,False
vigabatrin,C=CC(N)CCC(=O)O,4000.0,148.79999999999998,-1.4294570601181025,1,1.1,6.8,588000.0,,tablet,False,False
cefdinir,C=CC1=C(C(=O)O)N2C(=O)[C@@H](NC(=O)/C(=N\O)c3csc(N)n3)[C@H]2SC1,100.0,0.88,-2.0555173278498318,1,3.68,1.78,4500.0,,capsule,False,False
cefdinir,C=CC1=C(C(=O)O)N2C(=O)[C@@H](NC(=O)/C(=N\O)c3csc(N)n3)[C@H]2SC1,200.0,1.0,-2.3010299956639813,1,3.31,1.43,4080.0,,capsule,False,False
cefdinir,C=CC1=C(C(=O)O)N2C(=O)[C@@H](NC(=O)/C(=N\O)c3csc(N)n3)[C@H]2SC1,300.0,1.55,-2.2867895565493708,1,3.2,1.46,6530.0,,capsule,False,False
cefdinir,C=CC1=C(C(=O)O)N2C(=O)[C@@H](NC(=O)/C(=N\O)c3csc(N)n3)[C@H]2SC1,400.0,2.15,-2.269621531412357,1,3.0,1.43,8830.0,,capsule,False,False
cefdinir,C=CC1=C(C(=O)O)N2C(=O)[C@@H](NC(=O)/C(=N\O)c3csc(N)n3)[C@H]2SC1,600.0,2.35,-2.407083388111908,1,3.22,1.5,9840.0,,capsule,False,False
cefixime,C=CC1=C(C(=O)O)N2C(=O)[C@@H](NC(=O)/C(=N\OCC(=O)O)c3csc(N)n3)[C@H]2SC1,50.0,0.69,-1.8601209135987635,1,3.83,2.54,5320.0,,capsule,False,False
cefixime,C=CC1=C(C(=O)O)N2C(=O)[C@@H](NC(=O)/C(=N\OCC(=O)O)c3csc(N)n3)[C@H]2SC1,100.0,1.0576861538282516,-1.9756431809595152,2,4.05,2.625,8695.0,,capsule,False,False
cefixime,C=CC1=C(C(=O)O)N2C(=O)[C@@H](NC(=O)/C(=N\OCC(=O)O)c3csc(N)n3)[C@H]2SC1,200.0,2.3862103846894973,-1.923321264258513,2,3.92,2.845,19295.0,47.9,capsule,False,False
cefixime,C=CC1=C(C(=O)O)N2C(=O)[C@@H](NC(=O)/C(=N\OCC(=O)O)c3csc(N)n3)[C@H]2SC1,400.0,4.454326474412006,-1.9532779463803984,3,3.8,3.5,33110.0,40.2,capsule,False,False
cefixime,C=CC1=C(C(=O)O)N2C(=O)[C@@H](NC(=O)/C(=N\OCC(=O)O)c3csc(N)n3)[C@H]2SC1,800.0,4.92,-2.211124884224583,1,4.41,3.7,37900.0,,tablet,False,False
cefixime,C=CC1=C(C(=O)O)N2C(=O)[C@@H](NC(=O)/C(=N\OCC(=O)O)c3csc(N)n3)[C@H]2SC1,1600.0,7.340000000000001,-2.338423922739854,1,4.28,3.5,56900.0,,tablet,False,False
cefixime,C=CC1=C(C(=O)O)N2C(=O)[C@@H](NC(=O)/C(=N\OCC(=O)O)c3csc(N)n3)[C@H]2SC1,2000.0,8.81,-2.356054087251933,1,3.81,3.4,67200.0,,tablet,False,False
secobarbital,C=CCC1(C(C)CCC)C(=O)NC(=O)NC1=O,244.2,2.01,-2.0845496021883747,1,3.0,28.88,82900.0,,capsule,False,False
naloxegol,C=CCN1CC[C@]23c4c5ccc(O)c4O[C@H]2[C@@H](OCCOCCOCCOCCOCCOCCOCCOC)CC[C@@]3(O)[C@H]1C5,8.0,0.0094999999999999,-2.925366381703096,1,1.9,9.9,96.8,,solution,False,False
naloxegol,C=CCN1CC[C@]23c4c5ccc(O)c4O[C@H]2[C@@H](OCCOCCOCCOCCOCCOCCOCCOC)CC[C@@]3(O)[C@H]1C5,15.0,0.0108999999999999,-3.138664761115057,1,1.4,6.3,112.0,,solution,False,False
naloxegol,C=CCN1CC[C@]23c4c5ccc(O)c4O[C@H]2[C@@H](OCCOCCOCCOCCOCCOCCOCCOC)CC[C@@]3(O)[C@H]1C5,25.0,0.039949217764557,-2.796431728748245,2,0.75,9.25,185.0,,solution,False,False
naloxegol,C=CCN1CC[C@]23c4c5ccc(O)c4O[C@H]2[C@@H](OCCOCCOCCOCCOCCOCCOCCOC)CC[C@@]3(O)[C@H]1C5,30.0,0.0727,-2.6155868438606245,1,1.0,8.0,536.5,,solution,False,False
naloxegol,C=CCN1CC[C@]23c4c5ccc(O)c4O[C@H]2[C@@H](OCCOCCOCCOCCOCCOCCOCCOC)CC[C@@]3(O)[C@H]1C5,60.0,0.1129,-2.725457308458676,1,0.9,6.2,587.0,,solution,False,False
naloxegol,C=CCN1CC[C@]23c4c5ccc(O)c4O[C@H]2[C@@H](OCCOCCOCCOCCOCCOCCOCCOC)CC[C@@]3(O)[C@H]1C5,125.0,0.3273,-2.5819640077000523,1,1.4,5.4,1476.4,,solution,False,False
naloxegol,C=CCN1CC[C@]23c4c5ccc(O)c4O[C@H]2[C@@H](OCCOCCOCCOCCOCCOCCOCCOC)CC[C@@]3(O)[C@H]1C5,250.0,1.3373,-2.271711164065614,1,0.4,5.0,3047.4,,solution,False,False
naloxegol,C=CCN1CC[C@]23c4c5ccc(O)c4O[C@H]2[C@@H](OCCOCCOCCOCCOCCOCCOCCOC)CC[C@@]3(O)[C@H]1C5,500.0,1.6085,-2.49254893909803,1,0.5,4.6,5213.0,,solution,False,False
naloxegol,C=CCN1CC[C@]23c4c5ccc(O)c4O[C@H]2[C@@H](OCCOCCOCCOCCOCCOCCOCCOC)CC[C@@]3(O)[C@H]1C5,1000.0,4.7167,-2.326361745651245,1,0.6,3.9,9734.3,,solution,False,False
cabergoline,C=CCN1C[C@H](C(=O)N(CCCN(C)C)C(=O)NCC)C[C@@H]2c3cccc4[nH]cc(c34)C[C@H]21,0.5,3.299999999999997e-05,-4.180456064458132,1,2.0,,1.29,,,False,False
cabergoline,C=CCN1C[C@H](C(=O)N(CCCN(C)C)C(=O)NCC)C[C@@H]2c3cccc4[nH]cc(c34)C[C@H]21,1.0,4.000000000000001e-05,-4.3979400086720375,1,2.0,,1.88,,,False,False
cabergoline,C=CCN1C[C@H](C(=O)N(CCCN(C)C)C(=O)NCC)C[C@@H]2c3cccc4[nH]cc(c34)C[C@H]21,1.5,6.699999999999993e-05,-4.350016456354855,1,2.0,,2.55,,,False,False
almitrine,C=CCNc1nc(NCC=C)nc(N2CCN(C(c3ccc(F)cc3)c3ccc(F)cc3)CC2)n1,25.0,0.0389,-2.8079904073463298,1,2.8,56.8,813.3,,capsule,False,False
almitrine,C=CCNc1nc(NCC=C)nc(N2CCN(C(c3ccc(F)cc3)c3ccc(F)cc3)CC2)n1,50.0,0.1043999999999999,-2.6802695056697754,1,2.6,64.8,2657.3,,capsule,False,False
almitrine,C=CCNc1nc(NCC=C)nc(N2CCN(C(c3ccc(F)cc3)c3ccc(F)cc3)CC2)n1,100.0,0.204,-2.690369832574101,1,2.8,70.7,3796.0,,capsule,False,False
almitrine,C=CCNc1nc(NCC=C)nc(N2CCN(C(c3ccc(F)cc3)c3ccc(F)cc3)CC2)n1,200.0,0.2862,-2.8443603662402235,1,2.4,55.4,5916.6,,capsule,False,False
oxprenolol,C=CCOc1ccccc1OCC(O)CNC(C)C,20.0,0.1774399999999999,-2.0519784668588965,1,0.5,1.67,379.07,46.2,capsule,False,False
oxprenolol,C=CCOc1ccccc1OCC(O)CNC(C)C,40.0,0.2893199999999999,-2.140681534902884,1,1.0,2.1,761.73,45.2,capsule,False,False
oxprenolol,C=CCOc1ccccc1OCC(O)CNC(C)C,80.0,0.454597624278878,-2.245462825214232,2,1.3,1.62,1495.29,41.7,tablet,False,False
oxprenolol,C=CCOc1ccccc1OCC(O)CNC(C)C,160.0,0.7977799999999999,-2.302236838120701,1,0.75,1.95,2536.05,37.5,capsule,False,False
tacrolimus,C=CC[C@@H]1/C=C(\C)C[C@H](C)C[C@H](OC)[C@H]2O[C@@](O)(C(=O)C(=O)N3CCCC[C@H]3C(=O)O[C@H](/C(C)=C/[C@@H]3CC[C@@H](O)[C@H](OC)C3)[C@H](C)[C@@H](O)CC1=O)[C@H](C)C[C@@H]2OC,2.0,0.00397,-2.702239488900866,1,2.25,40.7,67.3,,capsule,False,False
tacrolimus,C=CC[C@@H]1/C=C(\C)C[C@H](C)C[C@H](OC)[C@H]2O[C@@](O)(C(=O)C(=O)N3CCCC[C@H]3C(=O)O[C@H](/C(C)=C/[C@@H]3CC[C@@H](O)[C@H](OC)C3)[C@H](C)[C@@H](O)CC1=O)[C@H](C)C[C@@H]2OC,5.0,0.0332578201330153,-2.1770762241316426,2,1.655,33.65,313.77,,capsule,False,False
tacrolimus,C=CC[C@@H]1/C=C(\C)C[C@H](C)C[C@H](OC)[C@H]2O[C@@](O)(C(=O)C(=O)N3CCCC[C@H]3C(=O)O[C@H](/C(C)=C/[C@@H]3CC[C@@H](O)[C@H](OC)C3)[C@H](C)[C@@H](O)CC1=O)[C@H](C)C[C@@H]2OC,10.0,0.0615,-2.211124884224583,1,1.0,38.5,669.0,,,False,False
asunaprevir,C=C[C@@H]1C[C@]1(NC(=O)[C@@H]1C[C@@H](Oc2ncc(OC)c3ccc(Cl)cc23)CN1C(=O)[C@@H](NC(=O)OC(C)(C)C)C(C)(C)C)C(=O)NS(=O)(=O)C1CC1,10.0,0.00096,-4.017728766960432,1,3.0,17.8,7.3,9.3,suspension,False,False
asunaprevir,C=C[C@@H]1C[C@]1(NC(=O)[C@@H]1C[C@@H](Oc2ncc(OC)c3ccc(Cl)cc23)CN1C(=O)[C@@H](NC(=O)OC(C)(C)C)C(C)(C)C)C(=O)NS(=O)(=O)C1CC1,50.0,0.0090699999999999,-3.741362717275924,1,2.23,20.3,78.9,9.3,suspension,False,False
asunaprevir,C=C[C@@H]1C[C@]1(NC(=O)[C@@H]1C[C@@H](Oc2ncc(OC)c3ccc(Cl)cc23)CN1C(=O)[C@@H](NC(=O)OC(C)(C)C)C(C)(C)C)C(=O)NS(=O)(=O)C1CC1,100.0,0.03336,-3.4767739580342987,1,2.01,17.4,228.6,9.3,suspension,False,False
asunaprevir,C=C[C@@H]1C[C@]1(NC(=O)[C@@H]1C[C@@H](Oc2ncc(OC)c3ccc(Cl)cc23)CN1C(=O)[C@@H](NC(=O)OC(C)(C)C)C(C)(C)C)C(=O)NS(=O)(=O)C1CC1,200.0,0.03584,-3.7466619946738935,1,2.73,20.3,391.3,9.3,suspension,False,False
asunaprevir,C=C[C@@H]1C[C@]1(NC(=O)[C@@H]1C[C@@H](Oc2ncc(OC)c3ccc(Cl)cc23)CN1C(=O)[C@@H](NC(=O)OC(C)(C)C)C(C)(C)C)C(=O)NS(=O)(=O)C1CC1,400.0,0.0862799999999999,-3.666149854897455,1,3.98,15.6,599.1,9.3,suspension,False,False
asunaprevir,C=C[C@@H]1C[C@]1(NC(=O)[C@@H]1C[C@@H](Oc2ncc(OC)c3ccc(Cl)cc23)CN1C(=O)[C@@H](NC(=O)OC(C)(C)C)C(C)(C)C)C(=O)NS(=O)(=O)C1CC1,600.0,0.26953,-3.347544139082245,1,3.98,15.2,1241.8,9.3,suspension,False,False
asunaprevir,C=C[C@@H]1C[C@]1(NC(=O)[C@@H]1C[C@@H](Oc2ncc(OC)c3ccc(Cl)cc23)CN1C(=O)[C@@H](NC(=O)OC(C)(C)C)C(C)(C)C)C(=O)NS(=O)(=O)C1CC1,1200.0,0.50548,-3.375477269229349,1,3.96,13.9,1944.6,9.3,suspension,False,False
quinidine,C=C[C@H]1CN2CC[C@H]1C[C@@H]2[C@@H](O)c1ccnc2ccc(OC)cc12,0.1,8.2e-05,-3.0861861476162837,1,3.4,5.07,0.81,82.0,,False,False
quinidine,C=C[C@H]1CN2CC[C@H]1C[C@@H]2[C@@H](O)c1ccnc2ccc(OC)cc12,1.0,0.00109,-2.962573502059376,1,2.5,5.73,10.5,82.0,,False,False
quinidine,C=C[C@H]1CN2CC[C@H]1C[C@@H]2[C@@H](O)c1ccnc2ccc(OC)cc12,10.0,0.0161,-2.79317412396815,1,2.0,5.24,148.0,82.0,,False,False
quinidine,C=C[C@H]1CN2CC[C@H]1C[C@@H]2[C@@H](O)c1ccnc2ccc(OC)cc12,100.0,0.244,-2.612610173661271,1,1.3,5.59,2080.0,82.0,,False,False
quinidine,C=C[C@H]1CN2CC[C@H]1C[C@@H]2[C@@H](O)c1ccnc2ccc(OC)cc12,200.0,0.61641,-2.5111603200147585,1,1.0,7.9,,82.0,tablet,False,False
quinidine,C=C[C@H]1CN2CC[C@H]1C[C@@H]2[C@@H](O)c1ccnc2ccc(OC)cc12,201.0,0.871,-2.3631779024128257,1,2.0,7.5,9100.0,82.0,capsule,False,False
quinidine,C=C[C@H]1CN2CC[C@H]1C[C@@H]2[C@@H](O)c1ccnc2ccc(OC)cc12,234.0,0.997,-2.370520699098487,1,1.9,7.6,8900.0,82.0,capsule,False,False
quinidine,C=C[C@H]1CN2CC[C@H]1C[C@@H]2[C@@H](O)c1ccnc2ccc(OC)cc12,400.0,1.91,-2.321026624080235,1,1.83,7.91,17000.0,82.0,tablet,False,False
quinine,C=C[C@H]1C[N@@]2CC[C@H]1C[C@H]2[C@H](O)c1ccnc2ccc(OC)cc12,300.0,1.6,-2.2730012720637376,1,2.4,9.0,18500.0,82.0,,False,False
quinine,C=C[C@H]1C[N@@]2CC[C@H]1C[C@H]2[C@H](O)c1ccnc2ccc(OC)cc12,600.0,2.7727973756025057,-2.335233116064685,3,3.2,11.35,50060.0,82.0,tablet,False,False
quinine,C=C[C@H]1C[N@@]2CC[C@H]1C[C@H]2[C@H](O)c1ccnc2ccc(OC)cc12,1200.0,4.970000000000001,-2.3828248573142927,1,3.2,12.7,92400.0,82.0,,False,False
lefamulin,C=C[C@]1(C)C[C@@H](OC(=O)CS[C@@H]2CC[C@@H](N)C[C@H]2O)[C@]2(C)C(C)CC[C@]3(CCC(=O)[C@H]32)[C@@H](C)[C@@H]1O,600.0,1.56,-2.5850266520291822,1,1.38,10.15,7710.0,28.0,tablet,False,False
Avoralstat,C=Cc1cc(C(=O)Nc2ccc(C(=N)N)cc2)c(-c2ccc(C(=O)NCC3CC3)nc2C(=O)O)cc1OC,50.0,0.0264,-3.277366077466188,1,1.0,3.0,97.0,,capsule,False,False
Avoralstat,C=Cc1cc(C(=O)Nc2ccc(C(=N)N)cc2)c(-c2ccc(C(=O)NCC3CC3)nc2C(=O)O)cc1OC,125.0,0.0539999999999999,-3.364516253185088,1,2.0,4.8,198.0,,capsule,False,False
Avoralstat,C=Cc1cc(C(=O)Nc2ccc(C(=N)N)cc2)c(-c2ccc(C(=O)NCC3CC3)nc2C(=O)O)cc1OC,250.0,0.0859,-3.463946844840795,1,2.0,6.5,353.0,,capsule,False,False
Avoralstat,C=Cc1cc(C(=O)Nc2ccc(C(=N)N)cc2)c(-c2ccc(C(=O)NCC3CC3)nc2C(=O)O)cc1OC,500.0,0.1553,-3.5077985486074605,1,2.0,16.4,887.0,,capsule,False,False
Avoralstat,C=Cc1cc(C(=O)Nc2ccc(C(=N)N)cc2)c(-c2ccc(C(=O)NCC3CC3)nc2C(=O)O)cc1OC,1000.0,0.1924999999999999,-3.7155692661554807,1,2.0,12.3,983.0,,capsule,False,False
acalabrutinib,CC#CC(=O)N1CCC[C@H]1c1nc(-c2ccc(C(=O)Nc3ccccn3)cc2)c2c(N)nccn12,50.0,0.1525,-2.515700160653214,1,0.6,2.2,250.2,25.0,capsule,False,False
acalabrutinib,CC#CC(=O)N1CCC[C@H]1c1nc(-c2ccc(C(=O)Nc3ccccn3)cc2)c2c(N)nccn12,100.0,0.5386419218738921,-2.268699848975026,2,0.7,2.1,571.05,,capsule,False,False
Branebrutinib,CC#CC(=O)N[C@H]1CCCN(c2c(F)cc(C(N)=O)c3[nH]c(C)c(C)c23)C1,0.3,0.0016999999999999,-2.246672333341389,1,0.5,1.22,2.4,,,False,False
Branebrutinib,CC#CC(=O)N[C@H]1CCCN(c2c(F)cc(C(N)=O)c3[nH]c(C)c(C)c23)C1,1.0,0.0045999999999999,-2.337242168318426,1,0.5,1.59,8.1,,,False,False
Branebrutinib,CC#CC(=O)N[C@H]1CCCN(c2c(F)cc(C(N)=O)c3[nH]c(C)c(C)c23)C1,3.0,0.0142,-2.324832910336606,1,0.8,1.73,24.5,,,False,False
Branebrutinib,CC#CC(=O)N[C@H]1CCCN(c2c(F)cc(C(N)=O)c3[nH]c(C)c(C)c23)C1,10.0,0.0665999999999999,-2.176525770829699,1,0.5,1.56,100.0,,,False,False
Branebrutinib,CC#CC(=O)N[C@H]1CCCN(c2c(F)cc(C(N)=O)c3[nH]c(C)c(C)c23)C1,30.0,0.1789999999999999,-2.2242682237397693,1,0.5,1.63,282.0,,,False,False
linagliptin,CC#CCn1c(N2CCC[C@@H](N)C2)nc2c1c(=O)n(Cc1nc(C)c3ccccc3n1)c(=O)n2C,1.0,0.00202,-2.694648630553376,1,1.77,104.0,119.56,,,False,False
linagliptin,CC#CCn1c(N2CCC[C@@H](N)C2)nc2c1c(=O)n(Cc1nc(C)c3ccccc3n1)c(=O)n2C,2.5,0.0027999999999999,-2.9507819773298185,1,2.0,96.9,244.31,,,False,False
linagliptin,CC#CCn1c(N2CCC[C@@H](N)C2)nc2c1c(=O)n(Cc1nc(C)c3ccccc3n1)c(=O)n2C,5.0,0.00425,-3.070581074285707,1,6.0,105.0,361.5,,,False,False
linagliptin,CC#CCn1c(N2CCC[C@@H](N)C2)nc2c1c(=O)n(Cc1nc(C)c3ccccc3n1)c(=O)n2C,10.0,0.0104079969254415,-2.982632844738552,2,2.25,114.5,503.27,30.0,tablet,False,False
mifepristone,CC#C[C@]1(O)CC[C@H]2[C@@H]3CCC4=CC(=O)CCC4=C3[C@@H](c3ccc(N(C)C)cc3)C[C@@]21C,2.0,0.155,-1.1106982974936896,1,1.4,32.7,1134.4,,tablet,False,False
mifepristone,CC#C[C@]1(O)CC[C@H]2[C@@H]3CCC4=CC(=O)CCC4=C3[C@@H](c3ccc(N(C)C)cc3)C[C@@]21C,10.0,0.59285,-1.2270551757973227,1,1.0,19.88,4454.99,,tablet,False,False
mifepristone,CC#C[C@]1(O)CC[C@H]2[C@@H]3CCC4=CC(=O)CCC4=C3[C@@H](c3ccc(N(C)C)cc3)C[C@@]21C,75.0,1.4391837964624254,-1.7169450026780035,2,0.755,37.715,22121.0,,tablet,False,False
acenocoumarol,CC(=O)CC(c1ccc([N+](=O)[O-])cc1)c1c(O)c2ccccc2oc1=O,4.0,0.18697,-1.3302880632923326,1,2.19,11.08,1706.71,,tablet,False,False
acenocoumarol,CC(=O)CC(c1ccc([N+](=O)[O-])cc1)c1c(O)c2ccccc2oc1=O,12.0,0.41207,-1.464210248384759,1,2.0,9.07,3663.31,,tablet,False,False
warfarin,CC(=O)CC(c1ccccc1)c1c(O)c2ccccc2oc1=O,2.0,0.19,-1.0222763947111522,1,1.0,71.0,10000.0,93.0,tablet,False,False
warfarin,CC(=O)CC(c1ccccc1)c1c(O)c2ccccc2oc1=O,5.0,0.65,-0.8860566476931633,1,1.0,47.0,29000.0,93.0,tablet,False,False
warfarin,CC(=O)CC(c1ccccc1)c1c(O)c2ccccc2oc1=O,10.0,1.4,-0.853871964321762,1,1.0,41.0,62000.0,93.0,tablet,False,False
warfarin,CC(=O)CC(c1ccccc1)c1c(O)c2ccccc2oc1=O,25.0,3.01,-0.9193735130781944,1,1.0,37.6,120000.0,93.0,tablet,False,False
pentoxifylline,CC(=O)CCCCn1c(=O)c2c(ncn2C)n(C)c1=O,100.0,0.2719999999999999,-2.5654310959658013,1,0.39,0.48,193.0,,solution,False,False
pentoxifylline,CC(=O)CCCCn1c(=O)c2c(ncn2C)n(C)c1=O,200.0,0.683,-2.4666092919824485,1,0.41,0.39,426.0,,solution,False,False
pentoxifylline,CC(=O)CCCCn1c(=O)c2c(ncn2C)n(C)c1=O,400.0,1.607,-2.3960441145646176,1,0.29,0.84,1229.0,,solution,False,False
(s)-warfarin,CC(=O)C[C@@H](c1ccccc1)c1c(O)c2ccccc2oc1=O,7.5,0.329,-1.3578653654417256,1,1.5,39.4,8420.0,,tablet,True,False
(s)-warfarin,CC(=O)C[C@@H](c1ccccc1)c1c(O)c2ccccc2oc1=O,10.0,0.55,-1.259637310505756,1,1.0,40.0,19900.0,,tablet,True,False
(s)-warfarin,CC(=O)C[C@@H](c1ccccc1)c1c(O)c2ccccc2oc1=O,20.0,1.127,-1.2491060796178748,1,0.8,42.0,38629.0,,tablet,True,False
(s)-warfarin,CC(=O)C[C@@H](c1ccccc1)c1c(O)c2ccccc2oc1=O,25.0,1.550677271388215,-1.207418587286083,2,3.0,32.2,49489.0,,tablet,True,False
(r)-warfarin,CC(=O)C[C@H](c1ccccc1)c1c(O)c2ccccc2oc1=O,7.5,0.375,-1.3010299956639813,1,2.0,49.0,18600.0,,tablet,True,False
(r)-warfarin,CC(=O)C[C@H](c1ccccc1)c1c(O)c2ccccc2oc1=O,10.0,0.55,-1.259637310505756,1,1.5,47.2,31300.0,,tablet,True,False
(r)-warfarin,CC(=O)C[C@H](c1ccccc1)c1c(O)c2ccccc2oc1=O,20.0,1.135,-1.2460341341348398,1,1.3,52.8,61716.0,,tablet,True,False
(r)-warfarin,CC(=O)C[C@H](c1ccccc1)c1c(O)c2ccccc2oc1=O,25.0,1.573353107220372,-1.201113806514353,2,3.0,46.3,73311.0,,tablet,True,False
ketoconazole,CC(=O)N1CCN(c2ccc(OCC3COC(Cn4ccnc4)(c4ccc(Cl)cc4Cl)O3)cc2)CC1,200.0,4.153155658571088,-1.6826517870699644,3,1.57,2.47,14780.0,,tablet,False,False
ketoconazole,CC(=O)N1CCN(c2ccc(OCC3COC(Cn4ccnc4)(c4ccc(Cl)cc4Cl)O3)cc2)CC1,400.0,10.189582915899948,-1.5939035836738702,2,1.31,2.95,47265.0,,solution,False,False
ketoconazole,CC(=O)N1CCN(c2ccc(OCC3COC(Cn4ccnc4)(c4ccc(Cl)cc4Cl)O3)cc2)CC1,600.0,15.1,-1.599174303090474,1,1.87,2.38,74500.0,,tablet,False,False
ketoconazole,CC(=O)N1CCN(c2ccc(OCC3COC(Cn4ccnc4)(c4ccc(Cl)cc4Cl)O3)cc2)CC1,800.0,20.924951612847288,-1.5824255245941592,2,2.39,4.085,160780.0,,tablet,False,False
acamprosate,CC(=O)NCCCS(=O)(=O)O,333.0,0.1348,-3.3927543413070187,1,7.5,13.3,1958.0,11.0,enteric-coated tablet,False,False
acamprosate,CC(=O)NCCCS(=O)(=O)O,666.0,0.269778427603098,-3.3924670101038945,2,6.985,14.079999999999998,4263.28,11.0,enteric-coated tablet,False,False
acamprosate,CC(=O)NCCCS(=O)(=O)O,1332.0,0.3853999999999999,-3.538592514514848,1,8.1,15.1,7522.0,11.0,enteric-coated tablet,False,False
linezolid,CC(=O)NC[C@H]1CN(c2ccc(N3CCOCC3)c(F)c2)C(=O)O1,375.0,7.899113874353248,-1.6764528930276028,2,1.585,5.09,58600.0,103.0,tablet,False,False
linezolid,CC(=O)NC[C@H]1CN(c2ccc(N3CCOCC3)c(F)c2)C(=O)O1,500.0,10.400000000000004,-1.6819366650372385,1,1.38,4.59,74300.0,,tablet,False,False
linezolid,CC(=O)NC[C@H]1CN(c2ccc(N3CCOCC3)c(F)c2)C(=O)O1,600.0,11.076906177002147,-1.7337327731933143,3,2.0,7.94,128400.0,,tablet,False,False
Sutezolid,CC(=O)NC[C@H]1CN(c2ccc(N3CCSCC3)c(F)c2)C(=O)O1,300.0,0.408,-2.8664610916297826,1,2.18,4.08,1880.0,,tablet,False,False
Sutezolid,CC(=O)NC[C@H]1CN(c2ccc(N3CCSCC3)c(F)c2)C(=O)O1,600.0,0.782,-2.8849444973237954,1,2.25,5.74,3810.0,,tablet,False,False
Sutezolid,CC(=O)NC[C@H]1CN(c2ccc(N3CCSCC3)c(F)c2)C(=O)O1,1200.0,1.44,-2.920818753952376,1,1.75,8.48,8020.0,,tablet,False,False
Sutezolid,CC(=O)NC[C@H]1CN(c2ccc(N3CCSCC3)c(F)c2)C(=O)O1,1800.0,1.55,-3.064940806933014,1,2.5,11.7,14100.0,,tablet,False,False
acetylcysteine (n-acetylcysteine),CC(=O)N[C@@H](CS)C(=O)O,600.0,2.801996611346988,-2.3306836446566552,2,1.15,17.05,11861.45,,effervescent tablet,False,False
4-acetylaminoantipyrine,CC(=O)Nc1c(C)n(C)n(-c2ccccc2)c1=O,750.0,2.1,-2.552841968657781,1,11.1,8.83,50300.0,,tablet,True,False
4-acetylaminoantipyrine,CC(=O)Nc1c(C)n(C)n(-c2ccccc2)c1=O,1500.0,4.700000000000001,-2.503993401119964,1,13.1,9.37,120000.0,,tablet,True,False
4-acetylaminoantipyrine,CC(=O)Nc1c(C)n(C)n(-c2ccccc2)c1=O,3000.0,8.04,-2.5718652059712115,1,17.9,8.57,222000.0,,tablet,True,False
acetaminophen (paracetamol),CC(=O)Nc1ccc(O)cc1,0.1,0.0010999999999999,-1.958607314841775,1,0.5,5.8,4.8,88.0,solution,False,False
acetaminophen (paracetamol),CC(=O)Nc1ccc(O)cc1,500.0,4.3,-2.065501548756432,1,0.75,2.79,15600.0,63.0,tablet,False,False
acetaminophen (paracetamol),CC(=O)Nc1ccc(O)cc1,1000.0,12.88603895694872,-1.889880560032798,2,0.875,2.605,44200.0,89.0,tablet,False,False
acetaminophen (paracetamol),CC(=O)Nc1ccc(O)cc1,2000.0,19.500000000000004,-2.010995384301463,1,2.0,2.31,87600.0,87.0,tablet,False,False
trametinib,CC(=O)Nc1cccc(-n2c(=O)n(C3CC3)c(=O)c3c(Nc4ccc(I)cc4F)n(C)c(=O)c(C)c32)c1,2.0,0.0089,-2.3516399890190685,1,1.5,134.0,409.0,72.0,tablet,False,False
acetazolamide,CC(=O)Nc1nnc(S(N)(=O)=O)s1,250.0,16.65721775520779,-1.176337545482834,3,2.0,8.69,127400.0,,tablet,False,False
acetylcarnitine,CC(=O)O[C@H](CC(=O)[O-])C[N+](C)(C)C,500.0,1.188,-2.624153563690844,1,3.1,4.2,9879.0,,tablet,False,False
fusidic acid,CC(=O)O[C@H]1C[C@@]2(C)[C@@H](C[C@@H](O)[C@H]3[C@@]4(C)CC[C@@H](O)[C@@H](C)[C@@H]4CC[C@@]32C)/C1=C(\CCC=C(C)C)C(=O)O,550.0,32.599999999999994,-1.227145089426305,1,2.0,15.0,442000.0,,tablet,False,False
fusidic acid,CC(=O)O[C@H]1C[C@@]2(C)[C@@H](C[C@@H](O)[C@H]3[C@@]4(C)CC[C@@H](O)[C@@H](C)[C@@H]4CC[C@@]32C)/C1=C(\CCC=C(C)C)C(=O)O,1100.0,72.20000000000002,-1.182855487588586,1,3.5,12.3,1107100.0,,tablet,False,False
fusidic acid,CC(=O)O[C@H]1C[C@@]2(C)[C@@H](C[C@@H](O)[C@H]3[C@@]4(C)CC[C@@H](O)[C@@H](C)[C@@H]4CC[C@@]32C)/C1=C(\CCC=C(C)C)C(=O)O,1650.0,102.3,-1.207608310501746,1,3.0,16.1,1843400.0,,tablet,False,False
fusidic acid,CC(=O)O[C@H]1C[C@@]2(C)[C@@H](C[C@@H](O)[C@H]3[C@@]4(C)CC[C@@H](O)[C@@H](C)[C@@H]4CC[C@@]32C)/C1=C(\CCC=C(C)C)C(=O)O,2200.0,128.0,-1.2352127111743378,1,6.0,14.9,2442900.0,,tablet,False,False
megestrol acetate,CC(=O)O[C@]1(C(C)=O)CC[C@H]2[C@@H]3C=C(C)C4=CC(=O)CC[C@]4(C)[C@H]3CC[C@@]21C,800.0,0.19679354664216,-3.609079134276968,2,4.445,31.99,9464.95,,suspension,False,False
cyproterone acetate,CC(=O)O[C@]1(C(C)=O)CC[C@H]2[C@@H]3C=C(Cl)C4=CC(=O)[C@@H]5C[C@@H]5[C@]4(C)[C@H]3CC[C@@]21C,2.0,0.0111799999999999,-2.252588192113577,1,1.83,112.28,178.37,,tablet,False,False
cyproterone acetate,CC(=O)O[C@]1(C(C)=O)CC[C@H]2[C@@H]3C=C(Cl)C4=CC(=O)[C@@H]5C[C@@H]5[C@]4(C)[C@H]3CC[C@@]21C,100.0,0.2539,-2.5953372991262778,1,2.6,71.7,8270.9,,tablet,False,False
triflusal,CC(=O)Oc1cc(C(F)(F)F)ccc1C(=O)O,300.0,5.005,-1.777717172904325,1,0.85,0.59,7987.0,,capsule,False,False
triflusal,CC(=O)Oc1cc(C(F)(F)F)ccc1C(=O)O,600.0,11.970000000000002,-1.7000570999772329,1,0.92,0.65,14550.0,,capsule,False,False
triflusal,CC(=O)Oc1cc(C(F)(F)F)ccc1C(=O)O,900.0,18.79,-1.6803157293387994,1,0.55,0.35,21790.0,,capsule,False,False
acetylsalicylic acid,CC(=O)Oc1ccccc1C(=O)O,75.0,0.971,-1.8878420334836952,1,0.66,0.48,773.0,,capsule,False,False
acetylsalicylic acid,CC(=O)Oc1ccccc1C(=O)O,100.0,1.01,-1.9956786262173571,1,0.5,0.4,880.0,,tablet,False,False
acetylsalicylic acid,CC(=O)Oc1ccccc1C(=O)O,300.0,3.01,-1.998554759125819,1,0.5,0.41,2820.0,,tablet,False,False
acetylsalicylic acid,CC(=O)Oc1ccccc1C(=O)O,500.0,4.84,-2.0141246426916064,1,0.5,0.42,5120.0,49.5,tablet,False,False
acetylsalicylic acid,CC(=O)Oc1ccccc1C(=O)O,1000.0,12.611130000000005,-1.8992459974255436,1,,,,,tablet,False,False
spironolactone,CC(=O)S[C@@H]1CC2=CC(=O)CC[C@]2(C)[C@H]2CC[C@@]3(C)[C@@H](CC[C@@]34CCC(=O)O4)[C@H]12,100.0,0.0474,-3.324221658325915,1,1.0,2.37,150.41,,tablet,False,False
spironolactone,CC(=O)S[C@@H]1CC2=CC(=O)CC[C@]2(C)[C@H]2CC[C@@]3(C)[C@@H](CC[C@@]34CCC(=O)O4)[C@H]12,200.0,0.0743499999999999,-3.4297490228060084,1,2.0,1.9,261.22,,tablet,False,False
ulipristal,CC(=O)[C@@]1(O)CC[C@H]2[C@@H]3CCC4=CC(=O)CCC4=C3[C@@H](c3ccc(N(C)C)cc3)C[C@@]21C,5.0,0.0477,-2.020451625295905,1,0.91,46.4,121.0,,tablet,False,False
ulipristal,CC(=O)[C@@]1(O)CC[C@H]2[C@@H]3CCC4=CC(=O)CCC4=C3[C@@H](c3ccc(N(C)C)cc3)C[C@@]21C,20.0,0.1065999999999999,-2.273272790973428,1,0.75,34.98,275.0,,tablet,False,False
ulipristal,CC(=O)[C@@]1(O)CC[C@H]2[C@@H]3CCC4=CC(=O)CCC4=C3[C@@H](c3ccc(N(C)C)cc3)C[C@@]21C,30.0,0.284,-2.0238029146726246,1,0.6,42.1,678.0,,tablet,False,False
dydrogesterone,CC(=O)[C@H]1CC[C@H]2[C@@H]3C=CC4=CC(=O)CC[C@@]4(C)[C@@H]3CC[C@]12C,10.0,0.0031299999999999,-3.504455662453552,1,1.5,8.5,13.41,28.0,tablet,False,False
progesterone,CC(=O)[C@H]1CC[C@H]2[C@@H]3CCC4=CC(=O)CC[C@]4(C)[C@H]3CC[C@]12C,20.0,0.00305,-3.8167301563171954,1,1.75,,9.43,,capsule,False,False
progesterone,CC(=O)[C@H]1CC[C@H]2[C@@H]3CCC4=CC(=O)CC[C@]4(C)[C@H]3CC[C@]12C,100.0,0.0021999999999999,-4.657577319177794,1,1.0,,3.46,,capsule,False,False
palbociclib,CC(=O)c1c(C)c2cnc(Nc3ccc(N4CCNCC4)cn3)nc2n(C2CCCC2)c1=O,125.0,0.0513560123062529,-3.3863187187538184,2,7.0,24.665,1618.485,,capsule,False,False
flurbiprofen,CC(C(=O)O)c1ccc(-c2ccccc2)c(F)c1,40.0,7.510000000000001,-0.726420054323794,1,1.67,3.19,29280.0,,tablet,False,False
flurbiprofen,CC(C(=O)O)c1ccc(-c2ccccc2)c(F)c1,50.0,10.5,-0.6777807052660807,1,1.5,3.7,43800.0,,tablet,False,False
flurbiprofen,CC(C(=O)O)c1ccc(-c2ccccc2)c(F)c1,100.0,13.37609808576477,-0.8736705552496904,2,1.95,6.205,79670.0,,tablet,False,False
flurbiprofen,CC(C(=O)O)c1ccc(-c2ccccc2)c(F)c1,150.0,19.67,-0.8822868991363445,1,2.29,4.77,124320.0,,tablet,False,False
flurbiprofen,CC(C(=O)O)c1ccc(-c2ccccc2)c(F)c1,200.0,25.800000000000008,-0.889410289700751,1,1.73,7.19,161300.0,,tablet,False,False
flurbiprofen,CC(C(=O)O)c1ccc(-c2ccccc2)c(F)c1,300.0,35.50000000000001,-0.9268929016645684,1,1.83,6.81,233900.0,,tablet,False,False
tiaprofenic acid,CC(C(=O)O)c1ccc(C(=O)c2ccccc2)s1,300.0,40.10000000000001,-0.8739768820994801,1,1.3,1.93,119800.0,,capsule,False,False
suprofen,CC(C(=O)O)c1ccc(C(=O)c2cccs2)cc1,200.0,18.95,-1.02342078135989,1,0.92,,26100.0,,capsule,False,False
loxoprofen,CC(C(=O)O)c1ccc(CC2CCCC2=O)cc1,60.0,5.60520735824679,-1.0295595669269415,5,0.48,1.57,9400.0,,tablet,False,False
carprofen,CC(C(=O)O)c1ccc2c(c1)[nH]c1ccc(Cl)cc12,100.0,10.2,-0.9913998282380824,1,1.7,9.4,52400.0,,,False,False
benoxaprofen,CC(C(=O)O)c1ccc2oc(-c3ccc(Cl)cc3)nc2c1,100.0,12.999999999999998,-0.8860566476931633,2,3.0,35.05,450000.0,,capsule,False,False
benoxaprofen,CC(C(=O)O)c1ccc2oc(-c3ccc(Cl)cc3)nc2c1,200.0,33.5,-0.775985188627136,1,3.0,32.5,940000.0,,capsule,False,False
benoxaprofen,CC(C(=O)O)c1ccc2oc(-c3ccc(Cl)cc3)nc2c1,400.0,45.3,-0.9459617893151304,1,3.0,32.5,1480000.0,,capsule,False,False
ketoprofen,CC(C(=O)O)c1cccc(C(=O)c2ccccc2)c1,50.0,7.093659140387279,-0.8480996881174127,2,0.935,1.6,13350.0,,capsule,False,False
ketoprofen,CC(C(=O)O)c1cccc(C(=O)c2ccccc2)c1,100.0,10.39567217643958,-0.9831474242660738,2,2.01,1.465,22855.0,,capsule,False,False
ketoprofen,CC(C(=O)O)c1cccc(C(=O)c2ccccc2)c1,200.0,20.73,-0.9844306935701204,1,0.8,3.12,41870.0,,capsule,False,False
fenoprofen,CC(C(=O)O)c1cccc(Oc2ccccc2)c1,60.0,6.2,-0.9857595608853896,1,1.4,2.19,20880.0,,capsule,False,False
fenoprofen,CC(C(=O)O)c1cccc(Oc2ccccc2)c1,165.0,17.2,-0.9819554973063574,1,1.3,2.19,56950.0,,capsule,False,False
fenoprofen,CC(C(=O)O)c1cccc(Oc2ccccc2)c1,300.0,28.3,-1.0253348191953722,1,1.8,2.65,111290.0,,capsule,False,False
lenacapavir,CC(C)(C#Cc1ccc(-c2ccc(Cl)c3c(NS(C)(=O)=O)nn(CC(F)(F)F)c23)c([C@H](Cc2cc(F)cc(F)c2)NC(=O)Cn2nc(C(F)(F)F)c3c2C(F)(F)[C@@H]2C[C@H]32)n1)S(C)(=O)=O,300.0,0.0214704448020994,-4.145280212933795,2,5.0,316.79999999999995,7385.0,8.0,tablet,False,False
anastrozole,CC(C)(C#N)c1cc(Cn2cncn2)cc(C(C)(C)C#N)c1,1.0,0.0186593922750118,-1.7291025050647,4,1.25,40.48,759.55,,tablet,False,False
carebastine,CC(C)(C(=O)O)c1ccc(C(=O)CCCN2CCC(OC(c3ccccc3)c3ccccc3)CC2)cc1,10.0,0.0838642653339311,-2.076423053166863,2,4.405,14.7,1829.415,,tablet,True,False
carebastine,CC(C)(C(=O)O)c1ccc(C(=O)CCCN2CCC(OC(c3ccccc3)c3ccccc3)CC2)cc1,20.0,0.1188333749415541,-2.2260915641322176,2,5.4,21.435,3521.535,,tablet,True,False
carebastine,CC(C)(C(=O)O)c1ccc(C(=O)CCCN2CCC(OC(c3ccccc3)c3ccccc3)CC2)cc1,50.0,0.41384,-2.0821375389349925,1,3.79,12.4,8862.8,,,True,False
fexofenadine,CC(C)(C(=O)O)c1ccc(C(O)CCCN2CCC(C(O)(c3ccccc3)c3ccccc3)CC2)cc1,10.0,0.0456,-2.341035157335565,1,1.17,,222.9,,solution,False,False
fexofenadine,CC(C)(C(=O)O)c1ccc(C(O)CCCN2CCC(C(O)(c3ccccc3)c3ccccc3)CC2)cc1,20.0,0.0644173889567095,-2.4920268781712167,2,1.215,16.2,415.65,,solution,False,False
fexofenadine,CC(C)(C(=O)O)c1ccc(C(O)CCCN2CCC(C(O)(c3ccccc3)c3ccccc3)CC2)cc1,40.0,0.1763999999999999,-2.3555614105321614,1,1.0,,866.1,,solution,False,False
fexofenadine,CC(C)(C(=O)O)c1ccc(C(O)CCCN2CCC(C(O)(c3ccccc3)c3ccccc3)CC2)cc1,60.0,0.2049609718946511,-2.4664800786178724,2,1.85,12.05,1239.0,,solution,False,False
fexofenadine,CC(C)(C(=O)O)c1ccc(C(O)CCCN2CCC(C(O)(c3ccccc3)c3ccccc3)CC2)cc1,80.0,0.5023,-2.202126808832394,1,1.08,,2400.0,,solution,False,False
fexofenadine,CC(C)(C(=O)O)c1ccc(C(O)CCCN2CCC(C(O)(c3ccccc3)c3ccccc3)CC2)cc1,120.0,0.427,-2.448753371022601,1,1.44,13.1,2682.0,,solution,False,False
fexofenadine,CC(C)(C(=O)O)c1ccc(C(O)CCCN2CCC(C(O)(c3ccccc3)c3ccccc3)CC2)cc1,130.0,0.8462000000000001,-2.1864703313115608,1,1.17,,3747.0,,solution,False,False
fexofenadine,CC(C)(C(=O)O)c1ccc(C(O)CCCN2CCC(C(O)(c3ccccc3)c3ccccc3)CC2)cc1,200.0,1.267,-2.19825338078054,1,1.17,,5994.0,,solution,False,False
fexofenadine,CC(C)(C(=O)O)c1ccc(C(O)CCCN2CCC(C(O)(c3ccccc3)c3ccccc3)CC2)cc1,240.0,1.119,-2.331381155183256,1,1.52,14.0,6571.0,,solution,False,False
fexofenadine,CC(C)(C(=O)O)c1ccc(C(O)CCCN2CCC(C(O)(c3ccccc3)c3ccccc3)CC2)cc1,280.0,1.908,-2.166579660974143,1,0.98,,8156.0,,solution,False,False
fexofenadine,CC(C)(C(=O)O)c1ccc(C(O)CCCN2CCC(C(O)(c3ccccc3)c3ccccc3)CC2)cc1,360.0,3.134,-2.060203508634716,1,1.17,9.4,13814.0,,solution,False,False
fexofenadine,CC(C)(C(=O)O)c1ccc(C(O)CCCN2CCC(C(O)(c3ccccc3)c3ccccc3)CC2)cc1,480.0,3.258,-2.1682901574030966,1,1.0,11.2,14075.0,,solution,False,False
fexofenadine,CC(C)(C(=O)O)c1ccc(C(O)CCCN2CCC(C(O)(c3ccccc3)c3ccccc3)CC2)cc1,640.0,4.027999999999999,-2.201090512102307,1,1.25,14.0,18070.0,,solution,False,False
fexofenadine,CC(C)(C(=O)O)c1ccc(C(O)CCCN2CCC(C(O)(c3ccccc3)c3ccccc3)CC2)cc1,800.0,6.383,-2.098065142562138,1,1.33,7.7,28396.0,,solution,False,False
metyrapone,CC(C)(C(=O)c1cccnc1)c1cccnc1,750.0,3.7,-2.306859539324705,1,1.0,1.9,,,capsule,False,False
metyrapone,CC(C)(C(=O)c1cccnc1)c1cccnc1,2000.0,7.3,-2.4377071355435254,1,1.0,1.9,,,capsule,False,False
pivmecillinam,CC(C)(C)C(=O)OCOC(=O)[C@@H]1N2C(=O)[C@@H](N=CN3CCCCCC3)[C@H]2SC1(C)C,200.0,0.0001099999999999,-6.259637310505757,1,0.33,,0.071,,tablet,False,False
pivmecillinam,CC(C)(C)C(=O)OCOC(=O)[C@@H]1N2C(=O)[C@@H](N=CN3CCCCCC3)[C@H]2SC1(C)C,400.0,0.00013,-6.488116639021126,1,0.33,,0.071,,tablet,False,False
pivmecillinam,CC(C)(C)C(=O)OCOC(=O)[C@@H]1N2C(=O)[C@@H](N=CN3CCCCCC3)[C@H]2SC1(C)C,600.0,0.00108,-5.7447274948966935,1,0.33,,0.45,,tablet,False,False
stiripentol,CC(C)(C)C(O)/C=C/c1ccc2c(c1)OCO2,500.0,2.6,-2.283996656365201,1,3.0,2.6,8800.0,,tablet,False,False
stiripentol,CC(C)(C)C(O)/C=C/c1ccc2c(c1)OCO2,1000.0,6.6,-2.1804560644581312,1,2.0,7.8,33000.0,,tablet,False,False
stiripentol,CC(C)(C)C(O)/C=C/c1ccc2c(c1)OCO2,2000.0,13.999999999999998,-2.154901959985743,1,3.0,12.0,86000.0,,tablet,False,False
Icapamespib,CC(C)(C)CNCCn1c(Sc2cc3c(cc2I)OCO3)nc2c(N)ncnc21,10.0,0.0231,-2.636388020107856,1,1.51,2.19,193.0,,solution,False,False
Icapamespib,CC(C)(C)CNCCn1c(Sc2cc3c(cc2I)OCO3)nc2c(N)ncnc21,20.0,0.0499999999999999,-2.6020599913279625,1,1.5,1.72,239.0,,solution,False,False
Icapamespib,CC(C)(C)CNCCn1c(Sc2cc3c(cc2I)OCO3)nc2c(N)ncnc21,30.0,0.0765,-2.593459819566045,1,1.5,2.16,398.0,,solution,False,False
boceprevir,CC(C)(C)NC(=O)N[C@H](C(=O)N1C[C@H]2[C@@H]([C@H]1C(=O)NC(CC1CCC1)C(=O)C(N)=O)C2(C)C)C(C)(C)C,400.0,0.557,-2.8562047961542336,1,1.5,7.43,2020.0,,,False,False
indinavir,CC(C)(C)NC(=O)[C@@H]1CN(Cc2cccnc2)CCN1C[C@@H](O)C[C@@H](Cc1ccccc1)C(=O)N[C@H]1c2ccccc2C[C@H]1O,400.0,2.7498400000000003,-2.162752566275382,1,0.7,1.9,4210.69,,capsule,False,False
indinavir,CC(C)(C)NC(=O)[C@@H]1CN(Cc2cccnc2)CCN1C[C@@H](O)C[C@@H](Cc1ccccc1)C(=O)N[C@H]1c2ccccc2C[C@H]1O,700.0,6.04596,-2.0636327704501203,1,0.8,1.8,11011.63,,capsule,False,False
indinavir,CC(C)(C)NC(=O)[C@@H]1CN(Cc2cccnc2)CCN1C[C@@H](O)C[C@@H](Cc1ccccc1)C(=O)N[C@H]1c2ccccc2C[C@H]1O,800.0,8.1022,-1.9944870276032325,1,1.0,1.58,18168.57,,capsule,False,False
indinavir,CC(C)(C)NC(=O)[C@@H]1CN(Cc2cccnc2)CCN1C[C@@H](O)C[C@@H](Cc1ccccc1)C(=O)N[C@H]1c2ccccc2C[C@H]1O,1000.0,10.05409,-1.9976572314683545,1,0.8,1.7,20562.4,,capsule,False,False
saquinavir,CC(C)(C)NC(=O)[C@@H]1C[C@@H]2CCCC[C@@H]2CN1C[C@@H](O)[C@H](Cc1ccccc1)NC(=O)[C@H](CC(N)=O)NC(=O)c1ccc2ccccc2n1,600.0,0.0090884542140014,-4.819661226723452,2,1.575,9.25,60.24,0.7,capsule,False,False
finasteride,CC(C)(C)NC(=O)[C@H]1CC[C@H]2[C@@H]3CC[C@H]4NC(=O)C=C[C@]4(C)[C@H]3CC[C@]12C,1.0,0.0068392104807499,-2.164994030391604,2,1.88,4.14,44.195,,tablet,False,False
finasteride,CC(C)(C)NC(=O)[C@H]1CC[C@H]2[C@@H]3CC[C@H]4NC(=O)C=C[C@]4(C)[C@H]3CC[C@]12C,5.0,0.0442959249717025,-2.0526062294381378,3,2.0,5.53,286.8,,tablet,False,False
finasteride,CC(C)(C)NC(=O)[C@H]1CC[C@H]2[C@@H]3CC[C@H]4NC(=O)C=C[C@]4(C)[C@H]3CC[C@]12C,10.0,0.0930999999999999,-2.0310503190186577,1,1.98,7.15,753.3,,tablet,False,False
carteolol,CC(C)(C)NCC(O)COc1cccc2c1CCC(=O)N2,20.0,0.0459,-2.63921731012672,1,2.0,5.8,398.2,83.7,tablet,False,False
carteolol,CC(C)(C)NCC(O)COc1cccc2c1CCC(=O)N2,30.0,0.113,-2.4240428112362427,1,2.0,6.78,984.0,,tablet,False,False
nadolol,CC(C)(C)NCC(O)COc1cccc2c1C[C@H](O)[C@H](O)C2,30.0,0.0578619045659577,-2.714728530059052,2,3.0,14.1,882.5,35.0,tablet,False,False
nadolol,CC(C)(C)NCC(O)COc1cccc2c1C[C@H](O)[C@H](O)C2,80.0,0.141830462172271,-2.7513204688916604,2,3.75,17.905,2167.5,35.0,tablet,False,False
salbutamol (albuterol),CC(C)(C)NCC(O)c1ccc(O)c(CO)c1,4.0,0.0128120017740545,-2.4944430012002083,4,2.34,3.735,67.15,44.0,tablet,False,False
salbutamol (albuterol),CC(C)(C)NCC(O)c1ccc(O)c(CO)c1,6.14,0.0169999999999999,-2.5577194497628937,1,1.5,5.1,100.4,,solution,False,False
penbutolol,CC(C)(C)NC[C@H](O)COc1ccccc1C1CCCC1,40.0,0.2454699999999999,-2.212061568720629,1,0.75,1.55,566.0,,,False,False
timolol,CC(C)(C)NC[C@H](O)COc1nsnc1N1CCOCC1,5.0,0.0151,-2.519993057042849,1,2.5,2.84,94.5,,,False,False
timolol,CC(C)(C)NC[C@H](O)COc1nsnc1N1CCOCC1,10.0,0.034237829195404,-2.465493778993254,3,1.3,2.9,166.2,75.8,,False,False
timolol,CC(C)(C)NC[C@H](O)COc1nsnc1N1CCOCC1,20.0,0.0537,-2.5710557099644253,1,2.0,2.57,298.6,,,False,False
timolol,CC(C)(C)NC[C@H](O)COc1nsnc1N1CCOCC1,28.0,0.11,-2.405765346183994,1,2.0,2.57,531.1,61.0,tablet,False,False
glecaprevir,CC(C)(C)[C@@H]1NC(=O)O[C@@H]2CCC[C@H]2OC/C=C/C(F)(F)c2nc3ccccc3nc2O[C@@H]2C[C@@H](C(=O)N[C@]3(C(=O)NS(=O)(=O)C4(C)CC4)C[C@H]3C(F)F)N(C2)C1=O,200.0,0.0645,-3.4914702810287133,1,2.0,7.1,275.0,,tablet,False,False
ivacaftor,CC(C)(C)c1cc(C(C)(C)C)c(NC(=O)c2c[nH]c3ccccc3c2=O)cc1O,150.0,0.9944,-2.1785301434220927,1,2.5,7.12,10940.0,,,False,False
quizartinib,CC(C)(C)c1cc(NC(=O)Nc2ccc(-c3cn4c(n3)sc3cc(OCCN5CCOCC5)ccc34)cc2)no1,30.0,0.1027033709606577,-2.465536556345497,3,4.0,102.2,8727.5,71.0,tablet,False,True
ebastine,CC(C)(C)c1ccc(C(=O)CCCN2CCC(OC(c3ccccc3)c3ccccc3)CC2)cc1,10.0,0.0006799999999999,-4.167491087293764,1,1.67,7.86,3.33,,tablet,False,False
ebastine,CC(C)(C)c1ccc(C(=O)CCCN2CCC(OC(c3ccccc3)c3ccccc3)CC2)cc1,20.0,0.0021,-3.9788107009300617,1,1.5,12.7,13.9,,tablet,False,False
terfenadine,CC(C)(C)c1ccc(C(O)CCCN2CCC(C(O)(c3ccccc3)c3ccccc3)CC2)cc1,60.0,0.0017549928774784,-4.5338758921334215,2,1.995,14.255,18.23,,suspension,False,False
terfenadine,CC(C)(C)c1ccc(C(O)CCCN2CCC(C(O)(c3ccccc3)c3ccccc3)CC2)cc1,180.0,0.0045199999999999,-4.600134070291924,1,1.07,19.78,44.34,,suspension,False,False
Vercirnon,CC(C)(C)c1ccc(S(=O)(=O)Nc2ccc(Cl)cc2C(=O)c2cc[n+]([O-])cc2)cc1,250.0,0.743,-2.5269511949114625,1,3.0,12.9,9063.0,,,False,False
Vercirnon,CC(C)(C)c1ccc(S(=O)(=O)Nc2ccc(Cl)cc2C(=O)c2cc[n+]([O-])cc2)cc1,500.0,1.1159,-2.651344726754235,1,4.0,19.6,14107.0,,,False,False
Vercirnon,CC(C)(C)c1ccc(S(=O)(=O)Nc2ccc(Cl)cc2C(=O)c2cc[n+]([O-])cc2)cc1,1000.0,1.6950999999999998,-2.770804676123356,1,3.5,16.4,22329.0,,,False,False
dabrafenib,CC(C)(C)c1nc(-c2cccc(NS(=O)(=O)c3c(F)cccc3F)c2F)c(-c2ccnc(N)n2)s1,75.0,1.3901,-1.7320152200541123,1,3.98,15.18,5374.1,,,False,False
dabrafenib,CC(C)(C)c1nc(-c2cccc(NS(=O)(=O)c3c(F)cccc3F)c2F)c(-c2ccnc(N)n2)s1,150.0,2.468625771557933,-1.7836360004990663,2,2.23,4.93,10560.2,94.5,capsule,False,False
dabrafenib,CC(C)(C)c1nc(-c2cccc(NS(=O)(=O)c3c(F)cccc3F)c2F)c(-c2ccnc(N)n2)s1,300.0,3.704,-1.9084502767097655,1,1.5,,17932.0,,capsule,False,False
bempedoic acid,CC(C)(CCCCCC(O)CCCCCC(C)(C)C(=O)O)C(=O)O,2.5,0.1059999999999999,-1.3726341434072675,1,2.0,,304.0,,capsule,False,False
bempedoic acid,CC(C)(CCCCCC(O)CCCCCC(C)(C)C(=O)O)C(=O)O,10.0,0.567,-1.2464169411070936,1,1.0,,3060.0,,capsule,False,False
bempedoic acid,CC(C)(CCCCCC(O)CCCCCC(C)(C)C(=O)O)C(=O)O,45.0,2.42,-1.2693971477949124,1,3.5,27.8,34000.0,,capsule,False,False
bempedoic acid,CC(C)(CCCCCC(O)CCCCCC(C)(C)C(=O)O)C(=O)O,125.0,8.9,-1.1475200063631437,1,3.0,19.1,140000.0,,capsule,False,False
bempedoic acid,CC(C)(CCCCCC(O)CCCCCC(C)(C)C(=O)O)C(=O)O,180.0,13.3,-1.1314208641362202,1,3.0,21.7,232000.0,,tablet,False,False
bempedoic acid,CC(C)(CCCCCC(O)CCCCCC(C)(C)C(=O)O)C(=O)O,250.0,19.600000000000005,-1.1056839373155614,1,3.0,25.0,349000.0,,capsule,False,False
Odanacatib,CC(C)(F)C[C@H](N[C@@H](c1ccc(-c2ccc(S(C)(=O)=O)cc2)cc1)C(F)(F)F)C(=O)NC1(C#N)CC1,10.0,0.0634899999999999,-2.197294672925648,1,7.5,85.8,8303.97,70.0,,False,False
Odanacatib,CC(C)(F)C[C@H](N[C@@H](c1ccc(-c2ccc(S(C)(=O)=O)cc2)cc1)C(F)(F)F)C(=O)NC1(C#N)CC1,50.0,0.12629,-2.597601041086768,1,6.0,84.5,17659.08,30.0,,False,False
macimorelin,CC(C)(N)C(=O)N[C@H](Cc1c[nH]c2ccccc12)C(=O)N[C@H](Cc1c[nH]c2ccccc12)NC=O,32.5,0.0105799999999999,-3.4873976932797075,1,0.78,3.8,27.84,,,False,False
macimorelin,CC(C)(N)C(=O)N[C@H](Cc1c[nH]c2ccccc12)C(=O)N[C@H](Cc1c[nH]c2ccccc12)NC=O,36.85,0.0092399999999999,-3.600765520974964,1,0.53,3.51,38.0,,,False,False
macimorelin,CC(C)(N)C(=O)N[C@H](Cc1c[nH]c2ccccc12)C(=O)N[C@H](Cc1c[nH]c2ccccc12)NC=O,71.4,0.0130999999999999,-3.73642691612041,1,0.53,3.51,37.0,,,False,False
macimorelin,CC(C)(N)C(=O)N[C@H](Cc1c[nH]c2ccccc12)C(=O)N[C@H](Cc1c[nH]c2ccccc12)NC=O,148.8,0.0212999999999999,-3.844223327771122,1,0.75,8.29,84.7,,,False,False
macimorelin,CC(C)(N)C(=O)N[C@H](Cc1c[nH]c2ccccc12)C(=O)N[C@H](Cc1c[nH]c2ccccc12)NC=O,152.8,0.0233999999999999,-3.814907496829529,1,0.58,7.89,82.5,,solution,False,False
naldemedine,CC(C)(NC(=O)C1=C(O)[C@@H]2Oc3c(O)ccc4c3[C@@]23CCN(CC2CC2)[C@H](C4)[C@]3(O)C1)c1nc(-c2ccccc2)no1,0.1,0.0019799999999999,-1.703334809738469,1,0.5,8.3,11.6,,tablet,False,False
naldemedine,CC(C)(NC(=O)C1=C(O)[C@@H]2Oc3c(O)ccc4c3[C@@]23CCN(CC2CC2)[C@H](C4)[C@]3(O)C1)c1nc(-c2ccccc2)no1,0.2,0.0030309899372977,-1.8194455011252373,2,0.75,13.65,23.6,,,False,False
naldemedine,CC(C)(NC(=O)C1=C(O)[C@@H]2Oc3c(O)ccc4c3[C@@]23CCN(CC2CC2)[C@H](C4)[C@]3(O)C1)c1nc(-c2ccccc2)no1,0.3,0.00447,-1.8268137315877255,1,0.5,9.24,32.53,,tablet,False,False
naldemedine,CC(C)(NC(=O)C1=C(O)[C@@H]2Oc3c(O)ccc4c3[C@@]23CCN(CC2CC2)[C@H](C4)[C@]3(O)C1)c1nc(-c2ccccc2)no1,1.0,0.0162,-1.790484985457369,1,0.5,7.56,107.7,,tablet,False,False
naldemedine,CC(C)(NC(=O)C1=C(O)[C@@H]2Oc3c(O)ccc4c3[C@@]23CCN(CC2CC2)[C@H](C4)[C@]3(O)C1)c1nc(-c2ccccc2)no1,3.0,0.0521999999999999,-1.7594507517174005,1,0.5,8.13,320.8,,tablet,False,False
naldemedine,CC(C)(NC(=O)C1=C(O)[C@@H]2Oc3c(O)ccc4c3[C@@]23CCN(CC2CC2)[C@H](C4)[C@]3(O)C1)c1nc(-c2ccccc2)no1,10.0,0.2169999999999999,-1.6635402661514709,1,0.5,6.62,1135.0,,tablet,False,False
naldemedine,CC(C)(NC(=O)C1=C(O)[C@@H]2Oc3c(O)ccc4c3[C@@]23CCN(CC2CC2)[C@H](C4)[C@]3(O)C1)c1nc(-c2ccccc2)no1,30.0,0.822,-1.562249437179612,1,0.5,6.1,3969.0,,tablet,False,False
naldemedine,CC(C)(NC(=O)C1=C(O)[C@@H]2Oc3c(O)ccc4c3[C@@]23CCN(CC2CC2)[C@H](C4)[C@]3(O)C1)c1nc(-c2ccccc2)no1,100.0,2.51,-1.600326278518962,1,0.5,5.15,13410.0,,tablet,False,False
Venglustat,CC(C)(NC(=O)O[C@@H]1CN2CCC1CC2)c1csc(-c2ccc(F)cc2)n1,2.0,0.0055999999999999,-2.552841968657781,1,3.5,28.9,237.0,,capsule,False,False
Venglustat,CC(C)(NC(=O)O[C@@H]1CN2CCC1CC2)c1csc(-c2ccc(F)cc2)n1,5.0,0.0146,-2.5346171485515816,1,5.5,32.5,643.0,,capsule,False,False
Venglustat,CC(C)(NC(=O)O[C@@H]1CN2CCC1CC2)c1csc(-c2ccc(F)cc2)n1,15.0,0.0507,-2.4710832997223453,1,3.5,29.0,1990.0,,capsule,False,False
Venglustat,CC(C)(NC(=O)O[C@@H]1CN2CCC1CC2)c1csc(-c2ccc(F)cc2)n1,25.0,0.0799,-2.4953932293580463,1,5.0,29.8,3690.0,,capsule,False,False
Venglustat,CC(C)(NC(=O)O[C@@H]1CN2CCC1CC2)c1csc(-c2ccc(F)cc2)n1,50.0,0.173,-2.4609239012072237,1,4.0,28.5,6800.0,,capsule,False,False
Venglustat,CC(C)(NC(=O)O[C@@H]1CN2CCC1CC2)c1csc(-c2ccc(F)cc2)n1,100.0,0.372,-2.4294570601181027,1,3.0,27.6,14100.0,,capsule,False,False
Venglustat,CC(C)(NC(=O)O[C@@H]1CN2CCC1CC2)c1csc(-c2ccc(F)cc2)n1,150.0,0.52,-2.460087915420882,1,4.0,26.4,19900.0,,capsule,False,False
2-hydroxyflutamide,CC(C)(O)C(=O)Nc1ccc([N+](=O)[O-])c(C(F)(F)F)c1,250.0,1.183934119788766,-2.3246124720015504,2,2.075,6.315,8428.5,,capsule,True,False
2-hydroxyflutamide,CC(C)(O)C(=O)Nc1ccc([N+](=O)[O-])c(C(F)(F)F)c1,500.0,2.33,-2.33161408331,1,4.0,12.13,24050.0,,,True,False
enasidenib,CC(C)(O)CNc1nc(Nc2ccnc(C(F)(F)F)c2)nc(-c2cccc(C(F)(F)F)n2)n1,50.0,0.4651859843116514,-2.031343383034136,2,3.99,22.05,19950.0,,tablet,False,False
enasidenib,CC(C)(O)CNc1nc(Nc2ccnc(C(F)(F)F)c2)nc(-c2cccc(C(F)(F)F)n2)n1,100.0,0.8037984822080718,-2.094852818210271,2,3.495,22.5,45100.0,,tablet,False,False
enasidenib,CC(C)(O)CNc1nc(Nc2ccnc(C(F)(F)F)c2)nc(-c2cccc(C(F)(F)F)n2)n1,300.0,1.9008945262691457,-2.198163234608609,2,11.95,28.0,166500.0,,tablet,False,False
Mavatrep,CC(C)(O)c1ccccc1-c1ccc2nc(/C=C/c3ccc(C(F)(F)F)cc3)[nH]c2c1,10.0,0.0575831572597404,-2.2397045266254967,2,2.02,74.875,3090.0,,capsule,False,False
Mavatrep,CC(C)(O)c1ccccc1-c1ccc2nc(/C=C/c3ccc(C(F)(F)F)cc3)[nH]c2c1,25.0,0.1674096771396444,-2.1741594498363246,2,1.67,83.975,8508.5,,capsule,False,False
Mavatrep,CC(C)(O)c1ccccc1-c1ccc2nc(/C=C/c3ccc(C(F)(F)F)cc3)[nH]c2c1,50.0,0.3310045316910329,-2.179136064714569,2,2.375,115.295,19823.5,,capsule,False,False
montelukast,CC(C)(O)c1ccccc1CC[C@@H](SCC1(CC(=O)O)CC1)c1cccc(/C=C/c2ccc3ccc(Cl)cc3n2)c1,4.0,0.19604,-1.3097152974873705,1,2.75,4.04,1170.45,,granule,False,False
montelukast,CC(C)(O)c1ccccc1CC[C@@H](SCC1(CC(=O)O)CC1)c1cccc(/C=C/c2ccc3ccc(Cl)cc3n2)c1,10.0,0.3883646160032477,-1.4107603456398436,4,3.565,4.415,2485.735,66.0,tablet,False,False
fenofibric acid,CC(C)(Oc1ccc(C(=O)c2ccc(Cl)cc2)cc1)C(=O)O,67.0,4.09,-1.2143514946934846,1,6.29,16.59,75980.0,,capsule,True,False
fenofibric acid,CC(C)(Oc1ccc(C(=O)c2ccc(Cl)cc2)cc1)C(=O)O,200.0,10.13,-1.2954205503037008,1,6.21,19.8,171890.0,,capsule,True,False
fenofibric acid,CC(C)(Oc1ccc(C(=O)c2ccc(Cl)cc2)cc1)C(=O)O,201.0,9.490000000000002,-1.3259298449931962,1,4.4,17.8,149100.0,,capsule,True,False
ciprofibrate,CC(C)(Oc1ccc(C2CC2(Cl)Cl)cc1)C(=O)O,100.0,24.000000000000007,-0.6197887582883939,1,1.3,81.0,1370000.0,,tablet,False,False
bezafibrate,CC(C)(Oc1ccc(CCNC(=O)c2ccc(Cl)cc2)cc1)C(=O)O,200.0,7.390000000000001,-1.4323855572691555,1,2.0,1.97,22740.0,,tablet,False,False
bezafibrate,CC(C)(Oc1ccc(CCNC(=O)c2ccc(Cl)cc2)cc1)C(=O)O,300.0,10.589999999999998,-1.4522252946121776,1,2.0,2.16,38230.0,,tablet,False,False
clofibric acid,CC(C)(Oc1ccc(Cl)cc1)C(=O)O,500.0,48.72033887992586,-1.0112597039154283,3,5.0,15.4,1310120.0,,capsule,True,False
clofibric acid,CC(C)(Oc1ccc(Cl)cc1)C(=O)O,1000.0,88.79999999999998,-1.051587034221399,1,5.0,17.94,2827150.0,,tablet,True,False
clofibric acid,CC(C)(Oc1ccc(Cl)cc1)C(=O)O,2000.0,151.19999999999996,-1.1214782044987937,1,5.0,16.08,4598490.0,,tablet,True,False
penicillamine,CC(C)(S)[C@@H](N)C(=O)O,500.0,3.05,-2.214670164989233,1,3.8,2.1,14700.0,,tablet,False,False
Verinurad,CC(C)(Sc1ccncc1-c1ccc(C#N)c2ccccc12)C(=O)O,2.0,0.0363999999999999,-1.739928612014925,1,0.5,12.1,45.0,,tablet,False,False
Verinurad,CC(C)(Sc1ccncc1-c1ccc(C#N)c2ccccc12)C(=O)O,5.0,0.0729,-1.836242476018044,1,0.63,14.2,121.0,,tablet,False,False
Verinurad,CC(C)(Sc1ccncc1-c1ccc(C#N)c2ccccc12)C(=O)O,20.0,0.384,-1.7166987712964503,1,0.5,10.9,540.0,,tablet,False,False
Verinurad,CC(C)(Sc1ccncc1-c1ccc(C#N)c2ccccc12)C(=O)O,40.0,0.76,-1.7212463990471711,1,0.75,9.51,1270.0,,tablet,False,False
vitamin e (delta-tocotrienol),CC(C)=CCC/C(C)=C/CC/C(C)=C/CC[C@]1(C)CCc2cc(O)cc(C)c2O1,100.0,1.4196,-1.8478340093244447,1,4.0,1.7,5904.6,,,False,False
vitamin e (delta-tocotrienol),CC(C)=CCC/C(C)=C/CC/C(C)=C/CC[C@]1(C)CCc2cc(O)cc(C)c2O1,200.0,1.8181,-2.041412228849647,1,6.7,2.3,10798.9,,,False,False
vitamin e (delta-tocotrienol),CC(C)=CCC/C(C)=C/CC/C(C)=C/CC[C@]1(C)CCc2cc(O)cc(C)c2O1,300.0,2.8002,-2.029932203450863,1,5.3,5.9,22796.3,,,False,False
vitamin e (delta-tocotrienol),CC(C)=CCC/C(C)=C/CC/C(C)=C/CC[C@]1(C)CCc2cc(O)cc(C)c2O1,400.0,0.7956,-2.7013652168755646,1,7.3,4.5,6549.3,,,False,False
vitamin e (delta-tocotrienol),CC(C)=CCC/C(C)=C/CC/C(C)=C/CC[C@]1(C)CCc2cc(O)cc(C)c2O1,750.0,1.44423,-2.715424901337696,1,4.0,2.74,8687.69,,capsule,False,False
vitamin e (delta-tocotrienol),CC(C)=CCC/C(C)=C/CC/C(C)=C/CC[C@]1(C)CCc2cc(O)cc(C)c2O1,800.0,3.7426,-2.329916573736912,1,6.0,4.5,29923.4,,,False,False
vitamin e (delta-tocotrienol),CC(C)=CCC/C(C)=C/CC/C(C)=C/CC[C@]1(C)CCc2cc(O)cc(C)c2O1,1000.0,1.59189,-2.7980869454196524,1,4.0,2.68,9633.18,,capsule,False,False
vitamin e (delta-tocotrienol),CC(C)=CCC/C(C)=C/CC/C(C)=C/CC[C@]1(C)CCc2cc(O)cc(C)c2O1,1600.0,1.2724000000000002,-3.099496322220599,1,9.3,2.4,11490.6,,,False,False
pentazocine,CC(C)=CCN1CCC2(C)c3cc(O)ccc3CC1C2C,100.0,0.045,-3.3467874862246565,1,1.0,2.9,213.67,18.4,tablet,False,False
flutamide,CC(C)C(=O)Nc1ccc([N+](=O)[O-])c(C(F)(F)F)c1,250.0,0.0283019433961698,-3.946123750629919,2,1.325,,96.4,,capsule,False,False
flutamide,CC(C)C(=O)Nc1ccc([N+](=O)[O-])c(C(F)(F)F)c1,500.0,0.081,-3.790484985457369,1,2.0,,,,,False,False
Isobutyramide,CC(C)C(N)=O,1000.0,18.879999999999995,-1.72399801003795,1,1.0,6.9,212400.0,,solution,False,False
sibutramine,CC(C)CC(N(C)C)C1(c2ccc(Cl)cc2)CCC1,15.0,0.0028738715167826,-3.717623910984546,3,1.1,9.6,10.4,,capsule,False,False
amprenavir,CC(C)CN(C[C@@H](O)[C@H](Cc1ccccc1)NC(=O)O[C@H]1CCOC1)S(=O)(=O)c1ccc(N)cc1,150.0,2.0,-1.8750612633917,1,1.13,7.95,4030.0,,capsule,False,False
amprenavir,CC(C)CN(C[C@@H](O)[C@H](Cc1ccccc1)NC(=O)O[C@H]1CCOC1)S(=O)(=O)c1ccc(N)cc1,300.0,3.51,-1.9318141382538383,1,1.31,7.08,9130.0,,capsule,False,False
amprenavir,CC(C)CN(C[C@@H](O)[C@H](Cc1ccccc1)NC(=O)O[C@H]1CCOC1)S(=O)(=O)c1ccc(N)cc1,600.0,6.27,-1.9808837095529277,1,1.56,8.0,21160.0,,capsule,False,False
amprenavir,CC(C)CN(C[C@@H](O)[C@H](Cc1ccccc1)NC(=O)O[C@H]1CCOC1)S(=O)(=O)c1ccc(N)cc1,900.0,7.76,-2.064380788181136,1,1.92,7.83,32730.0,,capsule,False,False
amprenavir,CC(C)CN(C[C@@H](O)[C@H](Cc1ccccc1)NC(=O)O[C@H]1CCOC1)S(=O)(=O)c1ccc(N)cc1,1200.0,9.11,-2.119662869074627,1,2.09,9.54,47140.0,,capsule,False,False
darunavir,CC(C)CN(C[C@@H](O)[C@H](Cc1ccccc1)NC(=O)O[C@H]1CO[C@H]2OCC[C@H]21)S(=O)(=O)c1ccc(N)cc1,400.0,2.73,-2.1658973442872065,1,0.5,29.4,4746.0,,solution,False,False
pimavanserin,CC(C)COc1ccc(CNC(=O)N(Cc2ccc(F)cc2)C2CCN(C)CC2)cc1,20.0,0.0091999999999999,-3.337242168318426,1,6.0,57.0,706.0,,solution,False,False
pimavanserin,CC(C)COc1ccc(CNC(=O)N(Cc2ccc(F)cc2)C2CCN(C)CC2)cc1,50.0,0.0203,-3.3914739664228057,1,6.0,53.0,1315.0,,solution,False,False
pimavanserin,CC(C)COc1ccc(CNC(=O)N(Cc2ccc(F)cc2)C2CCN(C)CC2)cc1,100.0,0.0540749479888792,-3.2670038896078464,2,6.0,58.9,3859.0,,solution,False,False
pregabalin,CC(C)C[C@H](CN)CC(=O)O,1.0,0.0382999999999999,-1.4168012260313774,1,0.7,5.7,223.0,90.0,solution,False,False
pregabalin,CC(C)C[C@H](CN)CC(=O)O,2.0,0.0847999999999999,-1.3726341434072675,1,0.8,4.6,428.0,90.0,solution,False,False
pregabalin,CC(C)C[C@H](CN)CC(=O)O,5.0,0.156,-1.5058454059815571,1,0.9,6.8,1240.0,90.0,capsule,False,False
pregabalin,CC(C)C[C@H](CN)CC(=O)O,10.0,0.459,-1.3381873144627388,1,0.8,6.0,2540.0,90.0,capsule,False,False
pregabalin,CC(C)C[C@H](CN)CC(=O)O,25.0,0.918,-1.4350973274707952,1,1.0,5.6,5830.0,90.0,capsule,False,False
pregabalin,CC(C)C[C@H](CN)CC(=O)O,50.0,1.61,-1.4921441283041692,1,1.2,5.8,12200.0,90.0,capsule,False,False
pregabalin,CC(C)C[C@H](CN)CC(=O)O,75.0,2.18,-1.5366047697870953,1,1.3,6.6,15600.0,90.0,capsule,False,False
pregabalin,CC(C)C[C@H](CN)CC(=O)O,125.0,3.59,-1.541815564429737,1,1.0,5.8,24600.0,90.0,capsule,False,False
pregabalin,CC(C)C[C@H](CN)CC(=O)O,200.0,5.96,-1.5257837359237447,1,1.2,5.2,46000.0,90.0,capsule,False,False
pregabalin,CC(C)C[C@H](CN)CC(=O)O,300.0,9.46,-1.5012301183178696,1,0.8,5.6,66300.0,90.0,capsule,False,False
ixazomib,CC(C)C[C@H](NC(=O)CNC(=O)c1cc(Cl)ccc1Cl)B(O)O,4.0,0.0662476386959502,-1.7808895882601734,3,1.02,189.0,1280.0,58.0,capsule,False,False
bromocriptine,CC(C)C[C@H]1C(=O)N2CCC[C@H]2[C@]2(O)O[C@](NC(=O)[C@@H]3C=C4c5cccc6[nH]c(Br)c(c56)C[C@H]4N(C)C3)(C(C)C)C(=O)N12,5.0,0.0006899999999999,-3.860120913598764,1,1.64,6.38,3.69,,capsule,False,False
bromocriptine,CC(C)C[C@H]1C(=O)N2CCC[C@H]2[C@]2(O)O[C@](NC(=O)[C@@H]3C=C4c5cccc6[nH]c(Br)c(c56)C[C@H]4N(C)C3)(C(C)C)C(=O)N12,7.5,0.0013599999999999,-3.7415223550214822,1,1.57,6.3,7.18,,tablet,False,False
dihydro-alpha-ergocryptine (alpha-dihydroergocryptine),CC(C)C[C@H]1C(=O)N2CCC[C@H]2[C@]2(O)O[C@](NC(=O)[C@@H]3C[C@@H]4c5cccc6[nH]cc(c56)C[C@H]4N(C)C3)(C(C)C)C(=O)N12,10.0,9.700000000000008e-05,-5.013228265733755,1,1.21,4.2,0.39,,capsule,False,False
dihydro-alpha-ergocryptine (alpha-dihydroergocryptine),CC(C)C[C@H]1C(=O)N2CCC[C@H]2[C@]2(O)O[C@](NC(=O)[C@@H]3C[C@@H]4c5cccc6[nH]cc(c56)C[C@H]4N(C)C3)(C(C)C)C(=O)N12,20.0,0.0002698147512646,-4.869964306007462,2,1.37,3.85,1.565,,capsule,False,False
ibuprofen,CC(C)Cc1ccc(C(C)C(=O)O)cc1,292.6,31.0,-0.9749126279550194,1,0.75,2.03,84883.33,102.77,tablet,False,False
ibuprofen,CC(C)Cc1ccc(C(C)C(=O)O)cc1,600.0,49.29,-1.0853924322289197,1,1.75,1.88,169970.0,,powder,False,False
dexibuprofen,CC(C)Cc1ccc([C@H](C)C(=O)O)cc1,400.0,26.500000000000004,-1.1788141173911546,1,2.25,1.8,107800.0,,tablet,False,False
disopyramide,CC(C)N(CCC(C(N)=O)(c1ccccc1)c1ccccn1)C(C)C,92.0,2.4,-1.5835765856339492,1,2.0,6.86,27420.0,91.0,capsule,False,False
disopyramide,CC(C)N(CCC(C(N)=O)(c1ccccc1)c1ccccn1)C(C)C,100.0,2.08,-1.6819366650372385,1,1.5,8.36,,,,False,False
selexipag,CC(C)N(CCCCOCC(=O)NS(C)(=O)=O)c1cnc(-c2ccccc2)c(-c2ccccc2)n1,0.1,0.0021999999999999,-1.6575773191777938,1,1.26,0.7,4.61,,,False,False
selexipag,CC(C)N(CCCCOCC(=O)NS(C)(=O)=O)c1cnc(-c2ccccc2)c(-c2ccccc2)n1,0.2,0.0033999999999999,-1.7695510786217263,1,1.0,0.8,6.77,,,False,False
selexipag,CC(C)N(CCCCOCC(=O)NS(C)(=O)=O)c1cnc(-c2ccccc2)c(-c2ccccc2)n1,0.4,0.0058893123537472,-1.8319954025522884,2,1.0,0.95,11.675,49.4,tablet,False,False
selexipag,CC(C)N(CCCCOCC(=O)NS(C)(=O)=O)c1cnc(-c2ccccc2)c(-c2ccccc2)n1,0.6,0.0111899999999999,-1.7293211638552937,1,1.0,1.9,23.27,,,False,False
selexipag,CC(C)N(CCCCOCC(=O)NS(C)(=O)=O)c1cnc(-c2ccccc2)c(-c2ccccc2)n1,0.8,0.0115299999999999,-1.8412606796972448,1,1.0,2.3,24.97,,,False,False
act-333679,CC(C)N(CCCCOCC(=O)O)c1cnc(-c2ccccc2)c(-c2ccccc2)n1,0.1,0.00199,-1.7011469235902932,1,2.5,9.8,12.6,,,True,False
act-333679,CC(C)N(CCCCOCC(=O)O)c1cnc(-c2ccccc2)c(-c2ccccc2)n1,0.2,0.0040999999999999,-1.6882461389442458,1,2.75,12.6,26.33,,,True,False
act-333679,CC(C)N(CCCCOCC(=O)O)c1cnc(-c2ccccc2)c(-c2ccccc2)n1,0.4,0.00818,-1.6893066876566394,1,2.25,9.8,53.65,,,True,False
act-333679,CC(C)N(CCCCOCC(=O)O)c1cnc(-c2ccccc2)c(-c2ccccc2)n1,0.6,0.0124699999999999,-1.6822847969051011,1,2.5,9.4,78.85,,,True,False
act-333679,CC(C)N(CCCCOCC(=O)O)c1cnc(-c2ccccc2)c(-c2ccccc2)n1,0.8,0.0143699999999999,-1.745633218857718,1,2.25,10.7,93.3,,,True,False
pramiracetam,CC(C)N(CCNC(=O)CN1CCCC1=O)C(C)C,400.0,2.71,-2.1690907004535567,1,2.3,5.0,20990.0,,capsule,False,False
pramiracetam,CC(C)N(CCNC(=O)CN1CCCC1=O)C(C)C,800.0,5.4,-2.170696227168975,1,2.78,4.7,40090.0,,capsule,False,False
pramiracetam,CC(C)N(CCNC(=O)CN1CCCC1=O)C(C)C,1200.0,6.13,-2.2917207715292096,1,3.2,6.5,63180.0,,capsule,False,False
pramiracetam,CC(C)N(CCNC(=O)CN1CCCC1=O)C(C)C,1600.0,8.98,-2.2508436459886205,1,3.2,4.5,87560.0,,capsule,False,False
5-hmt,CC(C)N(CC[C@H](c1ccccc1)c1cc(CO)ccc1O)C(C)C,4.0,0.0021,-3.279840696594043,1,5.0,7.6,23.8,52.0,ER,True,False
5-hmt,CC(C)N(CC[C@H](c1ccccc1)c1cc(CO)ccc1O)C(C)C,8.0,0.0044915066132484,-3.2506979435236616,3,5.0,7.83,50.8,52.0,tablet ER,True,False
5-hmt,CC(C)N(CC[C@H](c1ccccc1)c1cc(CO)ccc1O)C(C)C,12.0,0.0063999999999999,-3.2730012720637376,1,5.0,9.3,80.1,52.0,ER,True,False
clofazimine,CC(C)N=c1cc2n(-c3ccc(Cl)cc3)c3ccccc3nc-2cc1Nc1ccc(Cl)cc1,200.0,0.21871,-2.9611613550793296,1,12.0,,8331.49,,capsule,False,False
proguanil,CC(C)NC(=N)NC(=N)Nc1ccc(Cl)cc1,200.0,0.1881781071219497,-3.0264609000009712,2,3.15,15.685,3822.5,,tablet,False,False
belumosudil,CC(C)NC(=O)COc1cccc(-c2nc(Nc3ccc4[nH]ncc4c3)c3ccccc3n2)c1,200.0,1.829562789302406,-2.0386826769057853,2,2.5,7.215,8515.0,63.7,tablet,False,False
belumosudil,CC(C)NC(=O)COc1cccc(-c2nc(Nc3ccc4[nH]ncc4c3)c3ccccc3n2)c1,1000.0,5.790000000000001,-2.237321436272564,1,4.0,12.3,37200.0,,tablet,False,False
atenolol,CC(C)NCC(O)COc1ccc(CC(N)=O)cc1,25.0,0.1239999999999999,-2.304518323509803,1,2.25,6.36,1200.0,52.0,solution,False,False
atenolol,CC(C)NCC(O)COc1ccc(CC(N)=O)cc1,50.0,0.3192616481821767,-2.194823252984876,2,2.65,6.87,2696.0,54.4,solution,False,False
atenolol,CC(C)NCC(O)COc1ccc(CC(N)=O)cc1,100.0,0.574,-2.2410881076020264,1,3.0,6.18,5360.0,58.0,solution,False,False
betaxolol,CC(C)NCC(O)COc1ccc(CCOCC2CC2)cc1,10.0,0.0216,-2.6655462488490693,1,3.07,16.2,540.0,87.5,capsule,False,False
betaxolol,CC(C)NCC(O)COc1ccc(CCOCC2CC2)cc1,20.0,0.0422,-2.6757175447023074,1,3.88,15.9,1010.0,82.3,capsule,False,False
betaxolol,CC(C)NCC(O)COc1ccc(CCOCC2CC2)cc1,40.0,0.0899999999999999,-2.6478174818886377,1,2.83,15.2,2096.0,83.9,capsule,False,False
bisoprolol,CC(C)NCC(O)COc1ccc(COCCOC(C)C)cc1,5.0,0.0167,-2.4762535331884354,1,3.8,12.1,271.0,,tablet,False,False
bisoprolol,CC(C)NCC(O)COc1ccc(COCCOC(C)C)cc1,10.0,0.0363141845564512,-2.439923703577753,2,2.0,9.34,537.02,,tablet,False,False
bisoprolol,CC(C)NCC(O)COc1ccc(COCCOC(C)C)cc1,20.0,0.0719,-2.4443011052810983,1,2.1,11.0,1098.0,,tablet,False,False
bisoprolol,CC(C)NCC(O)COc1ccc(COCCOC(C)C)cc1,40.0,0.155,-2.411728293157671,1,1.9,9.7,2130.0,,tablet,False,False
pindolol,CC(C)NCC(O)COc1cccc2[nH]ccc12,5.0,0.0171199999999999,-2.4654662439948845,1,1.1,3.14,105.42,79.55,tablet,False,False
pindolol,CC(C)NCC(O)COc1cccc2[nH]ccc12,15.0,0.0529999999999999,-2.451815389454892,1,1.7,2.2,234.0,,tablet,False,False
propranolol,CC(C)NCC(O)COc1cccc2ccccc12,40.0,0.0249,-3.205860644232226,1,2.1,3.4,151.0,,,False,False
propranolol,CC(C)NCC(O)COc1cccc2ccccc12,80.0,0.06828,-3.068796474549248,1,2.36,5.17,615.22,,tablet,False,False
propranolol,CC(C)NCC(O)COc1cccc2ccccc12,160.0,0.12589,-3.1041287491112404,1,2.0,3.99,835.36,,tablet,False,False
propranolol,CC(C)NCC(O)COc1cccc2ccccc12,224.0,0.16,-3.146128035678238,1,3.0,2.74,970.59,32.0,tablet,False,False
oxamniquine,CC(C)NCC1CCc2cc(CO)c([N+](=O)[O-])cc2N1,1000.0,1.85713,-2.7311576943719333,1,1.5,1.79,10398.53,,capsule,False,False
d-sotalol ((+)-sotalol),CC(C)NC[C@@H](O)c1ccc(NS(C)(=O)=O)cc1,50.0,0.4699999999999999,-2.026872146400301,1,3.3,8.9,6100.0,101.78,,False,False
d-sotalol ((+)-sotalol),CC(C)NC[C@@H](O)c1ccc(NS(C)(=O)=O)cc1,100.0,0.8533350455711989,-2.068880417984324,2,2.9,8.57,10728.15,101.78,,False,False
d-sotalol ((+)-sotalol),CC(C)NC[C@@H](O)c1ccc(NS(C)(=O)=O)cc1,200.0,2.02,-1.9956786262173571,1,3.2,8.2,23100.0,96.36,,False,False
d-sotalol ((+)-sotalol),CC(C)NC[C@@H](O)c1ccc(NS(C)(=O)=O)cc1,300.0,2.55,-2.070581074285707,1,3.8,7.9,30400.0,84.54,,False,False
maribavir,CC(C)Nc1nc2cc(Cl)c(Cl)cc2n1[C@H]1O[C@@H](CO)[C@H](O)[C@@H]1O,50.0,2.66,-1.2740883677049517,1,1.0,3.3,10800.0,,capsule,False,False
maribavir,CC(C)Nc1nc2cc(Cl)c(Cl)cc2n1[C@H]1O[C@@H](CO)[C@H](O)[C@@H]1O,100.0,3.616738862566663,-1.4416828472351948,2,1.63,2.975,16550.0,,tablet,False,False
maribavir,CC(C)Nc1nc2cc(Cl)c(Cl)cc2n1[C@H]1O[C@@H](CO)[C@H](O)[C@@H]1O,200.0,7.450000000000001,-1.4288737229156885,1,1.26,3.6,34200.0,,capsule,False,False
maribavir,CC(C)Nc1nc2cc(Cl)c(Cl)cc2n1[C@H]1O[C@@H](CO)[C@H](O)[C@@H]1O,400.0,16.7,-1.3793435201803792,1,1.75,3.9,97800.0,,capsule,False,False
maribavir,CC(C)Nc1nc2cc(Cl)c(Cl)cc2n1[C@H]1O[C@@H](CO)[C@H](O)[C@@H]1O,800.0,26.4,-1.4814860601221125,1,1.5,4.0,183000.0,,capsule,False,False
maribavir,CC(C)Nc1nc2cc(Cl)c(Cl)cc2n1[C@H]1O[C@@H](CO)[C@H](O)[C@@H]1O,1600.0,48.8,-1.515700160653214,1,2.0,4.8,437000.0,,capsule,False,False
tenofovir alafenamide,CC(C)OC(=O)[C@H](C)N[P@](=O)(CO[C@H](C)Cn1cnc2c(N)ncnc21)Oc1ccccc1,25.0,0.2769173125682105,-1.9555899004605752,2,0.365,0.405,152.17000000000002,,tablet,False,False
sofosbuvir,CC(C)OC(=O)[C@H](C)N[P@](=O)(OC[C@H]1O[C@@H](n2ccc(=O)[nH]c2=O)[C@](C)(F)[C@@H]1O)Oc1ccccc1,400.0,0.8981843611113518,-2.6486945023271318,3,0.5,0.41,848.9,,tablet,False,False
sofosbuvir,CC(C)OC(=O)[C@H](C)N[P@](=O)(OC[C@H]1O[C@@H](n2ccc(=O)[nH]c2=O)[C@](C)(F)[C@@H]1O)Oc1ccccc1,800.0,1.53265,-2.7176469974495423,1,0.33,0.45,1606.26,,tablet,False,False
ozanimod,CC(C)Oc1ccc(-c2nc(-c3cccc4c3CC[C@@H]4NCCO)no2)cc1C#N,0.3,7.100000000000003e-05,-3.625862906000587,1,10.0,,,,,False,False
ozanimod,CC(C)Oc1ccc(-c2nc(-c3cccc4c3CC[C@@H]4NCCO)no2)cc1C#N,0.46,8.299999999999997e-05,-3.743679739305501,1,8.0,22.1,2.57,,,False,False
ozanimod,CC(C)Oc1ccc(-c2nc(-c3cccc4c3CC[C@@H]4NCCO)no2)cc1C#N,0.92,0.0001799999999999,-3.708515322242249,1,8.05,19.7,5.08,,,False,False
ozanimod,CC(C)Oc1ccc(-c2nc(-c3cccc4c3CC[C@@H]4NCCO)no2)cc1C#N,1.0,0.0001643167672515,-3.784318117920506,2,10.0,18.5,5.055,,capsule,False,False
ozanimod,CC(C)Oc1ccc(-c2nc(-c3cccc4c3CC[C@@H]4NCCO)no2)cc1C#N,2.0,0.00023,-3.939302159646388,1,8.0,15.8,6.56,,,False,False
ozanimod,CC(C)Oc1ccc(-c2nc(-c3cccc4c3CC[C@@H]4NCCO)no2)cc1C#N,3.0,0.0003899999999999,-3.886056647693164,1,10.0,16.6,11.6,,,False,False
dihydrotachysterol,CC(C)[C@@H](C)/C=C/[C@@H](C)[C@H]1CC[C@H]2/C(=C/C=C3\C[C@@H](O)CC[C@@H]3C)CCC[C@]12C,1.0,0.0218,-1.6615435063953952,1,6.2,6.6,195.5,,capsule,False,False
ibrexafungerp,CC(C)[C@@H](C)[C@@]1(C)CC[C@]2(C)[C@H]3CC[C@@H]4[C@@]5(COC[C@@]4(C)[C@@H](OC[C@](C)(N)C(C)(C)C)[C@H](n4ncnc4-c4ccncc4)C5)C3=CC[C@@]2(C)[C@@H]1C(=O)O,300.0,0.29169,-3.012199714248128,1,5.0,18.29,5201.03,,tablet,False,False
ibrexafungerp,CC(C)[C@@H](C)[C@@]1(C)CC[C@]2(C)[C@H]3CC[C@@H]4[C@@]5(COC[C@@]4(C)[C@@H](OC[C@](C)(N)C(C)(C)C)[C@H](n4ncnc4-c4ccncc4)C5)C3=CC[C@@]2(C)[C@@H]1C(=O)O,600.0,0.42513,-3.1496294976283634,1,4.0,19.84,7744.98,,tablet,False,False
ibrexafungerp,CC(C)[C@@H](C)[C@@]1(C)CC[C@]2(C)[C@H]3CC[C@@H]4[C@@]5(COC[C@@]4(C)[C@@H](OC[C@](C)(N)C(C)(C)C)[C@H](n4ncnc4-c4ccncc4)C5)C3=CC[C@@]2(C)[C@@H]1C(=O)O,1500.0,1.08601,-3.140257434792886,1,5.0,21.3,21905.8,,tablet,False,False
dihydroergocristine,CC(C)[C@@]1(NC(=O)[C@@H]2C[C@@H]3c4cccc5[nH]cc(c45)C[C@H]3N(C)C2)O[C@@]2(O)[C@@H]3CCCN3C(=O)[C@H](Cc3ccccc3)N2C1=O,18.0,0.00028,-4.808114473761087,1,0.46,3.5,0.48,,tablet,False,False
valganciclovir,CC(C)[C@H](N)C(=O)OCC(CO)OCn1cnc2c(=O)nc(N)[nH]c21,360.0,0.2,-3.255272505103306,1,0.53,0.47,170.0,,solution,False,False
valganciclovir,CC(C)[C@H](N)C(=O)OCC(CO)OCn1cnc2c(=O)nc(N)[nH]c21,900.0,0.3374199999999999,-3.4260716883521574,1,1.15,0.83,529.31,,tablet,False,False
valaciclovir,CC(C)[C@H](N)C(=O)OCCOCn1cnc2c(=O)nc(N)[nH]c21,1000.0,0.19136,-3.718148837691683,1,1.5,,262.72,,capsule,False,False
Semagacestat,CC(C)[C@H](O)C(=O)N[C@@H](C)C(=O)N[C@@H]1C(=O)N(C)CCc2ccccc21,140.0,2.08,-1.8280647007154764,1,1.0,2.6,7210.0,,capsule,False,False
nateglinide,CC(C)[C@H]1CC[C@H](C(=O)N[C@H](Cc2ccccc2)C(=O)O)CC1,30.0,1.5,-1.3010299956639813,1,1.69,1.38,3510.0,73.0,tablet,False,False
nateglinide,CC(C)[C@H]1CC[C@H](C(=O)N[C@H](Cc2ccccc2)C(=O)O)CC1,60.0,3.09,-1.288192770958809,1,1.91,1.44,6930.0,73.0,tablet,False,False
propantheline,CC(C)[N+](C)(CCOC(=O)C1c2ccccc2Oc2ccccc21)C(C)C,30.0,0.0270899999999999,-3.0443122496864943,1,0.75,1.55,72.24,,tablet,False,False
propantheline,CC(C)[N+](C)(CCOC(=O)C1c2ccccc2Oc2ccccc21)C(C)C,60.0,0.0521799999999999,-3.060647175619442,1,1.0,1.55,144.19,,tablet,False,False
atorvastatin,CC(C)c1c(C(=O)Nc2ccccc2)c(-c2ccccc2)c(-c2ccc(F)cc2)n1CC[C@@H](O)C[C@@H](O)CC(=O)O,20.0,0.0078525057250294,-3.4060217339620764,3,0.8,10.1,44.4,14.0,tablet,False,False
atorvastatin,CC(C)c1c(C(=O)Nc2ccccc2)c(-c2ccccc2)c(-c2ccc(F)cc2)n1CC[C@@H](O)C[C@@H](O)CC(=O)O,40.0,0.0160352214948131,-3.396985028104305,5,1.0,7.47,111.0,14.0,tablet,False,False
atorvastatin,CC(C)c1c(C(=O)Nc2ccccc2)c(-c2ccccc2)c(-c2ccc(F)cc2)n1CC[C@@H](O)C[C@@H](O)CC(=O)O,80.0,0.0402261109231305,-3.2985819401593925,2,0.785,8.375,168.35,14.0,,False,False
cobicistat (gs-9350),CC(C)c1nc(CN(C)C(=O)N[C@@H](CCN2CCOCC2)C(=O)N[C@H](CC[C@H](Cc2ccccc2)NC(=O)OCc2cncs2)Cc2ccccc2)cs1,50.0,0.0615999999999999,-2.9093892921715936,1,3.26,1.41,243.0,,tablet,False,False
cobicistat (gs-9350),CC(C)c1nc(CN(C)C(=O)N[C@@H](CCN2CCOCC2)C(=O)N[C@H](CC[C@H](Cc2ccccc2)NC(=O)OCc2cncs2)Cc2ccccc2)cs1,100.0,0.343,-2.4647058799572297,1,4.0,2.68,1650.0,,tablet,False,False
cobicistat (gs-9350),CC(C)c1nc(CN(C)C(=O)N[C@@H](CCN2CCOCC2)C(=O)N[C@H](CC[C@H](Cc2ccccc2)NC(=O)OCc2cncs2)Cc2ccccc2)cs1,200.0,1.2,-2.2218487496163566,1,4.0,4.17,8420.0,,tablet,False,False
cobicistat (gs-9350),CC(C)c1nc(CN(C)C(=O)N[C@@H](CCN2CCOCC2)C(=O)N[C@H](CC[C@H](Cc2ccccc2)NC(=O)OCc2cncs2)Cc2ccccc2)cs1,300.0,2.34,-2.10790539730952,1,3.75,5.2,20800.0,,tablet,False,False
cobicistat (gs-9350),CC(C)c1nc(CN(C)C(=O)N[C@@H](CCN2CCOCC2)C(=O)N[C@H](CC[C@H](Cc2ccccc2)NC(=O)OCc2cncs2)Cc2ccccc2)cs1,400.0,4.11,-1.9882181694518928,1,4.25,4.75,39900.0,,tablet,False,False
ritonavir,CC(C)c1nc(CN(C)C(=O)N[C@H](C(=O)N[C@@H](Cc2ccccc2)C[C@H](O)[C@H](Cc2ccccc2)NC(=O)OCc2cncs2)C(C)C)cs1,400.0,5.104,-1.8941493256148565,1,2.7,5.1,53700.0,,capsule,False,False
ritonavir,CC(C)c1nc(CN(C)C(=O)N[C@H](C(=O)N[C@@H](Cc2ccccc2)C[C@H](O)[C@H](Cc2ccccc2)NC(=O)OCc2cncs2)C(C)C)cs1,600.0,19.100000000000005,-1.497117883135916,1,6.7,5.0,187200.0,,,False,False
rosuvastatin,CC(C)c1nc(N(C)S(C)(=O)=O)nc(-c2ccc(F)cc2)c1/C=C/[C@@H](O)C[C@@H](O)CC(=O)O,5.0,0.0079825107519707,-2.796830492155113,3,4.5,12.405,67.0,20.0,tablet,False,False
rosuvastatin,CC(C)c1nc(N(C)S(C)(=O)=O)nc(-c2ccc(F)cc2)c1/C=C/[C@@H](O)C[C@@H](O)CC(=O)O,10.0,0.0258599999999999,-2.587371479455625,1,3.91,13.33,216.77,20.0,tablet,False,False
rosuvastatin,CC(C)c1nc(N(C)S(C)(=O)=O)nc(-c2ccc(F)cc2)c1/C=C/[C@@H](O)C[C@@H](O)CC(=O)O,20.0,0.0392934505117906,-2.7067098280781297,3,3.5,15.4,311.35,20.0,tablet,False,False
rosuvastatin,CC(C)c1nc(N(C)S(C)(=O)=O)nc(-c2ccc(F)cc2)c1/C=C/[C@@H](O)C[C@@H](O)CC(=O)O,40.0,0.0626227394801028,-2.805327929083979,4,3.6,19.0,542.5,20.0,tablet,False,False
fluvastatin,CC(C)n1c(/C=C/C(O)CC(O)CC(=O)O)c(-c2ccc(F)cc2)c2ccccc21,10.0,0.0489999999999999,-2.309803919971486,1,0.4,,48.0,29.0,,False,False
fluvastatin,CC(C)n1c(/C=C/C(O)CC(O)CC(=O)O)c(-c2ccc(F)cc2)c2ccccc21,20.0,0.176,-2.0555173278498318,1,1.2,4.92,266.0,,capsule,False,False
fluvastatin,CC(C)n1c(/C=C/C(O)CC(O)CC(=O)O)c(-c2ccc(F)cc2)c2ccccc21,40.0,0.3134677016855165,-2.1058671916233287,2,0.835,2.45,449.0,,capsule,False,False
fluvastatin,CC(C)n1c(/C=C/C(O)CC(O)CC(=O)O)c(-c2ccc(F)cc2)c2ccccc21,80.0,1.0247,-1.8924932507854184,1,1.0,1.77,1417.7,,capsule,False,False
mavacamten,CC(C)n1c(=O)cc(N[C@@H](C)c2ccccc2)[nH]c1=O,15.0,0.3954,-1.5790545940780278,1,0.9,120.3,10030.0,85.0,,False,False
mavacamten,CC(C)n1c(=O)cc(N[C@@H](C)c2ccccc2)[nH]c1=O,25.0,0.5718,-1.6406958576500676,1,1.5,143.6,20280.0,85.0,,False,False
voxelotor,CC(C)n1nccc1-c1ncccc1COc1cccc(O)c1C=O,100.0,0.2689999999999999,-2.570247719997592,1,2.0,,14800.0,,,False,False
voxelotor,CC(C)n1nccc1-c1ncccc1COc1cccc(O)c1C=O,400.0,1.14,-2.54515513999149,1,2.0,,74500.0,,,False,False
voxelotor,CC(C)n1nccc1-c1ncccc1COc1cccc(O)c1C=O,900.0,2.33,-2.586886588413306,1,4.0,73.4,200400.0,,,False,False
voxelotor,CC(C)n1nccc1-c1ncccc1COc1cccc(O)c1C=O,1000.0,2.21,-2.6556077263148894,1,4.0,,166000.0,,,False,False
voxelotor,CC(C)n1nccc1-c1ncccc1COc1cccc(O)c1C=O,1500.0,2.01,-2.8728952016351923,1,4.0,80.8,200000.0,,,False,False
voxelotor,CC(C)n1nccc1-c1ncccc1COc1cccc(O)c1C=O,2000.0,3.390000000000001,-2.770830297460899,1,2.5,,266000.0,,,False,False
voxelotor,CC(C)n1nccc1-c1ncccc1COc1cccc(O)c1C=O,2800.0,6.3100000000000005,-2.647128672098085,1,7.1,,433000.0,,,False,False
labetalol,CC(CCc1ccccc1)NCC(O)c1ccc(O)c(C(N)=O)c1,143.0,0.07,-3.310237997450805,1,1.0,2.57,266.7,33.0,,False,False
labetalol,CC(CCc1ccccc1)NCC(O)c1ccc(O)c(C(N)=O)c1,200.0,0.1347203913774567,-3.1715966598336527,3,1.0,3.16,502.8,26.0,tablet,False,False
labetalol,CC(CCc1ccccc1)NCC(O)c1ccc(O)c(C(N)=O)c1,400.0,0.24872,-3.206349282292827,1,0.75,5.31,909.26,16.37,tablet,False,False
trimipramine,CC(CN(C)C)CN1c2ccccc2CCc2ccccc21,75.0,0.0223999999999999,-3.5248132450575373,1,2.0,14.4,280.0,,tablet,False,False
trimipramine,CC(CN(C)C)CN1c2ccccc2CCc2ccccc21,100.0,0.0378,-3.4225082001627745,1,2.5,10.9,362.3,,tablet,False,False
alimemazine,CC(CN(C)C)CN1c2ccccc2Sc2ccccc21,20.0,0.00455,-3.6430185990068686,1,3.0,12.07,58.15,,tablet,False,False
promethazine,CC(CN1c2ccccc2Sc2ccccc21)N(C)C,50.0,0.0193,-3.413412695328245,1,4.39,18.6,361.0,,syrup,False,False
phenylpropanolamine,CC(N)C(O)c1ccccc1,25.0,0.1131199999999999,-2.3444006122192134,1,1.47,4.39,610.57,,powder,False,False
phenylpropanolamine,CC(N)C(O)c1ccccc1,50.0,0.18228,-2.438230984425608,1,1.0,3.86,1170.98,,powder,False,False
phenylpropanolamine,CC(N)C(O)c1ccccc1,100.0,0.39682,-2.401406447226662,1,1.7,3.8,2530.8,,powder,False,False
rimantadine,CC(N)C12CC3CC(CC(C3)C1)C2,100.0,0.077,-3.113509274827518,1,5.2,26.4,3272.6,,tablet,False,False
rimantadine,CC(N)C12CC3CC(CC(C3)C1)C2,200.0,0.2149408916293913,-2.968710949555488,3,4.3,30.4,9140.0,,tablet,False,False
pinacidil,CC(N/C(=N/c1ccncc1)NC#N)C(C)(C)C,12.5,0.0298,-2.622693748931801,1,1.58,2.04,207.15,57.0,capsule,False,False
bupropion,CC(NC(C)(C)C)C(=O)c1cccc(Cl)c1,50.0,0.0724430811050993,-2.838973091152217,2,1.41,10.75,349.5,,tablet,False,False
bupropion,CC(NC(C)(C)C)C(=O)c1cccc(Cl)c1,75.0,0.0929999999999999,-2.906578314837765,1,1.3,10.0,469.0,,tablet,False,False
bupropion,CC(NC(C)(C)C)C(=O)c1cccc(Cl)c1,100.0,0.1390850102797921,-2.8567196730529583,4,1.545,12.3,698.25,,tablet,False,False
bupropion,CC(NC(C)(C)C)C(=O)c1cccc(Cl)c1,150.0,0.1743999999999999,-2.934544778459133,1,1.0,10.2,904.1,,tablet,False,False
bupropion,CC(NC(C)(C)C)C(=O)c1cccc(Cl)c1,200.0,0.2519304891425518,-2.89974926577963,3,1.67,11.2,1206.0,,tablet,False,False
bicalutamide,CC(O)(CS(=O)(=O)c1ccc(F)cc1)C(=O)Nc1ccc(C#N)c(C(F)(F)F)c1,50.0,0.9459657061662258,-1.723094612006885,3,24.0,144.7,224309.3,,tablet,False,False
bicalutamide,CC(O)(CS(=O)(=O)c1ccc(F)cc1)C(=O)Nc1ccc(C#N)c(C(F)(F)F)c1,150.0,1.69,-1.948204554442008,1,48.0,181.3,524900.0,,tablet,False,False
darolutamide,CC(O)c1cc(C(=O)N[C@@H](C)Cn2ccc(-c3ccc(C#N)c(Cl)c3)n2)n[nH]1,300.0,0.8,-2.574031267727719,1,3.5,15.3,12898.0,29.9,tablet,False,False
Tecarfarin,CC(OC(=O)c1ccc(Cc2c(O)c3ccccc3oc2=O)cc1)(C(F)(F)F)C(F)(F)F,0.2,0.00309,-1.8110715162391464,1,2.09,3.24,15.9,,,False,False
Tecarfarin,CC(OC(=O)c1ccc(Cc2c(O)c3ccccc3oc2=O)cc1)(C(F)(F)F)C(F)(F)F,0.6,0.0105999999999999,-1.7528453851188734,1,2.04,5.8,76.2,,,False,False
Tecarfarin,CC(OC(=O)c1ccc(Cc2c(O)c3ccccc3oc2=O)cc1)(C(F)(F)F)C(F)(F)F,1.5,0.0261,-1.7594507517174005,1,2.18,10.3,201.0,,,False,False
Tecarfarin,CC(OC(=O)c1ccc(Cc2c(O)c3ccccc3oc2=O)cc1)(C(F)(F)F)C(F)(F)F,3.0,0.0546,-1.739928612014925,1,1.86,8.93,399.0,,,False,False
Tecarfarin,CC(OC(=O)c1ccc(Cc2c(O)c3ccccc3oc2=O)cc1)(C(F)(F)F)C(F)(F)F,4.5,0.0815,-1.742054905035367,1,2.98,80.0,1130.0,,,False,False
Tecarfarin,CC(OC(=O)c1ccc(Cc2c(O)c3ccccc3oc2=O)cc1)(C(F)(F)F)C(F)(F)F,6.0,0.1059999999999999,-1.7528453851188734,1,2.1,71.4,1150.0,,,False,False
Tecarfarin,CC(OC(=O)c1ccc(Cc2c(O)c3ccccc3oc2=O)cc1)(C(F)(F)F)C(F)(F)F,8.0,0.118,-1.8312079796858185,1,2.48,83.4,1430.0,,,False,False
Tecarfarin,CC(OC(=O)c1ccc(Cc2c(O)c3ccccc3oc2=O)cc1)(C(F)(F)F)C(F)(F)F,10.0,0.1839999999999999,-1.7351821769904636,1,2.09,101.0,2610.0,,,False,False
Tecarfarin,CC(OC(=O)c1ccc(Cc2c(O)c3ccccc3oc2=O)cc1)(C(F)(F)F)C(F)(F)F,20.0,0.244,-1.913640169325252,1,3.0,112.0,4200.0,,,False,False
Tecarfarin,CC(OC(=O)c1ccc(Cc2c(O)c3ccccc3oc2=O)cc1)(C(F)(F)F)C(F)(F)F,30.0,0.3159999999999999,-1.9774341721012587,1,2.4,98.4,5970.0,,,False,False
Tecarfarin,CC(OC(=O)c1ccc(Cc2c(O)c3ccccc3oc2=O)cc1)(C(F)(F)F)C(F)(F)F,40.0,0.573,-1.8439053693605725,1,2.95,99.6,8910.0,,,False,False
lofexidine,CC(Oc1c(Cl)cccc1Cl)C1=NCCN1,0.36,0.00082,-2.6424886483835706,1,3.0,,14.9,72.0,solution,False,False
lofexidine,CC(Oc1c(Cl)cccc1Cl)C1=NCCN1,1.2,0.0017499999999999,-2.8361431973613302,1,3.0,11.16,31.65,,tablet,False,False
lofexidine,CC(Oc1c(Cl)cccc1Cl)C1=NCCN1,2.0,0.0027899999999999,-2.855425792390384,1,3.25,11.44,54.32,,tablet,False,False
tiopronin,CC(S)C(=O)NCC(=O)O,500.0,3.2639600000000004,-2.185225176523105,1,4.4,52.13,50655.03,63.0,tablet,False,False
zileuton,CC(c1cc2ccccc2s1)N(O)C(N)=O,200.0,1.44,-2.1426675035687315,1,1.7,1.85,5310.0,,capsule,False,False
zileuton,CC(c1cc2ccccc2s1)N(O)C(N)=O,400.0,2.9,-2.1396619934290064,1,1.5,2.26,10980.0,,capsule,False,False
zileuton,CC(c1cc2ccccc2s1)N(O)C(N)=O,600.0,3.62,-2.219442679850478,1,1.9,2.28,16780.0,,capsule,False,False
zileuton,CC(c1cc2ccccc2s1)N(O)C(N)=O,800.0,4.43,-2.2566862607688742,1,1.7,3.51,22300.0,,capsule,False,False
muzolimine,CC(c1ccc(Cl)c(Cl)c1)N1N=C(N)CC1=O,40.0,0.27,-2.170696227168975,1,2.0,13.5,2800.0,,tablet,False,False
tamoxifen,CC/C(=C(\c1ccccc1)c1ccc(OCCN(C)C)cc1)c1ccccc1,20.0,0.0342,-2.767003889607846,1,5.3,49.2,1608.24,,tablet,False,False
tamoxifen,CC/C(=C(\c1ccccc1)c1ccc(OCCN(C)C)cc1)c1ccccc1,40.0,0.0705799999999999,-2.753378337304012,1,4.0,250.5,5751.0,,,False,False
tamoxifen,CC/C(=C(\c1ccccc1)c1ccc(OCCN(C)C)cc1)c1ccccc1,80.0,0.145,-2.741721984756969,1,5.0,118.0,10700.0,,tablet,False,False
gepirone,CC1(C)CC(=O)N(CCCCN2CCN(c3ncccn3)CC2)C(=O)C1,20.0,0.0187299999999999,-3.028492218288744,1,0.75,2.94,55.26,14.0,capsule,False,False
palovarotene,CC1(C)CCC(C)(C)c2cc(Cn3cccn3)c(/C=C/c3ccc(C(=O)O)cc3)cc21,1.0,0.00978,-2.0096611452123985,1,2.92,11.9,47.3,,,False,False
palovarotene,CC1(C)CCC(C)(C)c2cc(Cn3cccn3)c(/C=C/c3ccc(C(=O)O)cc3)cc21,5.0,0.041548525846292,-2.080414384836304,2,4.05,11.15,241.3,,,False,False
palovarotene,CC1(C)CCC(C)(C)c2cc(Cn3cccn3)c(/C=C/c3ccc(C(=O)O)cc3)cc21,10.0,0.0790771774913596,-2.101948840392807,2,4.25,11.35,463.2,,,False,False
venetoclax,CC1(C)CCC(CN2CCN(c3ccc(C(=O)NS(=O)(=O)c4ccc(NCC5CCOCC5)c([N+](=O)[O-])c4)c(Oc4cnc5[nH]ccc5c4)c3)CC2)=C(c2ccc(Cl)cc2)C1,100.0,0.1726267650163207,-2.7628918679618724,2,4.1,14.85,2215.0,5.4,tablet,False,False
Lapachone,CC1(C)CCC2=C(O1)c1ccccc1C(=O)C2=O,10.0,0.00088,-4.055517327849832,1,3.5,10.4,10.62,,tablet,False,False
Lapachone,CC1(C)CCC2=C(O1)c1ccccc1C(=O)C2=O,30.0,0.00173,-4.239075151590867,1,2.5,18.7,12.04,,tablet,False,False
Lapachone,CC1(C)CCC2=C(O1)c1ccccc1C(=O)C2=O,100.0,0.00156,-4.806875401645539,1,5.0,16.4,26.98,,tablet,False,False
Lapachone,CC1(C)CCC2=C(O1)c1ccccc1C(=O)C2=O,150.0,0.0023299999999999,-4.808735338029663,1,4.0,24.6,43.22,,tablet,False,False
Lapachone,CC1(C)CCC2=C(O1)c1ccccc1C(=O)C2=O,200.0,0.0089,-4.351639989019069,1,4.0,22.7,72.97,,tablet,False,False
Lapachone,CC1(C)CCC2=C(O1)c1ccccc1C(=O)C2=O,400.0,0.00954,-4.622511616623867,1,3.0,13.4,74.07,,tablet,False,False
omaveloxolone,CC1(C)CC[C@]2(NC(=O)C(C)(F)F)CC[C@]3(C)[C@H](C(=O)C=C4[C@@]5(C)C=C(C#N)C(=O)C(C)(C)[C@@H]5CC[C@]43C)[C@@H]2C1,150.0,0.0324099999999999,-3.665412228023472,1,10.0,86.9,1548.0,,capsule,False,False
nilutamide,CC1(C)NC(=O)N(c2ccc([N+](=O)[O-])c(C(F)(F)F)c2)C1=O,100.0,0.8,-2.096910013008056,1,1.8,43.0,25000.0,,,False,False
nilutamide,CC1(C)NC(=O)N(c2ccc([N+](=O)[O-])c(C(F)(F)F)c2)C1=O,200.0,1.6,-2.096910013008056,1,1.5,45.0,56000.0,,,False,False
nilutamide,CC1(C)NC(=O)N(c2ccc([N+](=O)[O-])c(C(F)(F)F)c2)C1=O,300.0,2.3,-2.115393418702069,1,1.5,49.0,84000.0,,,False,False
Acoziborole,CC1(C)OB(O)c2cc(NC(=O)c3ccc(F)cc3C(F)(F)F)ccc21,20.0,1.14,-1.2441251443275088,1,14.0,399.0,661000.0,,capsule,False,False
Acoziborole,CC1(C)OB(O)c2cc(NC(=O)c3ccc(F)cc3C(F)(F)F)ccc21,40.0,1.8100000000000005,-1.344381416458778,1,30.0,270.0,709000.0,,capsule,False,False
Acoziborole,CC1(C)OB(O)c2cc(NC(=O)c3ccc(F)cc3C(F)(F)F)ccc21,80.0,2.67,-1.4765787256273684,1,18.0,303.0,1156000.0,,capsule,False,False
Acoziborole,CC1(C)OB(O)c2cc(NC(=O)c3ccc(F)cc3C(F)(F)F)ccc21,120.0,3.640000000000001,-1.5180798623985687,1,14.0,371.0,1844000.0,,capsule,False,False
Acoziborole,CC1(C)OB(O)c2cc(NC(=O)c3ccc(F)cc3C(F)(F)F)ccc21,160.0,4.68,-1.5338741295818008,1,12.0,267.0,1709000.0,,capsule,False,False
Acoziborole,CC1(C)OB(O)c2cc(NC(=O)c3ccc(F)cc3C(F)(F)F)ccc21,200.0,6.3100000000000005,-1.501000636419847,1,30.0,324.0,2400000.0,,capsule,False,False
Acoziborole,CC1(C)OB(O)c2cc(NC(=O)c3ccc(F)cc3C(F)(F)F)ccc21,240.0,6.07,-1.5970225506363485,1,36.0,285.0,2551000.0,,capsule,False,False
Acoziborole,CC1(C)OB(O)c2cc(NC(=O)c3ccc(F)cc3C(F)(F)F)ccc21,320.0,7.95,-1.6047828496634358,1,36.0,320.0,3285000.0,,capsule,False,False
Acoziborole,CC1(C)OB(O)c2cc(NC(=O)c3ccc(F)cc3C(F)(F)F)ccc21,400.0,9.160000000000002,-1.640164517660112,1,60.0,411.0,3888000.0,,capsule,False,False
Acoziborole,CC1(C)OB(O)c2cc(NC(=O)c3ccc(F)cc3C(F)(F)F)ccc21,600.0,13.199999999999998,-1.6575773191777938,1,48.0,321.0,5132000.0,,capsule,False,False
Acoziborole,CC1(C)OB(O)c2cc(NC(=O)c3ccc(F)cc3C(F)(F)F)ccc21,800.0,17.0,-1.6726410656136697,1,48.0,303.0,5899000.0,,capsule,False,False
Acoziborole,CC1(C)OB(O)c2cc(NC(=O)c3ccc(F)cc3C(F)(F)F)ccc21,960.0,19.200000000000003,-1.6989700043360187,1,72.0,409.0,7979000.0,,capsule,False,False
Acoziborole,CC1(C)OB(O)c2cc(NC(=O)c3ccc(F)cc3C(F)(F)F)ccc21,1000.0,22.5,-1.6478174818886375,1,72.0,349.0,6886000.0,,capsule,False,False
Acoziborole,CC1(C)OB(O)c2cc(NC(=O)c3ccc(F)cc3C(F)(F)F)ccc21,1200.0,22.8,-1.7212463990471711,1,72.0,364.0,8574000.0,,capsule,False,False
dimethadione,CC1(C)OC(=O)NC1=O,65.3,3.32,-1.2937750975710376,1,66.0,245.1,1509000.0,,powder,True,False
dimethadione,CC1(C)OC(=O)NC1=O,130.6,6.090000000000001,-1.3313258843061797,1,66.0,204.2,1991000.0,,powder,True,False
dimethadione,CC1(C)OC(=O)NC1=O,261.2,12.830000000000002,-1.3087465162281078,1,66.0,160.0,3667000.0,,powder,True,False
topiramate,CC1(C)O[C@@H]2[C@@H](CO[C@@]3(COS(N)(=O)=O)OC(C)(C)O[C@@H]23)O1,100.0,1.73,-1.7619538968712043,1,1.75,18.7,45000.0,,tablet,False,False
topiramate,CC1(C)O[C@@H]2[C@@H](CO[C@@]3(COS(N)(=O)=O)OC(C)(C)O[C@@H]23)O1,200.0,3.68,-1.7351821769904636,1,1.42,23.0,119400.0,,tablet,False,False
topiramate,CC1(C)O[C@@H]2[C@@H](CO[C@@]3(COS(N)(=O)=O)OC(C)(C)O[C@@H]23)O1,400.0,7.699999999999999,-1.7155692661554804,1,3.5,23.0,267600.0,,tablet,False,False
topiramate,CC1(C)O[C@@H]2[C@@H](CO[C@@]3(COS(N)(=O)=O)OC(C)(C)O[C@@H]23)O1,800.0,18.38,-1.6387444799418511,1,4.33,22.0,578400.0,,tablet,False,False
topiramate,CC1(C)O[C@@H]2[C@@H](CO[C@@]3(COS(N)(=O)=O)OC(C)(C)O[C@@H]23)O1,1200.0,28.730000000000004,-1.6208456200556771,1,3.75,20.0,898800.0,,tablet,False,False
mecillinam,CC1(C)S[C@@H]2[C@H](N=CN3CCCCCC3)C(=O)N2[C@H]1C(=O)O,200.0,2.829,-1.8493970482069904,1,1.0,1.17,6255.0,30.0,tablet,True,False
mecillinam,CC1(C)S[C@@H]2[C@H](N=CN3CCCCCC3)C(=O)N2[C@H]1C(=O)O,400.0,3.619,-2.043471408219763,1,1.33,1.4,9073.0,30.0,tablet,True,False
mecillinam,CC1(C)S[C@@H]2[C@H](N=CN3CCCCCC3)C(=O)N2[C@H]1C(=O)O,600.0,4.512,-2.123782159408358,1,1.33,1.43,12527.0,30.0,tablet,True,False
cyclacillin,CC1(C)S[C@@H]2[C@H](NC(=O)C3(N)CCCCC3)C(=O)N2[C@H]1C(=O)O,250.0,5.405034689990435,-1.665141523033388,2,0.5,0.655,6405.0,,tablet,False,False
cyclacillin,CC1(C)S[C@@H]2[C@H](NC(=O)C3(N)CCCCC3)C(=O)N2[C@H]1C(=O)O,500.0,14.489999999999998,-1.5379016188648442,1,0.5,0.63,17060.0,,tablet,False,False
cyclacillin,CC1(C)S[C@@H]2[C@H](NC(=O)C3(N)CCCCC3)C(=O)N2[C@H]1C(=O)O,1000.0,31.800000000000008,-1.4975728800155672,1,0.5,0.7,39860.0,,tablet,False,False
cyclacillin,CC1(C)S[C@@H]2[C@H](NC(=O)C3(N)CCCCC3)C(=O)N2[C@H]1C(=O)O,1500.0,60.100000000000016,-1.3972167870529415,1,0.63,0.9,62600.0,,tablet,False,False
cyclacillin,CC1(C)S[C@@H]2[C@H](NC(=O)C3(N)CCCCC3)C(=O)N2[C@H]1C(=O)O,3000.0,113.39999999999998,-1.422508200162775,1,0.75,0.8,177400.0,,,False,False
phenoxymethylpenicillin,CC1(C)S[C@@H]2[C@H](NC(=O)COc3ccccc3)C(=O)N2[C@H]1C(=O)O,400.0,5.140000000000001,-1.8910968723326864,1,0.75,0.52,6890.0,,tablet,False,False
phenoxymethylpenicillin,CC1(C)S[C@@H]2[C@H](NC(=O)COc3ccccc3)C(=O)N2[C@H]1C(=O)O,1000.0,13.710000000000004,-1.8629625452104872,1,0.75,0.78,19010.0,,tablet,False,False
phenoxymethylpenicillin,CC1(C)S[C@@H]2[C@H](NC(=O)COc3ccccc3)C(=O)N2[C@H]1C(=O)O,2000.0,23.070000000000007,-1.937982401142888,1,0.75,0.91,33360.0,,tablet,False,False
phenoxymethylpenicillin,CC1(C)S[C@@H]2[C@H](NC(=O)COc3ccccc3)C(=O)N2[C@H]1C(=O)O,3000.0,31.089999999999996,-1.9845005326764709,1,0.75,1.05,43940.0,,tablet,False,False
amoxicillin,CC1(C)S[C@@H]2[C@H](NC(=O)[C@H](N)c3ccc(O)cc3)C(=O)N2[C@H]1C(=O)O,375.0,8.1,-1.665546248849069,1,1.0,1.7,19500.0,,tablet,False,False
amoxicillin,CC1(C)S[C@@H]2[C@H](NC(=O)[C@H](N)c3ccc(O)cc3)C(=O)N2[C@H]1C(=O)O,500.0,9.14330356052997,-1.7378668656165106,2,1.44,1.26,26600.0,77.4,capsule,False,False
amoxicillin,CC1(C)S[C@@H]2[C@H](NC(=O)[C@H](N)c3ccc(O)cc3)C(=O)N2[C@H]1C(=O)O,750.0,12.999999999999998,-1.7611179110848634,1,1.5,1.5,33000.0,,tablet,False,False
amoxicillin,CC1(C)S[C@@H]2[C@H](NC(=O)[C@H](N)c3ccc(O)cc3)C(=O)N2[C@H]1C(=O)O,1000.0,13.37,-1.873868592738016,1,2.25,1.28,46100.0,,tablet,False,False
amoxicillin,CC1(C)S[C@@H]2[C@H](NC(=O)[C@H](N)c3ccc(O)cc3)C(=O)N2[C@H]1C(=O)O,1500.0,17.899999999999995,-1.9232382280757885,1,1.75,1.6,53900.0,,tablet,False,False
amoxicillin,CC1(C)S[C@@H]2[C@H](NC(=O)[C@H](N)c3ccc(O)cc3)C(=O)N2[C@H]1C(=O)O,3000.0,27.733733971465156,-2.034112909338272,2,2.0,1.485,87250.0,45.0,tablet,False,False
ampicillin,CC1(C)S[C@@H]2[C@H](NC(=O)[C@H](N)c3ccccc3)C(=O)N2[C@H]1C(=O)O,394.0,7.1,-1.744237873106499,1,0.5,1.1,10900.0,,tablet,True,False
ampicillin,CC1(C)S[C@@H]2[C@H](NC(=O)[C@H](N)c3ccccc3)C(=O)N2[C@H]1C(=O)O,787.0,11.3,-1.8428962888756448,1,0.88,1.1,20900.0,,tablet,True,False
ampicillin,CC1(C)S[C@@H]2[C@H](NC(=O)[C@H](N)c3ccccc3)C(=O)N2[C@H]1C(=O)O,1575.0,17.7,-1.9493072917638128,1,1.5,1.3,38800.0,,tablet,True,False
ampicillin,CC1(C)S[C@@H]2[C@H](NC(=O)[C@H](N)c3ccccc3)C(=O)N2[C@H]1C(=O)O,3150.0,26.2,-2.080009262469855,1,1.5,1.4,65700.0,,tablet,True,False
memantine,CC12CC3CC(C)(C1)CC(N)(C3)C2,5.0,0.0062,-2.906578314837765,1,5.7,66.86,540.05,100.0,,False,False
memantine,CC12CC3CC(C)(C1)CC(N)(C3)C2,10.0,0.0115999999999999,-2.9355420107730814,1,6.0,63.57,932.07,100.0,,False,False
memantine,CC12CC3CC(C)(C1)CC(N)(C3)C2,20.0,0.0253399999999999,-2.8972233851165585,1,6.89,62.06,1853.29,100.0,,False,False
beta carotene,CC1=C(/C=C/C(C)=C/C=C/C(C)=C/C=C/C=C(C)/C=C/C=C(C)/C=C/C2=C(C)CCCC2(C)C)C(C)(C)CCC1,30.0,0.1626999999999999,-2.265733701782804,1,36.0,,7248.0,,capsule,False,False
beta carotene,CC1=C(/C=C/C(C)=C/C=C/C(C)=C/C=C/C=C(C)/C=C/C=C(C)/C=C/C2=C(C)CCCC2(C)C)C(C)(C)CCC1,60.0,0.2643999999999999,-2.355889799570041,1,36.0,,13655.0,,capsule,False,False
beta carotene,CC1=C(/C=C/C(C)=C/C=C/C(C)=C/C=C/C=C(C)/C=C/C=C(C)/C=C/C2=C(C)CCCC2(C)C)C(C)(C)CCC1,120.0,0.3402,-2.547446936771075,1,35.0,,19657.0,,capsule,False,False
isotretinoin,CC1=C(/C=C/C(C)=C/C=C/C(C)=C\C(=O)O)C(C)(C)CCC1,40.0,0.314,-2.105130343254748,1,2.9,24.0,4055.0,,capsule,False,False
isotretinoin,CC1=C(/C=C/C(C)=C/C=C/C(C)=C\C(=O)O)C(C)(C)CCC1,80.0,0.68429,-2.0678497935929614,1,1.0,18.09,6052.88,,suspension,False,False
alitretinoin (9-cis-retinoic acid),CC1=C(/C=C/C(C)=C\C=C\C(C)=C\C(=O)O)C(C)(C)CCC1,5.0,0.0247,-2.306273051076353,1,3.5,,49.2,,capsule,False,False
alitretinoin (9-cis-retinoic acid),CC1=C(/C=C/C(C)=C\C=C\C(C)=C\C(=O)O)C(C)(C)CCC1,15.0,0.0566,-2.42327482786741,1,3.0,,161.5,,capsule,False,False
alitretinoin (9-cis-retinoic acid),CC1=C(/C=C/C(C)=C\C=C\C(C)=C\C(=O)O)C(C)(C)CCC1,30.0,0.144,-2.318758762624413,1,0.84,5.6,314.0,,capsule,False,False
alitretinoin (9-cis-retinoic acid),CC1=C(/C=C/C(C)=C\C=C\C(C)=C\C(=O)O)C(C)(C)CCC1,40.0,0.1462,-2.437112618706121,1,3.0,1.9,374.2,,capsule,False,False
alitretinoin (9-cis-retinoic acid),CC1=C(/C=C/C(C)=C\C=C\C(C)=C\C(=O)O)C(C)(C)CCC1,80.0,0.3557,-2.352006121806163,1,3.0,1.9,1076.1,,capsule,False,False
alitretinoin (9-cis-retinoic acid),CC1=C(/C=C/C(C)=C\C=C\C(C)=C\C(=O)O)C(C)(C)CCC1,150.0,0.5872,-2.407305212147667,1,3.0,1.6,1671.7,,capsule,False,False
cefradine,CC1=C(C(=O)O)N2C(=O)[C@@H](NC(=O)[C@H](N)C3=CCC=CC3)[C@H]2SC1,250.0,9.4,-1.424812155072339,1,0.8,1.1,15000.0,,capsule,False,False
cefradine,CC1=C(C(=O)O)N2C(=O)[C@@H](NC(=O)[C@H](N)C3=CCC=CC3)[C@H]2SC1,500.0,15.060000000000002,-1.521145032471337,1,1.0,,23450.0,,capsule,False,False
cefadroxil,CC1=C(C(=O)O)N2C(=O)[C@@H](NC(=O)[C@H](N)c3ccc(O)cc3)[C@H]2SC1,250.0,8.848728722251575,-1.451059127643066,2,1.15,1.525,23450.0,,capsule,False,False
cefadroxil,CC1=C(C(=O)O)N2C(=O)[C@@H](NC(=O)[C@H](N)c3ccc(O)cc3)[C@H]2SC1,500.0,16.440498775888766,-1.4830550151994877,2,1.4,1.65,47800.0,,solution,False,False
cefadroxil,CC1=C(C(=O)O)N2C(=O)[C@@H](NC(=O)[C@H](N)c3ccc(O)cc3)[C@H]2SC1,1000.0,32.951038503761424,-1.4821308933811792,3,1.5,1.63,108500.0,,capsule,False,False
cephalexin,CC1=C(C(=O)O)N2C(=O)[C@@H](NC(=O)[C@H](N)c3ccccc3)[C@H]2SC1,250.0,12.000000000000002,-1.3187587626244128,1,0.6,1.1,14100.0,90.0,solution,False,False
cephalexin,CC1=C(C(=O)O)N2C(=O)[C@@H](NC(=O)[C@H](N)c3ccccc3)[C@H]2SC1,500.0,20.700000000000003,-1.382999658879101,1,0.6,1.0,29000.0,90.0,solution,False,False
cephalexin,CC1=C(C(=O)O)N2C(=O)[C@@H](NC(=O)[C@H](N)c3ccccc3)[C@H]2SC1,1000.0,42.00000000000001,-1.3767507096020994,1,0.6,1.1,59900.0,90.0,solution,False,False
Azelnidipine,CC1=C(C(=O)OC(C)C)C(c2cccc([N+](=O)[O-])c2)C(C(=O)OC2CN(C(c3ccccc3)c3ccccc3)C2)=C(N)N1,8.0,0.0086599999999999,-2.9655720949745974,1,2.8,22.8,186.0,,tablet,False,False
Azelnidipine,CC1=C(C(=O)OC(C)C)C(c2cccc([N+](=O)[O-])c2)C(C(=O)OC2CN(C(c3ccccc3)c3ccccc3)C2)=C(N)N1,16.0,0.01917,-2.921497869777862,1,3.0,23.5,429.0,,tablet,False,False
sulindac,CC1=C(CC(=O)O)c2cc(F)ccc2/C1=C\c1ccc([S+](C)[O-])cc1,150.0,3.8,-1.5963076624388712,1,2.0,,14870.0,,tablet,False,False
sulindac,CC1=C(CC(=O)O)c2cc(F)ccc2/C1=C\c1ccc([S+](C)[O-])cc1,200.0,7.440000000000001,-1.4294570601181025,1,1.65,6.61,34400.0,,tablet,False,False
sulindac,CC1=C(CC(=O)O)c2cc(F)ccc2/C1=C\c1ccc([S+](C)[O-])cc1,300.0,11.400000000000004,-1.4202164033831897,1,1.67,2.95,35850.0,,tablet,False,False
sulindac sulfone,CC1=C(CC(=O)O)c2cc(F)ccc2C1=Cc1ccc(S(C)(=O)=O)cc1,150.0,3.2000000000000006,-1.6709412807357753,1,4.0,,25140.0,,tablet,True,False
sulindac sulfone,CC1=C(CC(=O)O)c2cc(F)ccc2C1=Cc1ccc(S(C)(=O)=O)cc1,200.0,3.56,-1.749579997691106,1,2.1,14.81,57350.0,,tablet,True,False
lutein,CC1=C[C@H](O)CC(C)(C)[C@H]1/C=C/C(C)=C/C=C/C(C)=C/C=C/C=C(C)/C=C/C=C(C)/C=C/C1=C(C)C[C@@H](O)CC1(C)C,19.91,0.42098,-1.674809796248654,1,16.0,,29297.63,,solution,False,False
eltrombopag,CC1=NN(c2ccc(C)c(C)c2)C(=O)/C1=N\Nc1cccc(-c2cccc(C(=O)O)c2)c1O,25.0,2.55,-0.9913998282380824,1,3.0,20.5,34200.0,,tablet,False,False
eltrombopag,CC1=NN(c2ccc(C)c(C)c2)C(=O)/C1=N\Nc1cccc(-c2cccc(C(=O)O)c2)c1O,50.0,5.752652004132838,-0.9391019013440648,3,3.0,25.8,66000.0,,,False,False
eltrombopag,CC1=NN(c2ccc(C)c(C)c2)C(=O)/C1=N\Nc1cccc(-c2cccc(C(=O)O)c2)c1O,100.0,11.099999999999998,-0.9546770212133426,1,4.0,23.6,140000.0,,,False,False
edaravone,CC1=NN(c2ccccc2)C(=O)C1,30.0,0.208,-2.159057919756901,1,0.4,2.4,284.0,,solution,False,False
edaravone,CC1=NN(c2ccccc2)C(=O)C1,60.0,0.755,-1.9002042987544556,1,0.3,3.2,814.0,,solution,False,False
edaravone,CC1=NN(c2ccccc2)C(=O)C1,105.0,1.656,-1.802128966621077,1,0.5,9.75,1762.0,57.3,suspension,False,False
edaravone,CC1=NN(c2ccccc2)C(=O)C1,120.0,1.735,-1.8398817669207324,1,0.4,5.1,2259.0,,suspension,False,False
edaravone,CC1=NN(c2ccccc2)C(=O)C1,200.0,4.933,-1.60791888020184,1,0.4,9.1,6313.0,,suspension,False,False
edaravone,CC1=NN(c2ccccc2)C(=O)C1,300.0,5.426,-1.7426414652940851,1,0.8,9.1,9121.0,,suspension,False,False
diazoxide,CC1=NS(=O)(=O)c2cc(Cl)ccc2N1,100.0,4.99,-1.30189945437661,1,4.0,27.0,230000.0,91.0,capsule,False,False
21-desacetyldeflazacort,CC1=N[C@]2(C(=O)CO)[C@@H](C[C@H]3[C@@H]4CCC5=CC(=O)C=C[C@]5(C)[C@H]4[C@@H](O)C[C@@]32C)O1,3.0,0.0103999999999999,-2.4600879154208823,1,1.3,2.3,38.5,,suspension,True,False
21-desacetyldeflazacort,CC1=N[C@]2(C(=O)CO)[C@@H](C[C@H]3[C@@H]4CCC5=CC(=O)C=C[C@]5(C)[C@H]4[C@@H](O)C[C@@]32C)O1,6.0,0.0198,-2.4814860601221125,1,1.4,1.9,64.9,,suspension,True,False
21-desacetyldeflazacort,CC1=N[C@]2(C(=O)CO)[C@@H](C[C@H]3[C@@H]4CCC5=CC(=O)C=C[C@]5(C)[C@H]4[C@@H](O)C[C@@]32C)O1,30.0,0.116,-2.412663265492744,1,1.3,1.3,280.0,,tablet,True,False
21-desacetyldeflazacort,CC1=N[C@]2(C(=O)CO)[C@@H](C[C@H]3[C@@H]4CCC5=CC(=O)C=C[C@]5(C)[C@H]4[C@@H](O)C[C@@]32C)O1,36.0,0.1326,-2.433758976698533,1,1.5,2.4,411.7,,suspension,True,False
ofloxacin,CC1COc2c(N3CCN(C)CC3)c(F)cc3c(=O)c(C(=O)O)cn1c23,100.0,1.32,-1.8794260687941504,1,1.64,5.08,8660.0,,tablet,False,False
ofloxacin,CC1COc2c(N3CCN(C)CC3)c(F)cc3c(=O)c(C(=O)O)cn1c23,200.0,1.74,-2.0604807473813813,1,1.53,5.61,13610.0,,tablet,False,False
ofloxacin,CC1COc2c(N3CCN(C)CC3)c(F)cc3c(=O)c(C(=O)O)cn1c23,300.0,3.0048421802252894,-1.9992995877177395,3,1.43,5.65,21500.0,,tablet,False,False
ofloxacin,CC1COc2c(N3CCN(C)CC3)c(F)cc3c(=O)c(C(=O)O)cn1c23,400.0,3.14,-2.1051303432547472,1,1.74,5.48,28360.0,105.0,tablet,False,False
ofloxacin,CC1COc2c(N3CCN(C)CC3)c(F)cc3c(=O)c(C(=O)O)cn1c23,600.0,7.348469228349535,-1.9119543704721595,2,1.29,6.455,60885.0,,tablet,False,False
ofloxacin,CC1COc2c(N3CCN(C)CC3)c(F)cc3c(=O)c(C(=O)O)cn1c23,800.0,9.8,-1.9118639112994489,1,1.9,6.5,93100.0,,tablet,False,False
nifurtimox,CC1CS(=O)(=O)CCN1/N=C/c1ccc([N+](=O)[O-])o1,862.5,0.751,-3.060119166741144,1,2.24,2.95,5430.0,,tablet,False,False
indapamide,CC1Cc2ccccc2N1NC(=O)c1ccc(Cl)c(S(N)(=O)=O)c1,2.5,0.1055120846159339,-1.37463780513829,2,1.15,18.4,1814.15,,tablet,False,False
indapamide,CC1Cc2ccccc2N1NC(=O)c1ccc(Cl)c(S(N)(=O)=O)c1,5.0,0.2464812366083877,-1.3071861401450675,2,2.9,15.0,4440.0,,tablet,False,False
cevimeline (sni-2011),CC1O[C@@]2(CS1)CN1CCC2CC1,30.0,90.00000000000003,0.4771212547196626,1,1.85,4.09,520000.0,,,False,False
cefprozil,CC=CC1=C(C(=O)O)N2C(=O)[C@@H](NC(=O)[C@H](N)c3ccc(O)cc3)[C@H]2SC1,250.0,5.524872802023761,-1.6556177248696566,3,1.25,1.3,15000.0,90.0,capsule,False,False
cefprozil,CC=CC1=C(C(=O)O)N2C(=O)[C@@H](NC(=O)[C@H](N)c3ccc(O)cc3)[C@H]2SC1,500.0,9.670573922989265,-1.713517755259127,2,1.555,1.235,29615.0,90.0,capsule,False,False
methadone,CCC(=O)C(CC(C)N(C)C)(c1ccccc1)c1ccccc1,10.0,0.0359165699921359,-2.444705144850376,2,2.45,32.45,1247.0,85.0,solution,False,False
alfentanil,CCC(=O)N(c1ccccc1)C1(COC)CCN(CCn2nnn(CC)c2=O)CC1,1.5,0.016,-1.9719712763997568,1,0.6,1.0,27.0,,solution,False,False
alfentanil,CCC(=O)N(c1ccccc1)C1(COC)CCN(CCn2nnn(CC)c2=O)CC1,1.95,0.023,-1.9283067753449248,1,0.7,1.2,38.0,,solution,False,False
alfentanil,CCC(=O)N(c1ccccc1)C1(COC)CCN(CCn2nnn(CC)c2=O)CC1,2.79,0.0309999999999999,-1.954242509439325,1,0.9,1.0,57.0,,solution,False,False
alfentanil,CCC(=O)N(c1ccccc1)C1(COC)CCN(CCn2nnn(CC)c2=O)CC1,4.44,0.045,-1.994170456339276,1,0.7,1.3,103.0,43.0,solution,False,False
alfentanil,CCC(=O)N(c1ccccc1)C1(COC)CCN(CCn2nnn(CC)c2=O)CC1,4.88,0.0499999999999999,-1.989449817666692,1,0.7,1.1,105.0,,solution,False,False
leniolisib,CCC(=O)N1CC[C@H](Nc2ncnc3c2CN(c2cnc(OC)c(C(F)(F)F)c2)CC3)C1,400.0,13.513950000000005,-1.4712776835737158,1,2.0,4.8,105408.81,,,False,False
ramelteon,CCC(=O)NCC[C@@H]1CCc2ccc3c(c21)CCO3,4.0,0.00115,-3.5413621509743507,1,0.78,0.83,1.71,1.8,tablet,False,False
ramelteon,CCC(=O)NCC[C@@H]1CCc2ccc3c(c21)CCO3,8.0,0.0057299999999999,-3.144935365024554,1,0.75,1.36,6.95,1.8,tablet,False,False
ramelteon,CCC(=O)NCC[C@@H]1CCc2ccc3c(c21)CCO3,16.0,0.00692,-3.364013888199167,1,0.78,1.28,9.88,1.8,tablet,False,False
ramelteon,CCC(=O)NCC[C@@H]1CCc2ccc3c(c21)CCO3,32.0,0.0174,-3.2646007300373063,1,0.88,1.59,22.5,1.8,tablet,False,False
ramelteon,CCC(=O)NCC[C@@H]1CCc2ccc3c(c21)CCO3,64.0,0.0259,-3.392880209902635,1,0.94,1.9,36.1,1.8,tablet,False,False
tasimelteon,CCC(=O)NC[C@@H]1C[C@H]1c1cccc2c1CCO2,5.0,0.068,-1.8664610916297824,1,0.5,1.2,102.0,,,False,False
tasimelteon,CCC(=O)NC[C@@H]1C[C@H]1c1cccc2c1CCO2,20.0,0.2359595014589781,-1.9281925257539347,7,0.5,1.31,366.1,38.33,capsule,False,False
dextropropoxyphene,CCC(=O)O[C@](Cc1ccccc1)(c1ccccc1)[C@H](C)CN(C)C,65.0,0.0526032318398784,-3.091900929464242,2,2.15,13.95,410.0,,capsule,False,False
beclomethasone 17-monopropionate,CCC(=O)O[C@]1(C(=O)CO)[C@@H](C)C[C@H]2[C@@H]3CCC4=CC(=O)C=C[C@]4(C)[C@@]3(Cl)[C@@H](O)C[C@@]21C,4.0,0.0007,-3.7569619513137056,1,4.0,8.8,10.16,41.0,suspension,True,False
simvastatin acid,CCC(C)(C)C(=O)O[C@H]1C[C@@H](C)C=C2C=C[C@H](C)[C@H](CC[C@@H](O)C[C@@H](O)CC(=O)O)[C@H]21,20.0,0.0013398465471905,-4.173974934257831,4,4.46,6.05,13.4,,tablet,True,False
simvastatin acid,CCC(C)(C)C(=O)O[C@H]1C[C@@H](C)C=C2C=C[C@H](C)[C@H](CC[C@@H](O)C[C@@H](O)CC(=O)O)[C@H]21,40.0,0.0027909811174917,-4.156303093068242,4,5.0,3.55,21.485,,tablet,True,False
simvastatin acid,CCC(C)(C)C(=O)O[C@H]1C[C@@H](C)C=C2C=C[C@H](C)[C@H](CC[C@@H](O)C[C@@H](O)CC(=O)O)[C@H]21,80.0,0.0045825756949558,-4.241980339624984,2,3.9,6.7,54.65,,tablet,True,False
simvastatin,CCC(C)(C)C(=O)O[C@H]1C[C@@H](C)C=C2C=C[C@H](C)[C@H](CC[C@@H]3C[C@@H](O)CC(=O)O3)[C@H]21,20.0,0.0032928799198274,-3.783454101911432,4,1.875,5.4,14.75,5.0,tablet,False,False
simvastatin,CCC(C)(C)C(=O)O[C@H]1C[C@@H](C)C=C2C=C[C@H](C)[C@H](CC[C@@H]3C[C@@H](O)CC(=O)O3)[C@H]21,40.0,0.0088592141198895,-3.654664792977375,5,1.9,4.81,36.2,5.0,tablet,False,False
simvastatin,CCC(C)(C)C(=O)O[C@H]1C[C@@H](C)C=C2C=C[C@H](C)[C@H](CC[C@@H]3C[C@@H](O)CC(=O)O3)[C@H]21,80.0,0.0181931305717295,-3.643182550542791,2,1.4,6.85,98.4,5.0,tablet,False,False
itraconazole,CCC(C)n1ncn(-c2ccc(N3CCN(c4ccc(OC[C@H]5CO[C@](Cn6cncn6)(c6ccc(Cl)cc6Cl)O5)cc4)CC3)cc2)c1=O,100.0,0.0383999999999999,-3.415668775632469,1,3.3,24.0,722.0,55.0,capsule,False,False
Dalcetrapib,CCC(CC)CC1(C(=O)Nc2ccccc2SC(=O)C(C)C)CCCCC1,2100.0,5.150000000000001,-2.6104120656927283,1,6.0,20.0,59000.0,,tablet,False,False
Dalcetrapib,CCC(CC)CC1(C(=O)Nc2ccccc2SC(=O)C(C)C)CCCCC1,2700.0,6.51,-2.617782775590796,1,6.0,18.4,68000.0,,tablet,False,False
Dalcetrapib,CCC(CC)CC1(C(=O)Nc2ccccc2SC(=O)C(C)C)CCCCC1,3300.0,7.620000000000001,-2.636558968538287,1,5.0,20.4,76500.0,,tablet,False,False
Dalcetrapib,CCC(CC)CC1(C(=O)Nc2ccccc2SC(=O)C(C)C)CCCCC1,3900.0,8.62,-2.6555573412017863,1,6.0,18.6,87400.0,,tablet,False,False
Dalcetrapib,CCC(CC)CC1(C(=O)Nc2ccccc2SC(=O)C(C)C)CCCCC1,4500.0,8.26,-2.736232466454961,1,6.0,19.2,88400.0,,tablet,False,False
oseltamivir acid,CCC(CC)O[C@@H]1C=C(C(=O)O)C[C@H](N)[C@H]1NC(C)=O,20.0,0.0679,-2.46916022138348,1,4.9,6.7,754.0,80.0,capsule,True,False
oseltamivir acid,CCC(CC)O[C@@H]1C=C(C(=O)O)C[C@H](N)[C@H]1NC(C)=O,50.0,0.154,-2.511449283499556,1,4.4,6.8,1656.0,80.0,capsule,True,False
oseltamivir acid,CCC(CC)O[C@@H]1C=C(C(=O)O)C[C@H](N)[C@H]1NC(C)=O,100.0,0.25,-2.6020599913279625,1,3.7,8.2,2698.0,80.0,capsule,True,False
oseltamivir acid,CCC(CC)O[C@@H]1C=C(C(=O)O)C[C@H](N)[C@H]1NC(C)=O,200.0,0.56,-2.552841968657781,1,4.7,7.7,6487.0,80.0,capsule,True,False
oseltamivir acid,CCC(CC)O[C@@H]1C=C(C(=O)O)C[C@H](N)[C@H]1NC(C)=O,500.0,1.682,-2.4731440128741253,1,3.7,6.9,18131.0,80.0,capsule,True,False
oseltamivir acid,CCC(CC)O[C@@H]1C=C(C(=O)O)C[C@H](N)[C@H]1NC(C)=O,1000.0,3.955000000000001,-2.402853512166305,1,3.8,6.9,40646.0,80.0,capsule,True,False
methysergide,CCC(CO)NC(=O)[C@@H]1C=C2c3cccc4c3c(cn4C)C[C@H]2N(C)C1,2.0,0.00177,-3.0530567293021744,1,1.0,1.03,3.32,13.0,,False,False
benzoic acid,CCC(COC(=O)c1cc(OC)c(OC)c(OC)c1)(NC)c1ccccc1,125.0,0.9489,-2.119689566372671,1,1.75,8.73,3676.37,,tablet,True,False
benzoic acid,CCC(COC(=O)c1cc(OC)c(OC)c(OC)c1)(NC)c1ccccc1,250.0,2.09902,-2.075923432000901,1,1.03,8.4,7482.51,,tablet,True,False
benzoic acid,CCC(COC(=O)c1cc(OC)c(OC)c(OC)c1)(NC)c1ccccc1,375.0,2.06467,-2.259180620273673,1,1.25,9.54,8825.94,,tablet,True,False
benzoic acid,CCC(COC(=O)c1cc(OC)c(OC)c(OC)c1)(NC)c1ccccc1,500.0,2.4529,-2.309290161116769,1,1.5,12.49,13425.25,,tablet,True,False
benzoic acid,CCC(COC(=O)c1cc(OC)c(OC)c(OC)c1)(NC)c1ccccc1,1000.0,4.681640000000001,-2.3296019849205845,1,2.0,11.07,28397.48,,tablet,True,False
trimebutine,CCC(COC(=O)c1cc(OC)c(OC)c(OC)c1)(c1ccccc1)N(C)C,125.0,0.0181399999999999,-3.83827273028398,1,1.0,3.25,30.33,,tablet,False,False
trimebutine,CCC(COC(=O)c1cc(OC)c(OC)c(OC)c1)(c1ccccc1)N(C)C,250.0,0.05229,-3.679521366842382,1,1.0,3.62,88.32,,tablet,False,False
trimebutine,CCC(COC(=O)c1cc(OC)c(OC)c(OC)c1)(c1ccccc1)N(C)C,375.0,0.02351,-4.20277863860278,1,1.0,8.92,89.04,,tablet,False,False
trimebutine,CCC(COC(=O)c1cc(OC)c(OC)c(OC)c1)(c1ccccc1)N(C)C,500.0,0.0389399999999999,-4.108574057152006,1,1.15,8.48,127.7,,tablet,False,False
trimebutine,CCC(COC(=O)c1cc(OC)c(OC)c(OC)c1)(c1ccccc1)N(C)C,1000.0,0.0808299999999999,-4.0924274212014495,1,1.5,12.48,447.69,,tablet,False,False
phenprocoumon,CCC(c1ccccc1)c1c(O)c2ccccc2oc1=O,15.0,1.375,-1.0377885608893995,1,3.5,109.8,221010.0,,,False,False
phenprocoumon,CCC(c1ccccc1)c1c(O)c2ccccc2oc1=O,16.1,1.7,-0.976376954653576,1,4.1,106.0,258000.0,,tablet,False,False
phenprocoumon,CCC(c1ccccc1)c1c(O)c2ccccc2oc1=O,18.0,2.393,-0.8763298064898688,1,3.34,147.2,399296.0,,tablet,False,False
ponesimod,CCC/N=C1\S/C(=C\c2ccc(OC[C@H](O)CO)c(Cl)c2)C(=O)N1c1ccccc1C,1.0,0.0033999999999999,-2.468521082957745,1,3.3,21.7,96.0,,,False,False
ponesimod,CCC/N=C1\S/C(=C\c2ccc(OC[C@H](O)CO)c(Cl)c2)C(=O)N1c1ccccc1C,3.0,0.0136999999999999,-2.340400687563256,1,2.0,30.1,405.0,,,False,False
ponesimod,CCC/N=C1\S/C(=C\c2ccc(OC[C@H](O)CO)c(Cl)c2)C(=O)N1c1ccccc1C,8.0,0.0272,-2.468521082957745,1,3.3,33.4,913.0,,,False,False
ponesimod,CCC/N=C1\S/C(=C\c2ccc(OC[C@H](O)CO)c(Cl)c2)C(=O)N1c1ccccc1C,10.0,0.0544011029299958,-2.2643922953099915,2,4.0,31.65,1943.0,83.8,tablet,False,False
ponesimod,CCC/N=C1\S/C(=C\c2ccc(OC[C@H](O)CO)c(Cl)c2)C(=O)N1c1ccccc1C,20.0,0.071,-2.449771646944906,1,2.5,27.7,2344.0,,,False,False
ponesimod,CCC/N=C1\S/C(=C\c2ccc(OC[C@H](O)CO)c(Cl)c2)C(=O)N1c1ccccc1C,50.0,0.1629999999999999,-2.486782399932061,1,4.0,28.8,5266.0,,,False,False
ponesimod,CCC/N=C1\S/C(=C\c2ccc(OC[C@H](O)CO)c(Cl)c2)C(=O)N1c1ccccc1C,75.0,0.2739999999999999,-2.437310700571312,1,4.0,31.4,9153.0,,,False,False
ethosuximide,CCC1(C)CC(=O)NC1=O,500.0,12.724173843515343,-1.5943404103292005,2,2.5,47.900000000000006,834345.0,,capsule,False,False
methyprylon,CCC1(CC)C(=O)NCC(C)C1=O,300.0,5.45,-1.74072475244302,1,1.37,9.2,68540.0,,capsule,False,False
aminoglutethimide,CCC1(c2ccc(N)cc2)CCC(=O)NC1=O,500.0,5.91,-1.9273825234547637,1,1.5,12.41,96650.0,,tablet,False,False
phenobarbital,CCC1(c2ccccc2)C(=O)NC(=O)NC1=O,0.1,0.0025999999999999,-1.5850266520291822,1,5.0,108.0,366.0,,solution,False,False
phenobarbital,CCC1(c2ccccc2)C(=O)NC(=O)NC1=O,60.0,1.25,-1.6812412373755872,1,4.83,165.22,295550.0,,tablet,False,False
phenobarbital,CCC1(c2ccccc2)C(=O)NC(=O)NC1=O,100.0,2.82,-1.5497508916806388,1,1.5,98.0,,100.0,tablet,False,False
phenobarbital,CCC1(c2ccccc2)C(=O)NC(=O)NC1=O,200.0,5.3,-1.576754126063192,1,1.5,118.2,918900.0,,capsule,False,False
phenobarbital,CCC1(c2ccccc2)C(=O)NC(=O)NC1=O,240.0,5.47,-1.6422239153781752,1,2.5,122.53,,83.4,tablet,False,False
primidone,CCC1(c2ccccc2)C(=O)NCNC1=O,500.0,8.97032,-1.7461620683426122,1,2.0,16.85,213535.12,,tablet,False,False
glimepiride,CCC1=C(C)CN(C(=O)NCCc2ccc(S(=O)(=O)NC(=O)N[C@H]3CC[C@H](C)CC3)cc2)C1=O,1.0,0.0863851839148357,-1.0635607377965588,2,2.55,5.955,522.5,107.0,tablet,False,False
glimepiride,CCC1=C(C)CN(C(=O)NCCc2ccc(S(=O)(=O)NC(=O)N[C@H]3CC[C@H](C)CC3)cc2)C1=O,2.0,0.1739,-1.0607304136612687,1,2.6,7.07,1209.8,,tablet,False,False
glimepiride,CCC1=C(C)CN(C(=O)NCCc2ccc(S(=O)(=O)NC(=O)N[C@H]3CC[C@H](C)CC3)cc2)C1=O,3.0,0.2547,-1.0710923097560474,1,2.19,8.54,1968.6,,tablet,False,False
glimepiride,CCC1=C(C)CN(C(=O)NCCc2ccc(S(=O)(=O)NC(=O)N[C@H]3CC[C@H](C)CC3)cc2)C1=O,4.0,0.3332,-1.0793549985932125,1,2.9,7.63,2894.8,,tablet,False,False
glimepiride,CCC1=C(C)CN(C(=O)NCCc2ccc(S(=O)(=O)NC(=O)N[C@H]3CC[C@H](C)CC3)cc2)C1=O,6.0,0.5122000000000001,-1.0687116762512328,1,2.5,8.75,3993.2,,tablet,False,False
vinorelbine,CCC1=C[C@@H]2CN(C1)Cc1c([nH]c3ccccc13)[C@@](C(=O)OC)(c1cc3c(cc1OC)N(C)[C@H]1[C@@](O)(C(=O)OC)[C@H](OC(C)=O)[C@]4(CC)C=CCN5CC[C@]31[C@@H]54)C2,138.4,0.1381166173926946,-3.000890156597943,2,1.5,39.95,1257.5,40.0,capsule,False,False
Mirogabalin,CCC1=C[C@@H]2[C@H](C1)C[C@]2(CN)CC(=O)O,3.0,0.0489999999999999,-1.7869251746911488,1,1.0,3.31,184.0,,powder,False,False
Mirogabalin,CCC1=C[C@@H]2[C@H](C1)C[C@]2(CN)CC(=O)O,5.0,0.0779999999999999,-1.8068754016455384,1,1.0,2.96,276.0,,tablet,False,False
Mirogabalin,CCC1=C[C@@H]2[C@H](C1)C[C@]2(CN)CC(=O)O,10.0,0.205,-1.6882461389442458,1,1.0,3.32,614.0,,tablet,False,False
Mirogabalin,CCC1=C[C@@H]2[C@H](C1)C[C@]2(CN)CC(=O)O,30.0,0.433,-1.840633358366297,1,1.0,3.37,1682.0,,tablet,False,False
Mirogabalin,CCC1=C[C@@H]2[C@H](C1)C[C@]2(CN)CC(=O)O,50.0,0.671,-1.872247484167027,1,1.0,3.82,3231.0,,tablet,False,False
Mirogabalin,CCC1=C[C@@H]2[C@H](C1)C[C@]2(CN)CC(=O)O,75.0,1.06,-1.8497553981269297,1,1.0,4.94,4896.0,,tablet,False,False
acebutolol,CCCC(=O)Nc1ccc(OCC(O)CNC(C)C)c(C(C)=O)c1,400.0,0.7382961779063909,-2.733829371203561,3,3.0,4.0,4280.0,45.2,tablet,False,False
carisoprodol,CCCC(C)(COC(N)=O)COC(=O)NC(C)C,350.0,2.31647,-2.1792413642094712,1,1.0,1.85,6578.31,,tablet,False,False
carisoprodol,CCCC(C)(COC(N)=O)COC(=O)NC(C)C,700.0,3.7,-2.276896315947262,1,1.38,1.6,11300.0,,tablet,False,False
meprobamate,CCCC(C)(COC(N)=O)COC(N)=O,400.0,7.67,-1.7172646273789811,1,2.27,10.83,125400.0,,tablet,False,False
valproic acid,CCCC(CCC)C(=O)O,500.0,62.220000000000006,-0.9050399975633342,1,3.47,12.5,1324000.0,,tablet,False,False
budesonide,CCCC1O[C@@H]2C[C@H]3[C@@H]4CCC5=CC(=O)C=C[C@]5(C)[C@H]4[C@@H](O)C[C@]3(C)[C@]2(C(=O)CO)O1,3.0,0.00082,-3.563307402335946,1,1.75,4.69,4.65,16.7,capsule,False,False
valsartan,CCCCC(=O)N(Cc1ccc(-c2ccccc2-c2nn[nH]n2)cc1)[C@H](C(=O)O)C(C)C,80.0,1.6928832210167364,-1.6744629864832818,2,2.75,6.795,10320.645,23.0,capsule,False,False
valsartan,CCCCC(=O)N(Cc1ccc(-c2ccccc2-c2nn[nH]n2)cc1)[C@H](C(=O)O)C(C)C,160.0,4.571810010597553,-1.5440318084093931,2,3.49,4.9,28308.4,,tablet,False,False
misoprostol acid,CCCCC(C)(O)C/C=C/[C@H]1[C@H](O)CC(=O)[C@@H]1CCCCCCC(=O)O,0.4,0.0007344477317432,-2.736099097427985,3,0.33,0.7,0.42,,tablet,True,False
misoprostol acid,CCCCC(C)(O)C/C=C/[C@H]1[C@H](O)CC(=O)[C@@H]1CCCCCCC(=O)O,0.6,0.0020499999999999,-2.466397389327889,1,0.4,0.68,1.7,,tablet,True,False
misoprostol acid,CCCCC(C)(O)C/C=C/[C@H]1[C@H](O)CC(=O)[C@@H]1CCCCCCC(=O)O,0.8,0.00268,-2.474955192963155,1,0.34,1.04,2.02,,tablet,True,False
butobarbital,CCCCC1(CC)C(=O)NC(=O)NC1=O,200.0,3.5000000000000004,-1.7569619513137056,1,1.0,37.36,,,capsule,False,False
odevixibat,CCCCC1(CCCC)CN(c2ccccc2)c2cc(SC)c(OCC(=O)N[C@@H](C(=O)N[C@@H](CC)C(=O)O)c3ccc(O)cc3)cc2S(=O)(=O)N1,7.2,0.00047,-4.185234638495551,1,3.0,2.36,2.19,,capsule,False,False
maralixibat,CCCCC1(CCCC)CS(=O)(=O)c2ccc(N(C)C)cc2[C@@H](c2ccc(OCc3ccc(C[N+]45CCN(CC4)CC5)cc3)cc2)[C@H]1O,30.0,0.00165,-4.259637310505756,1,0.75,1.6,3.43,,solution,False,False
irbesartan,CCCCC1=NC2(CCCC2)C(=O)N1Cc1ccc(-c2ccccc2-c2nn[nH]n2)cc1,50.0,1.309,-1.582030357785263,1,1.25,14.0,4968.0,88.0,capsule,False,False
irbesartan,CCCCC1=NC2(CCCC2)C(=O)N1Cc1ccc(-c2ccccc2-c2nn[nH]n2)cc1,150.0,1.9,-1.8973376581028525,1,1.5,16.0,9700.0,,capsule,False,False
irbesartan,CCCCC1=NC2(CCCC2)C(=O)N1Cc1ccc(-c2ccccc2-c2nn[nH]n2)cc1,300.0,3.098855106182084,-1.985919984403805,3,1.03,15.0,22494.2,,capsule,False,False
irbesartan,CCCCC1=NC2(CCCC2)C(=O)N1Cc1ccc(-c2ccccc2-c2nn[nH]n2)cc1,600.0,4.900000000000001,-2.08795517035513,1,1.5,14.0,32600.0,,capsule,False,False
irbesartan,CCCCC1=NC2(CCCC2)C(=O)N1Cc1ccc(-c2ccccc2-c2nn[nH]n2)cc1,900.0,5.3,-2.229966639838536,1,1.5,17.0,44800.0,,capsule,False,False
sparsentan,CCCCC1=NC2(CCCC2)C(=O)N1Cc1ccc(-c2ccccc2S(=O)(=O)Nc2noc(C)c2C)c(COCC)c1,400.0,6.970000000000001,-1.758827213229953,1,3.0,,83000.0,,tablet,False,False
phenylbutazone,CCCCC1C(=O)N(c2ccccc2)N(c2ccccc2)C1=O,100.0,14.169999999999996,-0.8486301497525397,1,2.89,75.86,1257870.0,,,False,False
phenylbutazone,CCCCC1C(=O)N(c2ccccc2)N(c2ccccc2)C1=O,300.0,38.06,-0.8966524707686607,1,3.26,73.7,3396810.0,,,False,False
phenylbutazone,CCCCC1C(=O)N(c2ccccc2)N(c2ccccc2)C1=O,600.0,73.98,-0.9090369234042684,1,2.65,77.75,6507360.0,,,False,False
nabilone,CCCCCCC(C)(C)c1cc(O)c2c(c1)OC(C)(C)[C@@H]1CCC(=O)C[C@@H]21,2.0,0.002,-3.0,1,2.0,2.0,,,capsule,False,False
eliglustat,CCCCCCCC(=O)N[C@H](CN1CCCC1)[C@H](O)c1ccc2c(c1)OCCO2,23.49,0.0027,-3.9395192526186182,1,1.5,4.8,28.1,,capsule,False,False
eliglustat,CCCCCCCC(=O)N[C@H](CN1CCCC1)[C@H](O)c1ccc2c(c1)OCCO2,78.3,0.0103999999999999,-3.876728422759163,1,2.3,6.5,151.0,,capsule,False,False
eliglustat,CCCCCCCC(=O)N[C@H](CN1CCCC1)[C@H](O)c1ccc2c(c1)OCCO2,84.0,0.0108166538263919,-3.890186355188801,2,2.0,7.5,80.5,,,False,False
eliglustat,CCCCCCCC(=O)N[C@H](CN1CCCC1)[C@H](O)c1ccc2c(c1)OCCO2,156.6,0.0133,-4.070940116754839,1,1.8,6.4,112.0,,capsule,False,False
eliglustat,CCCCCCCC(=O)N[C@H](CN1CCCC1)[C@H](O)c1ccc2c(c1)OCCO2,234.9,0.0824,-3.4549558050804903,1,1.8,7.5,633.0,,capsule,False,False
eliglustat,CCCCCCCC(=O)N[C@H](CN1CCCC1)[C@H](O)c1ccc2c(c1)OCCO2,391.5,0.0911,-3.633213389420964,1,1.5,6.2,692.0,,capsule,False,False
eliglustat,CCCCCCCC(=O)N[C@H](CN1CCCC1)[C@H](O)c1ccc2c(c1)OCCO2,548.1,0.0588,-3.969482475996062,1,1.8,5.1,324.0,,capsule,False,False
eliglustat,CCCCCCCC(=O)N[C@H](CN1CCCC1)[C@H](O)c1ccc2c(c1)OCCO2,783.0,0.267,-3.467250500693368,1,1.0,6.1,1562.0,,capsule,False,False
eliglustat,CCCCCCCC(=O)N[C@H](CN1CCCC1)[C@H](O)c1ccc2c(c1)OCCO2,1174.5,0.503,-3.368285036057697,1,1.0,6.4,3043.0,,capsule,False,False
eliglustat,CCCCCCCC(=O)N[C@H](CN1CCCC1)[C@H](O)c1ccc2c(c1)OCCO2,1566.0,0.557,-3.448936562548196,1,1.5,6.1,4400.0,,capsule,False,False
eliglustat,CCCCCCCC(=O)N[C@H](CN1CCCC1)[C@H](O)c1ccc2c(c1)OCCO2,2349.0,1.852,-3.10324203443169,1,1.9,6.8,10528.0,,capsule,False,False
brincidofovir,CCCCCCCCCCCCCCCCOCCCOP(=O)(O)CO[C@H](CO)Cn1ccc(N)nc1=O,1.75,0.0025799999999999,-2.8314183427230644,1,2.0,6.15,21.3,16.8,solution,False,False
brincidofovir,CCCCCCCCCCCCCCCCOCCCOP(=O)(O)CO[C@H](CO)Cn1ccc(N)nc1=O,3.5,0.0052799999999999,-2.821434121816464,1,2.0,7.83,36.5,16.8,solution,False,False
brincidofovir,CCCCCCCCCCCCCCCCOCCCOP(=O)(O)CO[C@H](CO)Cn1ccc(N)nc1=O,7.0,0.0105999999999999,-2.8197921747494865,1,3.0,15.0,139.0,16.8,solution,False,False
brincidofovir,CCCCCCCCCCCCCCCCOCCCOP(=O)(O)CO[C@H](CO)Cn1ccc(N)nc1=O,14.0,0.0244999999999999,-2.7569619513137056,1,2.03,17.6,235.0,16.8,solution,False,False
brincidofovir,CCCCCCCCCCCCCCCCOCCCOP(=O)(O)CO[C@H](CO)Cn1ccc(N)nc1=O,28.0,0.0681,-2.6140109194294343,1,2.0,,,16.8,solution,False,False
brincidofovir,CCCCCCCCCCCCCCCCOCCCOP(=O)(O)CO[C@H](CO)Cn1ccc(N)nc1=O,42.0,0.115,-2.562551450044289,1,2.96,25.8,729.0,16.8,solution,False,False
brincidofovir,CCCCCCCCCCCCCCCCOCCCOP(=O)(O)CO[C@H](CO)Cn1ccc(N)nc1=O,70.0,0.2729999999999999,-2.408935392973501,1,3.0,27.1,1350.0,16.8,solution,False,False
brincidofovir,CCCCCCCCCCCCCCCCOCCCOP(=O)(O)CO[C@H](CO)Cn1ccc(N)nc1=O,105.0,0.371,-2.451815389454892,1,3.0,32.7,2340.0,16.8,solution,False,False
brincidofovir,CCCCCCCCCCCCCCCCOCCCOP(=O)(O)CO[C@H](CO)Cn1ccc(N)nc1=O,140.0,0.3499999999999999,-2.6020599913279625,1,3.0,24.0,2650.0,16.8,solution,False,False
fingolimod,CCCCCCCCc1ccc(CCC(N)(CO)CO)cc1,1.0,0.00065,-3.1870866433571443,1,28.0,168.0,149.0,93.0,capsule,False,False
fingolimod,CCCCCCCCc1ccc(CCC(N)(CO)CO)cc1,2.0,0.00138,-3.161150909262745,1,12.0,163.0,283.0,93.0,,False,False
fingolimod,CCCCCCCCc1ccc(CCC(N)(CO)CO)cc1,5.0,0.0033999999999999,-3.167491087293764,1,12.0,175.2,639.0,93.0,capsule,False,False
lusutrombopag,CCCCCCO[C@@H](C)c1cccc(-c2csc(NC(=O)c3cc(Cl)c(/C=C(\C)C(=O)O)c(Cl)c3)n2)c1OC,0.75,0.0191999999999999,-1.5917600346881506,1,5.0,24.1,538.0,,tablet,False,False
lusutrombopag,CCCCCCO[C@@H](C)c1cccc(-c2csc(NC(=O)c3cc(Cl)c(/C=C(\C)C(=O)O)c(Cl)c3)n2)c1OC,2.0,0.0932,-1.33161408331,1,4.0,23.4,2510.0,,tablet,False,False
lusutrombopag,CCCCCCO[C@@H](C)c1cccc(-c2csc(NC(=O)c3cc(Cl)c(/C=C(\C)C(=O)O)c(Cl)c3)n2)c1OC,4.0,0.1649999999999999,-1.3845760471140562,1,4.0,27.0,4776.0,,tablet,False,False
ibandronate,CCCCCN(C)CCC(O)(P(=O)(O)O)P(=O)(O)O,20.0,0.0090199999999999,-3.34582345812204,1,0.98,14.4,31.2,,,False,False
ibandronate,CCCCCN(C)CCC(O)(P(=O)(O)O)P(=O)(O)O,50.0,0.0242999999999999,-3.313363730737706,1,1.0,20.4,76.9,,,False,False
ibandronate,CCCCCN(C)CCC(O)(P(=O)(O)O)P(=O)(O)O,100.0,0.0472,-3.3260580013659125,1,1.19,21.5,168.0,,,False,False
ibandronate,CCCCCN(C)CCC(O)(P(=O)(O)O)P(=O)(O)O,150.0,0.086,-3.241592807812113,1,1.19,23.0,329.0,,,False,False
Dexloxiglumide,CCCCCN(CCCOC)C(=O)[C@@H](CCC(=O)O)NC(=O)c1ccc(Cl)c(Cl)c1,100.0,1.7,-1.769551078621726,1,1.6,3.3,4400.0,,tablet,False,False
Dexloxiglumide,CCCCCN(CCCOC)C(=O)[C@@H](CCC(=O)O)NC(=O)c1ccc(Cl)c(Cl)c1,200.0,3.4467375879228173,-1.763621775341394,2,1.22,2.75,7750.0,48.0,tablet,False,False
Dexloxiglumide,CCCCCN(CCCOC)C(=O)[C@@H](CCC(=O)O)NC(=O)c1ccc(Cl)c(Cl)c1,400.0,11.900000000000002,-1.5265130299354317,1,0.9,2.6,18300.0,,tablet,False,False
tegaserod,CCCCCNC(=N)N/N=C/c1c[nH]c2ccc(OC)cc12,4.0,0.0012499999999999,-3.5051499783199063,1,1.0,3.11,2.89,10.0,tablet,False,False
tegaserod,CCCCCNC(=N)N/N=C/c1c[nH]c2ccc(OC)cc12,6.0,0.0022099999999999,-3.433758976698533,1,1.05,3.93,5.32,10.0,tablet,False,False
tegaserod,CCCCCNC(=N)N/N=C/c1c[nH]c2ccc(OC)cc12,12.0,0.0049882926087935,-3.381229325167107,3,1.0,3.47,11.8,10.0,tablet,False,False
capecitabine,CCCCCOC(=O)Nc1nc(=O)n([C@@H]2O[C@H](C)[C@@H](O)[C@H]2O)cc1F,150.0,0.257355903176904,-2.765557124597521,2,1.415,0.425,273.89,,tablet,False,False
capecitabine,CCCCCOC(=O)Nc1nc(=O)n([C@@H]2O[C@H](C)[C@@H](O)[C@H]2O)cc1F,2000.0,3.864490263928737,-2.713937778176089,2,1.75,0.5,5940.55,,tablet,False,False
treprostinil,CCCCC[C@H](O)CC[C@@H]1[C@H]2Cc3cccc(OCC(=O)O)c3C[C@H]2C[C@H]1O,1.0,0.0004899999999999,-3.3098039199714866,1,3.5,4.95,2.41,17.0,tablet ER,False,False
dronabinol,CCCCCc1cc(O)c2c(c1)OC(C)(C)[C@@H]1CCC(C)=C[C@@H]21,5.0,0.00219,-3.3585258894959003,1,1.73,4.82,4.33,,capsule,False,False
Atrasentan,CCCCN(CCCC)C(=O)CN1C[C@H](c2ccc3c(c2)OCO3)[C@@H](C(=O)O)[C@@H]1c1ccc(OC)cc1,10.0,0.0609999999999999,-2.214670164989233,1,0.3,25.0,460.0,,solution,False,False
Atrasentan,CCCCN(CCCC)C(=O)CN1C[C@H](c2ccc3c(c2)OCO3)[C@@H](C(=O)O)[C@@H]1c1ccc(OC)cc1,23.25,0.1299999999999999,-2.252479604919136,1,0.95,25.0,1100.0,,capsule,False,False
Atrasentan,CCCCN(CCCC)C(=O)CN1C[C@H](c2ccc3c(c2)OCO3)[C@@H](C(=O)O)[C@@H]1c1ccc(OC)cc1,139.5,3.4,-1.6130952905673612,1,1.7,20.0,13000.0,,capsule,False,False
halofantrine,CCCCN(CCCC)CCC(O)c1cc2c(Cl)cc(Cl)cc2c2cc(C(F)(F)F)ccc12,250.0,0.1849999999999999,-3.130768280269024,1,6.0,81.0,,,tablet,False,False
halofantrine,CCCCN(CCCC)CCC(O)c1cc2c(Cl)cc(Cl)cc2c2cc(C(F)(F)F)ccc12,500.0,0.3756394547967505,-3.124198802795711,2,5.5,94.4,28870.0,,tablet,False,False
halofantrine,CCCCN(CCCC)CCC(O)c1cc2c(Cl)cc(Cl)cc2c2cc(C(F)(F)F)ccc12,1000.0,0.546,-3.2628073572952627,1,5.0,72.0,,,tablet,False,False
miglustat,CCCCN1C[C@H](O)[C@@H](O)[C@H](O)[C@H]1CO,100.0,1.328,-1.8768019249680008,1,2.5,7.8,10868.0,,capsule,False,False
tolbutamide,CCCCNC(=O)NS(=O)(=O)c1ccc(C)cc1,125.0,14.216891362038329,-0.94410536822496,2,2.75,7.6,164000.0,,tablet,False,False
tolbutamide,CCCCNC(=O)NS(=O)(=O)c1ccc(C)cc1,500.0,51.95484400958552,-0.9833439591115472,4,3.1100000000000003,7.645,601833.425,,tablet,False,False
bumetanide,CCCCNc1cc(C(=O)O)cc(S(N)(=O)=O)c1Oc1ccccc1,0.5,0.0103,-1.6861327796308467,1,0.8,1.5,33.33,75.0,tablet,False,False
bumetanide,CCCCNc1cc(C(=O)O)cc(S(N)(=O)=O)c1Oc1ccccc1,1.0,0.0308999999999999,-1.5100415205751654,1,1.8,,66.0,78.0,tablet,False,False
bumetanide,CCCCNc1cc(C(=O)O)cc(S(N)(=O)=O)c1Oc1ccccc1,2.0,0.0969999999999999,-1.3142582613977365,1,0.53,,143.0,83.7,solution,False,False
bumetanide,CCCCNc1cc(C(=O)O)cc(S(N)(=O)=O)c1Oc1ccccc1,3.0,0.1059999999999999,-1.4518153894548922,1,1.24,0.99,,70.4,tablet,False,False
bumetanide,CCCCNc1cc(C(=O)O)cc(S(N)(=O)=O)c1Oc1ccccc1,5.0,0.1789999999999999,-1.4461169733561257,1,1.0,1.43,,58.8,tablet,False,False
benzonatate,CCCCNc1ccc(C(=O)OCCOCCOCCOCCOCCOCCOCCOCCOCCOC)cc1,100.0,1.063,-1.9734667354767037,1,0.56,1.01,1111.0,,capsule,False,False
Linerixibat,CCCC[C@]1(CC)CS(=O)(=O)c2cc(CNC(CC(=O)O)CC(=O)O)c(OC)cc2[C@@H](c2ccccc2)N1,90.0,0.0001199999999999,-5.8750612633917,1,2.25,6.76,1.55,0.052,tablet,False,False
butylscopolamine,CCCC[N+]1(C)[C@@H]2C[C@@H](OC(=O)[C@H](CO)c3ccccc3)C[C@H]1[C@@H]1O[C@@H]12,10.0,6.199999999999993e-05,-5.2076083105017466,1,3.8,6.3,0.37,,tablet,False,False
Fimasartan,CCCCc1nc(C)c(CC(=S)N(C)C)c(=O)n1Cc1ccc(-c2ccccc2-c2nnn[nH]2)cc1,20.0,0.0115999999999999,-3.2365720064370627,1,2.5,5.53,98.8,,tablet,False,False
Fimasartan,CCCCc1nc(C)c(CC(=S)N(C)C)c(=O)n1Cc1ccc(-c2ccccc2-c2nnn[nH]2)cc1,60.0,0.0642719223300501,-2.970129960822581,2,3.0,5.585,352.05,18.6,tablet,False,False
Fimasartan,CCCCc1nc(C)c(CC(=S)N(C)C)c(=O)n1Cc1ccc(-c2ccccc2-c2nnn[nH]2)cc1,120.0,0.136,-2.9456423376774072,1,2.0,9.33,783.0,,tablet,False,False
Fimasartan,CCCCc1nc(C)c(CC(=S)N(C)C)c(=O)n1Cc1ccc(-c2ccccc2-c2nnn[nH]2)cc1,240.0,0.227,-3.0241853845184834,1,2.5,10.1,1116.0,,tablet,False,False
Fimasartan,CCCCc1nc(C)c(CC(=S)N(C)C)c(=O)n1Cc1ccc(-c2ccccc2-c2nnn[nH]2)cc1,480.0,0.601,-2.9023667653728475,1,0.5,16.2,2448.0,,tablet,False,False
losartan carboxylic acid (e-3174),CCCCc1nc(Cl)c(C(=O)O)n1Cc1ccc(-c2ccccc2-c2nn[nH]n2)cc1,25.0,0.1889,-2.121708050750204,1,3.7,3.8,1348.9,,capsule,True,False
losartan carboxylic acid (e-3174),CCCCc1nc(Cl)c(C(=O)O)n1Cc1ccc(-c2ccccc2-c2nn[nH]n2)cc1,50.0,0.3082266470475548,-2.210099822369409,5,3.7,4.8,2578.4,,tablet,True,False
losartan carboxylic acid (e-3174),CCCCc1nc(Cl)c(C(=O)O)n1Cc1ccc(-c2ccccc2-c2nn[nH]n2)cc1,100.0,1.2108,-1.9169275877154648,1,2.0,4.17,5958.2,,capsule,True,False
losartan carboxylic acid (e-3174),CCCCc1nc(Cl)c(C(=O)O)n1Cc1ccc(-c2ccccc2-c2nn[nH]n2)cc1,200.0,2.219,-1.954872693431973,1,2.5,4.37,10861.4,,capsule,True,False
losartan,CCCCc1nc(Cl)c(CO)n1Cc1ccc(-c2ccccc2-c2nn[nH]n2)cc1,25.0,0.0845,-2.4710832997223453,1,0.8,2.48,201.3,,capsule,False,True
losartan,CCCCc1nc(Cl)c(CO)n1Cc1ccc(-c2ccccc2-c2nn[nH]n2)cc1,50.0,0.2306510490682339,-2.336014570089288,5,1.2,2.37,455.2,35.8,capsule,False,True
losartan,CCCCc1nc(Cl)c(CO)n1Cc1ccc(-c2ccccc2-c2nn[nH]n2)cc1,100.0,0.8005,-2.096638663744681,1,0.7,1.51,1069.1,,capsule,False,True
losartan,CCCCc1nc(Cl)c(CO)n1Cc1ccc(-c2ccccc2-c2nn[nH]n2)cc1,200.0,1.3949,-2.156486921391193,1,1.3,1.79,2231.2,,capsule,False,True
eprosartan,CCCCc1ncc(/C=C(\Cc2cccs2)C(=O)O)n1Cc1ccc(C(=O)O)cc1,100.0,0.4334651081690427,-2.363045855372353,2,3.29,,1508.0,,tablet,False,False
eprosartan,CCCCc1ncc(/C=C(\Cc2cccs2)C(=O)O)n1Cc1ccc(C(=O)O)cc1,200.0,0.702,-2.454692883534176,1,3.02,,2620.0,,tablet,False,False
eprosartan,CCCCc1ncc(/C=C(\Cc2cccs2)C(=O)O)n1Cc1ccc(C(=O)O)cc1,300.0,1.612,-2.2697562172505905,1,1.5,4.52,5750.0,13.1,tablet,False,False
eprosartan,CCCCc1ncc(/C=C(\Cc2cccs2)C(=O)O)n1Cc1ccc(C(=O)O)cc1,400.0,1.505303956016857,-2.424435788346688,2,2.255,,5779.5,,tablet,False,False
eprosartan,CCCCc1ncc(/C=C(\Cc2cccs2)C(=O)O)n1Cc1ccc(C(=O)O)cc1,800.0,1.857,-2.634278083252163,1,3.0,,7855.0,,tablet,False,False
dronedarone,CCCCc1oc2ccc(NS(C)(=O)=O)cc2c1C(=O)c1ccc(OCCCN(CCCC)CCCC)cc1,400.0,0.0257999999999999,-4.1904402853647325,1,3.0,13.3,252.0,4.0,tablet,False,False
dronedarone,CCCCc1oc2ccc(NS(C)(=O)=O)cc2c1C(=O)c1ccc(OCCCN(CCCC)CCCC)cc1,800.0,0.0429,-4.27063269480722,1,5.0,,416.0,4.0,tablet,False,False
amiodarone,CCCCc1oc2ccccc2c1C(=O)c1cc(I)c(OCCN(CC)CC)c(I)c1,200.0,0.17028,-3.0698663541588824,1,5.11,,3336.0,,tablet,False,False
amiodarone,CCCCc1oc2ccccc2c1C(=O)c1cc(I)c(OCCN(CC)CC)c(I)c1,400.0,0.476,-2.9244530386074694,1,5.0,,7970.0,65.0,tablet,False,False
amiodarone,CCCCc1oc2ccccc2c1C(=O)c1cc(I)c(OCCN(CC)CC)c(I)c1,600.0,0.38,-3.1983676537668337,1,7.1,1392.0,14000.0,,tablet,False,False
ropinirole,CCCN(CCC)CCc1cccc2c1CC(=O)N2,1.0,0.00156,-2.8068754016455384,1,1.4,6.67,11.1,50.0,tablet,False,False
probenecid,CCCN(CCC)S(=O)(=O)c1ccc(C(=O)O)cc1,500.0,35.300000000000004,-1.1511952989481962,1,3.1,4.2,314730.0,,tablet,False,False
probenecid,CCCN(CCC)S(=O)(=O)c1ccc(C(=O)O)cc1,1000.0,69.59999999999998,-1.157390760389438,1,3.9,4.9,798710.0,,tablet,False,False
probenecid,CCCN(CCC)S(=O)(=O)c1ccc(C(=O)O)cc1,2000.0,148.59999999999994,-1.129011186239425,1,3.5,4.38,2113420.0,,tablet,False,False
Pridopidine,CCCN1CCC(c2cccc(S(C)(=O)=O)c2)CC1,45.0,0.270396005887661,-2.2212122415714264,2,1.1,6.65,2212.0,,capsule,False,False
OSU-6162 (PNU-96391),CCCN1CCC[C@@H](c2cccc(S(C)(=O)=O)c2)C1,3.0,0.01069,-2.4481435495108843,1,1.5,3.77,62.76,,capsule,False,False
OSU-6162 (PNU-96391),CCCN1CCC[C@@H](c2cccc(S(C)(=O)=O)c2)C1,10.0,0.0312399999999999,-2.5052889747947376,1,1.0,2.7,149.15,,capsule,False,False
OSU-6162 (PNU-96391),CCCN1CCC[C@@H](c2cccc(S(C)(=O)=O)c2)C1,30.0,0.10469,-2.4572160549150484,1,1.25,3.33,475.6,,capsule,False,False
OSU-6162 (PNU-96391),CCCN1CCC[C@@H](c2cccc(S(C)(=O)=O)c2)C1,100.0,0.3377099999999999,-2.471456079191303,1,1.0,3.39,1933.36,,capsule,False,False
OSU-6162 (PNU-96391),CCCN1CCC[C@@H](c2cccc(S(C)(=O)=O)c2)C1,150.0,0.42776,-2.544891087963397,1,1.5,3.34,3292.63,,capsule,False,False
OSU-6162 (PNU-96391),CCCN1CCC[C@@H](c2cccc(S(C)(=O)=O)c2)C1,200.0,0.6163099999999999,-2.5112307811872645,1,1.5,3.66,4165.03,,capsule,False,False
pergolide,CCCN1C[C@H](CSC)C[C@@H]2c3cccc4[nH]cc(c34)C[C@H]21,0.15,3.8e-05,-3.5963076624388712,1,2.8,4.7,0.29,,,False,False
pergolide,CCCN1C[C@H](CSC)C[C@@H]2c3cccc4[nH]cc(c34)C[C@H]21,0.25,5.600000000000003e-05,-3.649751981665837,1,2.7,3.9,0.46,,,False,False
pergolide,CCCN1C[C@H](CSC)C[C@@H]2c3cccc4[nH]cc(c34)C[C@H]21,0.5,9.499999999999996e-05,-3.721246399047171,1,2.5,8.0,0.85,,,False,False
chlorpropamide,CCCNC(=O)NS(=O)(=O)c1ccc(Cl)cc1,250.0,30.51175266860848,-0.9134728533913806,3,3.0,40.0,1809440.0,,tablet,False,False
propafenone,CCCNCC(O)COc1ccccc1C(=O)CCc1ccccc1,0.1,1.5000000000000004e-05,-3.823908740944319,1,2.2,3.8,0.12,5.8,solution,False,False
propafenone,CCCNCC(O)COc1ccccc1C(=O)CCc1ccccc1,150.0,0.098,-3.1848651833631862,1,1.1,2.6,399.0,13.0,solution,False,False
propafenone,CCCNCC(O)COc1ccccc1C(=O)CCc1ccccc1,300.0,0.1477883689604835,-3.307480998570502,2,2.71,3.69,692.5899999999999,17.17,tablet,False,False
Mesdopetam,CCCNCCOc1cc(F)cc(S(C)(=O)=O)c1,5.0,0.01977,-2.4029633350223465,1,1.0,6.4,204.58,,,False,False
Mesdopetam,CCCNCCOc1cc(F)cc(S(C)(=O)=O)c1,15.0,0.06195,-2.384049948343599,1,2.0,6.6,641.55,,,False,False
Mesdopetam,CCCNCCOc1cc(F)cc(S(C)(=O)=O)c1,40.0,0.1960499999999999,-2.309693144691737,1,1.5,6.6,1671.34,,,False,False
Mesdopetam,CCCNCCOc1cc(F)cc(S(C)(=O)=O)c1,80.0,0.25222,-2.5013104656381024,1,1.0,7.1,2494.63,,,False,False
Mesdopetam,CCCNCCOc1cc(F)cc(S(C)(=O)=O)c1,120.0,0.52591,-2.3582698171936105,1,1.0,6.9,4625.8,,,False,False
macitentan,CCCNS(=O)(=O)Nc1ncnc(OCCOc2ncc(Br)cn2)c1-c1ccc(Br)cc1,10.0,0.2017218532625373,-1.695247050536718,4,6.25,15.75,5800.5,,tablet,False,False
Dexpramipexole,CCCN[C@@H]1CCc2nc(N)sc2C1,50.0,0.125,-2.6020599913279625,1,2.0,6.7,1254.0,,capsule,False,False
Dexpramipexole,CCCN[C@@H]1CCc2nc(N)sc2C1,150.0,0.36,-2.619788758288394,1,2.0,7.0,3782.0,,capsule,False,False
Dexpramipexole,CCCN[C@@H]1CCc2nc(N)sc2C1,300.0,0.781,-2.584470220842362,1,2.0,6.4,8624.0,,capsule,False,False
pramipexole,CCCN[C@H]1CCc2nc(N)sc2C1,0.25,0.00073,-2.5346171485515816,1,1.75,8.83,8.2,90.0,tablet,False,False
propiverine,CCCOC(C(=O)OC1CCN(C)CC1)(c1ccccc1)c1ccccc1,10.0,0.0528,-2.277366077466188,1,1.9,12.5,559.0,53.6,tablet,False,False
propiverine,CCCOC(C(=O)OC1CCN(C)CC1)(c1ccccc1)c1ccccc1,15.0,0.0699,-2.33161408331,1,1.9,13.8,733.0,47.5,tablet,False,False
propiverine,CCCOC(C(=O)OC1CCN(C)CC1)(c1ccccc1)c1ccccc1,30.0,0.1515999999999999,-2.296422053423628,1,1.6,15.0,1520.0,49.9,tablet,False,False
udenafil,CCCOc1ccc(S(=O)(=O)NCCC2CCCN2C)cc1-c1nc(=O)c2c([nH]1)c(CCC)nn2C,25.0,0.0575,-2.638272163982407,1,1.0,7.27,324.0,,,False,False
udenafil,CCCOc1ccc(S(=O)(=O)NCCC2CCCN2C)cc1-c1nc(=O)c2c([nH]1)c(CCC)nn2C,50.0,0.1609,-2.492413960236989,1,1.25,10.71,1038.0,,,False,False
udenafil,CCCOc1ccc(S(=O)(=O)NCCC2CCCN2C)cc1-c1nc(=O)c2c([nH]1)c(CCC)nn2C,100.0,0.3255219193848549,-2.487419762403378,2,1.125,12.215,2572.25,,,False,False
udenafil,CCCOc1ccc(S(=O)(=O)NCCC2CCCN2C)cc1-c1nc(=O)c2c([nH]1)c(CCC)nn2C,200.0,0.8883424305975708,-2.3524495895110014,2,0.88,10.45,6414.99,,,False,False
udenafil,CCCOc1ccc(S(=O)(=O)NCCC2CCCN2C)cc1-c1nc(=O)c2c([nH]1)c(CCC)nn2C,300.0,1.5883,-2.2761887188204697,1,1.25,9.74,11867.0,,,False,False
abrocitinib,CCCS(=O)(=O)N[C@H]1C[C@@H](N(C)c2ncnc3[nH]ccc23)C1,3.0,0.0171,-2.2441251443275085,1,0.63,2.09,48.8,,,False,False
abrocitinib,CCCS(=O)(=O)N[C@H]1C[C@@H](N(C)c2ncnc3[nH]ccc23)C1,10.0,0.047,-2.3279021420642825,1,0.75,1.94,142.8,,,False,False
abrocitinib,CCCS(=O)(=O)N[C@H]1C[C@@H](N(C)c2ncnc3[nH]ccc23)C1,30.0,0.1425,-2.3233063903751336,1,0.79,2.53,392.3,,,False,False
abrocitinib,CCCS(=O)(=O)N[C@H]1C[C@@H](N(C)c2ncnc3[nH]ccc23)C1,100.0,0.4596999999999999,-2.3375254962496905,1,0.55,3.59,1465.0,,,False,False
abrocitinib,CCCS(=O)(=O)N[C@H]1C[C@@H](N(C)c2ncnc3[nH]ccc23)C1,200.0,1.072,-2.27083521030723,1,0.77,3.89,2886.0,,,False,False
abrocitinib,CCCS(=O)(=O)N[C@H]1C[C@@H](N(C)c2ncnc3[nH]ccc23)C1,400.0,2.291,-2.242034902138565,1,1.5,3.55,10180.0,,,False,False
abrocitinib,CCCS(=O)(=O)N[C@H]1C[C@@H](N(C)c2ncnc3[nH]ccc23)C1,800.0,3.7120000000000006,-2.333482019445119,1,3.92,4.88,23740.0,,,False,False
vemurafenib,CCCS(=O)(=O)Nc1ccc(F)c(C(=O)c2c[nH]c3ncc(-c4ccc(Cl)cc4)cc23)c1F,960.0,4.224926034855521,-2.3564521228154627,2,4.0,27.45,149500.0,,tablet,False,False
albendazole,CCCSc1ccc2nc(NC(=O)OC)[nH]c2c1,400.0,0.0153,-4.417368560510363,1,2.1,10.2,100.1,,tablet,False,False
ticagrelor,CCCSc1nc(N[C@@H]2C[C@H]2c2ccc(F)c(F)c2)c2nnn([C@@H]3C[C@H](OCCO)[C@@H](O)[C@H]3O)c2n1,1.0,0.0049999999999999,-2.3010299956639813,1,1.3,4.1,25.0,,tablet,False,False
ticagrelor,CCCSc1nc(N[C@@H]2C[C@H]2c2ccc(F)c(F)c2)c2nnn([C@@H]3C[C@H](OCCO)[C@@H](O)[C@H]3O)c2n1,3.0,0.0149999999999999,-2.3010299956639813,1,1.8,6.3,109.0,,tablet,False,False
ticagrelor,CCCSc1nc(N[C@@H]2C[C@H]2c2ccc(F)c(F)c2)c2nnn([C@@H]3C[C@H](OCCO)[C@@H](O)[C@H]3O)c2n1,10.0,0.037,-2.431798275933005,1,2.0,7.6,322.0,,tablet,False,False
ticagrelor,CCCSc1nc(N[C@@H]2C[C@H]2c2ccc(F)c(F)c2)c2nnn([C@@H]3C[C@H](OCCO)[C@@H](O)[C@H]3O)c2n1,30.0,0.1490570360633808,-2.303768773503119,2,1.5,7.6,1031.0,,tablet,False,False
ticagrelor,CCCSc1nc(N[C@@H]2C[C@H]2c2ccc(F)c(F)c2)c2nnn([C@@H]3C[C@H](OCCO)[C@@H](O)[C@H]3O)c2n1,50.0,0.1972206885699368,-2.4040175335863885,2,3.0,7.95,1553.0,,tablet,False,False
ticagrelor,CCCSc1nc(N[C@@H]2C[C@H]2c2ccc(F)c(F)c2)c2nnn([C@@H]3C[C@H](OCCO)[C@@H](O)[C@H]3O)c2n1,90.0,0.403,-2.348937463298215,1,1.49,8.1,2233.0,36.0,tablet,False,False
ticagrelor,CCCSc1nc(N[C@@H]2C[C@H]2c2ccc(F)c(F)c2)c2nnn([C@@H]3C[C@H](OCCO)[C@@H](O)[C@H]3O)c2n1,100.0,0.5141932369929333,-2.288873639781773,4,1.75,9.15,3615.5,,tablet,False,False
ticagrelor,CCCSc1nc(N[C@@H]2C[C@H]2c2ccc(F)c(F)c2)c2nnn([C@@H]3C[C@H](OCCO)[C@@H](O)[C@H]3O)c2n1,180.0,1.091,-2.217447754514964,1,2.0,8.4,6225.0,,,False,False
ticagrelor,CCCSc1nc(N[C@@H]2C[C@H]2c2ccc(F)c(F)c2)c2nnn([C@@H]3C[C@H](OCCO)[C@@H](O)[C@H]3O)c2n1,200.0,1.2309172218578754,-2.210801147687276,3,2.0,8.5,8213.0,,tablet,False,False
ticagrelor,CCCSc1nc(N[C@@H]2C[C@H]2c2ccc(F)c(F)c2)c2nnn([C@@H]3C[C@H](OCCO)[C@@H](O)[C@H]3O)c2n1,300.0,1.7792183339359295,-2.2268920096118863,3,2.1,8.8,13170.0,,tablet,False,False
ticagrelor,CCCSc1nc(N[C@@H]2C[C@H]2c2ccc(F)c(F)c2)c2nnn([C@@H]3C[C@H](OCCO)[C@@H](O)[C@H]3O)c2n1,400.0,2.8193182904833374,-2.151915882466883,3,2.0,8.9,18989.0,,tablet,False,False
ticagrelor,CCCSc1nc(N[C@@H]2C[C@H]2c2ccc(F)c(F)c2)c2nnn([C@@H]3C[C@H](OCCO)[C@@H](O)[C@H]3O)c2n1,600.0,3.6362436662028026,-2.217498272604449,2,2.05,9.4,29541.0,,tablet,False,False
brivaracetam,CCC[C@@H]1CC(=O)N([C@@H](CC)C(N)=O)C1,2.5,0.087,-1.458420756053419,1,0.5,9.3,865.0,,,False,False
brivaracetam,CCC[C@@H]1CC(=O)N([C@@H](CC)C(N)=O)C1,10.0,0.3069046802717541,-1.5129964885616674,3,0.5,9.2,3220.0,100.8,capsule,False,False
brivaracetam,CCC[C@@H]1CC(=O)N([C@@H](CC)C(N)=O)C1,20.0,0.43,-1.6675615400843946,1,1.0,8.18,4500.0,,capsule,False,False
brivaracetam,CCC[C@@H]1CC(=O)N([C@@H](CC)C(N)=O)C1,25.0,0.9,-1.4436974992327127,1,0.5,8.5,7649.0,,,False,False
brivaracetam,CCC[C@@H]1CC(=O)N([C@@H](CC)C(N)=O)C1,40.0,0.95,-1.624336386039115,1,1.26,8.05,9740.0,,capsule,False,False
brivaracetam,CCC[C@@H]1CC(=O)N([C@@H](CC)C(N)=O)C1,50.0,1.568081630528207,-1.5036013370812378,2,0.75,9.35,17284.0,101.5,tablet,False,False
brivaracetam,CCC[C@@H]1CC(=O)N([C@@H](CC)C(N)=O)C1,75.0,1.99,-1.5762081869819935,1,1.0,9.3,24510.0,102.3,tablet,False,False
brivaracetam,CCC[C@@H]1CC(=O)N([C@@H](CC)C(N)=O)C1,80.0,2.18,-1.5646334933873387,1,0.5,7.71,19660.0,,capsule,False,False
brivaracetam,CCC[C@@H]1CC(=O)N([C@@H](CC)C(N)=O)C1,100.0,2.8475059262449305,-1.545535363391867,2,1.25,8.9,32311.5,101.5,tablet,False,False
brivaracetam,CCC[C@@H]1CC(=O)N([C@@H](CC)C(N)=O)C1,150.0,4.24,-1.5487254024629489,1,0.75,8.04,43120.0,,capsule,False,False
brivaracetam,CCC[C@@H]1CC(=O)N([C@@H](CC)C(N)=O)C1,300.0,8.580000000000002,-1.5436339668709569,1,1.0,7.43,84250.0,,capsule,False,False
brivaracetam,CCC[C@@H]1CC(=O)N([C@@H](CC)C(N)=O)C1,600.0,16.150000000000002,-1.569978723716522,1,0.75,7.26,170000.0,,capsule,False,False
brivaracetam,CCC[C@@H]1CC(=O)N([C@@H](CC)C(N)=O)C1,1000.0,28.460000000000004,-1.5457651042517344,1,1.25,7.41,316900.0,,capsule,False,False
brivaracetam,CCC[C@@H]1CC(=O)N([C@@H](CC)C(N)=O)C1,1400.0,41.280000000000015,-1.5303883470590829,1,1.75,7.31,464600.0,,capsule,False,False
clindamycin,CCC[C@@H]1C[C@@H](C(=O)N[C@@H]([C@H]2O[C@H](SC)[C@H](O)[C@@H](O)[C@H]2O)[C@H](C)Cl)N(C)C1,300.0,3.06,-1.9913998282380825,1,1.01,2.63,11290.0,,capsule,False,False
clindamycin,CCC[C@@H]1C[C@@H](C(=O)N[C@@H]([C@H]2O[C@H](SC)[C@H](O)[C@@H](O)[C@H]2O)[C@H](C)Cl)N(C)C1,600.0,5.530913125334732,-2.0353544133724517,2,1.005,3.455,25750.0,,capsule,False,False
telaprevir,CCC[C@H](NC(=O)[C@@H]1[C@H]2CCC[C@H]2CN1C(=O)[C@@H](NC(=O)[C@@H](NC(=O)c1cnccn1)C1CCCCC1)C(C)(C)C)C(=O)C(=O)NC1CC1,500.0,0.2126052680438563,-3.3713959828409714,2,3.625,5.205,1580.0,,tablet,False,False
telaprevir,CCC[C@H](NC(=O)[C@@H]1[C@H]2CCC[C@H]2CN1C(=O)[C@@H](NC(=O)[C@@H](NC(=O)c1cnccn1)C1CCCCC1)C(C)(C)C)C(=O)C(=O)NC1CC1,750.0,0.3991741474594766,-3.273898856976926,2,4.5,6.390000000000001,3940.0,,tablet,False,False
telaprevir,CCC[C@H](NC(=O)[C@@H]1[C@H]2CCC[C@H]2CN1C(=O)[C@@H](NC(=O)[C@@H](NC(=O)c1cnccn1)C1CCCCC1)C(C)(C)C)C(=O)C(=O)NC1CC1,1250.0,0.470438093695653,-3.424407531547161,2,4.25,7.85,4495.0,,tablet,False,False
perindoprilat,CCC[C@H](N[C@@H](C)C(=O)N1[C@H](C(=O)O)C[C@@H]2CCCC[C@@H]21)C(=O)O,4.0,0.0040150965119159,-2.9983640023387186,2,5.8,23.16,109.21,,tablet,True,False
perindoprilat,CCC[C@H](N[C@@H](C)C(=O)N1[C@H](C(=O)O)C[C@@H]2CCCC[C@@H]21)C(=O)O,8.0,0.0110999999999999,-2.857767008205286,1,3.0,30.0,145.0,,tablet,True,False
perindopril,CCC[C@H](N[C@@H](C)C(=O)N1[C@H](C(=O)O)C[C@@H]2CCCC[C@@H]21)C(=O)OCC,4.0,0.074036450482178,-1.7326144020595715,2,0.785,1.985,123.77,,tablet,False,False
perindopril,CCC[C@H](N[C@@H](C)C(=O)N1[C@H](C(=O)O)C[C@@H]2CCCC[C@@H]21)C(=O)OCC,8.0,0.1639999999999999,-1.6882461389442458,1,0.9,,304.0,94.4,tablet,False,False
albendazole sulfoxide,CCC[S+]([O-])c1ccc2[nH]c(NC(=O)OC)nc2c1,400.0,0.576652441562221,-2.841145856145241,3,4.1,16.7,5441.3,,tablet,True,False
albendazole sulfoxide,CCC[S+]([O-])c1ccc2[nH]c(NC(=O)OC)nc2c1,800.0,0.8369850954467468,-2.980372262598285,2,3.4,12.05,7450.0,,tablet,True,False
albendazole sulfoxide,CCC[S+]([O-])c1ccc2[nH]c(NC(=O)OC)nc2c1,1200.0,1.157795629634177,-3.015549340158128,2,3.8,11.35,11450.0,,tablet,True,False
propylthiouracil,CCCc1cc(=O)[nH]c(=S)[nH]1,50.0,1.62,-1.4894549897933878,1,0.69,1.22,4190.0,,tablet,False,False
propylthiouracil,CCCc1cc(=O)[nH]c(=S)[nH]1,100.0,3.117,-1.5062631977231602,1,0.83,1.49,8223.0,,tablet,False,False
propylthiouracil,CCCc1cc(=O)[nH]c(=S)[nH]1,200.0,6.88,-1.4634415574284698,1,1.0,1.15,17190.0,,tablet,False,False
olmesartan,CCCc1nc(C(C)(C)O)c(C(=O)O)n1Cc1ccc(-c2ccccc2-c2nnn[nH]2)cc1,10.0,0.224,-1.6497519816658373,1,2.4,11.8,1631.0,,tablet,True,False
olmesartan,CCCc1nc(C(C)(C)O)c(C(=O)O)n1Cc1ccc(-c2ccccc2-c2nnn[nH]2)cc1,20.0,0.4554173909722815,-1.6426203847140493,2,2.25,15.1,2995.0,25.6,tablet,True,False
olmesartan,CCCc1nc(C(C)(C)O)c(C(=O)O)n1Cc1ccc(-c2ccccc2-c2nnn[nH]2)cc1,40.0,0.752,-1.7258421507363202,1,1.4,13.0,5163.0,,tablet,True,False
olmesartan,CCCc1nc(C(C)(C)O)c(C(=O)O)n1Cc1ccc(-c2ccccc2-c2nnn[nH]2)cc1,80.0,1.095,-1.8636758678158063,1,2.0,13.2,9159.0,,tablet,True,False
olmesartan,CCCc1nc(C(C)(C)O)c(C(=O)O)n1Cc1ccc(-c2ccccc2-c2nnn[nH]2)cc1,160.0,2.1,-1.8819006879220053,1,2.8,14.7,19905.0,,tablet,True,False
vardenafil,CCCc1nc(C)c2c(=O)nc(-c3cc(S(=O)(=O)N4CCN(CC)CC4)ccc3OCC)[nH]n12,10.0,0.014993331851193,-2.824101846551488,2,0.87,2.545,39.29,15.0,tablet,False,False
vardenafil,CCCc1nc(C)c2c(=O)nc(-c3cc(S(=O)(=O)N4CCN(CC)CC4)ccc3OCC)[nH]n12,20.0,0.0244344314804574,-2.9130277569763843,3,0.75,3.3,69.8,15.0,tablet,False,False
vardenafil,CCCc1nc(C)c2c(=O)nc(-c3cc(S(=O)(=O)N4CCN(CC)CC4)ccc3OCC)[nH]n12,40.0,0.0508,-2.896196279044043,1,0.68,4.79,164.0,15.0,tablet,False,False
telmisartan,CCCc1nc2c(C)cc(-c3nc4ccccc4n3C)cc2n1Cc1ccc(-c2ccccc2C(=O)O)cc1,20.0,0.0162,-3.09151498112135,1,3.0,24.6,471.0,,tablet,False,False
telmisartan,CCCc1nc2c(C)cc(-c3nc4ccccc4n3C)cc2n1Cc1ccc(-c2ccccc2C(=O)O)cc1,40.0,0.1631999999999999,-2.38933983691012,1,1.8,23.6,1611.0,,tablet,False,False
telmisartan,CCCc1nc2c(C)cc(-c3nc4ccccc4n3C)cc2n1Cc1ccc(-c2ccccc2C(=O)O)cc1,80.0,0.4081421933591282,-2.2922784929394937,2,1.35,29.1,3073.55,,,False,False
telmisartan,CCCc1nc2c(C)cc(-c3nc4ccccc4n3C)cc2n1Cc1ccc(-c2ccccc2C(=O)O)cc1,120.0,0.4749999999999999,-2.4024876364227583,1,1.0,27.1,3670.0,,tablet,False,False
sildenafil,CCCc1nn(C)c2c(=O)[nH]c(-c3cc(S(=O)(=O)N4CCN(C)CC4)ccc3OCC)nc12,25.0,0.127,-2.2941362877160807,1,1.02,2.62,361.0,,tablet,False,False
sildenafil,CCCc1nn(C)c2c(=O)[nH]c(-c3cc(S(=O)(=O)N4CCN(C)CC4)ccc3OCC)nc12,50.0,0.2600212605888586,-2.283961144907773,3,1.0,2.96,628.0,41.0,tablet,False,False
sildenafil,CCCc1nn(C)c2c(=O)[nH]c(-c3cc(S(=O)(=O)N4CCN(C)CC4)ccc3OCC)nc12,100.0,0.56,-2.2518119729937998,1,0.83,3.73,1685.0,,tablet,False,False
sildenafil,CCCc1nn(C)c2c(=O)[nH]c(-c3cc(S(=O)(=O)N4CCN(C)CC4)ccc3OCC)nc12,200.0,1.15,-2.240332155310369,1,0.94,3.84,3755.0,,tablet,False,False
enprofylline,CCCn1c(=O)[nH]c(=O)c2[nH]cnc21,152.0,2.04,-1.8722134205188736,1,1.0,,6510.0,,solution,False,False
enprofylline,CCCn1c(=O)[nH]c(=O)c2[nH]cnc21,304.0,3.53,-1.935098878220931,1,1.5,,14540.0,,solution,False,False
enprofylline,CCCn1c(=O)[nH]c(=O)c2[nH]cnc21,456.0,5.48,-1.9201842841800656,1,2.0,,27120.0,,solution,False,False
Tonapofylline,CCCn1c(=O)c2[nH]c(C34CCC(CCC(=O)O)(CC3)CC4)nc2n(CCC)c1=O,0.2,0.0089999999999999,-1.3467874862246565,1,1.4,,,,capsule,False,False
Tonapofylline,CCCn1c(=O)c2[nH]c(C34CCC(CCC(=O)O)(CC3)CC4)nc2n(CCC)c1=O,1.0,0.0313999999999999,-1.5030703519267852,1,1.3,11.2,155.0,,capsule,False,False
Tonapofylline,CCCn1c(=O)c2[nH]c(C34CCC(CCC(=O)O)(CC3)CC4)nc2n(CCC)c1=O,7.5,0.177,-1.6270879970298937,1,2.5,16.1,1274.0,,capsule,False,False
Tonapofylline,CCCn1c(=O)c2[nH]c(C34CCC(CCC(=O)O)(CC3)CC4)nc2n(CCC)c1=O,22.5,0.627,-1.554914977280646,1,1.8,14.4,3266.0,,capsule,False,False
Tonapofylline,CCCn1c(=O)c2[nH]c(C34CCC(CCC(=O)O)(CC3)CC4)nc2n(CCC)c1=O,75.0,1.8247534079979133,-1.6138570799589986,2,2.65,14.35,12412.5,81.2,capsule,False,False
Tonapofylline,CCCn1c(=O)c2[nH]c(C34CCC(CCC(=O)O)(CC3)CC4)nc2n(CCC)c1=O,225.0,8.312,-1.4324769835622415,1,2.2,21.1,50189.0,,capsule,False,False
Tonapofylline,CCCn1c(=O)c2[nH]c(C34CCC(CCC(=O)O)(CC3)CC4)nc2n(CCC)c1=O,375.0,9.288999999999998,-1.6060623048490266,1,3.3,24.2,78096.0,,capsule,False,False
zaleplon,CCN(C(C)=O)c1cccc(-c2ccnc3c(C#N)cnn23)c1,5.0,0.0144999999999999,-2.537602002101044,1,0.78,1.08,26.9,30.6,capsule,False,False
zaleplon,CCN(C(C)=O)c1cccc(-c2ccnc3c(C#N)cnn23)c1,10.0,0.0263919961580019,-2.578527760684852,3,1.3,1.04,54.92,,capsule,False,False
zaleplon,CCN(C(C)=O)c1cccc(-c2ccnc3c(C#N)cnn23)c1,20.0,0.0515758269684059,-2.5885837954718007,3,0.93,1.09,93.2,,capsule,False,False
rivastigmine,CCN(C)C(=O)Oc1cccc([C@H](C)N(C)C)c1,1.5,0.00309,-2.6861327796308467,1,1.43,2.57,6.66,,tablet,False,False
rivastigmine,CCN(C)C(=O)Oc1cccc([C@H](C)N(C)C)c1,3.0,0.0062699999999999,-2.679853713888946,1,0.98,1.11,12.79,,capsule,False,False
rivastigmine,CCN(C)C(=O)Oc1cccc([C@H](C)N(C)C)c1,6.0,0.0308841804165174,-2.288415169570114,2,1.34,1.735,100.35,60.2,capsule,False,False
entacapone,CCN(CC)C(=O)/C(C#N)=C/c1cc(O)c(O)c([N+](=O)[O-])c1,5.0,0.062,-1.9065783148377649,1,0.46,,34.0,29.0,tablet,False,False
entacapone,CCN(CC)C(=O)/C(C#N)=C/c1cc(O)c(O)c([N+](=O)[O-])c1,25.0,0.324,-1.8873949984654252,1,0.4,,161.0,29.0,tablet,False,False
entacapone,CCN(CC)C(=O)/C(C#N)=C/c1cc(O)c(O)c([N+](=O)[O-])c1,50.0,0.56,-1.9507819773298185,1,0.59,,335.0,29.0,tablet,False,False
entacapone,CCN(CC)C(=O)/C(C#N)=C/c1cc(O)c(O)c([N+](=O)[O-])c1,100.0,1.116,-1.95233580539844,1,0.6,1.59,724.0,32.0,tablet,False,False
entacapone,CCN(CC)C(=O)/C(C#N)=C/c1cc(O)c(O)c([N+](=O)[O-])c1,200.0,1.808,-2.0438315695246367,1,0.73,3.44,1646.0,36.0,tablet,False,False
entacapone,CCN(CC)C(=O)/C(C#N)=C/c1cc(O)c(O)c([N+](=O)[O-])c1,400.0,4.332,-1.96537154337468,1,0.77,2.9,3812.0,42.0,tablet,False,False
entacapone,CCN(CC)C(=O)/C(C#N)=C/c1cc(O)c(O)c([N+](=O)[O-])c1,800.0,7.283999999999999,-2.040720049869061,1,0.88,3.1,8388.0,46.0,tablet,False,False
milnacipran,CCN(CC)C(=O)C1(c2ccccc2)CC1CN,25.0,0.0737999999999999,-2.529883646848996,1,2.3,7.1,674.1,,tablet,False,False
milnacipran,CCN(CC)C(=O)C1(c2ccccc2)CC1CN,50.0,0.1377566600095906,-2.559857399821306,3,2.0,8.3,1360.0,90.3,capsule,False,False
milnacipran,CCN(CC)C(=O)C1(c2ccccc2)CC1CN,100.0,0.2596,-2.5856953118716683,1,3.4,7.3,2438.9,,tablet,False,False
diethylcarbamazine,CCN(CC)C(=O)N1CCN(C)CC1,150.0,0.5,-2.4771212547196626,1,2.27,14.63,5840.0,82.5,tablet,False,False
diethylcarbamazine,CCN(CC)C(=O)N1CCN(C)CC1,420.0,1.93,-2.337691981390127,1,3.0,9.0,25643.0,82.5,tablet,False,False
celiprolol,CCN(CC)C(=O)Nc1ccc(OCC(O)CNC(C)(C)C)c(C(C)=O)c1,100.0,0.3023408672343188,-2.519503145528832,2,4.0,4.699999999999999,1412.5,,tablet,False,False
celiprolol,CCN(CC)C(=O)Nc1ccc(OCC(O)CNC(C)(C)C)c(C(C)=O)c1,200.0,0.716,-2.446116973356126,1,3.0,4.9,3959.0,,tablet,False,False
levomilnacipran,CCN(CC)C(=O)[C@@]1(c2ccccc2)C[C@H]1CN,25.0,0.0477,-2.719421629631924,1,6.0,11.8,1043.9,,capsule ER,False,False
levomilnacipran,CCN(CC)C(=O)[C@@]1(c2ccccc2)C[C@H]1CN,40.0,0.0597,-2.826085660198593,1,7.0,15.6,1787.7,,capsule ER,False,False
levomilnacipran,CCN(CC)C(=O)[C@@]1(c2ccccc2)C[C@H]1CN,50.0,0.077,-2.812479279163537,1,6.0,11.2,1713.2,,capsule ER,False,False
levomilnacipran,CCN(CC)C(=O)[C@@]1(c2ccccc2)C[C@H]1CN,100.0,0.2081,-2.681727919788373,1,6.0,11.1,4034.0,,capsule ER,False,False
disulfiram,CCN(CC)C(=S)SSC(=S)N(CC)CC,250.0,0.38,-2.818156412055228,1,9.2,7.3,4520.0,,,False,False
oxybutynin,CCN(CC)CC#CCOC(=O)C(O)(c1ccccc1)C1CCCCC1,5.0,0.0122671208611492,-2.61022736017789,3,0.76,2.0,21.4,6.2,tablet,False,True
lidocaine,CCN(CC)CC(=O)Nc1c(C)cccc1C,66.5,0.127,-2.719017924347148,1,1.1,2.4,359.0,,solution,False,False
lidocaine,CCN(CC)CC(=O)Nc1c(C)cccc1C,250.0,0.55,-2.657577319177794,1,0.88,,,33.5,tablet,False,False
lidocaine,CCN(CC)CC(=O)Nc1c(C)cccc1C,500.0,0.85,-2.7695510786217263,1,0.88,,,32.7,tablet,False,False
chloroquine,CCN(CC)CCCC(C)Nc1ccnc2cc(Cl)ccc12,300.0,0.1047295946712294,-3.457051832006876,2,3.0,209.5,5992.54,89.0,tablet,False,False
chloroquine,CCN(CC)CCCC(C)Nc1ccnc2cc(Cl)ccc12,600.0,0.3275988400467864,-3.2628088950308296,2,4.05,162.0,15000.0,,tablet,False,False
flurazepam,CCN(CC)CCN1C(=O)CN=C(c2ccccc2F)c2cc(Cl)ccc21,30.0,0.0021,-4.154901959985743,1,1.0,1.34,5.1,,,False,False
sunitinib,CCN(CC)CCNC(=O)c1c(C)[nH]c(/C=C2\C(=O)Nc3ccc(F)cc32)c1C,50.0,0.0242988720707978,-3.313383889782873,3,8.03,63.8,1489.0,,capsule,False,False
metoclopramide,CCN(CC)CCNC(=O)c1cc(Cl)c(N)cc1OC,10.0,0.0411168950377477,-2.3859796887327827,3,1.02,6.0,277.7,77.0,tablet,False,False
metoclopramide,CCN(CC)CCNC(=O)c1cc(Cl)c(N)cc1OC,20.0,0.063,-2.5016894462104,1,1.9,8.6,689.0,84.5,tablet,False,False
procainamide,CCN(CC)CCNC(=O)c1ccc(N)cc1,500.0,2.7,-2.2676062401770314,1,1.0,2.46,9440.0,75.25,tablet,False,False
procainamide,CCN(CC)CCNC(=O)c1ccc(N)cc1,1000.0,5.230678732248808,-2.281441953475961,2,1.8,2.68,29400.0,,capsule,False,False
clomifene (clomiphene),CCN(CC)CCOc1ccc(C(=C(Cl)c2ccccc2)c2ccccc2)cc1,50.0,0.0084137506499776,-3.773980367221169,2,6.58,128.12,714.135,,tablet,False,False
amodiaquine,CCN(CC)Cc1cc(Nc2ccnc3cc(Cl)ccc23)ccc1O,200.0,0.016,-4.096910013008056,1,0.6,7.9,30.0,,tablet,False,False
amodiaquine,CCN(CC)Cc1cc(Nc2ccnc3cc(Cl)ccc23)ccc1O,400.0,0.026,-4.187086643357144,1,1.3,7.1,57.0,,tablet,False,False
amodiaquine,CCN(CC)Cc1cc(Nc2ccnc3cc(Cl)ccc23)ccc1O,600.0,0.026,-4.363177902412826,1,0.6,5.3,74.0,,tablet,False,False
Givinostat,CCN(CC)Cc1ccc2cc(COC(=O)Nc3ccc(C(=O)NO)cc3)ccc2c1,50.0,0.0529999999999999,-2.97469413473523,2,2.0,6.9,359.0,,capsule,False,False
Givinostat,CCN(CC)Cc1ccc2cc(COC(=O)Nc3ccc(C(=O)NO)cc3)ccc2c1,100.0,0.0989999999999999,-3.0043648054024503,2,2.09,6.0,671.0,,capsule,False,False
Givinostat,CCN(CC)Cc1ccc2cc(COC(=O)Nc3ccc(C(=O)NO)cc3)ccc2c1,200.0,0.2359999999999999,-2.9281179926938745,2,2.17,6.0,1346.0,,capsule,False,False
Givinostat,CCN(CC)Cc1ccc2cc(COC(=O)Nc3ccc(C(=O)NO)cc3)ccc2c1,400.0,0.5263,-2.880826621310685,2,2.17,5.7,2503.0,,capsule,False,False
Givinostat,CCN(CC)Cc1ccc2cc(COC(=O)Nc3ccc(C(=O)NO)cc3)ccc2c1,600.0,0.542,-3.0441519638452568,2,3.67,5.3,3543.0,,capsule,False,False
alverine,CCN(CCCc1ccccc1)CCCc1ccccc1,120.0,0.0084613474104305,-4.151741719140985,2,1.135,14.51,50.38,,capsule,False,False
hydroxychloroquine,CCN(CCO)CCCC(C)Nc1ccnc2cc(Cl)ccc12,155.0,0.046,-3.527573866488717,1,3.2,768.0,,79.0,tablet,False,False
hydroxychloroquine,CCN(CCO)CCCC(C)Nc1ccnc2cc(Cl)ccc12,200.0,0.0342999999999999,-3.765735875621211,1,3.65,272.0,1819.0,,tablet,False,False
pemigatinib,CCN1C(=O)N(c2c(F)c(OC)cc(OC)c2F)Cc2cnc3[nH]c(CN4CCOCC4)cc3c21,4.5,0.0292999999999999,-2.1863448934212344,1,2.0,12.1,347.1,,tablet,False,False
pemigatinib,CCN1C(=O)N(c2c(F)c(OC)cc(OC)c2F)Cc2cnc3[nH]c(CN4CCOCC4)cc3c21,9.0,0.052755483868699,-2.2319748987373056,4,1.0,14.05,587.4449999999999,,tablet,False,False
pemigatinib,CCN1C(=O)N(c2c(F)c(OC)cc(OC)c2F)Cc2cnc3[nH]c(CN4CCOCC4)cc3c21,13.5,0.0842825881024495,-2.2045959052827846,3,1.1,12.2,804.39,,tablet,False,False
(+)-ethotoin,CCN1C(=O)N[C@@H](c2ccccc2)C1=O,1000.0,29.880000000000003,-1.5246194068566388,1,1.75,11.5,547410.0,,tablet,True,False
(-)-ethotoin,CCN1C(=O)N[C@H](c2ccccc2)C1=O,1000.0,26.07,-1.583858968831671,1,1.5,11.6,472690.0,,tablet,True,False
amisulpride,CCN1CCCC1CNC(=O)c1cc(S(=O)(=O)CC)c(N)cc1OC,50.0,0.0371,-3.129596094720973,1,2.3,10.6,324.8,,,False,False
amisulpride,CCN1CCCC1CNC(=O)c1cc(S(=O)(=O)CC)c(N)cc1OC,200.0,0.671,-2.474307475494989,1,4.0,13.0,6009.0,,tablet,False,False
sultopride,CCN1CCCC1CNC(=O)c1cc(S(=O)(=O)CC)ccc1OC,50.0,0.33,-2.1804560644581312,1,1.4,3.6,2000.0,,tablet,False,False
sultopride,CCN1CCCC1CNC(=O)c1cc(S(=O)(=O)CC)ccc1OC,100.0,0.55,-2.2596373105057563,1,1.7,3.6,3900.0,,tablet,False,False
sulpiride,CCN1CCCC1CNC(=O)c1cc(S(N)(=O)=O)ccc1OC,100.0,0.0884,-3.053547734986927,1,2.9,9.0,1402.5,,,False,False
remoxipride,CCN1CCC[C@H]1CNC(=O)c1c(OC)ccc(Br)c1OC,20.0,0.40469,-1.6939075226746292,1,0.75,4.55,2706.59,96.0,solution,False,False
remoxipride,CCN1CCC[C@H]1CNC(=O)c1c(OC)ccc(Br)c1OC,100.0,1.72643,-1.7628510259041812,1,1.2,4.7,12029.31,91.6,capsule,False,False
abemaciclib,CCN1CCN(Cc2ccc(Nc3ncc(F)c(-c4cc(F)c5nc(C)n(C(C)C)c5c4)n3)nc2)CC1,200.0,0.102,-3.292429823902064,1,8.23,21.6,3680.0,,,False,False
abemaciclib,CCN1CCN(Cc2ccc(Nc3ncc(F)c(-c4cc(F)c5nc(C)n(C(C)C)c5c4)n3)nc2)CC1,300.0,0.1299999999999999,-3.3631779024128257,1,8.1,22.6,5420.0,,,False,False
abemaciclib,CCN1CCN(Cc2ccc(Nc3ncc(F)c(-c4cc(F)c5nc(C)n(C(C)C)c5c4)n3)nc2)CC1,400.0,0.182,-3.341988603342888,1,10.05,25.0,7840.0,,,False,False
abemaciclib,CCN1CCN(Cc2ccc(Nc3ncc(F)c(-c4cc(F)c5nc(C)n(C(C)C)c5c4)n3)nc2)CC1,600.0,0.308,-3.2896005338831995,1,10.08,27.6,14800.0,,,False,False
Blonanserin,CCN1CCN(c2cc(-c3ccc(F)cc3)c3c(n2)CCCCCC3)CC1,2.0,0.0001,-4.301029995663981,1,2.0,11.12,0.72,,tablet,False,False
Blonanserin,CCN1CCN(c2cc(-c3ccc(F)cc3)c3c(n2)CCCCCC3)CC1,4.0,0.0001799999999999,-4.346787486224656,1,1.25,7.7,1.12,,tablet,False,False
Blonanserin,CCN1CCN(c2cc(-c3ccc(F)cc3)c3c(n2)CCCCCC3)CC1,8.0,0.0003741657386773,-4.330025969152825,2,1.25,10.8,2.48,,tablet,False,False
fenfluramine,CCNC(C)Cc1cccc(C(F)(F)F)c1,29.86,0.0275,-3.035757109558744,1,3.0,22.8,803.0,71.0,solution,False,False
fenfluramine,CCNC(C)Cc1cccc(C(F)(F)F)c1,58.0,0.0623999999999999,-2.968243403880513,1,3.0,20.1,1720.0,71.0,solution,False,False
fenfluramine,CCNC(C)Cc1cccc(C(F)(F)F)c1,61.28,0.0573999999999999,-3.0284068642265742,1,3.0,21.2,1610.0,71.0,solution,False,False
etilefrine,CCNCC(O)c1cccc(O)c1,20.0,0.0184999999999999,-3.0338582672609675,1,0.5,1.61,24.9,,tablet,False,False
elacestrant,CCNCCc1ccc(CN(CC)c2cc(OC)ccc2[C@@H]2CCc3cc(O)ccc3C2)cc1,1.0,6.000000000000003e-05,-4.221848749616356,1,2.63,,,,capsule,False,False
elacestrant,CCNCCc1ccc(CN(CC)c2cc(OC)ccc2[C@@H]2CCc3cc(O)ccc3C2)cc1,10.0,0.0007,-4.154901959985743,1,1.92,31.9,16.8,,capsule,False,False
elacestrant,CCNCCc1ccc(CN(CC)c2cc(OC)ccc2[C@@H]2CCc3cc(O)ccc3C2)cc1,25.0,0.0017999999999999,-4.142667503568732,1,1.64,32.5,40.6,,capsule,False,False
elacestrant,CCNCCc1ccc(CN(CC)c2cc(OC)ccc2[C@@H]2CCc3cc(O)ccc3C2)cc1,50.0,0.0033999999999999,-4.167491087293764,1,1.92,29.1,73.3,,capsule,False,False
elacestrant,CCNCCc1ccc(CN(CC)c2cc(OC)ccc2[C@@H]2CCc3cc(O)ccc3C2)cc1,100.0,0.0118,-3.9281179926938745,1,2.58,28.4,294.0,10.0,capsule,False,False
elacestrant,CCNCCc1ccc(CN(CC)c2cc(OC)ccc2[C@@H]2CCc3cc(O)ccc3C2)cc1,200.0,0.0314999999999999,-3.802719441874381,1,3.25,27.4,774.0,,capsule,False,False
desethylamodiaquine,CCNCc1cc(Nc2ccnc3cc(Cl)ccc23)ccc1O,200.0,0.0509999999999999,-3.593459819566045,1,5.5,53.32,3300.0,,tablet,True,False
desethylamodiaquine,CCNCc1cc(Nc2ccnc3cc(Cl)ccc23)ccc1O,400.0,0.136,-3.468521082957745,1,5.0,63.01,7520.0,,tablet,True,False
desethylamodiaquine,CCNCc1cc(Nc2ccnc3cc(Cl)ccc23)ccc1O,600.0,0.204,-3.468521082957745,1,3.0,46.21,9200.0,,tablet,True,False
dexfenfluramine,CCN[C@@H](C)Cc1cccc(C(F)(F)F)c1,30.0,0.0272999999999999,-3.0409586076789066,1,3.0,14.5,509.9,69.0,capsule,False,False
meperidine,CCOC(=O)C1(c2ccccc2)CCN(C)CC1,50.0,118.17000000000004,0.3735372311927855,1,1.0,,585770.0,,,False,False
meperidine,CCOC(=O)C1(c2ccccc2)CCN(C)CC1,100.0,0.1679999999999999,-2.774690718274137,1,1.25,4.15,923.0,51.3,solution,False,False
diphenoxylate,CCOC(=O)C1(c2ccccc2)CCN(CCC(C#N)(c2ccccc2)c2ccccc2)CC1,5.0,0.0094999999999999,-2.721246399047171,1,2.0,3.4,50.65,,solution,False,False
felodipine,CCOC(=O)C1=C(C)NC(C)=C(C(=O)OC)C1c1cccc(Cl)c1Cl,5.0,0.00553,-2.9562448730313204,1,0.57,2.4,10.53,13.2,solution,False,False
felodipine,CCOC(=O)C1=C(C)NC(C)=C(C(=O)OC)C1c1cccc(Cl)c1Cl,15.0,0.0184399999999999,-2.910330342338071,1,0.55,2.5,37.58,15.3,solution,False,False
felodipine,CCOC(=O)C1=C(C)NC(C)=C(C(=O)OC)C1c1cccc(Cl)c1Cl,40.0,0.04427,-2.9559504693491143,1,0.55,2.8,101.98,15.5,solution,False,False
nitrendipine,CCOC(=O)C1=C(C)NC(C)=C(C(=O)OC)C1c1cccc([N+](=O)[O-])c1,20.0,0.0075971047116648,-3.420381883293548,2,2.03,9.395,26.645,11.1,tablet,False,False
lacidipine,CCOC(=O)C1=C(C)NC(C)=C(C(=O)OCC)C1c1ccccc1/C=C/C(=O)OC(C)(C)C,2.0,0.00124,-3.207608310501746,1,1.0,6.0,4.09,10.0,,False,False
lacidipine,CCOC(=O)C1=C(C)NC(C)=C(C(=O)OCC)C1c1ccccc1/C=C/C(=O)OC(C)(C)C,4.0,0.0029414282245195,-3.133501735944436,2,1.0,8.9,8.795,10.0,,False,False
lacidipine,CCOC(=O)C1=C(C)NC(C)=C(C(=O)OCC)C1c1ccccc1/C=C/C(=O)OC(C)(C)C,6.0,0.0055721629552625,-3.032127441709881,2,1.0,8.149999999999999,16.924999999999997,10.0,,False,False
lacidipine,CCOC(=O)C1=C(C)NC(C)=C(C(=O)OCC)C1c1ccccc1/C=C/C(=O)OC(C)(C)C,8.0,0.0079233831158161,-3.004179331309932,2,1.15,9.65,24.375,10.0,,False,False
amlodipine,CCOC(=O)C1=C(COCCN)NC(C)=C(C(=O)OC)C1c1ccccc1Cl,2.5,0.0011999999999999,-3.318758762624413,1,5.4,31.22,52.3,,tablet,False,False
amlodipine,CCOC(=O)C1=C(COCCN)NC(C)=C(C(=O)OC)C1c1ccccc1Cl,5.0,0.0025999999999999,-3.283996656365201,1,6.3,33.0,123.0,,tablet,False,False
amlodipine,CCOC(=O)C1=C(COCCN)NC(C)=C(C(=O)OC)C1c1ccccc1Cl,10.0,0.0057480431452799,-3.240479980675828,2,7.0,36.285,259.1,64.0,tablet,False,False
levamlodipine,CCOC(=O)C1=C(COCCN)NC(C)=C(C(=O)OC)[C@@H]1c1ccccc1Cl,5.0,0.0028118916017344,-3.249971429693763,3,6.0,49.1,157.14,77.0,tablet,False,False
oseltamivir (gs4104),CCOC(=O)C1=C[C@@H](OC(CC)CC)[C@H](NC(C)=O)[C@@H](N)C1,20.0,0.0114999999999999,-3.240332155310369,1,1.1,1.4,26.7,,capsule,False,False
oseltamivir (gs4104),CCOC(=O)C1=C[C@@H](OC(CC)CC)[C@H](NC(C)=O)[C@@H](N)C1,50.0,0.0443,-3.052566278112949,1,0.8,1.2,75.4,,capsule,False,False
oseltamivir (gs4104),CCOC(=O)C1=C[C@@H](OC(CC)CC)[C@H](NC(C)=O)[C@@H](N)C1,75.0,0.0744,-3.003488327845821,1,0.5,1.41,161.0,,capsule,False,False
oseltamivir (gs4104),CCOC(=O)C1=C[C@@H](OC(CC)CC)[C@H](NC(C)=O)[C@@H](N)C1,150.0,0.1919999999999999,-2.892790030352132,1,0.5,1.55,315.0,,capsule,False,False
oseltamivir (gs4104),CCOC(=O)C1=C[C@@H](OC(CC)CC)[C@H](NC(C)=O)[C@@H](N)C1,500.0,0.564,-2.947690900352677,1,0.8,1.29,868.0,,capsule,False,False
oseltamivir (gs4104),CCOC(=O)C1=C[C@@H](OC(CC)CC)[C@H](NC(C)=O)[C@@H](N)C1,1000.0,0.809,-3.092051478387728,1,1.1,1.42,1624.0,,capsule,False,False
ximelagatran,CCOC(=O)CN[C@@H](C(=O)N1CC[C@H]1C(=O)NCc1ccc(/C(N)=N/O)cc1)C1CCCCC1,50.0,0.4084885708511591,-2.087790094473001,3,0.33,0.56,224.47,,solution,False,False
loratadine,CCOC(=O)N1CCC(=C2c3ccc(Cl)cc3CCc3cccnc32)CC1,10.0,0.0042813549257215,-3.368418767518892,2,1.4,,12.6,,tablet,False,False
loratadine,CCOC(=O)N1CCC(=C2c3ccc(Cl)cc3CCc3cccnc32)CC1,20.0,0.0153967722475743,-3.1136003100218086,3,1.2,6.0,47.0,,tablet,False,False
loratadine,CCOC(=O)N1CCC(=C2c3ccc(Cl)cc3CCc3cccnc32)CC1,40.0,0.0261,-3.185419483989681,1,1.2,7.8,72.4,,capsule,False,False
molsidomine,CCOC(=O)N=C1CN(N2CCOCC2)NO1,1.0,0.0054999999999999,-2.2596373105057563,1,1.6,,,,tablet,False,False
molsidomine,CCOC(=O)N=C1CN(N2CCOCC2)NO1,2.0,0.0137579068175358,-2.162477632022054,2,0.6,1.13,29.085,44.0,tablet,False,False
molsidomine,CCOC(=O)N=C1CN(N2CCOCC2)NO1,8.0,0.0760999999999999,-2.021705330221371,1,1.09,2.14,221.2,,tablet,False,False
vorapaxar,CCOC(=O)N[C@@H]1CC[C@@H]2[C@@H](C1)C[C@H]1C(=O)O[C@H](C)[C@H]1[C@H]2/C=C/c1ccc(-c2cccc(F)c2)cn1,5.0,0.0577937712906849,-1.937088969373104,2,1.375,225.0,4155.0,100.0,,False,False
vorapaxar,CCOC(=O)N[C@@H]1CC[C@@H]2[C@@H](C1)C[C@H]1C(=O)O[C@H](C)[C@H]1[C@H]2/C=C/c1ccc(-c2cccc(F)c2)cn1,10.0,0.1464308710620817,-1.834367354161887,2,1.75,180.5,8275.0,100.0,,False,False
vorapaxar,CCOC(=O)N[C@@H]1CC[C@@H]2[C@@H](C1)C[C@H]1C(=O)O[C@H](C)[C@H]1[C@H]2/C=C/c1ccc(-c2cccc(F)c2)cn1,20.0,0.2667133292507144,-1.874985275154533,2,1.375,272.5,17750.0,100.0,,False,False
vorapaxar,CCOC(=O)N[C@@H]1CC[C@@H]2[C@@H](C1)C[C@H]1C(=O)O[C@H](C)[C@H]1[C@H]2/C=C/c1ccc(-c2cccc(F)c2)cn1,40.0,0.4544962827111823,-1.9445296558153515,3,1.5,193.0,35500.0,100.0,tablet,False,False
vorapaxar,CCOC(=O)N[C@@H]1CC[C@@H]2[C@@H](C1)C[C@H]1C(=O)O[C@H](C)[C@H]1[C@H]2/C=C/c1ccc(-c2cccc(F)c2)cn1,120.0,0.593,-2.306126552683362,1,2.0,230.0,46300.0,100.0,tablet,False,False
ezogabine (retigabine),CCOC(=O)Nc1ccc(NCc2ccc(F)cc2)cc1N,100.0,0.329,-2.4828041020500256,1,1.5,8.4,1733.0,60.0,,False,False
ezogabine (retigabine),CCOC(=O)Nc1ccc(NCc2ccc(F)cc2)cc1N,200.0,0.6334972280151897,-2.499285276776551,4,1.9,7.550000000000001,4490.0,60.0,capsule,False,False
ezogabine (retigabine),CCOC(=O)Nc1ccc(NCc2ccc(F)cc2)cc1N,250.0,0.789,-2.5008630054626173,1,1.7,7.9,5064.0,60.0,,False,False
ezogabine (retigabine),CCOC(=O)Nc1ccc(NCc2ccc(F)cc2)cc1N,300.0,1.039,-2.460505707162485,1,1.4,9.2,7783.0,60.0,,False,False
moricizine (en-313),CCOC(=O)Nc1ccc2c(c1)N(C(=O)CCN1CCOCC1)c1ccccc1S2,100.0,0.254,-2.595166283380062,1,1.17,2.21,513.0,38.0,tablet,False,False
moricizine (en-313),CCOC(=O)Nc1ccc2c(c1)N(C(=O)CCN1CCOCC1)c1ccccc1S2,200.0,0.695,-2.4590451910738675,1,0.82,2.28,1470.0,38.0,tablet,False,False
moricizine (en-313),CCOC(=O)Nc1ccc2c(c1)N(C(=O)CCN1CCOCC1)c1ccccc1S2,250.0,0.8160882305241266,-2.486202894086887,2,0.9,2.35,1909.5,38.0,tablet,False,False
moricizine (en-313),CCOC(=O)Nc1ccc2c(c1)N(C(=O)CCN1CCOCC1)c1ccccc1S2,300.0,1.129,-2.4244273127946947,1,0.77,2.68,2467.0,38.0,tablet,False,False
moricizine (en-313),CCOC(=O)Nc1ccc2c(c1)N(C(=O)CCN1CCOCC1)c1ccccc1S2,400.0,1.412,-2.4522252946121776,1,1.06,3.08,3534.0,38.0,tablet,False,False
telotristat ethyl,CCOC(=O)[C@@H](N)Cc1ccc(-c2cc(O[C@H](c3ccc(Cl)cc3-n3ccc(C)n3)C(F)(F)F)nc(N)n2)cc1,500.0,0.0044,-5.055517327849832,1,1.25,0.6,6.23,,tablet,False,False
enalapril,CCOC(=O)[C@H](CCc1ccccc1)N[C@@H](C)C(=O)N1CCC[C@H]1C(=O)O,10.0,0.06945134987889,-2.158319308756374,2,1.15,0.725,141.45,,capsule,False,False
enalapril,CCOC(=O)[C@H](CCc1ccccc1)N[C@@H](C)C(=O)N1CCC[C@H]1C(=O)O,20.0,0.12298,-2.2111955069553515,1,0.75,0.8,188.68,,tablet,False,False
moexipril,CCOC(=O)[C@H](CCc1ccccc1)N[C@@H](C)C(=O)N1Cc2cc(OC)c(OC)cc2C[C@H]1C(=O)O,15.0,0.0781999999999999,-2.2828845059958334,1,0.96,1.8,128.4,,,False,False
moexipril,CCOC(=O)[C@H](CCc1ccccc1)N[C@@H](C)C(=O)N1Cc2cc(OC)c(OC)cc2C[C@H]1C(=O)O,30.0,0.245,-2.08795517035513,1,1.0,,437.0,,capsule,False,False
quinapril,CCOC(=O)[C@H](CCc1ccccc1)N[C@@H](C)C(=O)N1Cc2ccccc2C[C@H]1C(=O)O,20.0,0.257,-1.8910968723326864,1,0.5,0.7,263.0,,capsule,False,False
quinapril,CCOC(=O)[C@H](CCc1ccccc1)N[C@@H](C)C(=O)N1Cc2ccccc2C[C@H]1C(=O)O,40.0,0.579,-1.8393814276005265,1,0.63,0.59,643.0,,capsule,False,False
ramipril,CCOC(=O)[C@H](CCc1ccccc1)N[C@@H](C)C(=O)N1[C@H](C(=O)O)C[C@@H]2CCC[C@@H]21,2.5,0.0062,-2.605548319173784,1,0.8,,10.5,15.0,capsule,False,False
ramipril,CCOC(=O)[C@H](CCc1ccccc1)N[C@@H](C)C(=O)N1[C@H](C(=O)O)C[C@@H]2CCC[C@@H]21,5.0,0.0134221953390069,-2.571146449334548,3,0.34,1.32,10.5,,tablet,False,False
ramipril,CCOC(=O)[C@H](CCc1ccccc1)N[C@@H](C)C(=O)N1[C@H](C(=O)O)C[C@@H]2CCC[C@@H]21,10.0,0.04234,-2.3732491463166068,1,0.53,2.55,42.59,,tablet,False,False
trandolapril,CCOC(=O)[C@H](CCc1ccccc1)N[C@@H](C)C(=O)N1[C@H](C(=O)O)C[C@H]2CCCC[C@@H]21,1.0,0.0015699999999999,-2.8041003475907664,1,0.72,17.7,2.23,10.0,capsule,False,False
trandolapril,CCOC(=O)[C@H](CCc1ccccc1)N[C@@H](C)C(=O)N1[C@H](C(=O)O)C[C@H]2CCCC[C@@H]21,2.0,0.00377,-2.724688645458188,1,0.44,5.12,3.58,10.0,capsule,False,False
trandolapril,CCOC(=O)[C@H](CCc1ccccc1)N[C@@H](C)C(=O)N1[C@H](C(=O)O)C[C@H]2CCCC[C@@H]21,4.0,0.0079899999999999,-2.6995132120139718,1,0.44,4.81,6.69,10.0,capsule,False,False
cilazapril,CCOC(=O)[C@H](CCc1ccccc1)N[C@H]1CCCN2CCC[C@@H](C(=O)O)N2C1=O,0.5,0.0169999999999999,-1.4685210829577449,1,1.1,18.4,61.7,,tablet,False,False
cilazapril,CCOC(=O)[C@H](CCc1ccccc1)N[C@H]1CCCN2CCC[C@@H](C(=O)O)N2C1=O,1.0,0.0338999999999999,-1.469800301796918,1,1.1,18.5,111.0,,tablet,False,False
cilazapril,CCOC(=O)[C@H](CCc1ccccc1)N[C@H]1CCCN2CCC[C@@H](C(=O)O)N2C1=O,2.5,0.0827,-1.4804344991194909,1,1.1,13.4,272.0,,tablet,False,False
cilazapril,CCOC(=O)[C@H](CCc1ccccc1)N[C@H]1CCCN2CCC[C@@H](C(=O)O)N2C1=O,5.0,0.182,-1.438898616350944,1,1.0,13.8,519.0,,tablet,False,False
benazepril,CCOC(=O)[C@H](CCc1ccccc1)N[C@H]1CCc2ccccc2N(CC(=O)O)C1=O,10.0,0.1354099999999999,-1.8683492619104587,1,0.5,0.6,135.41,,capsule,False,False
Temocapril,CCOC(=O)[C@H](CCc1ccccc1)N[C@H]1CS[C@H](c2cccs2)CN(CC(=O)O)C1=O,20.0,0.1239999999999999,-2.207608310501746,1,1.0,0.8,141.0,,tablet,False,False
flumazenil,CCOC(=O)c1ncn2c1CN(C)C(=O)c1cc(F)ccc1-2,30.0,0.24683,-2.084723311503291,1,0.62,1.2,,65.2,,False,False
bilastine,CCOCCn1c(C2CCN(CCc3ccc(C(C)(C)C(=O)O)cc3)CC2)nc2ccccc21,10.0,0.15313,-1.8149397174786075,1,1.4,13.86,681.1,,tablet,False,False
bilastine,CCOCCn1c(C2CCN(CCc3ccc(C(C)(C)C(=O)O)cc3)CC2)nc2ccccc21,20.0,0.2401813888699538,-1.9204906438220264,3,1.31,11.76,1192.62,60.67,tablet,False,False
bilastine,CCOCCn1c(C2CCN(CCc3ccc(C(C)(C)C(=O)O)cc3)CC2)nc2ccccc21,50.0,0.75601,-1.8204424642368016,1,1.1,12.9,3434.8,,tablet,False,False
emedastine,CCOCCn1c(N2CCCN(C)CC2)nc2ccccc21,2.0,0.002,-3.0,1,4.0,6.4,19.8,,,False,False
Tesaglitazar,CCO[C@@H](Cc1ccc(OCCc2ccc(OS(C)(=O)=O)cc2)cc1)C(=O)O,1.0,0.2328685517625769,-0.6328891577433794,2,0.625,41.75,5657.335,103.0,tablet,False,False
Saroglitazar,CCO[C@@H](Cc1ccc(OCCn2c(C)ccc2-c2ccc(SC)cc2)cc1)C(=O)O,0.12,0.0039799999999999,-1.479298173973937,1,0.75,6.87,13.22,,suspension,False,False
Saroglitazar,CCO[C@@H](Cc1ccc(OCCn2c(C)ccc2-c2ccc(SC)cc2)cc1)C(=O)O,0.25,0.0195599999999999,-1.1065711582204552,1,1.17,3.08,49.27,,suspension,False,False
Saroglitazar,CCO[C@@H](Cc1ccc(OCCn2c(C)ccc2-c2ccc(SC)cc2)cc1)C(=O)O,0.5,0.02342,-1.3293831135996743,1,0.88,2.0,58.97,,suspension,False,False
Saroglitazar,CCO[C@@H](Cc1ccc(OCCn2c(C)ccc2-c2ccc(SC)cc2)cc1)C(=O)O,1.0,0.0931599999999999,-1.030770520137357,1,1.0,5.39,253.82,,tablet,False,False
Saroglitazar,CCO[C@@H](Cc1ccc(OCCn2c(C)ccc2-c2ccc(SC)cc2)cc1)C(=O)O,2.0,0.22318,-0.9523747224182164,1,1.21,14.34,750.57,,tablet,False,False
Saroglitazar,CCO[C@@H](Cc1ccc(OCCn2c(C)ccc2-c2ccc(SC)cc2)cc1)C(=O)O,4.0,0.33707,-1.0743398902879693,1,0.71,2.93,855.96,,tablet,False,False
Saroglitazar,CCO[C@@H](Cc1ccc(OCCn2c(C)ccc2-c2ccc(SC)cc2)cc1)C(=O)O,8.0,0.72727,-1.041394313765586,1,0.85,4.47,1937.66,,tablet,False,False
Saroglitazar,CCO[C@@H](Cc1ccc(OCCn2c(C)ccc2-c2ccc(SC)cc2)cc1)C(=O)O,16.0,1.54847,-1.014217186886701,1,0.64,3.31,3689.26,,tablet,False,False
Saroglitazar,CCO[C@@H](Cc1ccc(OCCn2c(C)ccc2-c2ccc(SC)cc2)cc1)C(=O)O,32.0,3.74017,-0.9322586359097952,1,1.21,3.84,10479.65,,tablet,False,False
Saroglitazar,CCO[C@@H](Cc1ccc(OCCn2c(C)ccc2-c2ccc(SC)cc2)cc1)C(=O)O,64.0,5.09133,-1.0993487267728503,1,1.17,7.23,17419.22,,tablet,False,False
Saroglitazar,CCO[C@@H](Cc1ccc(OCCn2c(C)ccc2-c2ccc(SC)cc2)cc1)C(=O)O,128.0,7.46117,-1.2344030343063304,1,1.88,7.68,33385.65,,tablet,False,False
Seladelpar,CCO[C@H](COc1ccc(C(F)(F)F)cc1)CSc1ccc(OCC(=O)O)c(C)c1,10.0,0.0719,-2.143271109617117,1,2.0,6.7,705.0,,,False,False
iptacopan,CCO[C@H]1CCN(Cc2c(OC)cc(C)c3[nH]ccc23)[C@H](c2ccc(C(=O)O)cc2)C1,100.0,2.132,-1.671212799645465,1,1.51,12.3,22983.0,,capsule,False,False
iptacopan,CCO[C@H]1CCN(Cc2c(OC)cc(C)c3[nH]ccc23)[C@H](c2ccc(C(=O)O)cc2)C1,400.0,10.8,-1.5686362358410129,1,1.06,24.8,94200.0,,,False,False
iptacopan,CCO[C@H]1CCN(Cc2c(OC)cc(C)c3[nH]ccc23)[C@H](c2ccc(C(=O)O)cc2)C1,800.0,11.600000000000003,-1.838631997765025,1,2.0,22.4,133000.0,,,False,False
iptacopan,CCO[C@H]1CCN(Cc2c(OC)cc(C)c3[nH]ccc23)[C@H](c2ccc(C(=O)O)cc2)C1,1200.0,17.2,-1.843652799140076,1,2.52,21.5,168000.0,,,False,False
repaglinide,CCOc1cc(CC(=O)N[C@@H](CC(C)C)c2ccccc2N2CCCCC2)ccc1C(=O)O,0.25,0.0044,-1.75448733218585,1,0.67,1.4,5.3,,tablet,False,False
repaglinide,CCOc1cc(CC(=O)N[C@@H](CC(C)C)c2ccccc2N2CCCCC2)ccc1C(=O)O,0.5,0.0090329175796084,-1.7431419567831647,2,0.5,1.6949999999999998,9.915,,tablet,False,False
repaglinide,CCOc1cc(CC(=O)N[C@@H](CC(C)C)c2ccccc2N2CCCCC2)ccc1C(=O)O,1.0,0.0146333010629864,-1.8346576922121,2,0.625,2.475,17.939999999999998,,tablet,False,False
repaglinide,CCOc1cc(CC(=O)N[C@@H](CC(C)C)c2ccccc2N2CCCCC2)ccc1C(=O)O,2.0,0.0261438213939014,-1.883660927760405,3,0.75,2.42,40.32,,tablet,False,False
repaglinide,CCOc1cc(CC(=O)N[C@@H](CC(C)C)c2ccccc2N2CCCCC2)ccc1C(=O)O,4.0,0.0467,-1.9327431107618505,1,0.8,0.8,91.6,,tablet,False,False
Mosapride,CCOc1cc(N)c(Cl)cc1C(=O)NCC1CN(Cc2ccc(F)cc2)CCO1,10.0,0.07069,-2.150642018338701,1,0.49,2.24,175.77,,tablet,False,False
Cinitapride,CCOc1cc(N)c([N+](=O)[O-])cc1C(=O)NC1CCN(CC2CC=CCC2)CC1,1.0,0.0004,-3.397940008672037,1,1.68,7.16,1.73,,tablet,False,False
Cinitapride,CCOc1cc(N)c([N+](=O)[O-])cc1C(=O)NC1CCN(CC2CC=CCC2)CC1,2.0,0.0008399999999999,-3.3767507096021,1,1.46,7.92,3.59,,tablet,False,False
Cinitapride,CCOc1cc(N)c([N+](=O)[O-])cc1C(=O)NC1CCN(CC2CC=CCC2)CC1,4.0,0.00237,-3.2273116453178585,1,1.27,5.48,9.52,,tablet,False,False
apremilast,CCOc1cc([C@@H](CS(C)(=O)=O)N2C(=O)c3cccc(NC(C)=O)c3C2=O)ccc1OC,20.0,0.2244749429223672,-1.9498621258608864,2,2.75,7.52,1985.0,73.0,tablet,False,False
apremilast,CCOc1cc([C@@H](CS(C)(=O)=O)N2C(=O)c3cccc(NC(C)=O)c3C2=O)ccc1OC,30.0,0.28522622600315,-2.0219317991611567,2,2.5,8.2,2815.0,73.0,tablet,False,False
apremilast,CCOc1cc([C@@H](CS(C)(=O)=O)N2C(=O)c3cccc(NC(C)=O)c3C2=O)ccc1OC,40.0,0.373,-2.0303511595192747,1,2.0,7.4,3500.0,73.0,,False,False
neratinib,CCOc1cc2ncc(C#N)c(Nc3ccc(OCc4ccccn4)c(Cl)c3)c2cc1NC(=O)/C=C/CN(C)C,120.0,0.0231,-3.7155692661554807,1,6.01,11.8,323.0,,tablet,False,False
neratinib,CCOc1cc2ncc(C#N)c(Nc3ccc(OCc4ccccn4)c(Cl)c3)c2cc1NC(=O)/C=C/CN(C)C,240.0,0.052223328120678,-3.6623466963543545,2,5.965,12.125,807.5,,tablet,False,False
drotaverine,CCOc1ccc(/C=C2\NCCc3cc(OCC)c(OCC)cc32)cc1OCC,40.0,0.1218499999999999,-2.5162344578072195,1,1.14,13.99,1705.48,,tablet,False,False
drotaverine,CCOc1ccc(/C=C2\NCCc3cc(OCC)c(OCC)cc32)cc1OCC,80.0,0.2772799999999999,-2.460171441622102,1,2.0,9.08,3077.68,58.2,tablet,False,False
dapagliflozin,CCOc1ccc(Cc2cc([C@@H]3O[C@H](CO)[C@@H](O)[C@H](O)[C@H]3O)ccc2Cl)cc1,0.1,0.0011999999999999,-1.9208187539523756,1,0.5,3.5,3.9,,solution,False,False
dapagliflozin,CCOc1ccc(Cc2cc([C@@H]3O[C@H](CO)[C@@H](O)[C@H](O)[C@H]3O)ccc2Cl)cc1,0.3,0.0031,-1.9857595608853895,1,1.3,7.3,12.5,,solution,False,False
dapagliflozin,CCOc1ccc(Cc2cc([C@@H]3O[C@H](CO)[C@@H](O)[C@H](O)[C@H]3O)ccc2Cl)cc1,1.0,0.0131999999999999,-1.8794260687941504,1,1.0,8.2,54.0,,tablet,False,False
dapagliflozin,CCOc1ccc(Cc2cc([C@@H]3O[C@H](CO)[C@@H](O)[C@H](O)[C@H]3O)ccc2Cl)cc1,2.5,0.0351069793630839,-1.852546544697404,2,0.79,8.2,122.95,,tablet,False,False
dapagliflozin,CCOc1ccc(Cc2cc([C@@H]3O[C@H](CO)[C@@H](O)[C@H](O)[C@H]3O)ccc2Cl)cc1,5.0,0.0936,-1.7276941555979135,1,0.5,12.2,324.3,,,False,False
dapagliflozin,CCOc1ccc(Cc2cc([C@@H]3O[C@H](CO)[C@@H](O)[C@H](O)[C@H]3O)ccc2Cl)cc1,10.0,0.1453287696478647,-1.8376484031657696,3,1.3,12.3,604.9,78.0,capsule,False,False
dapagliflozin,CCOc1ccc(Cc2cc([C@@H]3O[C@H](CO)[C@@H](O)[C@H](O)[C@H]3O)ccc2Cl)cc1,20.0,0.265,-1.8777841217271731,1,1.0,12.2,939.0,,capsule,False,False
dapagliflozin,CCOc1ccc(Cc2cc([C@@H]3O[C@H](CO)[C@@H](O)[C@H](O)[C@H]3O)ccc2Cl)cc1,50.0,0.61,-1.913640169325252,1,1.3,12.1,2093.0,,capsule,False,False
Luseogliflozin,CCOc1ccc(Cc2cc([C@@H]3S[C@H](CO)[C@@H](O)[C@H](O)[C@H]3O)c(OC)cc2C)cc1,1.0,0.0382,-1.417936637088291,1,0.67,10.4,337.0,,,False,False
Luseogliflozin,CCOc1ccc(Cc2cc([C@@H]3S[C@H](CO)[C@@H](O)[C@H](O)[C@H]3O)c(OC)cc2C)cc1,3.0,0.116,-1.412663265492744,1,0.75,9.23,1000.0,,,False,False
Luseogliflozin,CCOc1ccc(Cc2cc([C@@H]3S[C@H](CO)[C@@H](O)[C@H](O)[C@H]3O)c(OC)cc2C)cc1,5.0,0.187,-1.4271283977995195,1,1.06,9.72,1830.0,,,False,False
Luseogliflozin,CCOc1ccc(Cc2cc([C@@H]3S[C@H](CO)[C@@H](O)[C@H](O)[C@H]3O)c(OC)cc2C)cc1,9.0,0.3119999999999999,-1.460087915420882,1,1.25,9.87,3050.0,,,False,False
Luseogliflozin,CCOc1ccc(Cc2cc([C@@H]3S[C@H](CO)[C@@H](O)[C@H](O)[C@H]3O)c(OC)cc2C)cc1,15.0,0.544,-1.4404923593575014,1,1.56,13.8,5140.0,,,False,False
Luseogliflozin,CCOc1ccc(Cc2cc([C@@H]3S[C@H](CO)[C@@H](O)[C@H](O)[C@H]3O)c(OC)cc2C)cc1,25.0,0.721,-1.5400047439526086,1,2.25,12.6,8510.0,,,False,False
Henagliflozin,CCOc1ccc(Cc2cc([C@@]34OC[C@@](CO)(O3)[C@@H](O)[C@H](O)[C@H]4O)ccc2Cl)cc1F,2.5,0.0575,-1.6382721639824072,1,1.5,11.0,419.0,,,False,False
Henagliflozin,CCOc1ccc(Cc2cc([C@@]34OC[C@@](CO)(O3)[C@@H](O)[C@H](O)[C@H]4O)ccc2Cl)cc1F,5.0,0.129,-1.58838029403677,1,1.5,11.5,784.0,,,False,False
Henagliflozin,CCOc1ccc(Cc2cc([C@@]34OC[C@@](CO)(O3)[C@@H](O)[C@H](O)[C@H]4O)ccc2Cl)cc1F,10.0,0.189,-1.723538195826756,1,1.75,15.3,1340.0,,,False,False
Henagliflozin,CCOc1ccc(Cc2cc([C@@]34OC[C@@](CO)(O3)[C@@H](O)[C@H](O)[C@H]4O)ccc2Cl)cc1F,25.0,0.486,-1.7113037394097443,1,2.0,12.3,3360.0,,,False,False
Henagliflozin,CCOc1ccc(Cc2cc([C@@]34OC[C@@](CO)(O3)[C@@H](O)[C@H](O)[C@H]4O)ccc2Cl)cc1F,50.0,1.05,-1.6777807052660807,1,1.5,14.0,7360.0,,,False,False
Henagliflozin,CCOc1ccc(Cc2cc([C@@]34OC[C@@](CO)(O3)[C@@H](O)[C@H](O)[C@H]4O)ccc2Cl)cc1F,100.0,1.46,-1.8356471442155629,1,3.0,15.1,13400.0,,,False,False
Henagliflozin,CCOc1ccc(Cc2cc([C@@]34OC[C@@](CO)(O3)[C@@H](O)[C@H](O)[C@H]4O)ccc2Cl)cc1F,200.0,3.390000000000001,-1.770830297460899,1,2.0,15.2,27100.0,,,False,False
ertugliflozin,CCOc1ccc(Cc2cc([C@]34OC[C@](CO)(O3)[C@@H](O)[C@H](O)[C@H]4O)ccc2Cl)cc1,1.0,0.0172377492730344,-1.7635194404900258,2,1.0,,,,tablet,False,False
ertugliflozin,CCOc1ccc(Cc2cc([C@]34OC[C@](CO)(O3)[C@@H](O)[C@H](O)[C@H]4O)ccc2Cl)cc1,5.0,0.0990265546560486,-1.703218335049709,3,1.0,10.7,481.0,,tablet,False,False
ertugliflozin,CCOc1ccc(Cc2cc([C@]34OC[C@](CO)(O3)[C@@H](O)[C@H](O)[C@H]4O)ccc2Cl)cc1,15.0,0.3089834888871038,-1.686155986351905,3,1.0,13.77,1606.0,104.73,tablet,False,False
ertugliflozin,CCOc1ccc(Cc2cc([C@]34OC[C@](CO)(O3)[C@@H](O)[C@H](O)[C@H]4O)ccc2Cl)cc1,25.0,0.4795247647410923,-1.7171289677332906,2,1.125,12.15,2520.0,,tablet,False,False
reboxetine,CCOc1ccccc1OC(c1ccccc1)C1CNCCO1,2.0,0.074,-1.431798275933005,1,2.4,12.8,1319.0,60.0,capsule,False,False
reboxetine,CCOc1ccccc1OC(c1ccccc1)C1CNCCO1,3.0,0.0919999999999999,-1.5133334273741073,1,1.9,14.2,1716.0,60.0,capsule,False,False
reboxetine,CCOc1ccccc1OC(c1ccccc1)C1CNCCO1,4.0,0.127,-1.4982562703720057,1,2.2,12.3,2086.0,60.0,capsule,False,False
reboxetine,CCOc1ccccc1OC(c1ccccc1)C1CNCCO1,5.0,0.1639999999999999,-1.484126156288321,1,2.0,12.7,2943.0,60.0,capsule,False,False
viloxazine,CCOc1ccccc1OCC1CNCCO1,100.0,1.5923,-1.7979751048959622,1,1.59,3.36,10255.79,,,False,False
viloxazine,CCOc1ccccc1OCC1CNCCO1,300.0,3.599,-1.9209394080667512,1,1.32,4.82,,,,False,False
tamsulosin,CCOc1ccccc1OCCN[C@H](C)Cc1ccc(OC)c(S(N)(=O)=O)c1,0.2,0.0054193265264237,-1.5670846766590092,2,6.25,11.495,74.91,,capsule ER,False,False
tamsulosin,CCOc1ccccc1OCCN[C@H](C)Cc1ccc(OC)c(S(N)(=O)=O)c1,0.4,0.0071416111045517,-1.7482637942734518,3,6.98,11.4,117.0,,capsule ER,False,False
candesartan,CCOc1nc2cccc(C(=O)O)c2n1Cc1ccc(-c2ccccc2-c2nnn[nH]2)cc1,8.0,0.055,-2.1627272974977,1,3.8,6.7,485.0,15.0,tablet,True,False
candesartan,CCOc1nc2cccc(C(=O)O)c2n1Cc1ccc(-c2ccccc2-c2nnn[nH]2)cc1,12.0,0.0952,-2.1005442976631503,1,3.0,9.3,909.0,15.0,tablet,True,False
candesartan,CCOc1nc2cccc(C(=O)O)c2n1Cc1ccc(-c2ccccc2-c2nnn[nH]2)cc1,16.0,0.1444529612019082,-2.04439353359951,2,4.5,9.88,1657.55,15.0,tablet,True,False
candesartan,CCOc1nc2cccc(C(=O)O)c2n1Cc1ccc(-c2ccccc2-c2nnn[nH]2)cc1,32.0,0.2371911254663631,-2.130051542502424,2,5.0,11.7,3536.8,15.0,,True,False
azilsartan,CCOc1nc2cccc(C(=O)O)c2n1Cc1ccc(-c2ccccc2-c2noc(=O)[nH]2)cc1,40.0,2.4522065308174046,-1.2125029466002384,6,2.125,12.51,19696.085,60.0,,True,False
finerenone,CCOc1ncc(C)c2c1[C@H](c1ccc(C#N)cc1OC)C(C(N)=O)=C(C)N2,1.25,0.0118,-2.0250280057019308,1,0.75,1.96,28.4,,tablet,False,False
finerenone,CCOc1ncc(C)c2c1[C@H](c1ccc(C#N)cc1OC)C(C(N)=O)=C(C)N2,2.5,0.0238999999999999,-2.0195421077239,1,0.5,2.02,55.6,,tablet,False,False
finerenone,CCOc1ncc(C)c2c1[C@H](c1ccc(C#N)cc1OC)C(C(N)=O)=C(C)N2,5.0,0.0435017241037639,-2.060463534647755,2,0.75,2.1100000000000003,107.6,43.5,tablet,False,False
finerenone,CCOc1ncc(C)c2c1[C@H](c1ccc(C#N)cc1OC)C(C(N)=O)=C(C)N2,7.5,0.0720999999999999,-2.017125998672271,1,0.75,2.15,193.0,,tablet,False,False
finerenone,CCOc1ncc(C)c2c1[C@H](c1ccc(C#N)cc1OC)C(C(N)=O)=C(C)N2,10.0,0.0823,-2.08460016478773,1,0.62,2.25,216.0,,tablet,False,False
finerenone,CCOc1ncc(C)c2c1[C@H](c1ccc(C#N)cc1OC)C(C(N)=O)=C(C)N2,20.0,0.145,-2.1396619934290064,1,0.75,2.82,394.0,,tablet,False,False
tinidazole,CCS(=O)(=O)CCn1c([N+](=O)[O-])cnc1C,500.0,11.08018627476417,-1.6544229427322197,3,1.6,14.05,208250.0,99.0,tablet,False,False
tinidazole,CCS(=O)(=O)CCn1c([N+](=O)[O-])cnc1C,1000.0,19.61483612417049,-1.7074153159140413,5,2.2,16.63,486130.0,,tablet,False,False
tinidazole,CCS(=O)(=O)CCn1c([N+](=O)[O-])cnc1C,2000.0,50.99999999999999,-1.593459819566045,1,2.0,13.0,1170530.0,,tablet,False,False
baricitinib,CCS(=O)(=O)N1CC(CC#N)(n2cc(-c3ncnc4[nH]ccc34)cn2)C1,2.0,0.0245999999999999,-1.9100948885606024,1,1.0,5.85,140.0,80.0,tablet,False,False
baricitinib,CCS(=O)(=O)N1CC(CC#N)(n2cc(-c3ncnc4[nH]ccc34)cn2)C1,4.0,0.0512999999999999,-1.8919426262161465,1,1.0,7.36,274.0,80.0,tablet,False,False
baricitinib,CCS(=O)(=O)N1CC(CC#N)(n2cc(-c3ncnc4[nH]ccc34)cn2)C1,10.0,0.152,-1.8181564120552276,1,0.75,7.23,780.0,80.0,tablet,False,False
levetiracetam,CC[C@@H](C(N)=O)N1CCCC1=O,500.0,13.599999999999998,-1.565431095965801,1,0.5,7.3,109300.0,,tablet,False,False
levetiracetam,CC[C@@H](C(N)=O)N1CCCC1=O,750.0,20.300000000000004,-1.567565225478487,1,0.75,7.4,204700.0,,tablet,False,False
levetiracetam,CC[C@@H](C(N)=O)N1CCCC1=O,1000.0,41.47176000000002,-1.3822475334310431,1,0.67,7.06,332905.62,,tablet,False,False
levetiracetam,CC[C@@H](C(N)=O)N1CCCC1=O,1500.0,50.08734773195037,-1.476363223889929,3,0.75,7.22,427900.0,102.9,tablet,False,False
methylergometrine,CC[C@@H](CO)NC(=O)[C@@H]1C=C2c3cccc4[nH]cc(c34)C[C@H]2N(C)C1,0.12,0.0009652460826131,-2.094543198303159,2,0.825,1.75,2.83,90.5,tablet,False,False
methylergometrine,CC[C@@H](CO)NC(=O)[C@@H]1C=C2c3cccc4[nH]cc(c34)C[C@H]2N(C)C1,0.5,0.00388,-2.1101382787418115,1,0.75,1.6,9.6,74.2,tablet,False,False
ethambutol,CC[C@@H](CO)NCCN[C@@H](CC)CO,882.0,3.95,-2.34887148950536,1,2.75,4.04,20565.0,,tablet,False,False
ethambutol,CC[C@@H](CO)NCCN[C@@H](CC)CO,1200.0,2.932,-2.6120172800785344,1,4.0,22.0,23183.0,,tablet,False,False
ethambutol,CC[C@@H](CO)NCCN[C@@H](CC)CO,1982.5,4.5200000000000005,-2.642074761178259,1,2.46,12.1,28900.0,,tablet,False,False
procaterol,CC[C@@H](NC(C)C)[C@@H](O)c1ccc(O)c2[nH]c(=O)ccc12,0.1,0.000334108418554,-2.4761125812744997,3,1.6,4.2,1.96,,solution,False,False
posaconazole,CC[C@@H]([C@H](C)O)n1ncn(-c2ccc(N3CCN(c4ccc(OC[C@@H]5CO[C@@](Cn6cncn6)(c6ccc(F)cc6F)C5)cc4)CC3)cc2)c1=O,50.0,0.113,-2.6458915608525992,1,6.3,15.9,2501.0,,tablet,False,False
posaconazole,CC[C@@H]([C@H](C)O)n1ncn(-c2ccc(N3CCN(c4ccc(OC[C@@H]5CO[C@@](Cn6cncn6)(c6ccc(F)cc6F)C5)cc4)CC3)cc2)c1=O,100.0,0.235,-2.628932137728264,1,7.3,18.3,6357.0,,tablet,False,False
posaconazole,CC[C@@H]([C@H](C)O)n1ncn(-c2ccc(N3CCN(c4ccc(OC[C@@H]5CO[C@@](Cn6cncn6)(c6ccc(F)cc6F)C5)cc4)CC3)cc2)c1=O,200.0,0.332,-2.779891911959945,1,5.8,24.5,10896.0,,tablet,False,False
posaconazole,CC[C@@H]([C@H](C)O)n1ncn(-c2ccc(N3CCN(c4ccc(OC[C@@H]5CO[C@@](Cn6cncn6)(c6ccc(F)cc6F)C5)cc4)CC3)cc2)c1=O,300.0,0.6745,-2.6481393007117395,1,4.0,25.2,25263.0,42.2,tablet,False,False
posaconazole,CC[C@@H]([C@H](C)O)n1ncn(-c2ccc(N3CCN(c4ccc(OC[C@@H]5CO[C@@](Cn6cncn6)(c6ccc(F)cc6F)C5)cc4)CC3)cc2)c1=O,400.0,0.611,-2.816018781085408,1,6.3,24.1,20264.0,,tablet,False,False
posaconazole,CC[C@@H]([C@H](C)O)n1ncn(-c2ccc(N3CCN(c4ccc(OC[C@@H]5CO[C@@](Cn6cncn6)(c6ccc(F)cc6F)C5)cc4)CC3)cc2)c1=O,800.0,1.32,-2.7825160557860937,1,6.2,24.4,49841.0,,tablet,False,False
posaconazole,CC[C@@H]([C@H](C)O)n1ncn(-c2ccc(N3CCN(c4ccc(OC[C@@H]5CO[C@@](Cn6cncn6)(c6ccc(F)cc6F)C5)cc4)CC3)cc2)c1=O,1200.0,0.933,-3.109299602301125,1,8.8,28.5,45260.0,,tablet,False,False
tapentadol,CC[C@@H](c1cccc(O)c1)[C@@H](C)CN(C)C,86.0,0.0734,-3.0688023913274973,1,1.0,4.81,301.0,32.0,capsule,False,False
pimecrolimus,CC[C@@H]1/C=C(\C)C[C@H](C)C[C@H](OC)[C@H]2O[C@@](O)(C(=O)C(=O)N3CCCC[C@H]3C(=O)O[C@H](/C(C)=C/[C@@H]3CC[C@H](Cl)[C@H](OC)C3)[C@H](C)[C@@H](O)CC1=O)[C@H](C)C[C@@H]2OC,15.0,0.0411999999999999,-2.561194043022547,1,1.0,62.0,216.0,,capsule,False,False
pimecrolimus,CC[C@@H]1/C=C(\C)C[C@H](C)C[C@H](OC)[C@H]2O[C@@](O)(C(=O)C(=O)N3CCCC[C@H]3C(=O)O[C@H](/C(C)=C/[C@@H]3CC[C@H](Cl)[C@H](OC)C3)[C@H](C)[C@@H](O)CC1=O)[C@H](C)C[C@@H]2OC,30.0,0.0789999999999999,-2.579494163429221,1,1.2,42.6,377.0,,capsule,False,False
pimecrolimus,CC[C@@H]1/C=C(\C)C[C@H](C)C[C@H](OC)[C@H]2O[C@@](O)(C(=O)C(=O)N3CCCC[C@H]3C(=O)O[C@H](/C(C)=C/[C@@H]3CC[C@H](Cl)[C@H](OC)C3)[C@H](C)[C@@H](O)CC1=O)[C@H](C)C[C@@H]2OC,60.0,0.1474999999999999,-2.609359230069462,1,1.4,35.0,966.1,,capsule,False,False
pilocarpine,CC[C@@H]1C(=O)OC[C@@H]1Cc1cncn1C,3.0,0.0156,-2.283996656365201,1,0.88,1.58,43.2,,tablet,False,False
pilocarpine,CC[C@@H]1C(=O)OC[C@@H]1Cc1cncn1C,5.0,0.0204999999999999,-2.3872161432802645,1,1.21,0.75,69.6,,,False,False
pilocarpine,CC[C@@H]1C(=O)OC[C@@H]1Cc1cncn1C,10.0,0.0509399999999999,-2.292941059372404,1,0.83,1.22,107.83,,,False,False
upadacitinib,CC[C@@H]1CN(C(=O)NCC(F)(F)F)C[C@@H]1c1cnc2cnc3[nH]ccc3n12,1.0,0.0077199999999999,-2.112382699664264,1,1.3,,29.8,,capsule,False,False
upadacitinib,CC[C@@H]1CN(C(=O)NCC(F)(F)F)C[C@@H]1c1cnc2cnc3[nH]ccc3n12,3.0,0.025,-2.0791812460476247,1,1.0,5.9,103.0,,capsule,False,False
upadacitinib,CC[C@@H]1CN(C(=O)NCC(F)(F)F)C[C@@H]1c1cnc2cnc3[nH]ccc3n12,6.0,0.0389,-2.188201649057936,1,1.0,11.0,160.0,,capsule,False,False
upadacitinib,CC[C@@H]1CN(C(=O)NCC(F)(F)F)C[C@@H]1c1cnc2cnc3[nH]ccc3n12,12.0,0.0829,-2.1606267154973517,1,1.3,12.1,331.0,,capsule,False,False
upadacitinib,CC[C@@H]1CN(C(=O)NCC(F)(F)F)C[C@@H]1c1cnc2cnc3[nH]ccc3n12,24.0,0.158,-2.1815541547571837,1,1.3,14.5,615.0,,capsule,False,False
upadacitinib,CC[C@@H]1CN(C(=O)NCC(F)(F)F)C[C@@H]1c1cnc2cnc3[nH]ccc3n12,36.0,0.2770000000000001,-2.113822731702838,1,0.8,6.4,911.0,,capsule,False,False
upadacitinib,CC[C@@H]1CN(C(=O)NCC(F)(F)F)C[C@@H]1c1cnc2cnc3[nH]ccc3n12,48.0,0.314,-2.1843115893023723,1,1.0,12.2,1040.0,,capsule,False,False
Vaniprevir,CC[C@@H]1C[C@]1(NC(=O)[C@@H]1C[C@@H]2CN1C(=O)[C@H](C(C)(C)C)NC(=O)OCC(C)(C)CCCCc1cccc3c1CN(C3)C(=O)O2)C(=O)NS(=O)(=O)C1CC1,40.0,0.01704,-3.370590400897281,1,1.0,3.9,32.77,,,False,False
Vaniprevir,CC[C@@H]1C[C@]1(NC(=O)[C@@H]1C[C@@H]2CN1C(=O)[C@H](C(C)(C)C)NC(=O)OCC(C)(C)CCCCc1cccc3c1CN(C3)C(=O)O2)C(=O)NS(=O)(=O)C1CC1,80.0,0.02519,-3.5018618194938305,1,2.0,4.3,58.29,,,False,False
Vaniprevir,CC[C@@H]1C[C@]1(NC(=O)[C@@H]1C[C@@H]2CN1C(=O)[C@H](C(C)(C)C)NC(=O)OCC(C)(C)CCCCc1cccc3c1CN(C3)C(=O)O2)C(=O)NS(=O)(=O)C1CC1,160.0,0.1233299999999999,-3.1130512511559125,1,1.5,4.1,327.9,,,False,False
Vaniprevir,CC[C@@H]1C[C@]1(NC(=O)[C@@H]1C[C@@H]2CN1C(=O)[C@H](C(C)(C)C)NC(=O)OCC(C)(C)CCCCc1cccc3c1CN(C3)C(=O)O2)C(=O)NS(=O)(=O)C1CC1,240.0,0.1767399999999999,-3.13287639105415,1,2.0,4.4,455.01,,,False,False
Vaniprevir,CC[C@@H]1C[C@]1(NC(=O)[C@@H]1C[C@@H]2CN1C(=O)[C@H](C(C)(C)C)NC(=O)OCC(C)(C)CCCCc1cccc3c1CN(C3)C(=O)O2)C(=O)NS(=O)(=O)C1CC1,350.0,0.64963,-2.7314019718769846,1,2.0,4.5,1526.87,,,False,False
Vaniprevir,CC[C@@H]1C[C@]1(NC(=O)[C@@H]1C[C@@H]2CN1C(=O)[C@H](C(C)(C)C)NC(=O)OCC(C)(C)CCCCc1cccc3c1CN(C3)C(=O)O2)C(=O)NS(=O)(=O)C1CC1,550.0,1.2531,-2.6423769595094604,1,3.0,5.0,3036.58,,,False,False
Vaniprevir,CC[C@@H]1C[C@]1(NC(=O)[C@@H]1C[C@@H]2CN1C(=O)[C@H](C(C)(C)C)NC(=O)OCC(C)(C)CCCCc1cccc3c1CN(C3)C(=O)O2)C(=O)NS(=O)(=O)C1CC1,825.0,4.94501,-2.2222867743679044,1,2.0,4.6,12932.13,,,False,False
topotecan,CC[C@@]1(O)C(=O)OCc2c1cc1n(c2=O)Cc2cc3c(CN(C)C)c(O)ccc3nc2-1,2.6,0.0053691072799302,-2.685071266299208,3,1.13,4.2,20.11,41.23,solution,False,False
topotecan,CC[C@@]1(O)C(=O)OCc2c1cc1n(c2=O)Cc2cc3c(CN(C)C)c(O)ccc3nc2-1,3.29,0.0086,-2.5826974467064066,1,1.35,4.32,35.82,36.0,solution,False,False
lovastatin acid,CC[C@H](C)C(=O)O[C@H]1C[C@@H](C)C=C2C=C[C@H](C)[C@H](CC[C@@H](O)C[C@@H](O)CC(=O)O)[C@H]21,80.0,0.00466,-4.234704070301944,1,5.0,2.64,33.71,,tablet,True,False
lovastatin,CC[C@H](C)C(=O)O[C@H]1C[C@@H](C)C=C2C=C[C@H](C)[C@H](CC[C@@H]3C[C@@H](O)CC(=O)O3)[C@H]21,80.0,0.0060699999999999,-4.119901295916686,1,3.5,2.6,43.1,5.0,tablet,False,False
pravastatin,CC[C@H](C)C(=O)O[C@H]1C[C@H](O)C=C2C=C[C@H](C)[C@H](CC[C@@H](O)C[C@@H](O)CC(=O)O)[C@H]21,10.0,0.0113342842738304,-2.9456058990698826,2,1.13,2.4450000000000003,33.92,,tablet,False,False
pravastatin,CC[C@H](C)C(=O)O[C@H]1C[C@H](O)C=C2C=C[C@H](C)[C@H](CC[C@@H](O)C[C@@H](O)CC(=O)O)[C@H]21,19.2,0.0273999999999999,-2.8455506658831617,1,0.88,1.77,66.2,18.0,solution,False,False
pravastatin,CC[C@H](C)C(=O)O[C@H]1C[C@H](O)C=C2C=C[C@H](C)[C@H](CC[C@@H](O)C[C@@H](O)CC(=O)O)[C@H]21,40.0,0.0351999999999999,-3.0555173278498318,1,1.4,1.6,71.2,,tablet,False,False
idelalisib,CC[C@H](Nc1ncnc2[nH]cnc12)c1nc2cccc(F)c2c(=O)n1-c1ccccc1,150.0,2.239256917063456,-1.82598733463168,3,2.0,9.0,10507.6,,,False,False
levacetylmethadol (laam),CC[C@H](OC(C)=O)C(C[C@H](C)N(C)C)(c1ccccc1)c1ccccc1,5.0,0.0048799999999999,-3.0105501823333083,1,2.12,43.1,39.6,,solution,False,False
levacetylmethadol (laam),CC[C@H](OC(C)=O)C(C[C@H](C)N(C)C)(c1ccccc1)c1ccccc1,20.0,0.0389999999999999,-2.709965388637482,1,2.5,,393.0,48.0,solution,False,False
levacetylmethadol (laam),CC[C@H](OC(C)=O)C(C[C@H](C)N(C)C)(c1ccccc1)c1ccccc1,40.0,0.063,-2.802719441874381,1,2.6,,944.0,47.0,solution,False,False
Solithromycin,CC[C@H]1OC(=O)[C@@](C)(F)C(=O)[C@H](C)[C@@H](O[C@@H]2O[C@H](C)C[C@H](N(C)C)[C@H]2O)[C@](C)(OC)C[C@@H](C)C(=O)[C@H](C)[C@H]2N(CCCCn3cc(-c4cccc(N)c4)nn3)C(=O)O[C@]12C,50.0,0.0223,-3.350665141287858,1,1.5,,,,capsule,False,False
Solithromycin,CC[C@H]1OC(=O)[C@@](C)(F)C(=O)[C@H](C)[C@@H](O[C@@H]2O[C@H](C)C[C@H](N(C)C)[C@H]2O)[C@](C)(OC)C[C@@H](C)C(=O)[C@H](C)[C@H]2N(CCCCn3cc(-c4cccc(N)c4)nn3)C(=O)O[C@]12C,100.0,0.0683,-3.165579296318468,1,2.0,3.16,624.0,,capsule,False,False
Solithromycin,CC[C@H]1OC(=O)[C@@](C)(F)C(=O)[C@H](C)[C@@H](O[C@@H]2O[C@H](C)C[C@H](N(C)C)[C@H]2O)[C@](C)(OC)C[C@@H](C)C(=O)[C@H](C)[C@H]2N(CCCCn3cc(-c4cccc(N)c4)nn3)C(=O)O[C@]12C,200.0,0.2549999999999999,-2.8944898152300262,1,3.0,4.0,1859.0,,capsule,False,False
Solithromycin,CC[C@H]1OC(=O)[C@@](C)(F)C(=O)[C@H](C)[C@@H](O[C@@H]2O[C@H](C)C[C@H](N(C)C)[C@H]2O)[C@](C)(OC)C[C@@H](C)C(=O)[C@H](C)[C@H]2N(CCCCn3cc(-c4cccc(N)c4)nn3)C(=O)O[C@]12C,400.0,0.784,-2.707743928643524,1,4.0,5.14,7128.0,,capsule,False,False
Solithromycin,CC[C@H]1OC(=O)[C@@](C)(F)C(=O)[C@H](C)[C@@H](O[C@@H]2O[C@H](C)C[C@H](N(C)C)[C@H]2O)[C@](C)(OC)C[C@@H](C)C(=O)[C@H](C)[C@H]2N(CCCCn3cc(-c4cccc(N)c4)nn3)C(=O)O[C@]12C,800.0,1.324,-2.7812020018882624,1,3.5,6.65,13836.0,,capsule,False,False
Solithromycin,CC[C@H]1OC(=O)[C@@](C)(F)C(=O)[C@H](C)[C@@H](O[C@@H]2O[C@H](C)C[C@H](N(C)C)[C@H]2O)[C@](C)(OC)C[C@@H](C)C(=O)[C@H](C)[C@H]2N(CCCCn3cc(-c4cccc(N)c4)nn3)C(=O)O[C@]12C,1200.0,1.964,-2.786039762596694,1,6.0,6.87,26957.0,,capsule,False,False
Solithromycin,CC[C@H]1OC(=O)[C@@](C)(F)C(=O)[C@H](C)[C@@H](O[C@@H]2O[C@H](C)C[C@H](N(C)C)[C@H]2O)[C@](C)(OC)C[C@@H](C)C(=O)[C@H](C)[C@H]2N(CCCCn3cc(-c4cccc(N)c4)nn3)C(=O)O[C@]12C,1600.0,1.7820000000000005,-2.953212282955069,1,6.0,7.42,28861.0,,capsule,False,False
Modithromycin,CC[C@H]1OC(=O)[C@H](C)C(=O)[C@H](C)[C@@H](O[C@@H]2O[C@H](C)C[C@H](N(C)C)[C@H]2O)[C@@]2(C)C[C@@H](C)/C(=N\C(C)=O)[C@H](C)[C@@H](OC/C(=N\OCc3ccc(-n4cccn4)nc3)CO2)[C@]1(C)O,100.0,0.1959999999999999,-2.707743928643524,1,1.75,15.6,3432.0,,suspension,False,False
Modithromycin,CC[C@H]1OC(=O)[C@H](C)C(=O)[C@H](C)[C@@H](O[C@@H]2O[C@H](C)C[C@H](N(C)C)[C@H]2O)[C@@]2(C)C[C@@H](C)/C(=N\C(C)=O)[C@H](C)[C@@H](OC/C(=N\OCc3ccc(-n4cccn4)nc3)CO2)[C@]1(C)O,200.0,0.36,-2.744727494896694,1,2.5,15.8,7713.0,,suspension,False,False
Modithromycin,CC[C@H]1OC(=O)[C@H](C)C(=O)[C@H](C)[C@@H](O[C@@H]2O[C@H](C)C[C@H](N(C)C)[C@H]2O)[C@@]2(C)C[C@@H](C)/C(=N\C(C)=O)[C@H](C)[C@@H](OC/C(=N\OCc3ccc(-n4cccn4)nc3)CO2)[C@]1(C)O,400.0,0.542,-2.8680607047895754,1,3.25,15.8,14400.0,,suspension,False,False
Modithromycin,CC[C@H]1OC(=O)[C@H](C)C(=O)[C@H](C)[C@@H](O[C@@H]2O[C@H](C)C[C@H](N(C)C)[C@H]2O)[C@@]2(C)C[C@@H](C)/C(=N\C(C)=O)[C@H](C)[C@@H](OC/C(=N\OCc3ccc(-n4cccn4)nc3)CO2)[C@]1(C)O,800.0,1.066,-2.87533278230139,1,4.26,17.6,33890.0,,suspension,False,False
Modithromycin,CC[C@H]1OC(=O)[C@H](C)C(=O)[C@H](C)[C@@H](O[C@@H]2O[C@H](C)C[C@H](N(C)C)[C@H]2O)[C@@]2(C)C[C@@H](C)/C(=N\C(C)=O)[C@H](C)[C@@H](OC/C(=N\OCc3ccc(-n4cccn4)nc3)CO2)[C@]1(C)O,1200.0,1.076,-3.0473689747172545,1,5.0,20.1,38280.0,,suspension,False,False
telithromycin,CC[C@H]1OC(=O)[C@H](C)C(=O)[C@H](C)[C@@H](O[C@@H]2O[C@H](C)C[C@H](N(C)C)[C@H]2O)[C@](C)(OC)C[C@@H](C)C(=O)[C@H](C)[C@H]2N(CCCCn3cnc(-c4cccnc4)c3)C(=O)O[C@]12C,400.0,0.8,-2.6989700043360187,1,1.0,6.68,3090.0,,tablet,False,False
telithromycin,CC[C@H]1OC(=O)[C@H](C)C(=O)[C@H](C)[C@@H](O[C@@H]2O[C@H](C)C[C@H](N(C)C)[C@H]2O)[C@](C)(OC)C[C@@H](C)C(=O)[C@H](C)[C@H]2N(CCCCn3cnc(-c4cccnc4)c3)C(=O)O[C@]12C,800.0,2.00824635784909,-2.6002729989912465,4,1.075,10.495,9525.0,57.3,tablet,False,False
telithromycin,CC[C@H]1OC(=O)[C@H](C)C(=O)[C@H](C)[C@@H](O[C@@H]2O[C@H](C)C[C@H](N(C)C)[C@H]2O)[C@](C)(OC)C[C@@H](C)C(=O)[C@H](C)[C@H]2N(CCCCn3cnc(-c4cccnc4)c3)C(=O)O[C@]12C,1600.0,4.070000000000001,-2.5945255734307047,1,1.0,10.13,25400.0,,tablet,False,False
Nafithromycin,CC[C@H]1OC(=O)[C@H](C)C(=O)[C@H](C)[C@@H](O[C@@H]2O[C@H](C)C[C@H](N(C)C)[C@H]2O)[C@](C)(OC)C[C@@H](C)C(=O)[C@H](C)[C@H]2[C@H](/C(N)=N/O[C@@H](C)c3nnc(-c4ccccn4)s3)C(=O)O[C@@]21C,100.0,0.0989999999999999,-3.0043648054024503,1,1.26,5.15,662.0,,tablet,False,False
Nafithromycin,CC[C@H]1OC(=O)[C@H](C)C(=O)[C@H](C)[C@@H](O[C@@H]2O[C@H](C)C[C@H](N(C)C)[C@H]2O)[C@](C)(OC)C[C@@H](C)C(=O)[C@H](C)[C@H]2[C@H](/C(N)=N/O[C@@H](C)c3nnc(-c4ccccn4)s3)C(=O)O[C@@]21C,200.0,0.175,-3.057991946977687,1,2.0,7.08,1508.0,,tablet,False,False
Nafithromycin,CC[C@H]1OC(=O)[C@H](C)C(=O)[C@H](C)[C@@H](O[C@@H]2O[C@H](C)C[C@H](N(C)C)[C@H]2O)[C@](C)(OC)C[C@@H](C)C(=O)[C@H](C)[C@H]2[C@H](/C(N)=N/O[C@@H](C)c3nnc(-c4ccccn4)s3)C(=O)O[C@@]21C,400.0,0.345,-3.064240896254688,1,2.5,7.87,4106.0,,tablet,False,False
Nafithromycin,CC[C@H]1OC(=O)[C@H](C)C(=O)[C@H](C)[C@@H](O[C@@H]2O[C@H](C)C[C@H](N(C)C)[C@H]2O)[C@](C)(OC)C[C@@H](C)C(=O)[C@H](C)[C@H]2[C@H](/C(N)=N/O[C@@H](C)c3nnc(-c4ccccn4)s3)C(=O)O[C@@]21C,800.0,0.932,-2.9336740746379624,1,4.0,8.95,12487.0,,tablet,False,False
roxithromycin,CC[C@H]1OC(=O)[C@H](C)[C@@H](O[C@H]2C[C@@](C)(OC)[C@@H](O)[C@H](C)O2)[C@H](C)[C@@H](O[C@@H]2O[C@H](C)C[C@H](N(C)C)[C@H]2O)[C@](C)(O)C[C@@H](C)C(=NOCOCCOC)[C@H](C)[C@@H](O)[C@]1(C)O,150.0,6.0969796029772265,-1.3909765169334258,3,1.6,8.4,70250.0,50.0,tablet,False,False
roxithromycin,CC[C@H]1OC(=O)[C@H](C)[C@@H](O[C@H]2C[C@@](C)(OC)[C@@H](O)[C@H](C)O2)[C@H](C)[C@@H](O[C@@H]2O[C@H](C)C[C@H](N(C)C)[C@H]2O)[C@](C)(O)C[C@@H](C)C(=NOCOCCOC)[C@H](C)[C@@H](O)[C@]1(C)O,300.0,9.489197693815996,-1.4998917600877515,3,1.64,10.9,116500.0,50.0,tablet,False,False
roxithromycin,CC[C@H]1OC(=O)[C@H](C)[C@@H](O[C@H]2C[C@@](C)(OC)[C@@H](O)[C@H](C)O2)[C@H](C)[C@@H](O[C@@H]2O[C@H](C)C[C@H](N(C)C)[C@H]2O)[C@](C)(O)C[C@@H](C)C(=NOCOCCOC)[C@H](C)[C@@H](O)[C@]1(C)O,450.0,10.8,-1.619788758288394,1,1.6,10.3,150600.0,50.0,tablet,False,False
erythromycin,CC[C@H]1OC(=O)[C@H](C)[C@@H](O[C@H]2C[C@@](C)(OC)[C@@H](O)[C@H](C)O2)[C@H](C)[C@@H](O[C@@H]2O[C@H](C)C[C@H](N(C)C)[C@H]2O)[C@](C)(O)C[C@@H](C)C(=O)[C@H](C)[C@@H](O)[C@]1(C)O,250.0,1.5245245160377054,-2.214805595979635,2,2.745,1.49,3967.3,32.0,capsule,False,False
erythromycin,CC[C@H]1OC(=O)[C@H](C)[C@@H](O[C@H]2C[C@@](C)(OC)[C@@H](O)[C@H](C)O2)[C@H](C)[C@@H](O[C@@H]2O[C@H](C)C[C@H](N(C)C)[C@H]2O)[C@](C)(O)C[C@@H](C)C(=O)[C@H](C)[C@@H](O)[C@]1(C)O,500.0,2.7331300737432893,-2.26230970342832,2,3.5,1.615,10865.0,,capsule,False,False
azithromycin,CC[C@H]1OC(=O)[C@H](C)[C@@H](O[C@H]2C[C@@](C)(OC)[C@@H](O)[C@H](C)O2)[C@H](C)[C@@H](O[C@@H]2O[C@H](C)C[C@H](N(C)C)[C@H]2O)[C@](C)(O)C[C@@H](C)CN(C)[C@H](C)[C@@H](O)[C@]1(C)O,500.0,0.4098243526195094,-3.0863722428183378,2,2.0,51.23,4484.06,37.0,suspension,False,False
azithromycin,CC[C@H]1OC(=O)[C@H](C)[C@@H](O[C@H]2C[C@@](C)(OC)[C@@H](O)[C@H](C)O2)[C@H](C)[C@@H](O[C@@H]2O[C@H](C)C[C@H](N(C)C)[C@H]2O)[C@](C)(O)C[C@@H](C)CN(C)[C@H](C)[C@@H](O)[C@]1(C)O,1000.0,1.07,-2.9706162223147903,1,1.79,39.2,9980.0,,capsule,False,False
azithromycin,CC[C@H]1OC(=O)[C@H](C)[C@@H](O[C@H]2C[C@@](C)(OC)[C@@H](O)[C@H](C)O2)[C@H](C)[C@@H](O[C@@H]2O[C@H](C)C[C@H](N(C)C)[C@H]2O)[C@](C)(O)C[C@@H](C)CN(C)[C@H](C)[C@@H](O)[C@]1(C)O,1200.0,1.04,-3.0621479067488444,1,3.0,52.9,12000.0,,tablet,False,False
clarithromycin,CC[C@H]1OC(=O)[C@H](C)[C@@H](O[C@H]2C[C@@](C)(OC)[C@@H](O)[C@H](C)O2)[C@H](C)[C@@H](O[C@@H]2O[C@H](C)C[C@H](N(C)C)[C@H]2O)[C@](C)(OC)C[C@@H](C)C(=O)[C@H](C)[C@@H](O)[C@]1(C)O,0.1,0.0001899999999999,-2.721246399047171,1,1.2,4.0,0.99,22.0,solution,False,False
clarithromycin,CC[C@H]1OC(=O)[C@H](C)[C@@H](O[C@H]2C[C@@](C)(OC)[C@@H](O)[C@H](C)O2)[C@H](C)[C@@H](O[C@@H]2O[C@H](C)C[C@H](N(C)C)[C@H]2O)[C@](C)(OC)C[C@@H](C)C(=O)[C@H](C)[C@@H](O)[C@]1(C)O,100.0,0.3499999999999999,-2.4559319556497243,1,1.46,2.27,1670.0,,,False,False
clarithromycin,CC[C@H]1OC(=O)[C@H](C)[C@@H](O[C@H]2C[C@@](C)(OC)[C@@H](O)[C@H](C)O2)[C@H](C)[C@@H](O[C@@H]2O[C@H](C)C[C@H](N(C)C)[C@H]2O)[C@](C)(OC)C[C@@H](C)C(=O)[C@H](C)[C@@H](O)[C@]1(C)O,200.0,0.6,-2.5228787452803374,1,1.56,2.33,2990.0,,,False,False
clarithromycin,CC[C@H]1OC(=O)[C@H](C)[C@@H](O[C@H]2C[C@@](C)(OC)[C@@H](O)[C@H](C)O2)[C@H](C)[C@@H](O[C@@H]2O[C@H](C)C[C@H](N(C)C)[C@H]2O)[C@](C)(OC)C[C@@H](C)C(=O)[C@H](C)[C@@H](O)[C@]1(C)O,250.0,0.8532760397432944,-2.46685045799237,2,1.34,3.05,4587.5,55.0,tablet,False,False
clarithromycin,CC[C@H]1OC(=O)[C@H](C)[C@@H](O[C@H]2C[C@@](C)(OC)[C@@H](O)[C@H](C)O2)[C@H](C)[C@@H](O[C@@H]2O[C@H](C)C[C@H](N(C)C)[C@H]2O)[C@](C)(OC)C[C@@H](C)C(=O)[C@H](C)[C@@H](O)[C@]1(C)O,400.0,1.13,-2.5489815478445426,1,1.86,3.6,8550.0,,,False,False
clarithromycin,CC[C@H]1OC(=O)[C@H](C)[C@@H](O[C@H]2C[C@@](C)(OC)[C@@H](O)[C@H](C)O2)[C@H](C)[C@@H](O[C@@H]2O[C@H](C)C[C@H](N(C)C)[C@H]2O)[C@](C)(OC)C[C@@H](C)C(=O)[C@H](C)[C@@H](O)[C@]1(C)O,600.0,2.03,-2.470655212470431,1,1.83,3.64,15440.0,,,False,False
clarithromycin,CC[C@H]1OC(=O)[C@H](C)[C@@H](O[C@H]2C[C@@](C)(OC)[C@@H](O)[C@H](C)O2)[C@H](C)[C@@H](O[C@@H]2O[C@H](C)C[C@H](N(C)C)[C@H]2O)[C@](C)(OC)C[C@@H](C)C(=O)[C@H](C)[C@@H](O)[C@]1(C)O,800.0,2.63,-2.4831342385021857,1,2.67,4.25,24730.0,,,False,False
clarithromycin,CC[C@H]1OC(=O)[C@H](C)[C@@H](O[C@H]2C[C@@](C)(OC)[C@@H](O)[C@H](C)O2)[C@H](C)[C@@H](O[C@@H]2O[C@H](C)C[C@H](N(C)C)[C@H]2O)[C@](C)(OC)C[C@@H](C)C(=O)[C@H](C)[C@@H](O)[C@]1(C)O,1200.0,3.97,-2.48039073928451,1,2.2,5.98,44600.0,,,False,False
obeticholic acid,CC[C@H]1[C@@H](O)[C@@H]2[C@H](CC[C@]3(C)[C@@H]([C@H](C)CCC(=O)O)CC[C@@H]23)[C@@]2(C)CC[C@@H](O)C[C@@H]12,10.0,0.0454746372031977,-2.342230757053435,3,1.5,67.44,166.02,,tablet,False,False
ajmaline,CC[C@H]1[C@@H]2C[C@H]3[C@@H]4N(C)c5ccccc5[C@]45C[C@@H](C2[C@H]5O)N3[C@@H]1O,50.0,0.018,-3.4436974992327127,1,1.0,1.79,45.0,,tablet,False,False
vinflunine,CC[C@]12C=CCN3CC[C@@]4(c5cc([C@@]6(C(=O)OC)C[C@@H]7C[C@@H](C(C)(F)F)C[N@](Cc8c6[nH]c6ccccc86)C7)c(OC)cc5N(C)[C@H]4[C@@](O)(C(=O)OC)[C@@H]1OC(C)=O)[C@@H]32,207.6,0.235,-2.946159486904684,1,2.51,33.0,3272.0,57.3,capsule,False,False
bretylium,CC[N+](C)(C)Cc1ccccc1Br,100.0,0.0357,-3.447331783887807,1,3.0,7.99,,22.6,solution,False,False
bretylium,CC[N+](C)(C)Cc1ccccc1Br,200.0,0.06573,-3.4832663633836134,1,3.0,10.02,,22.6,solution,False,False
bretylium,CC[N+](C)(C)Cc1ccccc1Br,400.0,0.12016,-3.5223000716678694,1,3.25,10.67,,22.6,solution,False,False
methantheline,CC[N+](C)(CC)CCOC(=O)C1c2ccccc2Oc2ccccc21,100.0,0.0251,-3.600326278518962,1,2.8,2.07,226.0,,tablet,False,False
Denatonium,CC[N+](CC)(CC(=O)Nc1c(C)cccc1C)Cc1ccccc1,40.0,0.001,-4.6020599913279625,1,1.33,8.27,12.4,,capsule,False,False
Denatonium,CC[N+](CC)(CC(=O)Nc1c(C)cccc1C)Cc1ccccc1,100.0,0.00304,-4.517126416391246,1,1.21,11.1,17.5,,capsule,False,False
Denatonium,CC[N+](CC)(CC(=O)Nc1c(C)cccc1C)Cc1ccccc1,240.0,0.0124,-4.286789556549371,1,1.08,18.4,55.8,,capsule,False,False
fidaxomicin,CCc1c(Cl)c(O)c(Cl)c(O)c1C(=O)O[C@H]1[C@H](O)[C@H](OC)[C@H](OC/C2=C\C=C\C[C@H](O)/C(C)=C/[C@H](CC)[C@@H](O[C@@H]3OC(C)(C)[C@@H](OC(=O)C(C)C)[C@H](O)[C@@H]3O)/C(C)=C/C(C)=C/C[C@@H]([C@@H](C)O)OC2=O)O[C@@H]1C,100.0,0.0044999999999999,-4.346787486224657,1,3.0,7.0,40.6,,tablet,False,False
fidaxomicin,CCc1c(Cl)c(O)c(Cl)c(O)c1C(=O)O[C@H]1[C@H](O)[C@H](OC)[C@H](OC/C2=C\C=C\C[C@H](O)/C(C)=C/[C@H](CC)[C@@H](O[C@@H]3OC(C)(C)[C@@H](OC(=O)C(C)C)[C@H](O)[C@@H]3O)/C(C)=C/C(C)=C/C[C@@H]([C@@H](C)O)OC2=O)O[C@@H]1C,200.0,0.006111464636239,-4.514884692588272,2,2.0,12.25,56.55,,tablet,False,False
Cenerimod,CCc1cc(-c2noc(-c3cc(OC)nc(C4CCCC4)c3)n2)cc(C)c1OC[C@@H](O)CO,1.0,0.0038999999999999,-2.408935392973501,1,5.0,172.0,610.0,,capsule,False,False
Cenerimod,CCc1cc(-c2noc(-c3cc(OC)nc(C4CCCC4)c3)n2)cc(C)c1OC[C@@H](O)CO,3.0,0.0130999999999999,-2.359849959063898,1,6.0,184.0,2070.0,,capsule,False,False
Cenerimod,CCc1cc(-c2noc(-c3cc(OC)nc(C4CCCC4)c3)n2)cc(C)c1OC[C@@H](O)CO,10.0,0.0467,-2.330683119433888,1,6.0,199.0,8030.0,,capsule,False,False
Cenerimod,CCc1cc(-c2noc(-c3cc(OC)nc(C4CCCC4)c3)n2)cc(C)c1OC[C@@H](O)CO,25.0,0.1219999999999999,-2.311580177997289,1,6.2,170.0,18700.0,,capsule,False,False
siponimod,CCc1cc(/C(C)=N/OCc2ccc(C3CCCCC3)c(C(F)(F)F)c2)ccc1CN1CC(C(=O)O)C1,0.25,0.0018466596372557,-2.1315531518258344,5,4.0,26.7,61.4,84.0,,False,False
siponimod,CCc1cc(/C(C)=N/OCc2ccc(C3CCCCC3)c(C(F)(F)F)c2)ccc1CN1CC(C(=O)O)C1,4.0,0.0312,-2.10790539730952,1,4.0,40.6,1120.0,,,False,False
siponimod,CCc1cc(/C(C)=N/OCc2ccc(C3CCCCC3)c(C(F)(F)F)c2)ccc1CN1CC(C(=O)O)C1,10.0,0.0804,-2.0947439512515484,1,4.0,56.6,3226.0,,solution,False,False
ethionamide,CCc1cc(C(N)=S)ccn1,250.0,2.047574174480622,-2.0867003654023906,2,1.375,1.96,8209.0,,tablet,False,False
ethionamide,CCc1cc(C(N)=S)ccn1,500.0,2.3,-2.337242168318426,1,1.7,,10000.0,,tablet,False,False
alectinib,CCc1cc2c(cc1N1CCC(N3CCOCC3)CC1)C(C)(C)c1[nH]c3cc(C#N)ccc3c1C2=O,600.0,0.103,-3.765314025678472,1,4.0,23.4,1900.0,,capsule,False,False
clotiazepam,CCc1cc2c(s1)N(C)C(=O)CN=C2c1ccccc1Cl,5.0,0.1788,-1.44660248987612,1,0.54,4.62,528.2,,tablet,False,False
pioglitazone,CCc1ccc(CCOc2ccc(CC3SC(=O)NC3=O)cc2)nc1,15.0,0.5807550774638135,-1.4120982435883558,2,1.83,7.355,5630.82,83.0,tablet,False,False
pioglitazone,CCc1ccc(CCOc2ccc(CC3SC(=O)NC3=O)cc2)nc1,30.0,1.359,-1.343901797987168,1,2.0,6.5,11100.0,83.0,tablet,False,False
pioglitazone,CCc1ccc(CCOc2ccc(CC3SC(=O)NC3=O)cc2)nc1,45.0,1.66929,-1.4306807220576978,1,2.0,,16709.18,83.0,tablet,False,False
Tofogliflozin,CCc1ccc(Cc2ccc3c(c2)[C@]2(OC3)O[C@H](CO)[C@@H](O)[C@H](O)[C@H]2O)cc1,10.0,0.2611512971440118,-1.5831078126717606,2,1.0,5.9,1185.0,,,False,False
Tofogliflozin,CCc1ccc(Cc2ccc3c(c2)[C@]2(OC3)O[C@H](CO)[C@@H](O)[C@H](O)[C@H]2O)cc1,20.0,0.4602408883246797,-1.6380447964009834,3,1.0,5.7,1900.0,97.5,solution,False,False
Tofogliflozin,CCc1ccc(Cc2ccc3c(c2)[C@]2(OC3)O[C@H](CO)[C@@H](O)[C@H](O)[C@H]2O)cc1,40.0,1.21,-1.5192746210115122,1,1.0,5.77,5640.0,,,False,False
Tofogliflozin,CCc1ccc(Cc2ccc3c(c2)[C@]2(OC3)O[C@H](CO)[C@@H](O)[C@H](O)[C@H]2O)cc1,80.0,1.7407182425654073,-1.6623615062834398,2,1.0,5.545,7960.0,,,False,False
Tofogliflozin,CCc1ccc(Cc2ccc3c(c2)[C@]2(OC3)O[C@H](CO)[C@@H](O)[C@H](O)[C@H]2O)cc1,160.0,3.71,-1.634746073040879,1,1.0,5.63,21800.0,,,False,False
Tofogliflozin,CCc1ccc(Cc2ccc3c(c2)[C@]2(OC3)O[C@H](CO)[C@@H](O)[C@H](O)[C@H]2O)cc1,320.0,6.739999999999999,-1.6764900817845865,1,1.0,5.53,38100.0,,,False,False
Tofogliflozin,CCc1ccc(Cc2ccc3c(c2)[C@]2(OC3)O[C@H](CO)[C@@H](O)[C@H](O)[C@H]2O)cc1,640.0,11.900000000000002,-1.7306330125913565,1,2.0,6.06,99100.0,,,False,False
etodolac,CCc1cccc2c3c([nH]c12)C(CC)(CC(=O)O)OCC3,200.0,19.584769592721788,-1.0091115290575092,2,1.715,7.785,96290.0,,tablet,False,True
Aficamten,CCc1nc(-c2ccc3c(c2)CC[C@H]3NC(=O)c2cnn(C)c2)no1,10.0,0.1153,-1.938170692705301,1,0.75,73.8,3337.0,,,False,False
Aficamten,CCc1nc(-c2ccc3c(c2)CC[C@H]3NC(=O)c2cnn(C)c2)no1,20.0,0.2272999999999999,-1.9444305599390104,1,0.5,77.3,5989.0,,,False,False
pyrimethamine,CCc1nc(N)nc(N)c1-c1ccc(Cl)cc1,25.0,0.234,-2.028724151261895,1,1.5,82.5,,,tablet,False,False
pyrimethamine,CCc1nc(N)nc(N)c1-c1ccc(Cl)cc1,50.0,0.4020911090785271,-2.094645534120012,2,1.5,111.15,55845.0,,tablet,False,False
Ziritaxestat,CCc1nc2c(C)cc(N3CCN(CC(=O)N4CC(O)C4)CC3)cn2c1N(C)c1nc(-c2ccc(F)cc2)c(C#N)s1,600.0,8.4,-1.853871964321762,1,3.25,7.0,40000.0,51.1,tablet,False,False
Telacebec,CCc1nc2ccc(Cl)cn2c1C(=O)NCc1ccc(N2CCC(c3ccc(OC(F)(F)F)cc3)CC2)cc1,10.0,0.01803,-2.744004273277598,1,2.17,6.32,160.79,,,False,False
Telacebec,CCc1nc2ccc(Cl)cn2c1C(=O)NCc1ccc(N2CCC(c3ccc(OC(F)(F)F)cc3)CC2)cc1,30.0,0.0585199999999999,-2.7098169372663894,1,2.0,11.42,590.38,,,False,False
Telacebec,CCc1nc2ccc(Cl)cn2c1C(=O)NCc1ccc(N2CCC(c3ccc(OC(F)(F)F)cc3)CC2)cc1,50.0,0.06697,-2.873089705399839,1,2.33,15.81,764.65,,,False,False
Telacebec,CCc1nc2ccc(Cl)cn2c1C(=O)NCc1ccc(N2CCC(c3ccc(OC(F)(F)F)cc3)CC2)cc1,100.0,0.10862,-2.964090201543391,1,3.0,21.13,1138.57,,,False,False
Telacebec,CCc1nc2ccc(Cl)cn2c1C(=O)NCc1ccc(N2CCC(c3ccc(OC(F)(F)F)cc3)CC2)cc1,200.0,0.1318499999999999,-3.180949861534528,1,2.67,18.6,1332.94,,,False,False
Telacebec,CCc1nc2ccc(Cl)cn2c1C(=O)NCc1ccc(N2CCC(c3ccc(OC(F)(F)F)cc3)CC2)cc1,400.0,0.1514999999999999,-3.4216473584896385,1,3.5,59.47,2715.14,,,False,False
Telacebec,CCc1nc2ccc(Cl)cn2c1C(=O)NCc1ccc(N2CCC(c3ccc(OC(F)(F)F)cc3)CC2)cc1,800.0,0.276,-3.462180904926726,1,2.67,150.79,6116.62,,,False,False
nefazodone,CCc1nn(CCCN2CCN(c3cccc(Cl)c3)CC2)c(=O)n1CCOc1ccccc1,50.0,0.0839999999999999,-2.774690718274137,1,0.9,1.0,124.0,20.0,capsule,False,False
nefazodone,CCc1nn(CCCN2CCN(c3cccc(Cl)c3)CC2)c(=O)n1CCOc1ccccc1,100.0,0.1959999999999999,-2.707743928643524,1,1.0,1.4,414.0,20.0,capsule,False,False
nefazodone,CCc1nn(CCCN2CCN(c3cccc(Cl)c3)CC2)c(=O)n1CCOc1ccccc1,200.0,0.4033360881448621,-2.695362913797706,2,1.15,3.55,1161.0,20.0,capsule,False,False
ripretinib,CCn1c(=O)c(-c2cc(NC(=O)Nc3ccccc3)c(F)cc2Br)cc2cnc(NC)cc21,50.0,0.2899982758569436,-2.236574588464791,2,3.5,14.5,3934.5,,tablet,False,False
ripretinib,CCn1c(=O)c(-c2cc(NC(=O)Nc3ccccc3)c(F)cc2Br)cc2cnc(NC)cc21,100.0,0.363,-2.440093374963888,1,3.0,15.0,5825.0,,tablet,False,False
istradefylline,CCn1c(=O)c2c(nc(/C=C/c3ccc(OC)c(OC)c3)n2C)n(CC)c1=O,40.0,0.1810999999999999,-2.344141541013904,1,2.0,94.8,11100.0,,tablet,False,False
pefloxacin,CCn1cc(C(=O)O)c(=O)c2cc(F)c(N3CCN(C)CC3)cc21,400.0,4.374598267269808,-1.9611218147282008,2,1.56,9.375,59427.5,100.0,tablet,False,False
lomefloxacin,CCn1cc(C(=O)O)c(=O)c2cc(F)c(N3CCNC(C)C3)c(F)c21,100.0,1.0105444077327823,-1.9954445969338936,2,0.8300000000000001,7.38,6275.0,,capsule,False,False
lomefloxacin,CCn1cc(C(=O)O)c(=O)c2cc(F)c(N3CCNC(C)C3)c(F)c21,200.0,1.977725966861941,-2.0048638799520657,2,0.935,7.564999999999999,12590.0,,capsule,False,False
lomefloxacin,CCn1cc(C(=O)O)c(=O)c2cc(F)c(N3CCNC(C)C3)c(F)c21,400.0,3.246505813948283,-2.090643806369797,2,1.205,7.87,28100.0,,capsule,False,False
lomefloxacin,CCn1cc(C(=O)O)c(=O)c2cc(F)c(N3CCNC(C)C3)c(F)c21,600.0,5.3070895978869626,-2.053294830638293,2,1.5099999999999998,7.875,41771.665,,capsule,False,False
lomefloxacin,CCn1cc(C(=O)O)c(=O)c2cc(F)c(N3CCNC(C)C3)c(F)c21,800.0,7.221177189350779,-2.0444819853827685,2,1.055,8.045,59575.835,,capsule,False,False
norfloxacin,CCn1cc(C(=O)O)c(=O)c2cc(F)c(N3CCNCC3)cc21,200.0,0.65,-2.4881166390211256,1,1.07,5.13,3450.0,,tablet,False,False
norfloxacin,CCn1cc(C(=O)O)c(=O)c2cc(F)c(N3CCNCC3)cc21,400.0,1.2028278433504025,-2.521856518629213,3,1.44,4.92,6489.47,,tablet,False,False
enoxacin,CCn1cc(C(=O)O)c(=O)c2cc(F)c(N3CCNCC3)nc21,200.0,1.22,-2.214670164989233,1,1.5,4.25,6620.0,89.0,capsule,False,False
enoxacin,CCn1cc(C(=O)O)c(=O)c2cc(F)c(N3CCNCC3)nc21,400.0,2.01,-2.298863933907473,1,1.5,4.17,12050.0,89.0,capsule,False,False
enoxacin,CCn1cc(C(=O)O)c(=O)c2cc(F)c(N3CCNCC3)nc21,800.0,4.3,-2.269621531412357,1,1.25,5.39,26950.0,89.0,capsule,False,False
enoxacin,CCn1cc(C(=O)O)c(=O)c2cc(F)c(N3CCNCC3)nc21,1000.0,6.03,-2.219682687859849,1,2.25,6.18,53450.0,89.0,capsule,False,False
enoxacin,CCn1cc(C(=O)O)c(=O)c2cc(F)c(N3CCNCC3)nc21,1600.0,8.11,-2.2950991284447686,1,2.75,6.36,101710.0,89.0,capsule,False,False
rosoxacin,CCn1cc(C(=O)O)c(=O)c2ccc(-c3ccncc3)cc21,300.0,4.53,-1.8210230527068303,1,2.38,3.56,35040.0,,capsule,False,False
nalidixic acid,CCn1cc(C(=O)O)c(=O)c2ccc(C)nc21,1000.0,30.60000000000001,-1.51427857351842,1,2.5,2.15,139180.0,,tablet,False,False
cinoxacin,CCn1nc(C(=O)O)c(=O)c2cc3c(cc21)OCO3,500.0,15.688530842625134,-1.503387728487455,2,1.49,1.59,47645.0,,tablet,False,False
metformin,CN(C)C(=N)NC(=N)N,500.0,1.3561038829751082,-2.56667704483832,3,2.25,5.3,8480.0,60.6,tablet,False,False
metformin,CN(C)C(=N)NC(=N)N,850.0,1.7281492991058385,-2.6918376661727472,2,2.59,5.445,11650.0,,tablet,False,False
metformin,CN(C)C(=N)NC(=N)N,1500.0,2.97,-2.703334809738469,1,1.5,5.86,17330.0,50.25,tablet,False,False
metformin,CN(C)C(=N)NC(=N)N,1700.0,2.6,-2.815475573407456,1,2.77,6.3,18200.0,,tablet,False,False
metformin,CN(C)C(=N)NC(=N)N,2550.0,3.63,-2.8466335553978426,1,1.78,8.2,24390.0,,tablet,False,False
loperamide,CN(C)C(=O)C(CCN1CCC(O)(c2ccc(Cl)cc2)CC1)(c1ccccc1)c1ccccc1,4.0,0.00074,-3.7328282715969854,1,5.0,13.4,13.4,,tablet,False,False
loperamide,CN(C)C(=O)C(CCN1CCC(O)(c2ccc(Cl)cc2)CC1)(c1ccccc1)c1ccccc1,8.0,0.0015927962832704,-3.7009297533810783,2,4.68,16.37,31.965000000000003,,tablet,False,False
loperamide,CN(C)C(=O)C(CCN1CCC(O)(c2ccc(Cl)cc2)CC1)(c1ccccc1)c1ccccc1,16.0,0.0043,-3.5706515270763384,1,2.0,18.4,63.8,,,False,False
cariprazine,CN(C)C(=O)N[C@H]1CC[C@H](CCN2CCN(c3cccc(Cl)c3Cl)CC2)CC1,1.5,0.00088,-3.2316085869055127,1,3.5,,20.2,,capsule,False,False
pyridostigmine,CN(C)C(=O)Oc1ccc[n+](C)c1,120.0,0.052,-3.3631779024128257,1,1.7,1.76,180.58,7.6,tablet,False,False
neostigmine,CN(C)C(=O)Oc1cccc([N+](C)(C)C)c1,30.0,0.00575,-3.717453410030032,1,1.26,0.86,9.89,,,False,False
ribociclib,CN(C)C(=O)c1cc2cnc(Nc3ccc(N4CCNCC4)cn3)nc2n1C1CCCC1,400.0,0.317,-3.101000729110211,1,4.0,40.1,6170.0,,,False,False
ribociclib,CN(C)C(=O)c1cc2cnc(Nc3ccc(N4CCNCC4)cn3)nc2n1C1CCCC1,600.0,0.625,-2.9822712330395684,1,2.99,32.9,9810.0,67.7,tablet,False,False
zimelidine,CN(C)C/C=C(/c1ccc(Br)cc1)c1cccnc1,100.0,0.09825,-3.0076674409525355,1,3.0,8.15,1086.1,,tablet,False,False
zimelidine,CN(C)C/C=C(/c1ccc(Br)cc1)c1cccnc1,150.0,0.22,-2.8336685782334747,1,1.25,4.58,1250.52,50.0,tablet,False,False
afatinib,CN(C)C/C=C/C(=O)Nc1cc2c(Nc3ccc(F)c(Cl)c3)ncnc2cc1O[C@H]1CCOC1,15.0,0.00619,-3.3844006100355637,1,6.0,33.9,144.0,,solution,False,False
afatinib,CN(C)C/C=C/C(=O)Nc1cc2c(Nc3ccc(F)c(Cl)c3)ncnc2cc1O[C@H]1CCOC1,40.0,0.0257123641597623,-3.191917981027573,3,5.0,75.5,724.11,,tablet,False,False
afatinib,CN(C)C/C=C/C(=O)Nc1cc2c(Nc3ccc(F)c(Cl)c3)ncnc2cc1O[C@H]1CCOC1,50.0,0.03089935274403,-3.2090206220840067,2,6.25,60.1,970.5,,tablet,False,False
medifoxamine,CN(C)CC(Oc1ccccc1)Oc1ccccc1,200.0,0.226,-2.94692155651658,1,0.47,0.9,264.0,,capsule,False,False
medifoxamine,CN(C)CC(Oc1ccccc1)Oc1ccccc1,500.0,0.7088501886858746,-2.848415545037052,2,0.935,2.225,1677.615,21.0,capsule,False,False
medifoxamine,CN(C)CC(Oc1ccccc1)Oc1ccccc1,750.0,1.54,-2.687540542555237,1,1.06,1.33,2690.0,,capsule,False,False
medifoxamine,CN(C)CC(Oc1ccccc1)Oc1ccccc1,1000.0,1.412,-2.850165303284215,1,1.01,2.15,3789.0,,capsule,False,False
desvenlafaxine,CN(C)CC(c1ccc(O)cc1)C1(O)CCCCC1,25.0,0.0609999999999999,-2.612610173661271,1,4.0,9.3,1048.0,,tablet,True,False
desvenlafaxine,CN(C)CC(c1ccc(O)cc1)C1(O)CCCCC1,50.0,0.1169123457727119,-2.631109629890519,3,3.9,10.3,2226.0,80.0,tablet ER,True,False
desvenlafaxine,CN(C)CC(c1ccc(O)cc1)C1(O)CCCCC1,75.0,0.1679999999999999,-2.6497519816658373,1,4.4,10.7,3297.0,,tablet,True,False
desvenlafaxine,CN(C)CC(c1ccc(O)cc1)C1(O)CCCCC1,100.0,0.1766,-2.75300930075845,1,7.0,9.9,4931.0,80.0,ER,False,False
desvenlafaxine,CN(C)CC(c1ccc(O)cc1)C1(O)CCCCC1,150.0,0.325,-2.664207898076807,1,4.6,9.9,5877.0,,tablet,True,False
olopatadine,CN(C)CC/C=C1/c2ccccc2COc2ccc(CC(=O)O)cc21,5.0,0.06998,-1.853996066189131,1,1.02,5.87,283.46,,tablet,False,False
olopatadine,CN(C)CC/C=C1/c2ccccc2COc2ccc(CC(=O)O)cc21,80.0,1.523,-1.720390083655901,1,1.0,,4382.0,,tablet,False,False
brompheniramine,CN(C)CCC(c1ccc(Br)cc1)c1ccccn1,9.46,0.01123,-2.925511380140335,1,3.0,23.14,280.68,,syrup,False,False
chlorpheniramine,CN(C)CCC(c1ccc(Cl)cc1)c1ccccn1,8.0,0.01736,-2.6635402661514704,1,2.6,30.2,,48.0,tablet,False,False
pheniramine,CN(C)CCC(c1ccccc1)c1ccccn1,30.5,0.2235,-2.1350223118788305,1,1.75,17.5,4637.5,,,False,False
cyclobenzaprine,CN(C)CCC=C1c2ccccc2C=Cc2ccccc21,2.5,0.0021,-3.075720713938118,1,3.9,18.4,44.2,,tablet,False,False
cyclobenzaprine,CN(C)CCC=C1c2ccccc2C=Cc2ccccc21,5.0,0.0043,-3.065501548756432,1,3.9,18.4,89.5,,tablet,False,False
cyclobenzaprine,CN(C)CCC=C1c2ccccc2C=Cc2ccccc21,10.0,0.0085,-3.070581074285707,1,3.8,18.0,178.2,,tablet,False,False
amitriptyline,CN(C)CCC=C1c2ccccc2CCc2ccccc21,10.0,0.00596,-3.2247537402597635,1,3.5,26.47,109.74,48.0,tablet,False,False
amitriptyline,CN(C)CCC=C1c2ccccc2CCc2ccccc21,25.0,0.01769,-3.1502121757623143,1,3.31,24.79,296.87,48.0,tablet,False,False
amitriptyline,CN(C)CCC=C1c2ccccc2CCc2ccccc21,50.0,0.0487999999999999,-3.0105501823333083,1,3.7,28.8,833.0,48.0,tablet,False,False
doxepin,CN(C)CCC=C1c2ccccc2COc2ccccc21,3.0,0.00059,-3.7062692430775184,1,2.5,18.6,10.25,,tablet,False,False
doxepin,CN(C)CCC=C1c2ccccc2COc2ccccc21,50.0,0.02268,-3.34332695411515,1,1.0,15.76,226.71,,tablet,False,False
doxepin,CN(C)CCC=C1c2ccccc2COc2ccccc21,100.0,0.0432999999999999,-3.363512103646635,1,2.3,12.5,533.0,,tablet,False,False
clomipramine,CN(C)CCCN1c2ccccc2CCc2ccc(Cl)cc21,75.0,0.0475699999999999,-3.197728111971798,1,3.91,18.08,754.61,50.0,tablet,False,False
imipramine,CN(C)CCCN1c2ccccc2CCc2ccccc21,50.0,0.0286208846997949,-3.2422869502336904,4,3.65,20.07,562.12,41.88,tablet,False,False
imipramine,CN(C)CCCN1c2ccccc2CCc2ccccc21,100.0,0.0540935680095147,-3.266854371567035,2,3.79,13.739999999999998,1015.085,,tablet,False,False
chlorpromazine,CN(C)CCCN1c2ccccc2Sc2ccc(Cl)cc21,25.0,0.00431,-3.763462738511306,1,2.0,5.48,27.8,8.24,solution,False,False
chlorpromazine,CN(C)CCCN1c2ccccc2Sc2ccc(Cl)cc21,50.0,0.0119,-3.623423042943488,1,1.7,9.52,81.8,12.12,solution,False,False
chlorpromazine,CN(C)CCCN1c2ccccc2Sc2ccc(Cl)cc21,100.0,0.0379,-3.421360790031928,1,1.4,11.05,247.0,18.3,solution,False,False
benzydamine,CN(C)CCCOc1nn(Cc2ccccc2)c2ccccc12,50.0,0.5006136234662417,-1.99946734021502,2,1.75,7.8,4950.5,87.0,solution,False,False
escitalopram,CN(C)CCC[C@@]1(c2ccc(F)cc2)OCc2cc(C#N)ccc21,10.0,0.0111806976526511,-2.951531096517249,2,3.805,30.41,412.11,,tablet,False,False
escitalopram,CN(C)CCC[C@@]1(c2ccc(F)cc2)OCc2cc(C#N)ccc21,20.0,0.0203479728720086,-2.9925088457072597,2,3.0,27.15,647.56,80.0,tablet,False,False
doxylamine,CN(C)CCOC(C)(c1ccccc1)c1ccccn1,12.5,0.06194,-2.3049388119872884,1,1.67,12.23,859.74,,tablet,False,False
doxylamine,CN(C)CCOC(C)(c1ccccc1)c1ccccn1,25.0,0.1215138309000255,-2.3133142958265736,2,1.835,12.78,1763.815,,tablet,False,False
carbinoxamine,CN(C)CCOC(c1ccc(Cl)cc1)c1ccccn1,8.0,0.0957399999999999,-1.921996563846014,1,1.42,29.43,966.37,,solution,False,False
diphenhydramine,CN(C)CCOC(c1ccccc1)c1ccccc1,25.0,0.0349987142620982,-2.8538879185826893,2,2.1500000000000004,4.25,234.35,,tablet,False,False
diphenhydramine,CN(C)CCOC(c1ccccc1)c1ccccc1,50.0,0.0663,-2.877456475931245,1,2.3,9.2,667.0,72.0,,False,False
zotepine,CN(C)CCOC1=Cc2ccccc2Sc2ccc(Cl)cc21,25.0,0.0059,-3.627087997029893,1,3.8,21.0,,10.0,tablet,False,False
toremifene,CN(C)CCOc1ccc(/C(=C(/CCCl)c2ccccc2)c2ccccc2)cc1,120.0,0.63,-2.279840696594043,1,3.1,100.8,40800.0,,tablet,False,False
almotriptan,CN(C)CCc1c[nH]c2ccc(CS(=O)(=O)N3CCCC3)cc12,5.0,0.018,-2.4436974992327127,1,1.42,3.38,105.1,,tablet,False,False
almotriptan,CN(C)CCc1c[nH]c2ccc(CS(=O)(=O)N3CCCC3)cc12,10.0,0.033,-2.4814860601221125,1,1.88,3.32,208.2,,tablet,False,False
almotriptan,CN(C)CCc1c[nH]c2ccc(CS(=O)(=O)N3CCCC3)cc12,12.5,0.0453881039037975,-2.4399679726163384,3,2.46,3.61,333.0,,tablet,False,False
almotriptan,CN(C)CCc1c[nH]c2ccc(CS(=O)(=O)N3CCCC3)cc12,25.0,0.0812798868109448,-2.4879569185232406,2,2.08,3.145,500.6,69.1,tablet,False,False
almotriptan,CN(C)CCc1c[nH]c2ccc(CS(=O)(=O)N3CCCC3)cc12,50.0,0.1453,-2.5367043900379973,1,2.67,3.69,1100.3,,tablet,False,False
almotriptan,CN(C)CCc1c[nH]c2ccc(CS(=O)(=O)N3CCCC3)cc12,100.0,0.2999,-2.523023534240473,1,2.79,3.5,1824.3,,tablet,False,False
almotriptan,CN(C)CCc1c[nH]c2ccc(CS(=O)(=O)N3CCCC3)cc12,150.0,0.4766,-2.497937221045244,1,2.9,3.19,3319.3,,tablet,False,False
almotriptan,CN(C)CCc1c[nH]c2ccc(CS(=O)(=O)N3CCCC3)cc12,200.0,0.5655,-2.5485973864025078,1,3.83,3.19,3833.3,,tablet,False,False
zolmitriptan (311c90),CN(C)CCc1c[nH]c2ccc(C[C@H]3COC(=O)N3)cc12,2.5,0.0035411862419251,-2.8487912404246885,2,,2.425,19.5,39.0,,False,False
zolmitriptan (311c90),CN(C)CCc1c[nH]c2ccc(C[C@H]3COC(=O)N3)cc12,5.0,0.0070992957397195,-2.847754736113256,2,,2.71,42.85,35.0,,False,False
zolmitriptan (311c90),CN(C)CCc1c[nH]c2ccc(C[C@H]3COC(=O)N3)cc12,6.0,0.0107999999999999,-2.744727494896694,1,2.0,2.5,60.69,,tablet,False,False
zolmitriptan (311c90),CN(C)CCc1c[nH]c2ccc(C[C@H]3COC(=O)N3)cc12,10.0,0.0200999999999999,-2.6968039425795114,1,3.38,2.92,124.3,48.0,tablet,False,False
zolmitriptan (311c90),CN(C)CCc1c[nH]c2ccc(C[C@H]3COC(=O)N3)cc12,12.0,0.0129,-2.968591535748376,1,3.0,2.78,100.49,,tablet,False,False
zolmitriptan (311c90),CN(C)CCc1c[nH]c2ccc(C[C@H]3COC(=O)N3)cc12,25.0,0.0348,-2.8563607647254567,1,3.0,2.67,229.2,,tablet,False,False
zolmitriptan (311c90),CN(C)CCc1c[nH]c2ccc(C[C@H]3COC(=O)N3)cc12,50.0,0.06819,-2.8652493138913857,1,4.0,3.01,515.41,,tablet,False,False
rizatriptan (mk-462),CN(C)CCc1c[nH]c2ccc(Cn3cncn3)cc12,2.5,0.0061497967446087,-2.6090792464175268,2,0.8,2.1500000000000004,17.5,36.0,solution,False,False
rizatriptan (mk-462),CN(C)CCc1c[nH]c2ccc(Cn3cncn3)cc12,5.0,0.013470334861046,-2.5695916122880984,3,0.9,2.4,37.26,38.0,solution,False,False
rizatriptan (mk-462),CN(C)CCc1c[nH]c2ccc(Cn3cncn3)cc12,10.0,0.0277850504717773,-2.556188809978315,4,0.85,2.5,86.495,46.0,tablet,False,False
rizatriptan (mk-462),CN(C)CCc1c[nH]c2ccc(Cn3cncn3)cc12,15.0,0.0478932628254222,-2.495816833814988,3,1.0,2.4,159.75,51.0,tablet,False,False
rizatriptan (mk-462),CN(C)CCc1c[nH]c2ccc(Cn3cncn3)cc12,40.0,0.0907999999999999,-2.643974142806877,1,1.5,2.2,265.3,,tablet,False,False
EVT 201 (Dimdazenil),CN(C)Cc1nc(-c2ncn3c2CN(C)C(=O)c2c(Cl)cccc2-3)no1,1.5,0.02282,-1.8177756189734853,1,0.75,3.8,115.99,,capsule,False,False
EVT 201 (Dimdazenil),CN(C)Cc1nc(-c2ncn3c2CN(C)C(=O)c2c(Cl)cccc2-3)no1,2.5,0.03635,-1.837435593476981,1,0.75,3.99,213.42,,capsule,False,False
EVT 201 (Dimdazenil),CN(C)Cc1nc(-c2ncn3c2CN(C)C(=O)c2c(Cl)cccc2-3)no1,5.0,0.06841,-1.863850413911469,1,0.5,4.32,430.71,,capsule,False,False
pipotiazine,CN(C)S(=O)(=O)c1ccc2c(c1)N(CCCN1CCC(CCO)CC1)c1ccccc1S2,10.0,0.01,-3.0,1,0.78,,,,solution,False,False
Dapoxetine,CN(C)[C@@H](CCOc1cccc2ccccc12)c1ccccc1,30.0,0.2689999999999999,-2.0473689747172545,1,1.0,16.1,1179.0,,tablet,False,False
Dapoxetine,CN(C)[C@@H](CCOc1cccc2ccccc12)c1ccccc1,60.0,0.413,-2.1622011987272427,1,1.25,18.5,2532.0,,tablet,False,False
lymecycline,CN(C)[C@@H]1C(O)=C(C(=O)NCNCCCC[C@H](N)C(=O)O)C(=O)[C@@]2(O)C(O)=C3C(=O)c4c(O)cccc4[C@@](C)(O)[C@H]3C[C@@H]12,300.0,2.13,-2.148741651280925,1,3.03,8.06,21880.0,,capsule,False,False
tetracycline,CN(C)[C@@H]1C(O)=C(C(N)=O)C(=O)[C@@]2(O)C(O)=C3C(=O)c4c(O)cccc4[C@@](C)(O)[C@H]3C[C@@H]12,300.0,2.5,-2.0791812460476247,1,3.04,7.85,26910.0,,capsule,False,False
tetracycline,CN(C)[C@@H]1C(O)=C(C(N)=O)C(=O)[C@@]2(O)C(O)=C3C(=O)c4c(O)cccc4[C@@](C)(O)[C@H]3C[C@@H]12,500.0,4.500000000000001,-2.0457574905606752,1,3.8,6.7,55700.0,,capsule,False,False
omadacycline,CN(C)c1cc(CNCC(C)(C)C)c(O)c2c1C[C@H]1C[C@H]3[C@H](N(C)C)C(O)=C(C(N)=O)C(=O)[C@@]3(O)C(O)=C1C2=O,300.0,0.5305657357952923,-2.75238205512598,2,2.65,17.200000000000003,9859.0,34.5,tablet,False,False
minocycline,CN(C)c1ccc(O)c2c1C[C@H]1C[C@H]3[C@H](N(C)C)C(O)=C(C(N)=O)C(=O)[C@@]3(O)C(O)=C1C2=O,100.0,1.112854932145246,-1.953561445076804,2,2.0,16.22,18514.39,,tablet,False,False
methylene blue,CN(C)c1ccc2nc3ccc(N(C)C)cc3[s+]c2c1,500.0,3.5715100000000004,-2.146118133876931,1,2.0,17.18,47625.56,72.3,solution,False,False
altretamine,CN(C)c1nc(N(C)C)nc(N(C)C)n1,200.0,0.2770000000000001,-2.8585502265995326,1,1.1,,879.0,,capsule,False,False
terbinafine,CN(C/C=C/C#CC(C)(C)C)Cc1cccc2ccccc12,125.0,0.565,-2.344861565188618,1,1.48,26.7,2233.0,40.0,tablet,False,False
terbinafine,CN(C/C=C/C#CC(C)(C)C)Cc1cccc2ccccc12,250.0,1.146,-2.3387553910406664,1,1.3,26.1,4406.0,40.0,tablet,False,False
terbinafine,CN(C/C=C/C#CC(C)(C)C)Cc1cccc2ccccc12,500.0,1.936,-2.412064651363644,1,1.81,30.9,8908.0,40.0,tablet,False,False
terbinafine,CN(C/C=C/C#CC(C)(C)C)Cc1cccc2ccccc12,750.0,2.795,-2.4286794511692578,1,2.25,28.6,14323.0,40.0,tablet,False,False
creatine,CN(CC(=O)O)C(=N)N,5000.0,102.10000000000004,-1.6899442622491083,1,1.9,2.0,392000.0,,powder,False,False
revefenacin,CN(CCN1CCC(OC(=O)Nc2ccccc2-c2ccccc2)CC1)C(=O)c1ccc(CN2CCC(C(N)=O)CC2)cc1,0.2,0.00013,-3.1870866433571443,1,2.84,56.65,1.39,2.8,solution,False,False
xanthinol,CN(CCO)CC(O)Cn1cnc2c1c(=O)n(C)c(=O)n2C,150.0,0.615,-2.3872161432802645,1,3.38,4.89,4457.0,,tablet,False,False
rosiglitazone,CN(CCOc1ccc(CC2SC(=O)NC2=O)cc1)c1ccccn1,2.0,0.152,-1.1191864077192086,1,1.3,3.64,860.0,,capsule,False,False
rosiglitazone,CN(CCOc1ccc(CC2SC(=O)NC2=O)cc1)c1ccccn1,4.0,0.3500398548736986,-1.0579424962167838,2,0.8400000000000001,3.845,1815.0,99.0,tablet,False,False
rosiglitazone,CN(CCOc1ccc(CC2SC(=O)NC2=O)cc1)c1ccccn1,8.0,0.6374215210531341,-1.0986632646649637,3,0.8,3.94,3180.0,,tablet,False,False
"dofetilide (uk-68,798)",CN(CCOc1ccc(NS(C)(=O)=O)cc1)CCc1ccc(NS(C)(=O)=O)cc1,0.15,0.0004499999999999,-2.522878745280338,1,1.5,6.2,,,solution,False,False
"dofetilide (uk-68,798)",CN(CCOc1ccc(NS(C)(=O)=O)cc1)CCc1ccc(NS(C)(=O)=O)cc1,0.37,0.0012699999999999,-2.464398003111038,1,1.5,7.6,,,solution,False,False
"dofetilide (uk-68,798)",CN(CCOc1ccc(NS(C)(=O)=O)cc1)CCc1ccc(NS(C)(=O)=O)cc1,0.5,0.0019590814173994,-2.406917519136292,2,2.75,8.690000000000001,21.755,92.0,capsule,False,False
"dofetilide (uk-68,798)",CN(CCOc1ccc(NS(C)(=O)=O)cc1)CCc1ccc(NS(C)(=O)=O)cc1,0.55,0.0022599999999999,-2.386254250346844,1,1.5,7.3,,,solution,False,False
"dofetilide (uk-68,798)",CN(CCOc1ccc(NS(C)(=O)=O)cc1)CCc1ccc(NS(C)(=O)=O)cc1,0.74,0.00266,-2.444350083099909,1,1.5,7.7,,,solution,False,False
bromhexine,CN(Cc1cc(Br)cc(Br)c1N)C1CCCCC1,8.0,0.0245999999999999,-2.5121548798885645,1,1.4,3.6,94.2,22.2,tablet,False,False
bromhexine,CN(Cc1cc(Br)cc(Br)c1N)C1CCCCC1,16.0,0.03506,-2.6593080708981485,1,1.0,6.12,125.8,22.2,tablet,False,False
methotrexate,CN(Cc1cnc2nc(N)nc(N)c2n1)c1ccc(C(=O)N[C@@H](CCC(=O)O)C(=O)O)cc1,5.0,0.0919,-1.7356544929499074,1,1.0,4.14,289.93,60.0,tablet,False,False
methotrexate,CN(Cc1cnc2nc(N)nc(N)c2n1)c1ccc(C(=O)N[C@@H](CCC(=O)O)C(=O)O)cc1,7.5,0.18577,-1.6060856822938931,1,1.0,2.96,579.79,60.0,tablet,False,False
methotrexate,CN(Cc1cnc2nc(N)nc(N)c2n1)c1ccc(C(=O)N[C@@H](CCC(=O)O)C(=O)O)cc1,15.0,0.3029599999999999,-1.6947059669429114,1,1.0,3.21,1073.32,60.0,tablet,False,False
methotrexate,CN(Cc1cnc2nc(N)nc(N)c2n1)c1ccc(C(=O)N[C@@H](CCC(=O)O)C(=O)O)cc1,22.5,0.39164,-1.7592954762159212,1,1.5,2.78,1509.34,60.0,tablet,False,False
methotrexate,CN(Cc1cnc2nc(N)nc(N)c2n1)c1ccc(C(=O)N[C@@H](CCC(=O)O)C(=O)O)cc1,30.0,0.4502,-1.8237157640551611,1,1.5,2.89,1679.47,60.0,tablet,False,False
mizolastine,CN(c1nccc(=O)[nH]1)C1CCN(c2nc3ccccc3n2Cc2ccc(F)cc2)CC1,10.0,0.321827688822039,-1.4923765935952549,3,0.9,12.6,1481.0,70.4,capsule,False,False
cimetidine,CN/C(=N/C#N)NCCSCc1nc[nH]c1C,200.0,0.79,-2.40340290437354,1,1.5,2.25,3350.0,,tablet,False,False
cimetidine,CN/C(=N/C#N)NCCSCc1nc[nH]c1C,400.0,2.99,-2.1263888030035325,1,1.82,1.93,11910.0,,tablet,False,False
temazepam,CN1C(=O)C(O)N=C(c2ccccc2)c2cc(Cl)ccc21,20.0,0.5242788465935281,-1.5814676603478064,3,1.44,9.59,3842.0,,capsule,False,False
temazepam,CN1C(=O)C(O)N=C(c2ccccc2)c2cc(Cl)ccc21,30.0,0.6000666629633744,-1.6989217547544513,2,1.78,9.4,5009.0,,capsule,False,False
lormetazepam,CN1C(=O)C(O)N=C(c2ccccc2Cl)c2cc(Cl)ccc21,1.0,0.00565,-2.2479515521805613,1,2.0,9.66,57.98,73.0,,False,False
lormetazepam,CN1C(=O)C(O)N=C(c2ccccc2Cl)c2cc(Cl)ccc21,3.0,0.01597,-2.27381633858118,1,2.5,10.5,190.54,80.0,,False,False
clobazam,CN1C(=O)CC(=O)N(c2ccccc2)c2cc(Cl)ccc21,10.0,0.19696,-1.705621964412759,1,1.5,16.7,1722.35,,tablet,False,False
clobazam,CN1C(=O)CC(=O)N(c2ccccc2)c2cc(Cl)ccc21,20.0,0.3924545204031222,-1.7072406598881178,3,1.5,20.96,7220.8,,tablet,False,False
clobazam,CN1C(=O)CC(=O)N(c2ccccc2)c2cc(Cl)ccc21,30.0,0.6045,-1.6957249495228717,1,1.5,28.8,13540.0,,tablet,False,False
clobazam,CN1C(=O)CC(=O)N(c2ccccc2)c2cc(Cl)ccc21,40.0,0.88997,-1.6526846240696216,1,2.25,16.46,13695.47,,tablet,False,False
methsuximide,CN1C(=O)CC(C)(c2ccccc2)C1=O,300.0,1.62808,-2.265445513438636,1,1.33,,8806.9,,capsule,False,False
chlormezanone,CN1C(=O)CCS(=O)(=O)C1c1ccc(Cl)cc1,200.0,2.75,-1.8616973018337184,1,4.0,27.06,112370.0,,tablet,False,False
diazepam,CN1C(=O)CN=C(c2ccccc2)c2cc(Cl)ccc21,2.0,0.075,-1.4259687322722812,1,0.89,,330.0,,,False,False
diazepam,CN1C(=O)CN=C(c2ccccc2)c2cc(Cl)ccc21,5.0,0.172,-1.4634415574284698,1,1.0,,779.0,,,False,False
diazepam,CN1C(=O)CN=C(c2ccccc2)c2cc(Cl)ccc21,10.0,0.2293948560887972,-1.639416324871097,2,1.16,30.89,1880.0,99.6,,False,False
diazepam,CN1C(=O)CN=C(c2ccccc2)c2cc(Cl)ccc21,21.14,1.00329,-1.3236784994068216,1,1.21,29.56,,,solution,False,False
flunitrazepam,CN1C(=O)CN=C(c2ccccc2F)c2cc([N+](=O)[O-])ccc21,1.0,0.0059999999999999,-2.2218487496163566,1,1.0,16.0,57.0,,tablet,False,False
flunitrazepam,CN1C(=O)CN=C(c2ccccc2F)c2cc([N+](=O)[O-])ccc21,2.0,0.0117212627306105,-2.2320555949549594,2,1.325,23.845,99.3,,capsule,False,False
trimethadione,CN1C(=O)OC(C)(C)C1=O,65.3,1.04,-1.7978798419762936,1,0.75,13.3,19800.0,,powder,False,False
trimethadione,CN1C(=O)OC(C)(C)C1=O,130.6,2.91,-1.6520501879531475,1,0.75,11.6,47800.0,,powder,False,False
trimethadione,CN1C(=O)OC(C)(C)C1=O,261.2,6.0,-1.6388219222193927,1,0.75,9.6,100100.0,,powder,False,False
piroxicam,CN1C(C(=O)Nc2ccccn2)=C(O)c2ccccc2S1(=O)=O,20.0,2.350106380570888,-0.9299424740521428,2,2.95,49.63,157140.0,,capsule,False,False
lornoxicam,CN1C(C(=O)Nc2ccccn2)=C(O)c2sc(Cl)cc2S1(=O)=O,8.0,0.8249430182572687,-0.9866660356675876,3,2.0,4.32,4750.0,,tablet,False,False
tenoxicam,CN1C(C(=O)Nc2ccccn2)=C(O)c2sccc2S1(=O)=O,10.0,1.5,-0.8239087409443188,1,2.63,72.1,134000.0,100.0,tablet,False,False
tenoxicam,CN1C(C(=O)Nc2ccccn2)=C(O)c2sccc2S1(=O)=O,20.0,2.96,-0.8297382846050426,1,2.29,80.8,260000.0,100.0,tablet,False,False
tenoxicam,CN1C(C(=O)Nc2ccccn2)=C(O)c2sccc2S1(=O)=O,40.0,5.34,-0.874518734299406,1,2.46,75.1,460000.0,100.0,tablet,False,False
Verubecestat,CN1C(N)=N[C@](C)(c2cc(NC(=O)c3ccc(F)cn3)ccc2F)CS1(=O)=O,20.0,0.05128,-2.59108197915322,1,2.0,13.42,798.37,,,False,False
Verubecestat,CN1C(N)=N[C@](C)(c2cc(NC(=O)c3ccc(F)cn3)ccc2F)CS1(=O)=O,100.0,0.23955,-2.620603824805836,1,1.75,15.17,3619.26,,,False,False
Verubecestat,CN1C(N)=N[C@](C)(c2cc(NC(=O)c3ccc(F)cn3)ccc2F)CS1(=O)=O,450.0,1.4116,-2.503500864087412,1,2.0,16.27,18943.77,,,False,False
tadalafil,CN1CC(=O)N2[C@H](c3ccc4c(c3)OCO4)c3[nH]c4ccccc4c3C[C@@H]2C1=O,10.0,0.1687944109196462,-1.7726419377277949,6,2.5,17.0,3996.5,,tablet,False,False
tadalafil,CN1CC(=O)N2[C@H](c3ccc4c(c3)OCO4)c3[nH]c4ccccc4c3C[C@@H]2C1=O,20.0,0.2969999999999999,-1.828273546346769,1,2.0,17.3,6419.0,,tablet,False,False
cyproheptadine,CN1CCC(=C2c3ccccc3C=Cc3ccccc32)CC1,8.0,0.0299999999999999,-2.425968732272281,1,4.0,8.6,209.0,,tablet,False,False
ketotifen,CN1CCC(=C2c3ccccc3CC(=O)c3sccc32)CC1,2.0,0.00027,-3.869666231504994,1,3.6,18.3,4.94,50.0,capsule,False,False
azatadine,CN1CCC(=C2c3ccccc3CCc3cccnc32)CC1,2.0,0.0014,-3.154901959985743,1,3.0,10.9,20.5,,tablet,False,False
lasmiditan,CN1CCC(C(=O)c2cccc(NC(=O)c3c(F)cc(F)cc3F)n2)CC1,50.0,0.0532432155302438,-2.9727057282908707,2,2.3,3.75,364.0,60.5,tablet,False,False
lasmiditan,CN1CCC(C(=O)c2cccc(NC(=O)c3c(F)cc(F)cc3F)n2)CC1,100.0,0.1110045044131092,-2.9546593977713047,2,2.5,4.1,808.5,60.5,tablet,False,False
lasmiditan,CN1CCC(C(=O)c2cccc(NC(=O)c3c(F)cc(F)cc3F)n2)CC1,200.0,0.2773824075171315,-2.857951082403696,2,2.2,4.45,1830.0,60.5,tablet,False,False
lasmiditan,CN1CCC(C(=O)c2cccc(NC(=O)c3c(F)cc(F)cc3F)n2)CC1,400.0,0.68,-2.769551078621726,1,1.5,4.2,3780.0,60.5,tablet,False,False
tepotinib,CN1CCC(COc2cnc(-c3cccc(Cn4nc(-c5cccc(C#N)c5)ccc4=O)c3)nc2)CC1,500.0,0.487,-3.0114410431213847,1,9.0,33.0,23471.0,,capsule,False,False
azelastine,CN1CCCC(n2nc(Cc3ccc(Cl)cc3)c3ccccc3c2=O)CC1,2.0,0.0010199999999999,-3.292429823902064,1,5.9,20.4,25.96,,tablet,False,False
azelastine,CN1CCCC(n2nc(Cc3ccc(Cl)cc3)c3ccccc3c2=O)CC1,2.2,0.0015,-3.166331421766525,1,4.6,25.5,47.3,,tablet,False,False
azelastine,CN1CCCC(n2nc(Cc3ccc(Cl)cc3)c3ccccc3c2=O)CC1,4.4,0.0033,-3.1249387366083,1,4.6,25.5,93.7,,tablet,False,False
azelastine,CN1CCCC(n2nc(Cc3ccc(Cl)cc3)c3ccccc3c2=O)CC1,8.8,0.0059999999999999,-3.1663314217665253,1,4.6,25.5,208.0,,tablet,False,False
azelastine,CN1CCCC(n2nc(Cc3ccc(Cl)cc3)c3ccccc3c2=O)CC1,17.6,0.0125,-3.148602654806093,1,4.6,25.5,405.9,,tablet,False,False
sulforidazine,CN1CCCCC1CCN1c2ccccc2Sc2ccc(S(C)(=O)=O)cc21,25.0,0.03171,-2.8967437666449487,1,4.65,9.42,411.14,,tablet,True,False
sulforidazine,CN1CCCCC1CCN1c2ccccc2Sc2ccc(S(C)(=O)=O)cc21,50.0,0.05331,-2.972161321811055,1,4.91,10.15,901.17,,tablet,True,False
sulforidazine,CN1CCCCC1CCN1c2ccccc2Sc2ccc(S(C)(=O)=O)cc21,100.0,0.0899099999999999,-3.046192002334693,1,6.43,10.73,1767.31,,tablet,True,False
mesoridazine,CN1CCCCC1CCN1c2ccccc2Sc2ccc([S+](C)[O-])cc21,25.0,0.16854,-2.171237019086816,1,2.63,8.79,1612.13,,tablet,True,False
mesoridazine,CN1CCCCC1CCN1c2ccccc2Sc2ccc([S+](C)[O-])cc21,50.0,0.33402,-2.175197532645437,1,3.32,10.43,3964.31,,tablet,True,False
mesoridazine,CN1CCCCC1CCN1c2ccccc2Sc2ccc([S+](C)[O-])cc21,100.0,0.51407,-2.288977739868848,1,3.17,12.14,7549.97,,tablet,True,False
pyrantel,CN1CCCN=C1/C=C/c1cccs1,750.0,0.03756,-4.300335679797627,1,2.05,,96.2,,tablet,False,False
clemastine,CN1CCC[C@@H]1CCO[C@](C)(c1ccccc1)c1ccc(Cl)cc1,2.0,0.00115,-3.240332155310369,1,4.77,21.3,27.0,39.2,syrup,False,False
clemastine,CN1CCC[C@@H]1CCO[C@](C)(c1ccccc1)c1ccc(Cl)cc1,4.0,0.00219,-3.261615876487844,1,4.6,,52.1,,tablet,False,False
eletriptan,CN1CCC[C@@H]1Cc1c[nH]c2ccc(CCS(=O)(=O)c3ccccc3)cc12,1.5,0.00507,-2.4710832997223453,1,0.94,4.8,25.64,44.4,solution,False,False
eletriptan,CN1CCC[C@@H]1Cc1c[nH]c2ccc(CCS(=O)(=O)c3ccccc3)cc12,5.0,0.01261,-2.598254917762937,1,0.94,3.6,65.59,34.1,solution,False,False
eletriptan,CN1CCC[C@@H]1Cc1c[nH]c2ccc(CCS(=O)(=O)c3ccccc3)cc12,7.5,0.02389,-2.496845113641822,1,0.88,3.6,116.93,40.5,solution,False,False
eletriptan,CN1CCC[C@@H]1Cc1c[nH]c2ccc(CCS(=O)(=O)c3ccccc3)cc12,15.0,0.04284,-2.544241796895863,1,0.81,5.1,235.59,40.8,solution,False,False
eletriptan,CN1CCC[C@@H]1Cc1c[nH]c2ccc(CCS(=O)(=O)c3ccccc3)cc12,20.0,0.0615099999999999,-2.5120842686402334,1,1.0,4.6,306.03,39.8,solution,False,False
eletriptan,CN1CCC[C@@H]1Cc1c[nH]c2ccc(CCS(=O)(=O)c3ccccc3)cc12,30.0,0.0752643853102996,-2.600531735652376,3,0.8,5.1,408.0,47.6,solution,False,False
eletriptan,CN1CCC[C@@H]1Cc1c[nH]c2ccc(CCS(=O)(=O)c3ccccc3)cc12,60.0,0.1499966666296287,-2.602069642530922,2,1.05,5.85,1027.8,47.8,tablet,False,False
eletriptan,CN1CCC[C@@H]1Cc1c[nH]c2ccc(CCS(=O)(=O)c3ccccc3)cc12,90.0,0.2012205257919778,-2.650570229956418,2,1.275,5.15,1468.0,54.8,tablet,False,False
eletriptan,CN1CCC[C@@H]1Cc1c[nH]c2ccc(CCS(=O)(=O)c3ccccc3)cc12,120.0,0.3244672556668854,-2.5680103704912587,2,1.325,6.2,2187.1,62.4,tablet,False,False
zopiclone,CN1CCN(C(=O)OC2c3nccnc3C(=O)N2c2ccc(Cl)cn2)CC1,7.5,0.0496437307220156,-2.1791968521463287,2,1.75,4.75,318.0,75.0,tablet,False,False
zopiclone,CN1CCN(C(=O)OC2c3nccnc3C(=O)N2c2ccc(Cl)cn2)CC1,10.0,0.0769,-2.114073660198569,1,3.0,3.8,473.0,75.0,tablet,False,False
eszopiclone,CN1CCN(C(=O)O[C@H]2c3nccnc3C(=O)N2c2ccc(Cl)cn2)CC1,1.5,0.01808,-1.9188928329163368,1,0.94,5.84,117.59,,tablet,False,False
eszopiclone,CN1CCN(C(=O)O[C@H]2c3nccnc3C(=O)N2c2ccc(Cl)cn2)CC1,3.0,0.03829,-1.8940358883719748,1,1.04,5.53,240.84,,tablet,False,False
eszopiclone,CN1CCN(C(=O)O[C@H]2c3nccnc3C(=O)N2c2ccc(Cl)cn2)CC1,6.0,0.0763799999999999,-1.8951715963463447,1,1.08,6.17,537.83,,tablet,False,False
cyclizine,CN1CCN(C(c2ccccc2)c2ccccc2)CC1,50.0,0.0174769047602829,-3.456505484765225,2,3.42,20.92,385.675,47.0,tablet,False,False
clozapine,CN1CCN(C2=Nc3cc(Cl)ccc3Nc3ccccc32)CC1,10.0,0.0292673196586226,-2.533617049030888,2,2.3,20.5,299.34000000000003,,tablet,False,True
clozapine,CN1CCN(C2=Nc3cc(Cl)ccc3Nc3ccccc32)CC1,12.5,0.03053,-2.6121832087093946,1,1.4,18.6,440.57,,tablet,False,True
pirenzepine,CN1CCN(CC(=O)N2c3ccccc3C(=O)Nc3cccnc32)CC1,12.5,0.0121999999999999,-3.0105501823333083,1,2.0,13.88,225.22,,tablet,False,False
pirenzepine,CN1CCN(CC(=O)N2c3ccccc3C(=O)Nc3cccnc32)CC1,25.0,0.0325,-2.886056647693163,1,2.0,11.62,512.47,,tablet,False,False
pirenzepine,CN1CCN(CC(=O)N2c3ccccc3C(=O)Nc3cccnc32)CC1,50.0,0.0430569971084839,-3.064926266463295,2,3.5,10.925,665.98,,tablet,False,False
pirenzepine,CN1CCN(CC(=O)N2c3ccccc3C(=O)Nc3cccnc32)CC1,150.0,0.21,-2.853871964321762,1,2.0,14.4,3809.97,,tablet,False,False
thiothixene,CN1CCN(CC/C=C2/c3ccccc3Sc3ccc(S(=O)(=O)N(C)C)cc32)CC1,20.0,0.0272,-2.8664610916297826,1,2.2,13.7,117.0,,capsule,False,False
trifluoperazine,CN1CCN(CCCN2c3ccccc3Sc3ccc(C(F)(F)F)cc32)CC1,1.0,0.00013,-3.886056647693163,1,6.42,19.11,2.9,,syrup,False,False
trifluoperazine,CN1CCN(CCCN2c3ccccc3Sc3ccc(C(F)(F)F)cc32)CC1,5.0,0.0009856620730287,-3.705241958536567,3,3.0,12.2,9.97,,tablet,False,False
prochlorperazine,CN1CCN(CCCN2c3ccccc3Sc3ccc(Cl)cc32)CC1,5.0,0.00026,-4.2839966563652006,1,3.9,,4.5,,tablet,False,False
prochlorperazine,CN1CCN(CCCN2c3ccccc3Sc3ccc(Cl)cc32)CC1,50.0,0.0037799999999999,-4.121478204498794,1,4.4,7.04,,9.83,capsule,False,False
entrectinib,CN1CCN(c2ccc(C(=O)Nc3n[nH]c4ccc(Cc5cc(F)cc(F)c5)cc34)c(NC3CCOCC3)c2)CC1,600.0,1.2416799211552063,-2.684141592056168,2,4.0,18.7,27892.29,,capsule,False,False
mianserin,CN1CCN2c3ccccc3Cc3ccccc3C2C1,30.0,0.02979,-3.003050751504619,1,2.0,12.63,262.58,,,False,False
mianserin,CN1CCN2c3ccccc3Cc3ccccc3C2C1,60.0,0.0627381478846801,-2.9806195567955243,2,1.015,31.525,564.5450000000001,22.0,solution,False,False
mirtazapine,CN1CCN2c3ncccc3Cc3ccccc3C2C1,15.0,0.0324894949874615,-2.6643482982758977,3,1.65,21.2,345.0,49.7,tablet,False,False
mirtazapine,CN1CCN2c3ncccc3Cc3ccccc3C2C1,20.0,0.0344164204995231,-2.764264296382015,2,1.6949999999999998,29.700000000000003,514.05,,tablet,False,False
mirtazapine,CN1CCN2c3ncccc3Cc3ccccc3C2C1,30.0,0.085246205780668,-2.546446196617468,2,1.8,23.675,792.2149999999999,,tablet,False,False
nefopam,CN1CCOC(c2ccccc2)c2ccccc2C1,20.0,0.01229,-3.211478112777527,1,1.83,5.1,95.51,36.0,solution,False,False
glasdegib,CN1CC[C@@H](NC(=O)Nc2ccc(C#N)cc2)C[C@@H]1c1nc2ccccc2[nH]1,100.0,0.7189751295138461,-2.143286132289872,3,1.5,14.26,8145.0,78.55,tablet,False,False
glasdegib,CN1CC[C@@H](NC(=O)Nc2ccc(C#N)cc2)C[C@@H]1c1nc2ccccc2[nH]1,150.0,1.119,-2.1272611725273314,1,2.0,15.83,16180.0,,,False,False
glasdegib,CN1CC[C@@H](NC(=O)Nc2ccc(C#N)cc2)C[C@@H]1c1nc2ccccc2[nH]1,300.0,2.298,-2.115771230367396,1,2.0,15.52,32420.0,,,False,False
oxymorphone,CN1CC[C@]23c4c5ccc(O)c4O[C@H]2C(=O)CC[C@@]3(O)[C@H]1C5,5.0,0.0010999999999999,-3.657577319177794,1,0.5,7.25,4.48,10.0,tablet,False,False
oxymorphone,CN1CC[C@]23c4c5ccc(O)c4O[C@H]2C(=O)CC[C@@]3(O)[C@H]1C5,10.0,0.00193,-3.714442690992226,1,0.5,7.78,9.1,10.0,tablet,False,False
oxymorphone,CN1CC[C@]23c4c5ccc(O)c4O[C@H]2C(=O)CC[C@@]3(O)[C@H]1C5,20.0,0.0043899999999999,-3.65856547542186,1,0.5,9.43,20.07,10.0,tablet,False,False
hydromorphone,CN1CC[C@]23c4c5ccc(O)c4O[C@H]2C(=O)CC[C@H]3[C@H]1C5,4.0,0.01295,-2.489790222910692,1,1.1,2.0,40.33,51.0,tablet,False,False
morphine,CN1CC[C@]23c4c5ccc(O)c4O[C@H]2[C@@H](O)C=C[C@H]3[C@H]1C5,10.0,0.0103686064637442,-2.984279608680777,2,0.65,,30.1,23.8,solution,False,False
pholcodine,CN1CC[C@]23c4c5ccc(OCCN6CCOCC6)c4O[C@H]2[C@@H](O)C=C[C@H]3[C@H]1C5,20.0,0.01189,-3.2258481410452897,1,2.0,44.98,710.0,,syrup,False,False
pholcodine,CN1CC[C@]23c4c5ccc(OCCN6CCOCC6)c4O[C@H]2[C@@H](O)C=C[C@H]3[C@H]1C5,60.0,0.0312,-3.283996656365201,1,1.0,50.68,1640.0,,syrup,False,False
pholcodine,CN1CC[C@]23c4c5ccc(OCCN6CCOCC6)c4O[C@H]2[C@@H](O)C=C[C@H]3[C@H]1C5,100.0,0.063,-3.2006594505464183,1,5.0,36.2,2403.0,,syrup,False,False
edoxaban,CN1CCc2nc(C(=O)N[C@@H]3C[C@@H](C(=O)N(C)C)CC[C@@H]3NC(=O)C(=O)Nc3ccc(Cl)cn3)sc2C1,10.0,0.0334999999999999,-2.474955192963155,1,1.25,5.79,259.0,,tablet,False,False
edoxaban,CN1CCc2nc(C(=O)N[C@@H]3C[C@@H](C(=O)N(C)C)CC[C@@H]3NC(=O)C(=O)Nc3ccc(Cl)cn3)sc2C1,30.0,0.152,-2.29527766677489,1,1.0,8.92,993.0,,tablet,False,False
edoxaban,CN1CCc2nc(C(=O)N[C@@H]3C[C@@H](C(=O)N(C)C)CC[C@@H]3NC(=O)C(=O)Nc3ccc(Cl)cn3)sc2C1,60.0,0.2658384078939667,-2.35353352309454,3,1.08,11.5,1779.0,61.8,tablet,False,False
edoxaban,CN1CCc2nc(C(=O)N[C@@H]3C[C@@H](C(=O)N(C)C)CC[C@@H]3NC(=O)C(=O)Nc3ccc(Cl)cn3)sc2C1,90.0,0.375,-2.380211241711606,1,1.0,9.3,2680.0,,tablet,False,False
edoxaban,CN1CCc2nc(C(=O)N[C@@H]3C[C@@H](C(=O)N(C)C)CC[C@@H]3NC(=O)C(=O)Nc3ccc(Cl)cn3)sc2C1,120.0,0.409,-2.4674579380402832,1,1.0,8.56,2789.0,,tablet,False,False
edoxaban,CN1CCc2nc(C(=O)N[C@@H]3C[C@@H](C(=O)N(C)C)CC[C@@H]3NC(=O)C(=O)Nc3ccc(Cl)cn3)sc2C1,150.0,0.487,-2.488562297841047,1,1.5,10.7,4322.0,,tablet,False,False
ergotamine,CN1C[C@H](C(=O)N[C@]2(C)O[C@@]3(O)[C@@H]4CCCN4C(=O)[C@H](Cc4ccccc4)N3C2=O)C=C2c3cccc4[nH]cc(c34)C[C@H]21,2.0,0.00036,-3.744727494896694,1,2.0,2.17,1.65,,tablet,False,False
nomifensine,CN1Cc2c(N)cccc2C(c2ccccc2)C1,100.0,0.058341066154125,-3.2340256386249377,2,1.37,2.87,187.775,26.5,capsule,False,False
tropisetron,CN1[C@@H]2CC[C@H]1C[C@@H](OC(=O)c1c[nH]c3ccccc13)C2,5.0,0.00346,-3.159893905543242,1,2.6,5.7,32.9,60.0,capsule,False,False
scopolamine,CN1[C@@H]2C[C@@H](OC(=O)[C@H](CO)c3ccccc3)C[C@H]1[C@@H]1O[C@@H]12,0.4,0.0004899999999999,-2.911863911299449,1,0.5,4.31,1.52,26.8,tablet,False,False
ranitidine,CNC(=C[N+](=O)[O-])NCCSCc1ccc(CN(C)C)o1,20.0,0.09678,-2.315244377891376,1,1.5,2.33,406.61,,tablet,False,True
ranitidine,CNC(=C[N+](=O)[O-])NCCSCc1ccc(CN(C)C)o1,40.0,0.17153,-2.367719903712778,1,1.75,1.98,813.47,,tablet,False,True
ranitidine,CNC(=C[N+](=O)[O-])NCCSCc1ccc(CN(C)C)o1,100.0,0.32105,-2.493427325747487,1,2.5,2.11,1682.13,,tablet,False,True
ranitidine,CNC(=C[N+](=O)[O-])NCCSCc1ccc(CN(C)C)o1,150.0,0.47647,-2.4980556977216635,1,3.0,2.3,2242.05,60.0,tablet,False,True
ranitidine,CNC(=C[N+](=O)[O-])NCCSCc1ccc(CN(C)C)o1,300.0,0.54,-2.744727494896694,1,3.2,2.9,3664.0,,,False,True
nizatidine,CNC(=C[N+](=O)[O-])NCCSCc1csc(CN(C)C)n1,150.0,1.3537296628204614,-2.044559313810999,2,0.995,1.535,3657.57,,capsule,False,False
nizatidine,CNC(=C[N+](=O)[O-])NCCSCc1csc(CN(C)C)n1,300.0,3.28,-1.9612474110079836,1,0.93,1.58,9120.0,,capsule,False,False
Almorexant,CNC(=O)[C@@H](c1ccccc1)N1CCc2cc(OC)c(OC)cc2[C@@H]1CCc1ccc(C(F)(F)F)cc1,100.0,0.0503999999999999,-3.297569463554475,1,0.75,32.6,186.0,,,False,False
Almorexant,CNC(=O)[C@@H](c1ccccc1)N1CCc2cc(OC)c(OC)cc2[C@@H]1CCc1ccc(C(F)(F)F)cc1,200.0,0.1535,-3.114921615850776,1,0.9,38.4,523.0,11.2,tablet,False,False
fruquintinib,CNC(=O)c1c(C)oc2cc(Oc3ncnc4cc(OC)c(OC)cc34)ccc12,2.0,0.0547,-1.5630426693305504,1,2.8,25.2,1839.0,,capsule,False,True
fruquintinib,CNC(=O)c1c(C)oc2cc(Oc3ncnc4cc(OC)c(OC)cc34)ccc12,3.0,0.0769,-1.5911949149182314,1,3.0,28.2,3195.0,,capsule,False,True
fruquintinib,CNC(=O)c1c(C)oc2cc(Oc3ncnc4cc(OC)c(OC)cc34)ccc12,4.0,0.1233206389863432,-1.511024224969211,2,3.1,22.45,4104.5,,capsule,False,True
regorafenib,CNC(=O)c1cc(Oc2ccc(NC(=O)Nc3ccc(Cl)c(C(F)(F)F)c3)c(F)c2)ccn1,40.0,0.59914,-1.8245316762454045,1,3.99,36.15,11354.73,,tablet,False,False
sorafenib,CNC(=O)c1cc(Oc2ccc(NC(=O)Nc3ccc(Cl)c(C(F)(F)F)c3)cc2)ccn1,50.0,0.46,-2.036212172654445,1,3.0,29.0,11040.0,,tablet,False,False
capmatinib,CNC(=O)c1ccc(-c2cnc3ncc(Cc4ccc5ncccc5c4)n3n2)cc1F,200.0,1.480675521510368,-2.1305700989639,2,1.0,9.345,5760.0,,tablet,False,False
capmatinib,CNC(=O)c1ccc(-c2cnc3ncc(Cc4ccc5ncccc5c4)n3n2)cc1F,400.0,3.07,-2.114921615850776,1,0.99,9.71,11300.0,,,False,False
capmatinib,CNC(=O)c1ccc(-c2cnc3ncc(Cc4ccc5ncccc5c4)n3n2)cc1F,600.0,3.67,-2.213485186131554,1,2.0,7.8,14400.0,,capsule,False,False
enzalutamide,CNC(=O)c1ccc(N2C(=S)N(c3ccc(C#N)c(C(F)(F)F)c3)C(=O)C2(C)C)cc1F,160.0,4.55485973603195,-1.5456449749594778,4,1.375,109.95,282600.0,,capsule,False,False
apalutamide,CNC(=O)c1ccc(N2C(=S)N(c3cnc(C#N)c(C(F)(F)F)c3)C(=O)C23CCC3)cc1F,240.0,3.2500000000000004,-1.8683278807327317,1,1.01,175.0,200000.0,111.0,capsule,False,False
axitinib,CNC(=O)c1ccccc1Sc1ccc2c(/C=C/c3ccccn3)n[nH]c2c1,5.0,0.05125538567237,-1.9892304986101093,3,1.5,7.7,196.7,58.0,tablet,False,False
ketamine,CNC1(c2ccccc2Cl)CCCCC1=O,35.35,0.044,-2.904936741646731,1,0.5,2.9,0.08,16.6,solution,False,False
chlordiazepoxide,CNC1=Nc2ccc(Cl)cc2C(c2ccccc2)=[N+]([O-])C1,50.0,3.12,-1.204815410317576,1,1.06,10.13,,122.5,capsule,False,False
fluoxetine,CNCCC(Oc1ccc(C(F)(F)F)cc1)c1ccccc1,20.0,0.02256,-2.947690900352677,1,6.67,46.39,1101.46,,capsule,False,False
fluoxetine,CNCCC(Oc1ccc(C(F)(F)F)cc1)c1ccccc1,40.0,0.0611,-2.816018781085408,1,3.0,71.1,2389.5,,capsule,False,False
nortriptyline,CNCCC=C1c2ccccc2CCc2ccccc21,25.0,0.0107983332047126,-3.364583284283305,2,7.3,29.05,448.805,51.0,tablet,False,False
nortriptyline,CNCCC=C1c2ccccc2CCc2ccccc21,72.8,0.04485,-3.2103689319329263,1,5.0,26.27,1570.8,51.0,capsule,False,False
maprotiline,CNCCCC12CCC(c3ccccc31)c1ccccc12,75.0,0.0230699999999999,-3.512013668870607,1,5.0,41.74,1304.68,68.0,tablet,False,False
protriptyline,CNCCCC1c2ccccc2C=Cc2ccccc21,30.0,0.0137399999999999,-3.339134521996131,1,8.0,73.24,1362.75,82.0,,False,False
desipramine,CNCCCN1c2ccccc2CCc2ccccc21,50.0,0.0183432403082008,-3.4354939487015934,4,6.65,20.4,541.0,,,False,False
desipramine,CNCCCN1c2ccccc2CCc2ccccc21,75.0,0.0307,-3.3879228879145136,1,6.1,19.7,771.7,,tablet,False,False
desipramine,CNCCCN1c2ccccc2CCc2ccccc21,100.0,0.0361134725552666,-3.442330749205948,2,5.0,24.8,1233.91,,tablet,False,False
desipramine,CNCCCN1c2ccccc2CCc2ccccc21,150.0,0.0609,-3.3914739664228057,1,5.9,18.4,1854.0,,tablet,False,False
atomoxetine,CNCC[C@@H](Oc1ccccc1C)c1ccccc1,25.0,0.2238300734932641,-2.048021571364761,2,1.485,3.985,1406.1,63.0,capsule,False,False
atomoxetine,CNCC[C@@H](Oc1ccccc1C)c1ccccc1,40.0,0.4208659406509393,-1.977916210236306,2,1.17,3.895000000000001,2931.645,63.0,capsule,False,False
duloxetine,CNCC[C@H](Oc1cccc2ccccc12)c1cccs1,15.0,0.01044,-3.157390760389438,1,5.67,9.52,175.39,,enteric-coated tablet,False,False
duloxetine,CNCC[C@H](Oc1cccc2ccccc12)c1cccs1,30.0,0.0318199999999999,-2.9744210794091,1,5.75,10.19,489.35,,enteric-coated tablet,False,False
duloxetine,CNCC[C@H](Oc1cccc2ccccc12)c1cccs1,60.0,0.0558799999999999,-3.0308948529415,1,7.33,11.89,1073.99,,enteric-coated tablet,False,False
n-desmethyl zolmitriptan (183c91),CNCCc1c[nH]c2ccc(C[C@H]3COC(=O)N3)cc12,2.5,0.002,-3.096910013008056,1,,2.32,11.1,,,True,False
n-desmethyl zolmitriptan (183c91),CNCCc1c[nH]c2ccc(C[C@H]3COC(=O)N3)cc12,5.0,0.0035,-3.154901959985743,1,,2.68,21.8,,,True,False
n-desmethyl zolmitriptan (183c91),CNCCc1c[nH]c2ccc(C[C@H]3COC(=O)N3)cc12,6.0,0.0051899999999999,-3.062983892535186,1,2.0,2.93,31.79,,tablet,True,False
n-desmethyl zolmitriptan (183c91),CNCCc1c[nH]c2ccc(C[C@H]3COC(=O)N3)cc12,10.0,0.0077499999999999,-3.11069829749369,1,3.62,2.83,55.2,,tablet,True,False
n-desmethyl zolmitriptan (183c91),CNCCc1c[nH]c2ccc(C[C@H]3COC(=O)N3)cc12,12.0,0.0065099999999999,-3.265600257479433,1,3.0,3.45,47.4,,tablet,True,False
n-desmethyl zolmitriptan (183c91),CNCCc1c[nH]c2ccc(C[C@H]3COC(=O)N3)cc12,25.0,0.01741,-3.1571412375547063,1,4.0,2.74,118.71,,tablet,True,False
n-desmethyl zolmitriptan (183c91),CNCCc1c[nH]c2ccc(C[C@H]3COC(=O)N3)cc12,50.0,0.0327999999999999,-3.18309616062434,1,6.0,4.34,261.99,,tablet,True,False
phenylephrine,CNC[C@H](O)c1cccc(O)c1,10.0,0.00135,-3.869666231504994,1,0.33,1.89,0.96,38.0,tablet,False,False
phenylephrine,CNC[C@H](O)c1cccc(O)c1,20.0,0.00296,-3.8297382846050425,1,0.46,1.93,2.35,38.0,tablet,False,False
phenylephrine,CNC[C@H](O)c1cccc(O)c1,30.0,0.00449,-3.8248749137163394,1,0.5,1.64,3.9,38.0,tablet,False,False
vonoprazan,CNCc1cc(-c2ccccc2F)n(S(=O)(=O)c2cccnc2)c1,1.0,0.0005291502622129,-3.2764209843288903,2,1.5,6.449999999999999,4.449999999999999,,tablet,False,True
vonoprazan,CNCc1cc(-c2ccccc2F)n(S(=O)(=O)c2cccnc2)c1,5.0,0.0040472212689696,-3.091813055623819,2,1.75,8.3,32.5,,tablet,False,True
vonoprazan,CNCc1cc(-c2ccccc2F)n(S(=O)(=O)c2cccnc2)c1,10.0,0.0087538562930859,-3.057800587221657,2,1.625,7.5,60.0,,tablet,False,True
vonoprazan,CNCc1cc(-c2ccccc2F)n(S(=O)(=O)c2cccnc2)c1,15.0,0.0139999999999999,-3.029963223377443,1,1.5,7.3,109.6,,tablet,False,True
vonoprazan,CNCc1cc(-c2ccccc2F)n(S(=O)(=O)c2cccnc2)c1,20.0,0.0239791576165636,-2.921196073319166,2,1.5,7.35,165.75,,tablet,False,True
vonoprazan,CNCc1cc(-c2ccccc2F)n(S(=O)(=O)c2cccnc2)c1,30.0,0.0385999999999999,-2.8905339500479075,1,1.5,8.1,289.9,,tablet,False,True
vonoprazan,CNCc1cc(-c2ccccc2F)n(S(=O)(=O)c2cccnc2)c1,40.0,0.0610280263485556,-2.8165306662639047,2,1.625,7.75,474.9,,tablet,False,True
vonoprazan,CNCc1cc(-c2ccccc2F)n(S(=O)(=O)c2cccnc2)c1,80.0,0.1298,-2.7898152945275934,1,1.5,8.7,911.3,,tablet,False,True
vonoprazan,CNCc1cc(-c2ccccc2F)n(S(=O)(=O)c2cccnc2)c1,120.0,0.3038,-2.5965934765208574,1,1.0,6.6,1985.0,,tablet,False,True
procarbazine,CNNCc1ccc(C(=O)NC(C)C)cc1,300.0,0.561,-2.728158393463501,1,0.17,0.14,178.0,,tablet,False,False
sumatriptan,CNS(=O)(=O)Cc1ccc2[nH]cc(CCN(C)C)c2c1,0.1,0.0001,-3.0,1,1.2,1.9,0.44,20.0,solution,False,False
sumatriptan,CNS(=O)(=O)Cc1ccc2[nH]cc(CCN(C)C)c2c1,25.0,0.018,-3.1426675035687315,1,0.5,1.5,44.0,,,False,False
sumatriptan,CNS(=O)(=O)Cc1ccc2[nH]cc(CCN(C)C)c2c1,50.0,0.0274590604354919,-3.260284331401132,2,0.875,1.45,79.5,7.6,solution,False,False
sumatriptan,CNS(=O)(=O)Cc1ccc2[nH]cc(CCN(C)C)c2c1,100.0,0.0489999999999999,-3.3098039199714866,1,1.0,2.0,158.0,,,False,False
sumatriptan,CNS(=O)(=O)Cc1ccc2[nH]cc(CCN(C)C)c2c1,200.0,0.0888368850907484,-3.3524366732933517,3,2.0,2.2,380.0,14.0,solution,False,False
pseudoephedrine,CN[C@@H](C)[C@@H](O)c1ccccc1,30.0,0.0984999999999999,-2.483685024222051,1,1.67,4.7,868.3,,suspension,False,False
pseudoephedrine,CN[C@@H](C)[C@@H](O)c1ccccc1,60.0,0.262,-2.359849959063898,1,2.0,,2383.0,,,False,False
pseudoephedrine,CN[C@@H](C)[C@@H](O)c1ccccc1,100.0,0.2867490191787934,-2.5424980589226536,2,3.92,5.875,3010.0,,syrup,False,False
pseudoephedrine,CN[C@@H](C)[C@@H](O)c1ccccc1,120.0,0.3336399999999999,-2.555903133524712,1,5.7,6.13,4599.3,,tablet,False,False
ephedrine,CN[C@@H](C)[C@H](O)c1ccccc1,50.0,0.1378,-2.559720786764412,1,2.0,7.1,778.2,90.0,capsule,False,False
frovatriptan,CN[C@@H]1CCc2[nH]c3ccc(C(N)=O)cc3c2C1,2.5,0.0057047329111144,-2.641704692598699,3,3.0,26.47,94.0,29.6,capsule,False,False
frovatriptan,CN[C@@H]1CCc2[nH]c3ccc(C(N)=O)cc3c2C1,5.0,0.01006,-2.69637202361611,1,3.25,29.53,175.31,,tablet,False,False
frovatriptan,CN[C@@H]1CCc2[nH]c3ccc(C(N)=O)cc3c2C1,10.0,0.01735,-2.760700520873108,1,3.25,29.22,312.12,,tablet,False,False
frovatriptan,CN[C@@H]1CCc2[nH]c3ccc(C(N)=O)cc3c2C1,40.0,0.0363177642483674,-3.0419408861838515,2,4.0,27.45,590.2,10.1,capsule,False,False
sertraline,CN[C@H]1CC[C@@H](c2ccc(Cl)c(Cl)c2)c2ccccc21,5.0,0.0002999999999999,-4.221848749616357,1,6.0,31.9,10.0,,,False,False
sertraline,CN[C@H]1CC[C@@H](c2ccc(Cl)c(Cl)c2)c2ccccc21,25.0,0.0044999999999999,-3.744727494896694,1,6.0,27.2,132.3,,,False,False
sertraline,CN[C@H]1CC[C@@H](c2ccc(Cl)c(Cl)c2)c2ccccc21,50.0,0.0105999999999999,-3.673664139071249,1,4.0,28.0,301.2,,,False,False
sertraline,CN[C@H]1CC[C@@H](c2ccc(Cl)c(Cl)c2)c2ccccc21,75.0,0.0176,-3.62954859557755,1,5.5,18.6,402.0,,tablet,False,False
sertraline,CN[C@H]1CC[C@@H](c2ccc(Cl)c(Cl)c2)c2ccccc21,100.0,0.0224655291502337,-3.648483347633157,2,6.5,22.7,638.5,,tablet,False,False
esketamine (s-ketamine),CN[C@]1(c2ccccc2Cl)CCCCC1=O,14.0,0.0082999999999999,-3.2270499433021644,1,0.7,4.9,17.4,,syrup,False,False
esketamine (s-ketamine),CN[C@]1(c2ccccc2Cl)CCCCC1=O,21.0,0.0124,-3.228797609571684,1,0.7,6.0,27.2,11.0,syrup,False,False
4-methylaminoantipyrine,CNc1c(C)n(C)n(-c2ccccc2)c1=O,750.0,10.599999999999998,-1.84975539812693,1,1.37,2.65,48700.0,,tablet,True,False
4-methylaminoantipyrine,CNc1c(C)n(C)n(-c2ccccc2)c1=O,1000.0,9.85,-2.0065637695023884,1,1.4,2.47,71970.0,,tablet,True,False
4-methylaminoantipyrine,CNc1c(C)n(C)n(-c2ccccc2)c1=O,1500.0,20.5,-1.8643373979999271,1,1.73,2.89,115500.0,,tablet,True,False
4-methylaminoantipyrine,CNc1c(C)n(C)n(-c2ccccc2)c1=O,3000.0,41.39999999999999,-1.8601209135987635,1,2.0,3.68,314700.0,,tablet,True,False
cefditoren,CO/N=C(\C(=O)N[C@@H]1C(=O)N2C(C(=O)O)=C(/C=C\c3scnc3C)CS[C@H]12)c1csc(N)n1,200.0,2.3,-1.9393021596463884,1,2.0,1.33,6980.0,14.0,,True,False
cefditoren,CO/N=C(\C(=O)N[C@@H]1C(=O)N2C(C(=O)O)=C(/C=C\c3scnc3C)CS[C@H]12)c1csc(N)n1,400.0,3.7,-2.0338582672609675,1,2.0,1.54,12500.0,14.0,,True,False
cefuroxime,CO/N=C(\C(=O)N[C@@H]1C(=O)N2C(C(=O)O)=C(COC(N)=O)CS[C@H]12)c1ccco1,250.0,4.039999999999999,-1.7915586435614328,1,2.0,1.23,14020.0,,tablet,True,False
cefuroxime,CO/N=C(\C(=O)N[C@@H]1C(=O)N2C(C(=O)O)=C(COC(N)=O)CS[C@H]12)c1ccco1,500.0,5.365017253045262,-1.9693988814095744,4,2.01,1.3,19400.0,35.8,tablet,True,False
cefuroxime,CO/N=C(\C(=O)N[C@@H]1C(=O)N2C(C(=O)O)=C(COC(N)=O)CS[C@H]12)c1ccco1,1000.0,11.149887891813078,-1.952729499271581,2,1.85,1.35,39200.0,35.0,tablet,True,False
gemifloxacin,CO/N=C1\CN(c2nc3c(cc2F)c(=O)c(C(=O)O)cn3C2CC2)CC1CN,20.0,0.1199999999999999,-2.2218487496163566,1,0.5,4.75,650.0,,capsule,False,False
gemifloxacin,CO/N=C1\CN(c2nc3c(cc2F)c(=O)c(C(=O)O)cn3C2CC2)CC1CN,40.0,0.2,-2.3010299956639813,1,1.0,7.58,1280.0,,capsule,False,False
gemifloxacin,CO/N=C1\CN(c2nc3c(cc2F)c(=O)c(C(=O)O)cn3C2CC2)CC1CN,80.0,0.44,-2.2596373105057563,1,1.0,5.88,2540.0,,capsule,False,False
gemifloxacin,CO/N=C1\CN(c2nc3c(cc2F)c(=O)c(C(=O)O)cn3C2CC2)CC1CN,160.0,1.27,-2.100316261699968,1,1.0,8.77,5480.0,,capsule,False,False
gemifloxacin,CO/N=C1\CN(c2nc3c(cc2F)c(=O)c(C(=O)O)cn3C2CC2)CC1CN,320.0,1.7333205127730993,-2.266271101665821,2,1.0,7.515000000000001,9710.0,68.99,tablet,False,False
gemifloxacin,CO/N=C1\CN(c2nc3c(cc2F)c(=O)c(C(=O)O)cn3C2CC2)CC1CN,600.0,3.86,-2.1915639457118887,1,1.0,8.33,24400.0,,capsule,False,False
gemifloxacin,CO/N=C1\CN(c2nc3c(cc2F)c(=O)c(C(=O)O)cn3C2CC2)CC1CN,800.0,4.33,-2.266602090638578,1,1.8,8.02,31400.0,,capsule,False,False
moxidectin,CO/N=C1\C[C@]2(C[C@@H]3C[C@@H](C/C=C(\C)C[C@@H](C)/C=C/C=C4\CO[C@@H]5[C@H](O)C(C)=C[C@@H](C(=O)O3)[C@]45O)O2)O[C@H](/C(C)=C/C(C)C)[C@H]1C,3.0,0.0223999999999999,-2.1268732363855,1,2.59,811.2,1442.4,,tablet,False,False
moxidectin,CO/N=C1\C[C@]2(C[C@@H]3C[C@@H](C/C=C(\C)C[C@@H](C)/C=C/C=C4\CO[C@@H]5[C@H](O)C(C)=C[C@@H](C(=O)O3)[C@]45O)O2)O[C@H](/C(C)=C/C(C)C)[C@H]1C,8.0,0.0589,-2.132974692204842,1,3.7,784.0,3387.0,,tablet,False,False
moxidectin,CO/N=C1\C[C@]2(C[C@@H]3C[C@@H](C/C=C(\C)C[C@@H](C)/C=C/C=C4\CO[C@@H]5[C@H](O)C(C)=C[C@@H](C(=O)O3)[C@]45O)O2)O[C@H](/C(C)=C/C(C)C)[C@H]1C,9.0,0.0579,-2.1915639457118887,1,1.8,830.4,3024.0,,tablet,False,False
moxidectin,CO/N=C1\C[C@]2(C[C@@H]3C[C@@H](C/C=C(\C)C[C@@H](C)/C=C/C=C4\CO[C@@H]5[C@H](O)C(C)=C[C@@H](C(=O)O3)[C@]45O)O2)O[C@H](/C(C)=C/C(C)C)[C@H]1C,10.0,0.0670999999999999,-2.173277479831008,1,3.2,1032.0,4403.0,,tablet,False,False
moxidectin,CO/N=C1\C[C@]2(C[C@@H]3C[C@@H](C/C=C(\C)C[C@@H](C)/C=C/C=C4\CO[C@@H]5[C@H](O)C(C)=C[C@@H](C(=O)O3)[C@]45O)O2)O[C@H](/C(C)=C/C(C)C)[C@H]1C,18.0,0.141,-2.1060533924479263,1,1.99,528.0,5856.0,,tablet,False,False
moxidectin,CO/N=C1\C[C@]2(C[C@@H]3C[C@@H](C/C=C(\C)C[C@@H](C)/C=C/C=C4\CO[C@@H]5[C@H](O)C(C)=C[C@@H](C(=O)O3)[C@]45O)O2)O[C@H](/C(C)=C/C(C)C)[C@H]1C,36.0,0.2889999999999999,-2.0954046580107395,1,2.02,484.8,10824.0,,tablet,False,False
monomethyl fumarate,COC(=O)/C=C/C(=O)O,190.0,1.804048779828306,-2.022505324662732,2,4.015000000000001,0.605,3207.85,,capsule,False,False
methylphenidate,COC(=O)C(c1ccccc1)C1CCCCN1,21.0,0.0077999999999999,-3.4301246920434387,1,2.0,2.1,,30.0,tablet,False,True
nilvadipine,COC(=O)C1=C(C#N)NC(C)=C(C(=O)OC(C)C)C1c1cccc([N+](=O)[O-])c1,2.0,0.00148,-3.130768280269024,1,1.5,10.7,5.28,14.0,tablet,False,False
nilvadipine,COC(=O)C1=C(C#N)NC(C)=C(C(=O)OC(C)C)C1c1cccc([N+](=O)[O-])c1,4.0,0.0034799999999999,-3.0604807473813818,1,1.08,10.9,11.6,14.0,tablet,False,False
nilvadipine,COC(=O)C1=C(C#N)NC(C)=C(C(=O)OC(C)C)C1c1cccc([N+](=O)[O-])c1,6.0,0.00669,-2.9527251326158206,1,1.33,11.4,18.9,14.0,tablet,False,False
nilvadipine,COC(=O)C1=C(C#N)NC(C)=C(C(=O)OC(C)C)C1c1cccc([N+](=O)[O-])c1,16.0,0.0316999999999999,-2.7030607204381734,1,0.64,15.2,76.3,14.0,solution,False,False
lercanidipine,COC(=O)C1=C(C)NC(C)=C(C(=O)OC(C)(C)CN(C)CCC(c2ccccc2)c2ccccc2)C1c1cccc([N+](=O)[O-])c1,10.0,0.003,-3.5228787452803374,1,1.78,8.4,12.02,10.0,tablet,False,False
(r)-lercanidipine,COC(=O)C1=C(C)NC(C)=C(C(=O)OC(C)(C)CN(C)CCC(c2ccccc2)c2ccccc2)[C@@H]1c1cccc([N+](=O)[O-])c1,20.0,0.0016799999999999,-4.075720713938118,1,1.25,7.5,11.24,10.0,tablet,True,False
(s)-lercanidipine,COC(=O)C1=C(C)NC(C)=C(C(=O)OC(C)(C)CN(C)CCC(c2ccccc2)c2ccccc2)[C@H]1c1cccc([N+](=O)[O-])c1,20.0,0.00207,-3.985059650207064,1,1.25,9.3,13.68,10.0,tablet,True,False
isradipine,COC(=O)C1=C(C)NC(C)=C(C(=O)OC(C)C)C1c1cccc2nonc12,2.5,0.00246,-3.007004901568658,1,1.17,7.94,8.68,19.0,capsule,False,False
isradipine,COC(=O)C1=C(C)NC(C)=C(C(=O)OC(C)C)C1c1cccc2nonc12,5.0,0.0053399999999999,-2.9714287473074625,1,1.17,5.86,13.76,19.0,capsule,False,False
isradipine,COC(=O)C1=C(C)NC(C)=C(C(=O)OC(C)C)C1c1cccc2nonc12,10.0,0.009576152672133,-3.0188089386107984,2,1.395,6.875,31.625,19.0,capsule,False,False
nifedipine,COC(=O)C1=C(C)NC(C)=C(C(=O)OC)C1c1ccccc1[N+](=O)[O-],10.0,0.1142466947176963,-1.9421563556925123,3,0.52,2.41,177.03,45.0,capsule,False,False
nifedipine,COC(=O)C1=C(C)NC(C)=C(C(=O)OC)C1c1ccccc1[N+](=O)[O-],20.0,0.172,-2.065501548756432,1,0.8,2.8,323.0,45.0,capsule,False,False
nifedipine,COC(=O)C1=C(C)NC(C)=C(C(=O)OC)C1c1ccccc1[N+](=O)[O-],30.0,0.244,-2.089731428380933,1,0.9,3.7,511.0,45.0,capsule,False,False
nisoldipine,COC(=O)C1=C(C)NC(C)=C(C(=O)OCC(C)C)C1c1ccccc1[N+](=O)[O-],5.0,0.00106,-3.673664139071248,1,0.75,,1.42,5.0,tablet,False,False
nisoldipine,COC(=O)C1=C(C)NC(C)=C(C(=O)OCC(C)C)C1c1ccccc1[N+](=O)[O-],10.0,0.0018334666618185,-3.736726982469061,2,1.0,7.33,5.074999999999999,5.0,tablet,False,False
nicardipine,COC(=O)C1=C(C)NC(C)=C(C(=O)OCCN(C)Cc2ccccc2)C1c1cccc([N+](=O)[O-])c1,10.0,0.013,-2.886056647693163,1,0.5,,23.33,6.5,tablet,False,False
nicardipine,COC(=O)C1=C(C)NC(C)=C(C(=O)OCCN(C)Cc2ccccc2)C1c1cccc([N+](=O)[O-])c1,20.0,0.0292027395975103,-2.8356063998227325,2,0.855,3.36,57.705,10.2,tablet,False,False
nicardipine,COC(=O)C1=C(C)NC(C)=C(C(=O)OCCN(C)Cc2ccccc2)C1c1cccc([N+](=O)[O-])c1,30.0,0.091,-2.5180798623985687,1,0.5,,171.67,16.5,tablet,False,False
nicardipine,COC(=O)C1=C(C)NC(C)=C(C(=O)OCCN(C)Cc2ccccc2)C1c1cccc([N+](=O)[O-])c1,40.0,0.2529999999999999,-2.1989394701521445,1,0.5,,403.33,30.3,tablet,False,False
manidipine,COC(=O)C1=C(C)NC(C)=C(C(=O)OCCN2CCN(C(c3ccccc3)c3ccccc3)CC2)C1c1cccc([N+](=O)[O-])c1,10.0,0.0035099999999999,-3.454692883534176,1,1.0,3.25,12.4,,tablet,False,False
manidipine,COC(=O)C1=C(C)NC(C)=C(C(=O)OCCN2CCN(C(c3ccccc3)c3ccccc3)CC2)C1c1cccc([N+](=O)[O-])c1,20.0,0.0062,-3.508638306165728,1,1.5,3.9,19.1,,tablet,False,False
remimazolam,COC(=O)CC[C@@H]1N=C(c2ccccn2)c2cc(Br)ccc2-n2c(C)cnc21,9.8,0.00455,-3.3332146790353825,1,0.5,,2.92,2.2,,False,False
remimazolam,COC(=O)CC[C@@H]1N=C(c2ccccn2)c2cc(Br)ccc2-n2c(C)cnc21,60.0,0.0162,-3.5686362358410126,1,0.23,0.33,19.5,,,False,False
remimazolam,COC(=O)CC[C@@H]1N=C(c2ccccn2)c2cc(Br)ccc2-n2c(C)cnc21,140.0,0.0368999999999999,-3.579101669519178,1,0.48,0.37,35.7,,,False,False
remimazolam,COC(=O)CC[C@@H]1N=C(c2ccccn2)c2cc(Br)ccc2-n2c(C)cnc21,240.0,0.0580999999999999,-3.6160351093212753,1,0.23,0.55,46.5,,,False,False
remimazolam,COC(=O)CC[C@@H]1N=C(c2ccccn2)c2cc(Br)ccc2-n2c(C)cnc21,360.0,0.0729148133097795,-3.693486732598065,2,0.48,0.6,80.94999999999999,,,False,False
remimazolam,COC(=O)CC[C@@H]1N=C(c2ccccn2)c2cc(Br)ccc2-n2c(C)cnc21,480.0,0.0929,-3.713225523381945,1,0.48,0.69,124.0,,,False,False
riociguat,COC(=O)N(C)c1c(N)nc(-c2nn(Cc3ccccc3F)c3ncccc23)nc1N,0.5,0.0158,-1.500312917381596,1,0.8,6.3,98.5,,tablet,False,False
riociguat,COC(=O)N(C)c1c(N)nc(-c2nn(Cc3ccccc3F)c3ncccc23)nc1N,1.0,0.0361334215747751,-1.4420909119252887,3,1.0,6.3,244.3,94.3,tablet,False,False
riociguat,COC(=O)N(C)c1c(N)nc(-c2nn(Cc3ccccc3F)c3ncccc23)nc1N,1.5,0.0464,-1.5095732785008005,1,1.0,6.3,325.4,,tablet,False,False
riociguat,COC(=O)N(C)c1c(N)nc(-c2nn(Cc3ccccc3F)c3ncccc23)nc1N,2.0,0.0623999999999999,-1.5058454059815574,1,1.0,6.3,475.6,,tablet,False,False
riociguat,COC(=O)N(C)c1c(N)nc(-c2nn(Cc3ccccc3F)c3ncccc23)nc1N,2.5,0.0821244178061555,-1.483467704880094,2,1.0,6.3,568.85,,tablet,False,False
encorafenib,COC(=O)N[C@@H](C)CNc1nccc(-c2cn(C(C)C)nc2-c2cc(Cl)cc(NS(C)(=O)=O)c2F)n1,50.0,0.5167475205552514,-1.9856916028523792,2,1.5,5.475,1965.0,,capsule,False,False
encorafenib,COC(=O)N[C@@H](C)CNc1nccc(-c2cn(C(C)C)nc2-c2cc(Cl)cc(NS(C)(=O)=O)c2F)n1,100.0,0.9615,-2.0170507114255014,1,1.5,4.79,3121.0,,capsule,False,False
pibrentasvir,COC(=O)N[C@H](C(=O)N1CCC[C@H]1c1nc2cc([C@H]3CC[C@H](c4cc5nc([C@@H]6CCCN6C(=O)[C@@H](NC(=O)OC)[C@@H](C)OC)[nH]c5cc4F)N3c3cc(F)c(N4CCC(c5ccc(F)cc5)CC4)c(F)c3)c(F)cc2[nH]1)[C@@H](C)OC,1.5,0.0001,-4.176091259055681,1,3.0,3.8,0.56,,tablet,False,False
pibrentasvir,COC(=O)N[C@H](C(=O)N1CCC[C@H]1c1nc2cc([C@H]3CC[C@H](c4cc5nc([C@@H]6CCCN6C(=O)[C@@H](NC(=O)OC)[C@@H](C)OC)[nH]c5cc4F)N3c3cc(F)c(N4CCC(c5ccc(F)cc5)CC4)c(F)c3)c(F)cc2[nH]1)[C@@H](C)OC,15.0,0.00263,-3.7561355105659233,1,3.0,12.6,16.6,,tablet,False,False
pibrentasvir,COC(=O)N[C@H](C(=O)N1CCC[C@H]1c1nc2cc([C@H]3CC[C@H](c4cc5nc([C@@H]6CCCN6C(=O)[C@@H](NC(=O)OC)[C@@H](C)OC)[nH]c5cc4F)N3c3cc(F)c(N4CCC(c5ccc(F)cc5)CC4)c(F)c3)c(F)cc2[nH]1)[C@@H](C)OC,60.0,0.0183,-3.515700160653214,1,3.0,14.8,118.0,,tablet,False,False
pibrentasvir,COC(=O)N[C@H](C(=O)N1CCC[C@H]1c1nc2cc([C@H]3CC[C@H](c4cc5nc([C@@H]6CCCN6C(=O)[C@@H](NC(=O)OC)[C@@H](C)OC)[nH]c5cc4F)N3c3cc(F)c(N4CCC(c5ccc(F)cc5)CC4)c(F)c3)c(F)cc2[nH]1)[C@@H](C)OC,120.0,0.0871,-3.1391630910399617,1,3.0,14.5,594.0,,tablet,False,False
pibrentasvir,COC(=O)N[C@H](C(=O)N1CCC[C@H]1c1nc2cc([C@H]3CC[C@H](c4cc5nc([C@@H]6CCCN6C(=O)[C@@H](NC(=O)OC)[C@@H](C)OC)[nH]c5cc4F)N3c3cc(F)c(N4CCC(c5ccc(F)cc5)CC4)c(F)c3)c(F)cc2[nH]1)[C@@H](C)OC,240.0,0.167,-3.1574947705640226,1,3.0,16.4,1040.0,,tablet,False,False
pibrentasvir,COC(=O)N[C@H](C(=O)N1CCC[C@H]1c1nc2cc([C@H]3CC[C@H](c4cc5nc([C@@H]6CCCN6C(=O)[C@@H](NC(=O)OC)[C@@H](C)OC)[nH]c5cc4F)N3c3cc(F)c(N4CCC(c5ccc(F)cc5)CC4)c(F)c3)c(F)cc2[nH]1)[C@@H](C)OC,405.0,0.223,-3.259150160166508,1,3.0,17.7,1630.0,,tablet,False,False
pibrentasvir,COC(=O)N[C@H](C(=O)N1CCC[C@H]1c1nc2cc([C@H]3CC[C@H](c4cc5nc([C@@H]6CCCN6C(=O)[C@@H](NC(=O)OC)[C@@H](C)OC)[nH]c5cc4F)N3c3cc(F)c(N4CCC(c5ccc(F)cc5)CC4)c(F)c3)c(F)cc2[nH]1)[C@@H](C)OC,600.0,0.343,-3.242857130340873,1,5.0,14.4,2560.0,,tablet,False,False
daclatasvir,COC(=O)N[C@H](C(=O)N1CCC[C@H]1c1ncc(-c2ccc(-c3ccc(-c4cnc([C@@H]5CCCN5C(=O)[C@@H](NC(=O)OC)C(C)C)[nH]4)cc3)cc2)[nH]1)C(C)C,1.0,0.0187,-1.728158393463501,1,1.3,10.2,170.6,,solution,False,False
daclatasvir,COC(=O)N[C@H](C(=O)N1CCC[C@H]1c1ncc(-c2ccc(-c3ccc(-c4cnc([C@@H]5CCCN5C(=O)[C@@H](NC(=O)OC)C(C)C)[nH]4)cc3)cc2)[nH]1)C(C)C,10.0,0.2067,-1.6846595233727115,1,1.0,9.1,1811.0,,solution,False,False
daclatasvir,COC(=O)N[C@H](C(=O)N1CCC[C@H]1c1ncc(-c2ccc(-c3ccc(-c4cnc([C@@H]5CCCN5C(=O)[C@@H](NC(=O)OC)C(C)C)[nH]4)cc3)cc2)[nH]1)C(C)C,50.0,1.0896,-1.6617029097673088,1,1.3,9.3,10509.3,,solution,False,False
daclatasvir,COC(=O)N[C@H](C(=O)N1CCC[C@H]1c1ncc(-c2ccc(-c3ccc(-c4cnc([C@@H]5CCCN5C(=O)[C@@H](NC(=O)OC)C(C)C)[nH]4)cc3)cc2)[nH]1)C(C)C,60.0,1.2607127349241776,-1.6775351105590042,2,1.0,11.81,12571.825,67.0,tablet,False,False
daclatasvir,COC(=O)N[C@H](C(=O)N1CCC[C@H]1c1ncc(-c2ccc(-c3ccc(-c4cnc([C@@H]5CCCN5C(=O)[C@@H](NC(=O)OC)C(C)C)[nH]4)cc3)cc2)[nH]1)C(C)C,100.0,1.8637,-1.729623994787978,1,2.0,8.8,20912.0,,solution,False,False
daclatasvir,COC(=O)N[C@H](C(=O)N1CCC[C@H]1c1ncc(-c2ccc(-c3ccc(-c4cnc([C@@H]5CCCN5C(=O)[C@@H](NC(=O)OC)C(C)C)[nH]4)cc3)cc2)[nH]1)C(C)C,200.0,2.9293,-1.8342661440668149,1,1.3,10.1,34030.8,,solution,False,False
elbasvir,COC(=O)N[C@H](C(=O)N1CCC[C@H]1c1ncc(-c2ccc3c(c2)O[C@@H](c2ccccc2)n2c-3cc3cc(-c4cnc([C@@H]5CCCN5C(=O)[C@@H](NC(=O)OC)C(C)C)[nH]4)ccc32)[nH]1)C(C)C,50.0,0.1067299999999999,-2.670683494909741,1,3.5,20.74,2275.65,,capsule,False,False
atazanavir,COC(=O)N[C@H](C(=O)N[C@@H](Cc1ccccc1)[C@@H](O)CN(Cc1ccc(-c2ccccn2)cc1)NC(=O)[C@@H](NC(=O)OC)C(C)(C)C)C(C)(C)C,400.0,2.25558,-2.2488017562398728,1,2.8,5.3,11489.36,,,False,False
vericiguat,COC(=O)Nc1c(N)nc(-c2nn(Cc3ccccc3F)c3ncc(F)cc23)nc1N,1.25,0.062,-1.3045183235098026,1,1.0,22.3,1190.0,,tablet,False,False
vericiguat,COC(=O)Nc1c(N)nc(-c2nn(Cc3ccccc3F)c3ncc(F)cc23)nc1N,5.0,0.2359999999999999,-1.3260580013659122,1,1.0,21.1,4140.0,,tablet,False,False
vericiguat,COC(=O)Nc1c(N)nc(-c2nn(Cc3ccccc3F)c3ncc(F)cc23)nc1N,7.5,0.324,-1.3645162531850878,1,1.0,17.9,5140.0,,tablet,False,False
vericiguat,COC(=O)Nc1c(N)nc(-c2nn(Cc3ccccc3F)c3ncc(F)cc23)nc1N,10.0,0.365,-1.4377071355435254,1,2.5,18.3,7410.0,,tablet,False,False
Oxfendazole,COC(=O)Nc1nc2cc([S+]([O-])c3ccccc3)ccc2[nH]1,41.0,0.944,-1.6378118624216669,1,2.0,9.07,11700.0,,suspension,False,False
Oxfendazole,COC(=O)Nc1nc2cc([S+]([O-])c3ccccc3)ccc2[nH]1,82.0,1.16,-1.8493558631567983,1,1.98,8.5,13100.0,,suspension,False,False
Oxfendazole,COC(=O)Nc1nc2cc([S+]([O-])c3ccccc3)ccc2[nH]1,246.0,2.44,-2.0035452807646497,1,2.0,10.3,30800.0,,suspension,False,False
Oxfendazole,COC(=O)Nc1nc2cc([S+]([O-])c3ccccc3)ccc2[nH]1,615.0,4.78,-2.109447219163298,1,2.0,9.6,73700.0,,suspension,False,False
Oxfendazole,COC(=O)Nc1nc2cc([S+]([O-])c3ccccc3)ccc2[nH]1,1230.0,6.25,-2.294025094095322,1,2.0,9.97,99500.0,,suspension,False,False
Oxfendazole,COC(=O)Nc1nc2cc([S+]([O-])c3ccccc3)ccc2[nH]1,2460.0,5.3,-2.66665923750259,1,1.98,9.82,78300.0,,suspension,False,False
Oxfendazole,COC(=O)Nc1nc2cc([S+]([O-])c3ccccc3)ccc2[nH]1,4920.0,6.769999999999999,-2.8613764340822163,1,1.99,11.0,109000.0,,suspension,False,False
mebendazole,COC(=O)Nc1nc2ccc(C(=O)c3ccccc3)cc2[nH]1,1000.0,0.0309999999999999,-4.508638306165728,1,2.1,7.4,207.2,17.0,tablet,False,False
eplerenone,COC(=O)[C@@H]1CC2=CC(=O)CC[C@]2(C)[C@@]23O[C@@H]2C[C@@]2(C)[C@@H](CC[C@@]24CCC(=O)O4)[C@H]13,25.0,0.5865249355313037,-1.6296535282248452,2,1.45,4.025,3733.5,,tablet,False,False
eplerenone,COC(=O)[C@@H]1CC2=CC(=O)CC[C@]2(C)[C@@]23O[C@@H]2C[C@@]2(C)[C@@H](CC[C@@]24CCC(=O)O4)[C@H]13,50.0,1.0763419530985494,-1.6670197360253771,2,1.9,3.86,6885.5,,tablet,False,False
eplerenone,COC(=O)[C@@H]1CC2=CC(=O)CC[C@]2(C)[C@@]23O[C@@H]2C[C@@]2(C)[C@@H](CC[C@@]24CCC(=O)O4)[C@H]13,100.0,1.7573736085420195,-1.7551358999278344,2,2.2,4.545,12397.0,,tablet,False,False
yohimbine,COC(=O)[C@@H]1[C@H]2C[C@H]3c4[nH]c5ccccc5c4CCN3C[C@@H]2CC[C@@H]1O,8.0,0.0226299999999999,-2.5484054330372152,1,1.0,1.07,47.11,22.3,tablet,False,False
dexmethylphenidate,COC(=O)[C@H](c1ccccc1)[C@H]1CCCCN1,20.0,0.0237199999999999,-2.9259153109717566,1,1.54,2.68,120.9,23.5,tablet,False,False
clopidogrel,COC(=O)[C@H](c1ccccc1Cl)N1CCc2sccc2C1,25.0,0.0004799999999999,-4.716698771296451,1,0.5,4.51,0.58,,tablet,False,False
clopidogrel,COC(=O)[C@H](c1ccccc1Cl)N1CCc2sccc2C1,75.0,0.0009799999999999,-4.883835187699205,1,1.0,6.9,1.98,,tablet,False,False
clopidogrel,COC(=O)[C@H](c1ccccc1Cl)N1CCc2sccc2C1,150.0,0.00176,-4.930578591241531,1,1.13,,4.03,,tablet,False,False
clopidogrel,COC(=O)[C@H](c1ccccc1Cl)N1CCc2sccc2C1,300.0,0.0045999999999999,-4.814363423038088,1,1.0,7.9,9.89,,tablet,False,False
cocaine,COC(=O)[C@H]1[C@@H](OC(=O)c2ccccc2)C[C@@H]2CC[C@H]1N2C,100.0,0.115,-2.939302159646388,1,1.3,1.2,235.0,32.0,capsule,False,False
cocaine,COC(=O)[C@H]1[C@@H](OC(=O)c2ccccc2)C[C@@H]2CC[C@H]1N2C,159.6,0.242,-2.81921752103428,1,1.08,0.79,371.67,,capsule,False,False
cocaine,COC(=O)[C@H]1[C@@H](OC(=O)c2ccccc2)C[C@@H]2CC[C@H]1N2C,200.0,0.268,-2.8728952016351923,1,1.3,1.3,654.0,45.0,capsule,False,False
deserpidine,COC(=O)[C@H]1[C@H]2C[C@@H]3c4[nH]c5ccccc5c4CCN3C[C@H]2C[C@@H](OC(=O)c2cc(OC)c(OC)c(OC)c2)[C@@H]1OC,0.25,0.00017,-3.1674910872937634,1,2.0,42.9,4.19,,,False,False
nintedanib,COC(=O)c1ccc2c(c1)NC(=O)/C2=C(\Nc1ccc(N(C)C(=O)CN2CCN(C)CC2)cc1)c1ccccc1,50.0,0.0041899999999999,-4.076755981369724,1,4.0,18.1,38.6,,capsule,False,False
nintedanib,COC(=O)c1ccc2c(c1)NC(=O)/C2=C(\Nc1ccc(N(C)C(=O)CN2CCN(C)CC2)cc1)c1ccccc1,150.0,0.0220999999999999,-3.8316989853705703,1,3.0,22.5,183.0,,capsule,False,False
ambrisentan,COC(c1ccccc1)(c1ccccc1)[C@H](Oc1nc(C)cc(C)n1)C(=O)O,2.5,0.1789999999999999,-1.1450869776921446,1,2.5,10.0,1439.0,,tablet,False,False
ambrisentan,COC(c1ccccc1)(c1ccccc1)[C@H](Oc1nc(C)cc(C)n1)C(=O)O,5.0,0.362,-1.1402614338028532,1,2.0,13.6,2945.0,,tablet,False,False
ambrisentan,COC(c1ccccc1)(c1ccccc1)[C@H](Oc1nc(C)cc(C)n1)C(=O)O,10.0,0.7332554250491975,-1.134744715172893,3,2.08,14.63,6894.0,,tablet,False,False
"10alpha-methoxy-9,10-dihydrolysergol",COC12C[C@@H](CO)CN(C)C1Cc1c[nH]c3cccc2c13,30.0,0.03285,-2.9605858808238628,1,3.3,9.3,382.91,,capsule,True,False
idebenone,COC1=C(OC)C(=O)C(CCCCCCCCCCO)=C(C)C1=O,150.0,1.631,-1.963637298015405,1,1.33,3.1,6277.0,,tablet,False,False
idebenone,COC1=C(OC)C(=O)C(CCCCCCCCCCO)=C(C)C1=O,750.0,5.229,-2.1566426215620447,1,2.43,10.8,32757.0,,tablet,False,False
griseofulvin,COC1=CC(=O)C[C@@H](C)[C@]12Oc1c(Cl)c(OC)cc(OC)c1C2=O,125.0,1.1,-2.0555173278498318,1,6.0,7.75,17290.0,,tablet,False,False
cefpodoxime,COCC1=C(C(=O)O)N2C(=O)[C@@H](NC(=O)/C(=N\OC)c3csc(N)n3)[C@H]2SC1,100.0,1.258912136198182,-1.900004579737946,4,2.305,2.265,7150.0,53.3,tablet,True,False
cefpodoxime,COCC1=C(C(=O)O)N2C(=O)[C@@H](NC(=O)/C(=N\OC)c3csc(N)n3)[C@H]2SC1,200.0,2.3670925196345,-1.9268147626687928,3,2.42,2.5,13100.0,,tablet,True,False
cefpodoxime,COCC1=C(C(=O)O)N2C(=O)[C@@H](NC(=O)/C(=N\OC)c3csc(N)n3)[C@H]2SC1,400.0,4.114176584406985,-1.987777063233301,3,2.6,2.6,25000.0,,tablet,True,False
cefpodoxime,COCC1=C(C(=O)O)N2C(=O)[C@@H](NC(=O)/C(=N\OC)c3csc(N)n3)[C@H]2SC1,600.0,5.309999999999999,-2.053056729302175,1,3.3,2.8,35800.0,,tablet,True,False
cefpodoxime,COCC1=C(C(=O)O)N2C(=O)[C@@H](NC(=O)/C(=N\OC)c3csc(N)n3)[C@H]2SC1,800.0,6.7778683964798265,-2.0719968549540666,2,2.92,3.04,45350.0,,tablet,True,False
fluvoxamine,COCCCC/C(=N\OCCN)c1ccc(C(F)(F)F)cc1,25.0,0.0088,-3.453457336521869,1,5.0,14.3,209.0,,solution,False,False
fluvoxamine,COCCCC/C(=N\OCCN)c1ccc(C(F)(F)F)cc1,50.0,0.0169999999999999,-3.468521082957745,1,4.8,15.3,448.0,,solution,False,False
fluvoxamine,COCCCC/C(=N\OCCN)c1ccc(C(F)(F)F)cc1,100.0,0.0421283752357007,-3.3754252899777413,2,4.25,15.415,872.0,,capsule,False,False
prucalopride,COCCCN1CCC(NC(=O)c2cc(Cl)c(N)c3c2OCC3)CC1,2.0,0.0047767863531869,-2.6218941782254945,3,2.5,23.98,109.0,90.0,capsule,False,False
aliskiren,COCCCOc1cc(C[C@@H](C[C@H](N)[C@@H](O)C[C@H](C(=O)NCC(C)(C)C(N)=O)C(C)C)C(C)C)ccc1OC,75.0,0.0403806884537646,-3.2688875443976944,2,0.75,45.0,323.5,2.5,capsule,False,False
aliskiren,COCCCOc1cc(C[C@@H](C[C@H](N)[C@@H](O)C[C@H](C(=O)NCC(C)(C)C(N)=O)C(C)C)C(C)C)ccc1OC,150.0,0.099317672143481,-3.1790647272618435,2,2.25,40.0,751.5,2.5,tablet,False,False
aliskiren,COCCCOc1cc(C[C@@H](C[C@H](N)[C@@H](O)C[C@H](C(=O)NCC(C)(C)C(N)=O)C(C)C)C(C)C)ccc1OC,300.0,0.2339700835577061,-3.107960924559148,2,1.9,37.5,1563.5,2.5,capsule,False,False
aliskiren,COCCCOc1cc(C[C@@H](C[C@H](N)[C@@H](O)C[C@H](C(=O)NCC(C)(C)C(N)=O)C(C)C)C(C)C)ccc1OC,600.0,0.5418302317146949,-3.0442880173118527,2,1.5,31.5,4123.0,2.5,capsule,False,False
rabeprazole,COCCCOc1ccnc(C[S+]([O-])c2nc3ccccc3[nH]2)c1C,10.0,0.2170345594600085,-1.663471105839307,2,3.45,0.865,339.0,,enteric-coated tablet,False,False
rabeprazole,COCCCOc1ccnc(C[S+]([O-])c2nc3ccccc3[nH]2)c1C,20.0,0.3664653615865634,-1.7369970643887231,4,3.6,1.145,660.75,51.8,enteric-coated tablet,False,False
rabeprazole,COCCCOc1ccnc(C[S+]([O-])c2nc3ccccc3[nH]2)c1C,40.0,0.6505197921662338,-1.7887994767519295,2,3.15,1.11,1397.78,,enteric-coated tablet,False,False
nimodipine,COCCOC(=O)C1=C(C)NC(C)=C(C(=O)OC(C)C)C1c1cccc([N+](=O)[O-])c1,60.0,0.0332705575546909,-3.2560911714596164,2,1.025,3.995,60.92,,capsule,False,False
nimodipine,COCCOC(=O)C1=C(C)NC(C)=C(C(=O)OC(C)C)C1c1cccc([N+](=O)[O-])c1,120.0,0.1059999999999999,-3.0538753807828547,1,1.0,2.0,,,tablet,False,False
Preladenant,COCCOc1ccc(N2CCN(CCn3ncc4c3nc(N)n3nc(-c5ccco5)nc43)CC2)cc1,5.0,0.0705,-1.85078088734462,1,1.08,1.83,206.0,,capsule,False,False
Preladenant,COCCOc1ccc(N2CCN(CCn3ncc4c3nc(N)n3nc(-c5ccco5)nc43)CC2)cc1,10.0,0.1089999999999999,-1.9625735020593764,1,0.83,2.23,299.0,,capsule,False,False
Preladenant,COCCOc1ccc(N2CCN(CCn3ncc4c3nc(N)n3nc(-c5ccco5)nc43)CC2)cc1,25.0,0.248,-2.003488327845821,1,0.88,2.93,744.0,,capsule,False,False
Preladenant,COCCOc1ccc(N2CCN(CCn3ncc4c3nc(N)n3nc(-c5ccco5)nc43)CC2)cc1,50.0,0.472,-2.025028005701931,1,1.08,14.4,2592.0,,capsule,False,False
Preladenant,COCCOc1ccc(N2CCN(CCn3ncc4c3nc(N)n3nc(-c5ccco5)nc43)CC2)cc1,100.0,0.778,-2.109020403010311,1,1.0,17.4,3305.0,,capsule,False,False
Preladenant,COCCOc1ccc(N2CCN(CCn3ncc4c3nc(N)n3nc(-c5ccco5)nc43)CC2)cc1,200.0,1.393,-2.157078879240018,1,1.13,23.1,6847.0,,capsule,False,False
metoprolol,COCCc1ccc(OCC(O)CNC(C)C)cc1,50.0,0.0742874148157007,-2.82805475906864,2,1.0,3.4,318.05,41.8,tablet,False,False
metoprolol,COCCc1ccc(OCC(O)CNC(C)C)cc1,100.0,0.107,-2.9706162223147903,1,1.5,3.4,649.4,,tablet,False,False
metoprolol,COCCc1ccc(OCC(O)CNC(C)C)cc1,200.0,0.2799999999999999,-2.8538719643217623,1,2.0,3.2,1574.3,,tablet,False,False
lacosamide,COC[C@@H](NC(C)=O)C(=O)NCc1ccccc1,50.0,1.6743954132760874,-1.4751119786802656,2,0.56,15.135,29880.0,,tablet,False,False
lacosamide,COC[C@@H](NC(C)=O)C(=O)NCc1ccccc1,100.0,2.865795337913013,-1.5427548281706318,3,0.78,14.84,52710.0,,tablet,False,False
lacosamide,COC[C@@H](NC(C)=O)C(=O)NCc1ccccc1,200.0,5.416348383459764,-1.5673234049521514,4,0.91,13.98,98115.0,99.2,tablet,False,False
lacosamide,COC[C@@H](NC(C)=O)C(=O)NCc1ccccc1,300.0,7.366,-1.6098895402007682,1,1.0,13.19,134000.0,,tablet,False,False
velpatasvir,COC[C@H]1C[C@@H](c2ncc(-c3ccc4c(c3)COc3cc5c(ccc6nc([C@@H]7CC[C@H](C)N7C(=O)[C@@H](NC(=O)OC)C(C)C)[nH]c65)cc3-4)[nH]2)N(C(=O)[C@H](NC(=O)OC)c2ccccc2)C1,5.0,0.0223999999999999,-2.348721986001856,1,1.5,11.2,159.0,,tablet,False,False
velpatasvir,COC[C@H]1C[C@@H](c2ncc(-c3ccc4c(c3)COc3cc5c(ccc6nc([C@@H]7CC[C@H](C)N7C(=O)[C@@H](NC(=O)OC)C(C)C)[nH]c65)cc3-4)[nH]2)N(C(=O)[C@H](NC(=O)OC)c2ccccc2)C1,50.0,0.371,-2.129596094720973,1,2.5,13.6,3020.0,,tablet,False,False
velpatasvir,COC[C@H]1C[C@@H](c2ncc(-c3ccc4c(c3)COc3cc5c(ccc6nc([C@@H]7CC[C@H](C)N7C(=O)[C@@H](NC(=O)OC)C(C)C)[nH]c65)cc3-4)[nH]2)N(C(=O)[C@H](NC(=O)OC)c2ccccc2)C1,150.0,0.608,-2.392187679782946,1,2.75,16.2,4980.0,,tablet,False,False
velpatasvir,COC[C@H]1C[C@@H](c2ncc(-c3ccc4c(c3)COc3cc5c(ccc6nc([C@@H]7CC[C@H](C)N7C(=O)[C@@H](NC(=O)OC)C(C)C)[nH]c65)cc3-4)[nH]2)N(C(=O)[C@H](NC(=O)OC)c2ccccc2)C1,450.0,1.12,-2.603994491105162,1,3.25,15.0,9580.0,,tablet,False,False
cerivastatin,COCc1c(C(C)C)nc(C(C)C)c(/C=C/[C@@H](O)C[C@@H](O)CC(=O)O)c1-c1ccc(F)cc1,0.1,0.0010540398474441,-1.9771429705295664,2,2.5,2.7350000000000003,6.32,,tablet,False,False
cerivastatin,COCc1c(C(C)C)nc(C(C)C)c(/C=C/[C@@H](O)C[C@@H](O)CC(=O)O)c1-c1ccc(F)cc1,0.2,0.0022285645604289,-1.9530047757601063,2,2.25,2.495,11.7,,tablet,False,False
cerivastatin,COCc1c(C(C)C)nc(C(C)C)c(/C=C/[C@@H](O)C[C@@H](O)CC(=O)O)c1-c1ccc(F)cc1,0.3,0.003624224054884,-1.9179062161586176,2,2.25,3.36,19.8,,tablet,False,False
relugolix,CONC(=O)Nc1ccc(-c2sc3c(c2CN(C)C)c(=O)n(-c2ccc(OC)nn2)c(=O)n3Cc2c(F)cccc2F)cc1,80.0,0.0396,-3.305394801066431,1,2.0,19.1,357.0,12.0,tablet,False,False
relugolix,CONC(=O)Nc1ccc(-c2sc3c(c2CN(C)C)c(=O)n(-c2ccc(OC)nn2)c(=O)n3Cc2c(F)cccc2F)cc1,120.0,0.0358,-3.5252982194037505,1,4.0,20.8,349.0,12.0,tablet,False,False
relugolix,CONC(=O)Nc1ccc(-c2sc3c(c2CN(C)C)c(=O)n(-c2ccc(OC)nn2)c(=O)n3Cc2c(F)cccc2F)cc1,180.0,0.0835999999999999,-3.3330662276642897,1,1.75,20.3,617.0,12.0,tablet,False,False
relugolix,CONC(=O)Nc1ccc(-c2sc3c(c2CN(C)C)c(=O)n(-c2ccc(OC)nn2)c(=O)n3Cc2c(F)cccc2F)cc1,360.0,0.1939999999999999,-3.2685007708370613,1,1.75,21.7,1650.0,12.0,tablet,False,False
spiramycin,CO[C@@H]1[C@@H](O[C@@H]2O[C@H](C)[C@@H](O[C@H]3C[C@@](C)(O)[C@@H](O)[C@H](C)O3)[C@H](N(C)C)[C@H]2O)[C@@H](CC=O)C[C@@H](C)[C@@H](O[C@H]2CC[C@H](N(C)C)[C@@H](C)O2)/C=C/C=C/C[C@@H](C)OC(=O)C[C@H]1O,1000.0,0.96,-3.017728766960432,1,3.0,5.37,5430.0,33.0,tablet,False,False
spiramycin,CO[C@@H]1[C@@H](O[C@@H]2O[C@H](C)[C@@H](O[C@H]3C[C@@](C)(O)[C@@H](O)[C@H](C)O3)[C@H](N(C)C)[C@H]2O)[C@@H](CC=O)C[C@@H](C)[C@@H](O[C@H]2CC[C@H](N(C)C)[C@@H](C)O2)/C=C/C=C/C[C@@H](C)OC(=O)C[C@H]1O,1500.0,1.53,-2.9913998282380825,1,3.0,5.52,9800.0,39.0,tablet,False,False
spiramycin,CO[C@@H]1[C@@H](O[C@@H]2O[C@H](C)[C@@H](O[C@H]3C[C@@](C)(O)[C@@H](O)[C@H](C)O3)[C@H](N(C)C)[C@H]2O)[C@@H](CC=O)C[C@@H](C)[C@@H](O[C@H]2CC[C@H](N(C)C)[C@@H](C)O2)/C=C/C=C/C[C@@H](C)OC(=O)C[C@H]1O,2000.0,1.65,-3.083546051450075,1,4.0,6.23,11260.0,35.0,tablet,False,False
midostaurin,CO[C@@H]1[C@H](N(C)C(=O)c2ccccc2)C[C@H]2O[C@]1(C)n1c3ccccc3c3c4c(c5c6ccccc6n2c5c31)C(=O)NC4,50.0,1.6030375931961172,-1.494026297124612,2,1.01,23.185,21280.885,,,False,False
rifampicin,CO[C@H]1/C=C/O[C@@]2(C)Oc3c(C)c(O)c4c(O)c(c(/C=N/N5CCN(C)CC5)c(O)c4c3C2=O)NC(=O)/C(C)=C\C=C\[C@H](C)[C@H](O)[C@@H](C)[C@@H](O)[C@@H](C)[C@H](OC(C)=O)[C@@H]1C,300.0,5.222068555658764,-1.7592786857488474,2,1.85,2.195,21380.0,,capsule,False,False
rifampicin,CO[C@H]1/C=C/O[C@@]2(C)Oc3c(C)c(O)c4c(O)c(c(/C=N/N5CCN(C)CC5)c(O)c4c3C2=O)NC(=O)/C(C)=C\C=C\[C@H](C)[C@H](O)[C@@H](C)[C@@H](O)[C@@H](C)[C@H](OC(C)=O)[C@@H]1C,450.0,9.48,-1.6764041764372777,1,1.63,3.56,59130.0,,capsule,False,False
rifampicin,CO[C@H]1/C=C/O[C@@]2(C)Oc3c(C)c(O)c4c(O)c(c(/C=N/N5CCN(C)CC5)c(O)c4c3C2=O)NC(=O)/C(C)=C\C=C\[C@H](C)[C@H](O)[C@@H](C)[C@@H](O)[C@@H](C)[C@H](OC(C)=O)[C@@H]1C,600.0,11.529223737962589,-1.7163511831295737,2,2.23,3.765,86510.0,,capsule,False,False
rifapentine,CO[C@H]1/C=C/O[C@@]2(C)Oc3c(C)c(O)c4c(O)c(c(/C=N/N5CCN(C6CCCC6)CC5)c(O)c4c3C2=O)NC(=O)/C(C)=C\C=C\[C@H](C)[C@H](O)[C@@H](C)[C@@H](O)[C@@H](C)[C@H](OC(C)=O)[C@@H]1C,150.0,3.6,-1.619788758288394,1,4.0,13.2,70000.0,,,False,False
rifapentine,CO[C@H]1/C=C/O[C@@]2(C)Oc3c(C)c(O)c4c(O)c(c(/C=N/N5CCN(C6CCCC6)CC5)c(O)c4c3C2=O)NC(=O)/C(C)=C\C=C\[C@H](C)[C@H](O)[C@@H](C)[C@@H](O)[C@@H](C)[C@H](OC(C)=O)[C@@H]1C,300.0,8.6,-1.5426228034760947,1,4.0,13.5,178000.0,,,False,False
rifapentine,CO[C@H]1/C=C/O[C@@]2(C)Oc3c(C)c(O)c4c(O)c(c(/C=N/N5CCN(C6CCCC6)CC5)c(O)c4c3C2=O)NC(=O)/C(C)=C\C=C\[C@H](C)[C@H](O)[C@@H](C)[C@@H](O)[C@@H](C)[C@H](OC(C)=O)[C@@H]1C,600.0,14.55060136214308,-1.6152703077240285,2,5.95,15.2,355500.0,,tablet,False,False
rifaximin,CO[C@H]1/C=C/O[C@@]2(C)Oc3c(C)c(O)c4c(O)c(c5c(nc6cc(C)ccn65)c4c3C2=O)NC(=O)/C(C)=C\C=C\[C@H](C)[C@H](O)[C@@H](C)[C@@H](O)[C@@H](C)[C@H](OC(C)=O)[C@@H]1C,200.0,0.0015899999999999,-5.09963287134353,1,1.04,3.07,5.77,,tablet,False,False
rifaximin,CO[C@H]1/C=C/O[C@@]2(C)Oc3c(C)c(O)c4c(O)c(c5c(nc6cc(C)ccn65)c4c3C2=O)NC(=O)/C(C)=C\C=C\[C@H](C)[C@H](O)[C@@H](C)[C@@H](O)[C@@H](C)[C@H](OC(C)=O)[C@@H]1C,400.0,0.0028472091598616,-5.1476406191451245,2,1.495,2.515,11.415,,tablet,False,False
rifabutin,CO[C@H]1/C=C/O[C@@]2(C)Oc3c(C)c(O)c4c(c3C2=O)C2=NC3(CCN(CC(C)C)CC3)NC2=C(NC(=O)/C(C)=C\C=C\[C@H](C)[C@H](O)[C@@H](C)[C@@H](O)[C@@H](C)[C@H](OC(C)=O)[C@@H]1C)C4=O,150.0,0.1879,-2.9021644789551555,1,3.0,,2516.0,20.0,capsule,False,False
rifabutin,CO[C@H]1/C=C/O[C@@]2(C)Oc3c(C)c(O)c4c(c3C2=O)C2=NC3(CCN(CC(C)C)CC3)NC2=C(NC(=O)/C(C)=C\C=C\[C@H](C)[C@H](O)[C@@H](C)[C@@H](O)[C@@H](C)[C@H](OC(C)=O)[C@@H]1C)C4=O,450.0,0.691,-2.813734466401145,1,2.3,45.0,9287.0,20.0,,False,False
sirolimus,CO[C@H]1C[C@@H]2CC[C@@H](C)[C@@](O)(O2)C(=O)C(=O)N2CCCC[C@H]2C(=O)O[C@H]([C@H](C)C[C@@H]2CC[C@@H](O)[C@H](OC)C2)CC(=O)[C@H](C)/C=C(\C)[C@@H](O)[C@@H](OC)C(=O)[C@H](C)C[C@H](C)/C=C/C=C/C=C/1C,2.0,0.0049,-2.6108339156354674,1,3.0,65.0,186.0,,tablet,False,False
sirolimus,CO[C@H]1C[C@@H]2CC[C@@H](C)[C@@](O)(O2)C(=O)C(=O)N2CCCC[C@H]2C(=O)O[C@H]([C@H](C)C[C@@H]2CC[C@@H](O)[C@H](OC)C2)CC(=O)[C@H](C)/C=C(\C)[C@@H](O)[C@@H](OC)C(=O)[C@H](C)C[C@H](C)/C=C/C=C/C=C/1C,5.0,0.0103,-2.6861327796308467,1,2.0,73.3,340.0,,tablet,False,False
sirolimus,CO[C@H]1C[C@@H]2CC[C@@H](C)[C@@](O)(O2)C(=O)C(=O)N2CCCC[C@H]2C(=O)O[C@H]([C@H](C)C[C@@H]2CC[C@@H](O)[C@H](OC)C2)CC(=O)[C@H](C)/C=C(\C)[C@@H](O)[C@@H](OC)C(=O)[C@H](C)C[C@H](C)/C=C/C=C/C=C/1C,15.0,0.0220999999999999,-2.8316989853705707,1,2.0,64.9,796.0,,,False,False
everolimus,CO[C@H]1C[C@@H]2CC[C@@H](C)[C@@](O)(O2)C(=O)C(=O)N2CCCC[C@H]2C(=O)O[C@H]([C@H](C)C[C@@H]2CC[C@@H](OCCO)[C@H](OC)C2)CC(=O)[C@H](C)/C=C(\C)[C@@H](O)[C@@H](OC)C(=O)[C@H](C)C[C@H](C)/C=C/C=C/C=C/1C,2.0,0.0172261624113814,-2.0648414581574377,3,0.5,34.0,120.0,,tablet,False,False
everolimus,CO[C@H]1C[C@@H]2CC[C@@H](C)[C@@](O)(O2)C(=O)C(=O)N2CCCC[C@H]2C(=O)O[C@H]([C@H](C)C[C@@H]2CC[C@@H](OCCO)[C@H](OC)C2)CC(=O)[C@H](C)/C=C(\C)[C@@H](O)[C@@H](OC)C(=O)[C@H](C)C[C@H](C)/C=C/C=C/C=C/1C,4.0,0.0441999999999999,-1.9566377219788704,1,0.5,32.2,219.0,,tablet,False,False
Ridaforolimus,CO[C@H]1C[C@@H]2CC[C@@H](C)[C@@](O)(O2)C(=O)C(=O)N2CCCC[C@H]2C(=O)O[C@H]([C@H](C)C[C@@H]2CC[C@@H](OP(C)(C)=O)[C@H](OC)C2)CC(=O)[C@H](C)/C=C(\C)[C@@H](O)[C@@H](OC)C(=O)[C@H](C)C[C@H](C)/C=C/C=C/C=C/1C,5.0,0.0075,-2.8239087409443187,1,3.02,80.5,113.04,,capsule,False,False
Ridaforolimus,CO[C@H]1C[C@@H]2CC[C@@H](C)[C@@](O)(O2)C(=O)C(=O)N2CCCC[C@H]2C(=O)O[C@H]([C@H](C)C[C@@H]2CC[C@@H](OP(C)(C)=O)[C@H](OC)C2)CC(=O)[C@H](C)/C=C(\C)[C@@H](O)[C@@H](OC)C(=O)[C@H](C)C[C@H](C)/C=C/C=C/C=C/1C,40.0,0.1138246019101318,-2.545823851245476,2,6.0,63.4,1975.785,,tablet,False,False
artemether,CO[C@H]1O[C@@H]2O[C@@]3(C)CC[C@H]4[C@H](C)CC[C@@H]([C@H]1C)[C@@]24OO3,100.0,0.042,-3.3767507096021,1,3.6,1.0,177.0,,tablet,False,False
artemether,CO[C@H]1O[C@@H]2O[C@@]3(C)CC[C@H]4[C@H](C)CC[C@@H]([C@H]1C)[C@@]24OO3,200.0,0.31,-2.8096683018297086,1,1.88,2.0,671.0,,tablet,False,False
artemether,CO[C@H]1O[C@@H]2O[C@@]3(C)CC[C@H]4[C@H](C)CC[C@@H]([C@H]1C)[C@@]24OO3,300.0,0.474,-2.8013429130455774,1,2.0,2.8,2170.0,,tablet,False,False
pralsetinib,CO[C@]1(C(=O)N[C@@H](C)c2ccc(-n3cc(F)cn3)nc2)CC[C@H](c2nc(C)cc(Nc3cc(C)[nH]n3)n2)CC1,200.0,0.6333340350873305,-2.4993971682186253,2,3.0,15.65,11185.0,,capsule,False,False
mycophenolic acid,COc1c(C)c2c(c(O)c1C/C=C(\C)CCC(=O)O)C(=O)OC2,500.0,15.272257913831869,-1.515066754638715,2,0.585,16.240000000000002,33281.415,,tablet,True,False
mycophenolic acid,COc1c(C)c2c(c(O)c1C/C=C(\C)CCC(=O)O)C(=O)OC2,1000.0,26.469999999999995,-1.577246058698652,1,0.81,16.04,62410.0,,capsule,True,False
mycophenolic acid,COc1c(C)c2c(c(O)c1C/C=C(\C)CCC(=O)O)C(=O)OC2,1500.0,34.0,-1.644612342013426,1,0.99,17.9,101000.0,94.1,capsule,True,False
mycophenolate mofetil,COc1c(C)c2c(c(O)c1C/C=C(\C)CCC(=O)OCCN1CCOCC1)C(=O)OC2,500.0,0.0029793959119257,-5.224841786807433,2,0.585,2.1100000000000003,2.535,,tablet,False,False
gatifloxacin,COc1c(N2CCNC(C)C2)c(F)cc2c(=O)c(C(=O)O)cn(C3CC3)c12,400.0,3.918968085996582,-2.008888264500029,5,1.49,6.87,34380.0,90.4,tablet,False,False
Nemonoxacin,COc1c(N2C[C@@H](C)C[C@H](N)C2)ccc2c(=O)c(C(=O)O)cn(C3CC3)c12,25.0,0.15,-2.2218487496163566,1,0.92,9.71,1190.0,,capsule,False,False
Nemonoxacin,COc1c(N2C[C@@H](C)C[C@H](N)C2)ccc2c(=O)c(C(=O)O)cn(C3CC3)c12,50.0,0.37,-2.130768280269024,1,1.08,8.49,2990.0,,capsule,False,False
Nemonoxacin,COc1c(N2C[C@@H](C)C[C@H](N)C2)ccc2c(=O)c(C(=O)O)cn(C3CC3)c12,125.0,1.22,-2.0105501823333083,1,0.75,11.13,7670.0,,capsule,False,False
Nemonoxacin,COc1c(N2C[C@@H](C)C[C@H](N)C2)ccc2c(=O)c(C(=O)O)cn(C3CC3)c12,250.0,2.4,-2.017728766960432,1,0.92,10.86,15450.0,,capsule,False,False
Nemonoxacin,COc1c(N2C[C@@H](C)C[C@H](N)C2)ccc2c(=O)c(C(=O)O)cn(C3CC3)c12,500.0,3.4100000000000006,-2.166215625343521,1,2.0,14.75,32360.0,,capsule,False,False
Nemonoxacin,COc1c(N2C[C@@H](C)C[C@H](N)C2)ccc2c(=O)c(C(=O)O)cn(C3CC3)c12,1000.0,7.22,-2.141462802430361,1,1.67,16.41,63310.0,,capsule,False,False
Nemonoxacin,COc1c(N2C[C@@H](C)C[C@H](N)C2)ccc2c(=O)c(C(=O)O)cn(C3CC3)c12,1500.0,12.1,-2.093305888739231,1,2.67,13.04,117840.0,,capsule,False,False
moxifloxacin,COc1c(N2C[C@@H]3CCCN[C@@H]3C2)c(F)cc2c(=O)c(C(=O)O)cn(C3CC3)c12,50.0,0.29,-2.2365720064370627,1,1.75,11.4,3880.0,,tablet,False,False
moxifloxacin,COc1c(N2C[C@@H]3CCCN[C@@H]3C2)c(F)cc2c(=O)c(C(=O)O)cn(C3CC3)c12,100.0,0.59,-2.229147988357856,1,2.0,12.2,8510.0,,tablet,False,False
moxifloxacin,COc1c(N2C[C@@H]3CCCN[C@@H]3C2)c(F)cc2c(=O)c(C(=O)O)cn(C3CC3)c12,200.0,1.16,-2.2365720064370627,1,2.5,14.0,15400.0,,tablet,False,False
moxifloxacin,COc1c(N2C[C@@H]3CCCN[C@@H]3C2)c(F)cc2c(=O)c(C(=O)O)cn(C3CC3)c12,400.0,2.5,-2.204119982655925,2,1.75,14.35,28350.0,86.2,tablet,False,False
moxifloxacin,COc1c(N2C[C@@H]3CCCN[C@@H]3C2)c(F)cc2c(=O)c(C(=O)O)cn(C3CC3)c12,600.0,3.19,-2.2743605673264624,1,2.5,12.5,39900.0,,tablet,False,False
moxifloxacin,COc1c(N2C[C@@H]3CCCN[C@@H]3C2)c(F)cc2c(=O)c(C(=O)O)cn(C3CC3)c12,800.0,4.73,-2.228228846254132,1,3.0,12.3,59900.0,,tablet,False,False
methoxsalen,COc1c2occc2cc2ccc(=O)oc12,40.0,0.178,-2.3516399890190685,1,2.0,2.0,440.0,,capsule,False,False
pinaverium,COc1cc(Br)c(C[N+]2(CCOCCC3CCC4CC3C4(C)C)CCOCC2)cc1OC,50.0,0.0017099999999999,-4.465973893943866,1,0.62,2.5,1.73,1.0,tablet,False,False
pinaverium,COc1cc(Br)c(C[N+]2(CCOCCC3CCC4CC3C4(C)C)CCOCC2)cc1OC,100.0,0.0036099999999999,-4.442492798094342,1,0.62,1.51,11.71,1.0,capsule,False,False
zafirlukast,COc1cc(C(=O)NS(=O)(=O)c2ccccc2C)ccc1Cc1cn(C)c2ccc(NC(=O)OC3CCCC3)cc12,20.0,0.597534936217122,-1.524666693302792,2,1.75,11.2,1953.5,,tablet,False,False
iloperidone,COc1cc(C(C)=O)ccc1OCCCN1CCC(c2noc3cc(F)ccc23)CC1,4.0,0.0032399999999999,-3.0915149811213505,1,2.0,27.08,62.67,,tablet,False,False
gefapixant,COc1cc(C(C)C)c(Oc2cnc(N)nc2N)cc1S(N)(=O)=O,10.0,0.0715,-2.1456939581989194,1,1.5,6.94,607.0,,suspension,False,False
gefapixant,COc1cc(C(C)C)c(Oc2cnc(N)nc2N)cc1S(N)(=O)=O,30.0,0.2739999999999999,-2.0393706918992747,1,1.5,8.09,1970.0,,suspension,False,False
gefapixant,COc1cc(C(C)C)c(Oc2cnc(N)nc2N)cc1S(N)(=O)=O,50.0,0.3689999999999999,-2.1319436381769585,1,1.5,7.1,3310.0,,suspension,False,False
gefapixant,COc1cc(C(C)C)c(Oc2cnc(N)nc2N)cc1S(N)(=O)=O,100.0,0.652,-2.18575240426808,1,1.25,9.18,5370.0,,suspension,False,False
gefapixant,COc1cc(C(C)C)c(Oc2cnc(N)nc2N)cc1S(N)(=O)=O,200.0,1.32,-2.1804560644581312,1,1.0,8.56,10500.0,,suspension,False,False
gefapixant,COc1cc(C(C)C)c(Oc2cnc(N)nc2N)cc1S(N)(=O)=O,300.0,2.15,-2.144682794804057,1,1.5,9.27,15600.0,,suspension,False,False
gefapixant,COc1cc(C(C)C)c(Oc2cnc(N)nc2N)cc1S(N)(=O)=O,450.0,3.89,-2.063262912449636,1,1.5,8.23,23700.0,,suspension,False,False
gefapixant,COc1cc(C(C)C)c(Oc2cnc(N)nc2N)cc1S(N)(=O)=O,900.0,5.76,-2.193820026016113,1,1.0,8.09,36100.0,,suspension,False,False
gefapixant,COc1cc(C(C)C)c(Oc2cnc(N)nc2N)cc1S(N)(=O)=O,1800.0,8.7,-2.315753252484688,1,1.0,8.44,49300.0,,suspension,False,False
acitretin,COc1cc(C)c(/C=C/C(C)=C/C=C/C(C)=C/C(=O)O)c(C)c1C,50.0,0.245,-2.309803919971486,1,2.8,6.7,1468.0,59.0,capsule,False,False
ro 13-7652,COc1cc(C)c(/C=C/C(C)=C/C=C/C(C)=C\C(=O)O)c(C)c1C,50.0,0.0205999999999999,-3.385102783966865,1,22.1,59.9,2836.0,,capsule,True,False
tafenoquine,COc1cc(C)c2c(Oc3cccc(C(F)(F)F)c3)c(OC)cc(NC(C)CCCN)c2n1,200.0,0.13818,-3.1605848073161065,1,12.0,319.41,53507.65,,,False,False
tafenoquine,COc1cc(C)c2c(Oc3cccc(C(F)(F)F)c3)c(OC)cc(NC(C)CCCN)c2n1,300.0,0.1995999999999999,-3.1769607177683103,1,12.1,375.2,97195.5,,tablet,False,False
Anacetrapib,COc1cc(F)c(C(C)C)cc1-c1ccc(C(F)(F)F)cc1CN1C(=O)O[C@H](c2cc(C(F)(F)F)cc(C(F)(F)F)c2)[C@@H]1C,2.0,0.0153,-2.1163385648463824,1,4.0,9.3,165.75,,capsule,False,False
Anacetrapib,COc1cc(F)c(C(C)C)cc1-c1ccc(C(F)(F)F)cc1CN1C(=O)O[C@H](c2cc(C(F)(F)F)cc(C(F)(F)F)c2)[C@@H]1C,5.0,0.0357,-2.1463017882238256,1,4.0,21.0,433.51,,capsule,False,False
Anacetrapib,COc1cc(F)c(C(C)C)cc1-c1ccc(C(F)(F)F)cc1CN1C(=O)O[C@H](c2cc(C(F)(F)F)cc(C(F)(F)F)c2)[C@@H]1C,10.0,0.09244,-2.034140063192928,1,4.0,28.9,1275.03,,capsule,False,False
Anacetrapib,COc1cc(F)c(C(C)C)cc1-c1ccc(C(F)(F)F)cc1CN1C(=O)O[C@H](c2cc(C(F)(F)F)cc(C(F)(F)F)c2)[C@@H]1C,25.0,0.15683,-2.202510866214975,1,4.0,28.7,1848.79,,capsule,False,False
Anacetrapib,COc1cc(F)c(C(C)C)cc1-c1ccc(C(F)(F)F)cc1CN1C(=O)O[C@H](c2cc(C(F)(F)F)cc(C(F)(F)F)c2)[C@@H]1C,50.0,0.2639299999999999,-2.2774812465753933,1,4.0,34.5,3378.82,,capsule,False,False
Anacetrapib,COc1cc(F)c(C(C)C)cc1-c1ccc(C(F)(F)F)cc1CN1C(=O)O[C@H](c2cc(C(F)(F)F)cc(C(F)(F)F)c2)[C@@H]1C,125.0,0.46602,-2.4285054574698783,1,4.0,46.1,6311.39,,capsule,False,False
Anacetrapib,COc1cc(F)c(C(C)C)cc1-c1ccc(C(F)(F)F)cc1CN1C(=O)O[C@H](c2cc(C(F)(F)F)cc(C(F)(F)F)c2)[C@@H]1C,250.0,0.54826,-2.6589534469267413,1,4.0,44.2,8925.2,,capsule,False,False
Anacetrapib,COc1cc(F)c(C(C)C)cc1-c1ccc(C(F)(F)F)cc1CN1C(=O)O[C@H](c2cc(C(F)(F)F)cc(C(F)(F)F)c2)[C@@H]1C,500.0,0.50236,-2.997954952569587,1,4.0,60.0,10008.97,,capsule,False,False
Anacetrapib,COc1cc(F)c(C(C)C)cc1-c1ccc(C(F)(F)F)cc1CN1C(=O)O[C@H](c2cc(C(F)(F)F)cc(C(F)(F)F)c2)[C@@H]1C,1000.0,0.56675,-3.246608471201445,1,4.0,61.9,8670.19,,capsule,False,False
cisapride,COc1cc(N)c(Cl)cc1C(=O)N[C@@H]1CCN(CCCOc2ccc(F)cc2)C[C@@H]1OC,10.0,0.0392199999999999,-2.406492410668235,1,1.25,4.93,286.8,,tablet,False,False
cisapride,COc1cc(N)c(Cl)cc1C(=O)N[C@@H]1CCN(CCCOc2ccc(F)cc2)C[C@@H]1OC,20.0,0.0679271815991212,-2.46898640023036,2,1.395,7.005,482.4,,tablet,False,False
cisapride,COc1cc(N)c(Cl)cc1C(=O)N[C@@H]1CCN(CCCOc2ccc(F)cc2)C[C@@H]1OC,40.0,0.1188,-2.527243550682788,1,1.45,8.87,1162.38,,tablet,False,False
brigatinib,COc1cc(N2CCC(N3CCN(C)CC3)CC2)ccc1Nc1ncc(Cl)c(Nc2ccccc2P(C)(C)=O)n1,90.0,0.3394497606421309,-2.423467002664998,2,2.4,28.6,6663.5,,,False,False
brigatinib,COc1cc(N2CCC(N3CCN(C)CC3)CC2)ccc1Nc1ncc(Cl)c(Nc2ccccc2P(C)(C)=O)n1,180.0,0.761054314750268,-2.3738568525974184,2,2.25,28.05,14438.5,,tablet,False,False
primaquine,COc1cc(NC(C)CCCN)c2ncccc2c1,15.0,0.0465606408128129,-2.508072310189763,3,2.0,4.4,468.0,,tablet,False,False
primaquine,COc1cc(NC(C)CCCN)c2ncccc2c1,30.0,0.1202331069215131,-2.3970971849432248,2,2.5,6.735,1190.0,,tablet,False,False
primaquine,COc1cc(NC(C)CCCN)c2ncccc2c1,45.0,0.176,-2.407699845961194,1,2.0,6.7,1700.0,96.0,tablet,False,False
bosutinib,COc1cc(Nc2c(C#N)cnc3cc(OCCCN4CCN(C)CC4)c(OC)cc23)c(Cl)cc1Cl,200.0,0.0168999999999999,-4.073143291050307,1,6.0,41.2,474.0,,,False,False
bosutinib,COc1cc(Nc2c(C#N)cnc3cc(OCCCN4CCN(C)CC4)c(OC)cc23)c(Cl)cc1Cl,400.0,0.0621,-3.808968391151382,1,3.0,37.3,1150.0,,,False,False
tamatinib (r406),COc1cc(Nc2ncc(F)c(Nc3ccc4c(n3)NC(=O)C(C)(C)O4)n2)cc(OC)c1OC,150.0,0.3129999999999999,-2.680546921509233,1,1.95,15.5,4430.0,54.6,tablet,True,False
erdafitinib,COc1cc(OC)cc(N(CCNC(C)C)c2ccc3ncc(-c4cnn(C)c4)nc3c2)c1,4.0,0.138,-1.4621809049267258,1,2.0,59.1,9145.0,,,False,False
erdafitinib,COc1cc(OC)cc(N(CCNC(C)C)c2ccc3ncc(-c4cnn(C)c4)nc3c2)c1,12.0,0.397,-1.4803907392845097,1,4.0,56.5,27808.0,,tablet,False,False
etoposide,COc1cc([C@@H]2c3cc4c(cc3[C@@H](O[C@@H]3O[C@@H]5CO[C@@H](C)O[C@H]5[C@H](O)[C@H]3O)[C@H]3COC(=O)[C@H]23)OCO4)cc(OC)c1O,100.0,3.0,-1.5228787452803376,1,2.8,6.6,,76.0,capsule,False,False
etoposide,COc1cc([C@@H]2c3cc4c(cc3[C@@H](O[C@@H]3O[C@@H]5CO[C@@H](C)O[C@H]5[C@H](O)[C@H]3O)[C@H]3COC(=O)[C@H]23)OCO4)cc(OC)c1O,400.0,8.6,-1.6675615400843946,1,2.9,6.6,,48.0,capsule,False,False
vandetanib,COc1cc2c(Nc3ccc(Br)cc3F)ncnc2cc1OCC1CCN(C)CC1,300.0,0.1531621659056195,-3.291969755530511,3,6.0,190.0,22030.0,,tablet,False,False
vandetanib,COc1cc2c(Nc3ccc(Br)cc3F)ncnc2cc1OCC1CCN(C)CC1,400.0,0.2304,-3.239577516576788,1,6.0,176.2,29460.0,,tablet,False,False
vandetanib,COc1cc2c(Nc3ccc(Br)cc3F)ncnc2cc1OCC1CCN(C)CC1,800.0,0.4932825919425658,-3.2099941976126805,3,6.0,216.0,61140.0,,tablet,False,False
vandetanib,COc1cc2c(Nc3ccc(Br)cc3F)ncnc2cc1OCC1CCN(C)CC1,1200.0,0.7525,-3.202674741781744,1,6.0,315.9,102200.0,,tablet,False,False
colchicine,COc1cc2c(c(OC)c1OC)-c1ccc(OC)c(=O)cc1[C@@H](NC(C)=O)CC2,0.6,0.0025183923443339,-2.377027859915348,2,1.345,27.75,23.545,,tablet,False,False
colchicine,COc1cc2c(c(OC)c1OC)-c1ccc(OC)c(=O)cc1[C@@H](NC(C)=O)CC2,1.0,0.0056399999999999,-2.248720896016658,1,1.01,,47.9,37.0,tablet,False,False
donepezil,COc1cc2c(cc1OC)C(=O)C(CC1CCN(Cc3ccccc3)CC1)C2,2.0,0.0031999999999999,-2.7958800173440754,1,4.5,53.8,225.1,,tablet,False,True
donepezil,COc1cc2c(cc1OC)C(=O)C(CC1CCN(Cc3ccccc3)CC1)C2,4.0,0.0068999999999999,-2.7632109005907077,1,4.7,82.8,518.6,,tablet,False,True
donepezil,COc1cc2c(cc1OC)C(=O)C(CC1CCN(Cc3ccccc3)CC1)C2,6.0,0.0115999999999999,-2.7136932611567253,1,3.2,80.1,706.6,,tablet,False,True
donepezil,COc1cc2c(cc1OC)C(=O)C(CC1CCN(Cc3ccccc3)CC1)C2,10.0,0.0232999999999999,-2.632644078973981,1,2.8,73.2,892.2,,tablet,False,True
tetrabenazine,COc1cc2c(cc1OC)C1CC(=O)C(CC(C)C)CN1CC2,25.0,0.000693829950348,-4.556686965702532,2,0.825,2.13,1.8,4.9,tablet,False,False
dihydrotetrabenazine (htbz),COc1cc2c(cc1OC)C1CC(O)C(CC(C)C)CN1CC2,15.0,0.0225,-2.8239087409443187,1,2.3,9.4,273.0,,tablet,True,False
dihydrotetrabenazine (htbz),COc1cc2c(cc1OC)C1CC(O)C(CC(C)C)CN1CC2,25.0,0.0596243207068494,-2.622516564463656,4,1.125,5.05,288.5,,capsule,True,False
ivabradine,COc1cc2c(cc1OC)CC(=O)N(CCCN(C)C[C@H]1Cc3cc(OC)c(OC)cc31)CC2,5.0,0.0087,-2.7594507517174,1,0.88,1.9,28.6,40.0,tablet,False,False
ivabradine,COc1cc2c(cc1OC)CC(=O)N(CCCN(C)C[C@H]1Cc3cc(OC)c(OC)cc31)CC2,10.0,0.0180696070219333,-2.74305129237884,3,0.97,1.9,61.0,40.0,tablet,False,False
ivabradine,COc1cc2c(cc1OC)CC(=O)N(CCCN(C)C[C@H]1Cc3cc(OC)c(OC)cc31)CC2,20.0,0.0434999999999999,-2.662540738709344,1,0.75,2.1,112.4,40.0,tablet,False,False
moexiprilat,COc1cc2c(cc1OC)CN(C(=O)[C@H](C)N[C@@H](CCc1ccccc1)C(=O)O)[C@H](C(=O)O)C2,15.0,0.0183999999999999,-2.911273436046145,1,1.67,27.31,72.2,13.0,,True,False
moexiprilat,COc1cc2c(cc1OC)CN(C(=O)[C@H](C)N[C@@H](CCc1ccccc1)C(=O)O)[C@H](C(=O)O)C2,30.0,0.0708,-2.6270879970298933,1,1.5,,203.0,13.0,capsule,True,False
valbenazine,COc1cc2c(cc1OC)[C@H]1C[C@@H](OC(=O)[C@@H](N)C(C)C)[C@H](CC(C)C)CN1CC2,1.0,0.00294,-2.5316526695878427,1,1.3,16.0,40.7,49.0,solution,False,False
valbenazine,COc1cc2c(cc1OC)[C@H]1C[C@@H](OC(=O)[C@@H](N)C(C)C)[C@H](CC(C)C)CN1CC2,2.0,0.0064199999999999,-2.493494967595128,1,1.5,15.0,102.0,49.0,solution,False,False
valbenazine,COc1cc2c(cc1OC)[C@H]1C[C@@H](OC(=O)[C@@H](N)C(C)C)[C@H](CC(C)C)CN1CC2,5.0,0.0174,-2.4584207560534197,1,0.5,17.0,207.0,49.0,solution,False,False
valbenazine,COc1cc2c(cc1OC)[C@H]1C[C@@H](OC(=O)[C@@H](N)C(C)C)[C@H](CC(C)C)CN1CC2,12.5,0.0568999999999999,-2.3417977466129853,1,0.5,16.0,614.0,49.0,solution,False,False
valbenazine,COc1cc2c(cc1OC)[C@H]1C[C@@H](OC(=O)[C@@H](N)C(C)C)[C@H](CC(C)C)CN1CC2,25.0,0.156,-2.204815410317576,1,0.6,20.0,1610.0,49.0,solution,False,False
valbenazine,COc1cc2c(cc1OC)[C@H]1C[C@@H](OC(=O)[C@@H](N)C(C)C)[C@H](CC(C)C)CN1CC2,50.0,0.412,-2.084072788302884,1,0.5,19.0,4120.0,49.0,solution,False,False
valbenazine,COc1cc2c(cc1OC)[C@H]1C[C@@H](OC(=O)[C@@H](N)C(C)C)[C@H](CC(C)C)CN1CC2,75.0,0.788,-1.978535045902145,1,1.0,20.0,7170.0,49.0,solution,False,False
valbenazine,COc1cc2c(cc1OC)[C@H]1C[C@@H](OC(=O)[C@@H](N)C(C)C)[C@H](CC(C)C)CN1CC2,100.0,0.779,-2.108462542327436,1,0.5,19.0,6590.0,49.0,solution,False,False
valbenazine,COc1cc2c(cc1OC)[C@H]1C[C@@H](OC(=O)[C@@H](N)C(C)C)[C@H](CC(C)C)CN1CC2,125.0,1.03,-2.084072788302884,1,0.7,17.0,9130.0,49.0,solution,False,False
valbenazine,COc1cc2c(cc1OC)[C@H]1C[C@@H](OC(=O)[C@@H](N)C(C)C)[C@H](CC(C)C)CN1CC2,150.0,1.23,-2.0861861476162837,1,0.6,20.0,12200.0,49.0,solution,False,False
alfuzosin,COc1cc2nc(N(C)CCCNC(=O)C3CCCO3)nc(N)c2cc1OC,1.0,0.0025999999999999,-2.5850266520291822,1,1.5,3.7,17.7,64.5,tablet ER,False,False
alfuzosin,COc1cc2nc(N(C)CCCNC(=O)C3CCCO3)nc(N)c2cc1OC,2.5,0.0094,-2.4248121550723387,1,1.1,3.9,51.7,64.5,tablet ER,False,False
alfuzosin,COc1cc2nc(N(C)CCCNC(=O)C3CCCO3)nc(N)c2cc1OC,5.0,0.0135,-2.5686362358410126,1,1.3,3.8,99.0,64.5,tablet ER,False,False
terazosin,COc1cc2nc(N3CCN(C(=O)C4CCCO4)CC3)nc(N)c2cc1OC,1.0,0.0196,-1.707743928643524,1,1.45,9.0,187.6,90.0,capsule,False,False
terazosin,COc1cc2nc(N3CCN(C(=O)C4CCCO4)CC3)nc(N)c2cc1OC,2.0,0.037499466662874,-1.727004904656741,2,1.355,8.0,373.7000000000001,90.0,capsule,False,False
doxazosin,COc1cc2nc(N3CCN(C(=O)C4COc5ccccc5O4)CC3)nc(N)c2cc1OC,1.0,0.0074399999999999,-2.128427064454121,1,4.0,10.79,120.14,,capsule,False,False
doxazosin,COc1cc2nc(N3CCN(C(=O)C4COc5ccccc5O4)CC3)nc(N)c2cc1OC,2.0,0.0150398470736906,-2.1237865753252434,2,2.55,19.35,241.74,,tablet,False,False
doxazosin,COc1cc2nc(N3CCN(C(=O)C4COc5ccccc5O4)CC3)nc(N)c2cc1OC,4.0,0.0559,-1.8546481834415391,1,2.6,18.8,781.1,,tablet,False,False
prazosin,COc1cc2nc(N3CCN(C(=O)c4ccco4)CC3)nc(N)c2cc1OC,0.5,0.00249,-2.3027706572402824,1,2.2,2.52,12.17,,tablet,False,False
prazosin,COc1cc2nc(N3CCN(C(=O)c4ccco4)CC3)nc(N)c2cc1OC,1.0,0.0078993670632526,-2.102407705158788,2,2.085,2.895,39.885000000000005,,powder,False,False
prazosin,COc1cc2nc(N3CCN(C(=O)c4ccco4)CC3)nc(N)c2cc1OC,2.0,0.0164487081559616,-2.084898200537148,2,1.91,3.61,91.1,,capsule,False,False
prazosin,COc1cc2nc(N3CCN(C(=O)c4ccco4)CC3)nc(N)c2cc1OC,5.0,0.0326,-2.18575240426808,1,2.4,2.55,155.0,,capsule,False,False
cabozantinib,COc1cc2nccc(Oc3ccc(NC(=O)C4(C(=O)Nc5ccc(F)cc5)CC4)cc3)c2cc1OC,20.0,0.117,-2.23284413391782,1,3.0,131.0,10400.0,,tablet,False,False
cabozantinib,COc1cc2nccc(Oc3ccc(NC(=O)C4(C(=O)Nc5ccc(F)cc5)CC4)cc3)c2cc1OC,40.0,0.2389999999999999,-2.2236620903798245,1,3.0,122.0,21100.0,,tablet,False,False
cabozantinib,COc1cc2nccc(Oc3ccc(NC(=O)C4(C(=O)Nc5ccc(F)cc5)CC4)cc3)c2cc1OC,60.0,0.341998538008571,-2.2441270008660097,2,4.0,118.5,32050.0,,tablet,False,False
cabozantinib,COc1cc2nccc(Oc3ccc(NC(=O)C4(C(=O)Nc5ccc(F)cc5)CC4)cc3)c2cc1OC,140.0,0.5570136607350469,-2.4002621893212086,3,4.0,112.0,58800.0,,capsule,False,False
lenvatinib,COc1cc2nccc(Oc3ccc(NC(=O)NC4CC4)c(Cl)c3)c2cc1C(N)=O,5.0,0.0437399999999999,-2.0580912256344006,1,3.13,27.82,576.59,,capsule,False,False
lenvatinib,COc1cc2nccc(Oc3ccc(NC(=O)NC4CC4)c(Cl)c3)c2cc1C(N)=O,10.0,0.0958644876896549,-2.0183422443069445,2,2.01,27.7,1038.0,,capsule,False,False
lenvatinib,COc1cc2nccc(Oc3ccc(NC(=O)NC4CC4)c(Cl)c3)c2cc1C(N)=O,24.0,0.2739999999999999,-1.9424606788912184,1,2.03,22.0,2370.0,,capsule,False,False
tivozanib,COc1cc2nccc(Oc3ccc(NC(=O)Nc4cc(C)on4)c(Cl)c3)c2cc1OC,1.5,0.0209641292391017,-1.8546144306898968,3,10.0,121.0,2223.0,,,False,False
dacomitinib,COc1cc2ncnc(Nc3ccc(F)c(Cl)c3)c2cc1NC(=O)/C=C/CN1CCCCC1,30.0,0.0137498654538871,-3.338822806220308,2,8.0,57.85,843.1,80.0,tablet,False,False
dacomitinib,COc1cc2ncnc(Nc3ccc(F)c(Cl)c3)c2cc1NC(=O)/C=C/CN1CCCCC1,45.0,0.0274420316303294,-3.214796253199096,2,7.0,64.88,1712.275,80.0,tablet,False,False
gefitinib,COc1cc2ncnc(Nc3ccc(F)c(Cl)c3)c2cc1OCCCN1CCOCC1,50.0,0.0118,-3.627087997029893,1,5.0,31.5,468.0,,tablet,False,False
gefitinib,COc1cc2ncnc(Nc3ccc(F)c(Cl)c3)c2cc1OCCCN1CCOCC1,100.0,0.0326999999999999,-3.485452247339714,1,3.0,24.0,875.0,,tablet,False,False
gefitinib,COc1cc2ncnc(Nc3ccc(F)c(Cl)c3)c2cc1OCCCN1CCOCC1,250.0,0.0835374167663808,-3.4760589672551707,2,5.0,35.6,2614.5,57.0,tablet,False,False
gefitinib,COc1cc2ncnc(Nc3ccc(F)c(Cl)c3)c2cc1OCCCN1CCOCC1,500.0,0.202,-3.393618634889395,1,3.0,31.3,5078.0,,tablet,False,False
anethole trithione,COc1ccc(-c2cc(=S)ss2)cc1,75.0,0.00096,-4.892790030352131,1,2.4,4.03,,,tablet,False,False
arzoxifene,COc1ccc(-c2sc3cc(O)ccc3c2Oc2ccc(OCCN3CCCCC3)cc2)cc1,10.0,0.0008,-4.096910013008056,1,5.96,29.9,31.8,,tablet,False,False
arzoxifene,COc1ccc(-c2sc3cc(O)ccc3c2Oc2ccc(OCCN3CCCCC3)cc2)cc1,20.0,0.00096,-4.318758762624412,1,3.97,30.6,30.0,,tablet,False,False
arzoxifene,COc1ccc(-c2sc3cc(O)ccc3c2Oc2ccc(OCCN3CCCCC3)cc2)cc1,50.0,0.00467,-4.029653123769907,1,3.98,35.2,155.0,,tablet,False,False
arzoxifene,COc1ccc(-c2sc3cc(O)ccc3c2Oc2ccc(OCCN3CCCCC3)cc2)cc1,100.0,0.0098599999999999,-4.006123085058789,1,2.14,30.0,274.0,,tablet,False,False
apixaban,COc1ccc(-n2nc(C(N)=O)c3c2C(=O)N(c2ccc(N4CCCCC4=O)cc2)CC3)cc1,0.5,0.0090999999999999,-1.739928612014925,1,1.5,3.6,61.9,,solution,False,True
apixaban,COc1ccc(-n2nc(C(N)=O)c3c2C(=O)N(c2ccc(N4CCCCC4=O)cc2)CC3)cc1,1.0,0.0235,-1.6289321377282635,1,1.8,4.3,174.4,,solution,False,True
apixaban,COc1ccc(-n2nc(C(N)=O)c3c2C(=O)N(c2ccc(N4CCCCC4=O)cc2)CC3)cc1,2.5,0.0497965062628608,-1.700741135068685,3,3.5,6.8,446.5,,solution,False,True
apixaban,COc1ccc(-n2nc(C(N)=O)c3c2C(=O)N(c2ccc(N4CCCCC4=O)cc2)CC3)cc1,5.0,0.0969102161797196,-1.7126004419745515,2,3.64,12.989999999999998,992.9,67.5,tablet,False,True
apixaban,COc1ccc(-n2nc(C(N)=O)c3c2C(=O)N(c2ccc(N4CCCCC4=O)cc2)CC3)cc1,10.0,0.1705367387794138,-1.7681820464051825,5,3.0,11.5,1789.0,49.0,tablet,False,True
apixaban,COc1ccc(-n2nc(C(N)=O)c3c2C(=O)N(c2ccc(N4CCCCC4=O)cc2)CC3)cc1,20.0,0.3153999999999999,-1.8021683066710967,1,3.0,11.98,3424.0,,,False,True
apixaban,COc1ccc(-n2nc(C(N)=O)c3c2C(=O)N(c2ccc(N4CCCCC4=O)cc2)CC3)cc1,25.0,0.3595488004123002,-1.8421821645472072,3,3.0,12.7,3819.0,,tablet,False,True
apixaban,COc1ccc(-n2nc(C(N)=O)c3c2C(=O)N(c2ccc(N4CCCCC4=O)cc2)CC3)cc1,50.0,0.5476669933668877,-1.9604534365505144,3,3.5,16.12,6093.0,,tablet,False,True
daridorexant,COc1ccc(-n2nccn2)c(C(=O)N2CCC[C@@]2(C)c2nc3c(C)c(Cl)ccc3[nH]2)c1,25.0,0.8195877012254393,-1.4843445759389775,2,0.875,11.2,6465.0,62.0,,False,False
daridorexant,COc1ccc(-n2nccn2)c(C(=O)N2CCC[C@@]2(C)c2nc3c(C)c(Cl)ccc3[nH]2)c1,50.0,1.348,-1.5692801121367177,1,1.5,7.94,10287.0,62.0,tablet,False,False
Fipaxalparant,COc1ccc(C(=O)NC2(C(=O)O)Cc3ccccc3C2)cc1OCCc1cccc(C)c1,150.0,11.099999999999998,-1.130768280269024,1,3.5,21.4,85200.0,,,False,False
Fipaxalparant,COc1ccc(C(=O)NC2(C(=O)O)Cc3ccccc3C2)cc1OCCc1cccc(C)c1,300.0,14.499999999999998,-1.3157532524846876,1,4.0,26.3,120400.0,,,False,False
Fipaxalparant,COc1ccc(C(=O)NC2(C(=O)O)Cc3ccccc3C2)cc1OCCc1cccc(C)c1,450.0,15.200000000000005,-1.471368925830571,1,3.0,19.3,126300.0,,,False,False
encainide,COc1ccc(C(=O)Nc2ccccc2CCC2CCCCN2C)cc1,25.0,0.0607999999999999,-2.614036429399303,1,1.1,1.2,124.0,29.0,,False,False
venlafaxine,COc1ccc(C(CN(C)C)C2(O)CCCCC2)cc1,25.0,0.037,-2.8297382846050425,1,2.4,2.7,204.0,45.0,tablet,False,True
venlafaxine,COc1ccc(C(CN(C)C)C2(O)CCCCC2)cc1,50.0,0.0849764673306675,-2.7696713318386728,2,2.0,3.55,574.5,45.0,tablet,False,True
venlafaxine,COc1ccc(C(CN(C)C)C2(O)CCCCC2)cc1,75.0,0.102,-2.8664610916297826,1,2.1,3.5,704.0,45.0,tablet,False,True
venlafaxine,COc1ccc(C(CN(C)C)C2(O)CCCCC2)cc1,150.0,0.1629999999999999,-2.963903654651724,1,2.1,3.8,1232.0,45.0,tablet,False,True
formoterol,COc1ccc(CC(C)NCC(O)c2ccc(O)c(NC=O)c2)cc1,0.17,9.399999999999993e-05,-3.257321067778576,1,1.17,5.08,0.00064,,capsule,False,False
verapamil,COc1ccc(CCN(C)CCCC(C#N)(c2ccc(OC)c(OC)c2)C(C)C)cc1OC,0.1,3.400000000000002e-05,-3.4685210829577446,1,1.7,2.48,0.14,,,False,False
verapamil,COc1ccc(CCN(C)CCCC(C#N)(c2ccc(OC)c(OC)c2)C(C)C)cc1OC,3.0,0.0010299999999999,-3.4642840300144906,1,1.4,3.29,4.95,,,False,False
verapamil,COc1ccc(CCN(C)CCCC(C#N)(c2ccc(OC)c(OC)c2)C(C)C)cc1OC,16.0,0.0103999999999999,-3.1870866433571448,1,1.3,3.04,40.8,,,False,False
verapamil,COc1ccc(CCN(C)CCCC(C#N)(c2ccc(OC)c(OC)c2)C(C)C)cc1OC,80.0,0.0628483890008327,-3.104795837142054,2,0.835,3.21,259.5,23.0,tablet,False,False
verapamil,COc1ccc(CCN(C)CCCC(C#N)(c2ccc(OC)c(OC)c2)C(C)C)cc1OC,120.0,0.105,-3.057991946977687,1,1.0,4.6,494.0,22.0,tablet,False,False
astemizole,COc1ccc(CCN2CCC(Nc3nc4ccccc4n3Cc3ccc(F)cc3)CC2)cc1,10.0,0.00074,-4.130768280269024,1,1.3,50.4,17.4,,tablet,False,False
vernakalant,COc1ccc(CCO[C@@H]2CCCC[C@H]2N2CC[C@@H](O)C2)cc1OC,240.0,0.4811999999999999,-2.697885623043799,1,2.0,1.89,1324.0,40.2,capsule,False,False
eluxadoline,COc1ccc(CN(C(=O)[C@@H](N)Cc2c(C)cc(C(N)=O)cc2C)[C@@H](C)c2nc(-c3ccccc3)c[nH]2)cc1C(=O)O,100.0,0.0033769870329216,-4.47147060698123,3,2.1,4.4,22.1,,,False,False
eluxadoline,COc1ccc(CN(C(=O)[C@@H](N)Cc2c(C)cc(C(N)=O)cc2C)[C@@H](C)c2nc(-c3ccccc3)c[nH]2)cc1C(=O)O,1000.0,0.0314499999999999,-4.502379350218712,1,1.0,18.5,156.62,,,False,False
trimetazidine,COc1ccc(CN2CCNCC2)c(OC)c1OC,20.0,0.0735468286195945,-2.434466045217767,2,1.755,6.57,717.5,,tablet,False,False
trimetazidine,COc1ccc(CN2CCNCC2)c(OC)c1OC,40.0,0.1525,-2.418790147645158,1,2.5,7.1,1359.0,,tablet,False,False
avanafil,COc1ccc(CNc2nc(N3CCC[C@H]3CO)ncc2C(=O)NCc2ncccn2)cc1Cl,50.0,1.206,-1.6176226965318865,1,0.33,5.36,2217.22,,tablet,False,False
avanafil,COc1ccc(CNc2nc(N3CCC[C@H]3CO)ncc2C(=O)NCc2ncccn2)cc1Cl,100.0,2.63,-1.5800442515102422,1,0.5,7.53,7148.67,,tablet,False,False
avanafil,COc1ccc(CNc2nc(N3CCC[C@H]3CO)ncc2C(=O)NCc2ncccn2)cc1Cl,200.0,5.16125,-1.5882750997812227,1,0.52,10.66,11610.16,,tablet,False,False
papaverine,COc1ccc(Cc2nccc3cc(OC)c(OC)cc23)cc1OC,80.0,0.1815,-2.644213357619812,1,1.25,,256.38,23.02,tablet,False,False
glyburide,COc1ccc(Cl)cc1C(=O)NCCc1ccc(S(=O)(=O)NC(=O)NC2CCCCC2)cc1,1.75,0.0911,-1.2835196717132962,1,1.25,2.0,323.9,,tablet,False,False
glyburide,COc1ccc(Cl)cc1C(=O)NCCc1ccc(S(=O)(=O)NC(=O)NC2CCCCC2)cc1,5.0,0.1276009012507356,-1.5931162624991586,2,2.865,2.09,586.24,,tablet,False,False
desglymidodrine,COc1ccc(OC)c(C(O)CN)c1,2.5,0.00565,-2.645891560852599,1,0.8,3.0,23.9,93.0,tablet,True,False
desglymidodrine,COc1ccc(OC)c(C(O)CN)c1,5.0,0.01044,-2.6802695056697754,1,1.04,0.56,21.66,93.0,tablet,True,False
midodrine,COc1ccc(OC)c(C(O)CNC(=O)CN)c1,2.5,0.01165,-2.33161408331,1,0.2,3.3,10.3,,tablet,False,False
midodrine,COc1ccc(OC)c(C(O)CNC(=O)CN)c1,5.0,0.01746,-2.456925764966468,1,1.01,0.66,39.46,,tablet,False,False
diltiazem,COc1ccc([C@@H]2Sc3ccccc3N(CCN(C)C)C(=O)[C@@H]2OC(C)=O)cc1,60.0,0.0582957974471573,-3.0125140028509656,2,3.45,3.585,392.8,42.0,tablet,False,False
diltiazem,COc1ccc([C@@H]2Sc3ccccc3N(CCN(C)C)C(=O)[C@@H]2OC(C)=O)cc1,90.0,0.0935921289677555,-2.9830031830260797,3,3.2,4.6,684.8,,tablet,False,False
diltiazem,COc1ccc([C@@H]2Sc3ccccc3N(CCN(C)C)C(=O)[C@@H]2OC(C)=O)cc1,120.0,0.1741937140082844,-2.8381487671370134,2,3.44,5.994999999999999,1234.29,,tablet,False,False
melatonin,COc1ccc2[nH]cc(CCNC(C)=O)c2c1,2.0,0.00217,-2.964570261815452,1,0.87,1.01,3.96,14.3,tablet,False,False
melatonin,COc1ccc2[nH]cc(CCNC(C)=O)c2c1,4.0,0.0057699999999999,-2.840884178172231,1,1.0,1.08,8.84,15.9,tablet,False,False
indomethacin,COc1ccc2c(c1)c(CC(=O)O)c(C)n2C(=O)c1ccc(Cl)cc1,50.0,2.4093629863513715,-1.3170677700936588,2,1.76,4.615,8464.415,98.0,capsule,False,False
indomethacin,COc1ccc2c(c1)c(CC(=O)O)c(C)n2C(=O)c1ccc(Cl)cc1,100.0,3.21,-1.493494967595128,1,2.15,,15400.0,,,False,False
acemetacin,COc1ccc2c(c1)c(CC(=O)OCC(=O)O)c(C)n2C(=O)c1ccc(Cl)cc1,60.0,0.245,-2.3889851660191117,1,3.2,1.03,589.0,,capsule,False,False
noscapine,COc1ccc2c(c1OC)C(=O)O[C@@H]2[C@H]1c2c(cc3c(c2OC)OCO3)CCN1C,100.0,0.129,-2.889410289700751,1,0.88,4.5,219.0,,tablet,False,False
noscapine,COc1ccc2c(c1OC)C(=O)O[C@@H]2[C@H]1c2c(cc3c(c2OC)OCO3)CCN1C,150.0,0.26379,-2.754832931177921,1,1.0,2.04,461.92,29.9,tablet,False,False
noscapine,COc1ccc2c(c1OC)C(=O)O[C@@H]2[C@H]1c2c(cc3c(c2OC)OCO3)CCN1C,200.0,0.394,-2.705533773838407,1,0.96,4.5,794.0,,tablet,False,False
noscapine,COc1ccc2c(c1OC)C(=O)O[C@@H]2[C@H]1c2c(cc3c(c2OC)OCO3)CCN1C,300.0,0.864,-2.540607512240769,1,1.09,4.5,1971.0,,tablet,False,False
oxycodone,COc1ccc2c3c1O[C@H]1C(=O)CC[C@@]4(O)[C@@H](C2)N(C)CC[C@]314,5.0,0.01,-2.6989700043360187,1,1.25,3.24,47.4,73.5,tablet,False,False
oxycodone,COc1ccc2c3c1O[C@H]1C(=O)CC[C@@]4(O)[C@@H](C2)N(C)CC[C@]314,10.0,0.0198999999999999,-2.7011469235902936,1,1.25,3.38,95.5,73.5,tablet,False,False
oxycodone,COc1ccc2c3c1O[C@H]1C(=O)CC[C@@]4(O)[C@@H](C2)N(C)CC[C@]314,15.0,0.0328999999999999,-2.658895361105707,1,1.25,3.57,155.4,73.5,tablet,False,False
hydrocodone,COc1ccc2c3c1O[C@H]1C(=O)CC[C@H]4[C@@H](C2)N(C)CC[C@]314,20.0,0.02274,-2.944239535312265,1,8.0,6.48,345.01,,capsule ER,False,False
hydrocodone,COc1ccc2c3c1O[C@H]1C(=O)CC[C@H]4[C@@H](C2)N(C)CC[C@]314,50.0,0.0462999999999999,-3.033389013318066,1,6.16,7.16,846.0,,capsule ER,False,False
hydrocodone,COc1ccc2c3c1O[C@H]1C(=O)CC[C@H]4[C@@H](C2)N(C)CC[C@]314,90.0,0.0606,-3.1717698852730387,1,8.0,10.0,1135.0,,tablet ER,False,False
galantamine,COc1ccc2c3c1O[C@H]1C[C@@H](O)C=C[C@@]31CCN(C)C2,4.0,0.022289010745208,-2.2539691977437006,2,1.4,7.8,203.0,90.0,tablet,False,False
galantamine,COc1ccc2c3c1O[C@H]1C[C@@H](O)C=C[C@@]31CCN(C)C2,8.0,0.0456201709773209,-2.243933078379944,2,1.15,8.3,418.5,90.0,tablet,False,False
galantamine,COc1ccc2c3c1O[C@H]1C[C@@H](O)C=C[C@@]31CCN(C)C2,10.0,0.04697,-2.328179439816751,1,1.23,8.98,504.11,90.0,tablet,False,False
codeine,COc1ccc2c3c1O[C@H]1[C@@H](O)C=C[C@H]4[C@@H](C2)N(C)CC[C@@]341,30.0,0.0618,-2.6861327796308467,1,,1.34,172.14,,tablet,False,False
codeine,COc1ccc2c3c1O[C@H]1[C@@H](O)C=C[C@H]4[C@@H](C2)N(C)CC[C@@]341,50.0,0.1079170625990162,-2.665879888598782,2,1.03,2.64,399.655,,tablet,False,False
codeine,COc1ccc2c3c1O[C@H]1[C@@H](O)C=C[C@H]4[C@@H](C2)N(C)CC[C@@]341,60.0,0.1807668112896724,-2.5210325532091664,3,0.75,4.41,649.0,80.5,capsule,False,False
codeine,COc1ccc2c3c1O[C@H]1[C@@H](O)C=C[C@H]4[C@@H](C2)N(C)CC[C@@]341,120.0,0.4743,-2.403128121395753,1,1.2,2.4,1800.0,,capsule,False,False
dihydrocodeine,COc1ccc2c3c1O[C@H]1[C@@H](O)CC[C@H]4[C@@H](C2)N(C)CC[C@@]341,20.0,0.0592034602029306,-2.5286829054423543,2,0.865,3.165,300.085,,tablet,False,False
dihydrocodeine,COc1ccc2c3c1O[C@H]1[C@@H](O)CC[C@H]4[C@@H](C2)N(C)CC[C@@]341,30.0,0.0718,-2.620996810477362,1,1.6,,331.0,20.6,tablet,False,False
dihydrocodeine,COc1ccc2c3c1O[C@H]1[C@@H](O)CC[C@H]4[C@@H](C2)N(C)CC[C@@]341,60.0,0.146,-2.6137983945992067,1,1.82,,574.0,19.7,tablet,False,False
6-methoxy-2-naphthylacetic acid,COc1ccc2cc(CC(=O)O)ccc2c1,500.0,12.75,-1.593459819566045,1,7.5,27.82,633250.0,,tablet,True,False
6-methoxy-2-naphthylacetic acid,COc1ccc2cc(CC(=O)O)ccc2c1,1000.0,22.39441894758602,-1.649860201409997,2,10.7,23.75,979000.0,,tablet,True,False
nabumetone,COc1ccc2cc(CCC(C)=O)ccc2c1,500.0,0.56,-2.9507819773298185,1,8.63,26.05,18070.0,,tablet,False,False
naproxen,COc1ccc2cc([C@H](C)C(=O)O)ccc2c1,250.0,44.3,-0.7515362824489681,1,2.0,17.5,779210.0,95.0,tablet,False,False
naproxen,COc1ccc2cc([C@H](C)C(=O)O)ccc2c1,500.0,87.3,-0.7579557606304491,1,2.6,17.7,1427800.0,95.0,tablet,False,False
agomelatine,COc1ccc2cccc(CCNC(C)=O)c2c1,25.0,0.0098093200936572,-3.406301102189732,3,1.1,1.1,11.71,5.0,tablet,False,False
omeprazole,COc1ccc2nc([S+]([O-])Cc3ncc(C)c(OC)c3C)[nH]c2c1,20.0,0.4899999999999999,-1.6108339156354676,1,1.9,0.85,1000.0,,capsule,False,False
omeprazole,COc1ccc2nc([S+]([O-])Cc3ncc(C)c(OC)c3C)[nH]c2c1,40.0,0.9099287812790624,-1.6430525892353276,2,2.2,1.125,2228.55,53.0,capsule,False,False
elagolix,COc1cccc(-c2c(C)n(Cc3c(F)cccc3C(F)(F)F)c(=O)n(C[C@H](NCCCC(=O)O)c3ccccc3)c2=O)c1F,25.0,0.0555,-2.653647025549361,1,0.5,2.4,146.0,,,False,False
elagolix,COc1cccc(-c2c(C)n(Cc3c(F)cccc3C(F)(F)F)c(=O)n(C[C@H](NCCCC(=O)O)c3ccccc3)c2=O)c1F,50.0,0.0862999999999999,-2.762959208620809,1,0.5,2.6,249.0,,,False,False
elagolix,COc1cccc(-c2c(C)n(Cc3c(F)cccc3C(F)(F)F)c(=O)n(C[C@H](NCCCC(=O)O)c3ccccc3)c2=O)c1F,100.0,0.397,-2.401209493236885,1,0.5,6.1,1069.0,,,False,False
elagolix,COc1cccc(-c2c(C)n(Cc3c(F)cccc3C(F)(F)F)c(=O)n(C[C@H](NCCCC(=O)O)c3ccccc3)c2=O)c1F,200.0,0.707,-2.4516105818670817,1,0.5,5.4,1798.0,,,False,False
elagolix,COc1cccc(-c2c(C)n(Cc3c(F)cccc3C(F)(F)F)c(=O)n(C[C@H](NCCCC(=O)O)c3ccccc3)c2=O)c1F,400.0,1.504,-2.424812155072339,1,1.0,6.3,3778.0,,,False,False
tramadol,COc1cccc(C2(O)CCCCC2CN(C)C)c1,100.0,0.29,-2.537602002101044,1,1.9,5.1,2488.0,68.0,capsule,False,False
tramadol,COc1cccc(C2(O)CCCCC2CN(C)C)c1,200.0,0.575,-2.5413621509743507,1,,5.9,4924.0,,,False,False
tramadol,COc1cccc(C2(O)CCCCC2CN(C)C)c1,300.0,0.93,-2.508638306165728,1,,5.7,8599.0,,,False,False
tramadol,COc1cccc(C2(O)CCCCC2CN(C)C)c1,400.0,1.22,-2.515700160653214,1,,5.3,10473.0,,,False,False
letermovir,COc1cccc(N2CCN(C3=Nc4c(F)cccc4[C@H](CC(=O)O)N3c3cc(C(F)(F)F)ccc3OC)CC2)c1,240.0,11.000000000000002,-1.338818556553381,1,2.25,9.96,62400.0,102.0,,False,False
letermovir,COc1cccc(N2CCN(C3=Nc4c(F)cccc4[C@H](CC(=O)O)N3c3cc(C(F)(F)F)ccc3OC)CC2)c1,480.0,18.700000000000003,-1.409399630839088,1,3.0,9.66,164000.0,102.0,,False,False
letermovir,COc1cccc(N2CCN(C3=Nc4c(F)cccc4[C@H](CC(=O)O)N3c3cc(C(F)(F)F)ccc3OC)CC2)c1,720.0,29.4,-1.3889851660191113,1,4.0,13.3,292000.0,,,False,False
methocarbamol,COc1ccccc1OCC(O)COC(N)=O,1500.0,23.003388880771464,-1.814299437655388,2,1.1,1.23,58870.0,,tablet,False,False
carvedilol,COc1ccccc1OCCNCC(O)COc1cccc2[nH]c3ccccc3c12,6.25,0.02126,-2.468316757156797,1,0.78,6.3,68.54,,tablet,False,False
carvedilol,COc1ccccc1OCCNCC(O)COc1cccc2[nH]c3ccccc3c12,12.5,0.0339411254969542,-2.56618377346446,2,0.75,6.07,136.5,,tablet,False,False
carvedilol,COc1ccccc1OCCNCC(O)COc1cccc2[nH]c3ccccc3c12,25.0,0.0407127744080405,-2.788209309902395,2,1.5699999999999998,5.81,230.2,22.0,tablet,False,False
carvedilol,COc1ccccc1OCCNCC(O)COc1cccc2[nH]c3ccccc3c12,50.0,0.0919130023446084,-2.73559305174115,2,0.93,5.35,337.5,22.0,suspension,False,False
bosentan,COc1ccccc1Oc1c(NS(=O)(=O)c2ccc(C(C)(C)C)cc2)nc(-c2ncccn2)nc1OCCO,3.0,0.0386799999999999,-1.8896347893086984,1,2.8,3.7,267.8,50.0,suspension,False,False
bosentan,COc1ccccc1Oc1c(NS(=O)(=O)c2ccc(C(C)(C)C)cc2)nc(-c2ncccn2)nc1OCCO,10.0,0.1391,-1.8566728700079536,1,2.7,4.0,1009.0,50.0,suspension,False,False
bosentan,COc1ccccc1Oc1c(NS(=O)(=O)c2ccc(C(C)(C)C)cc2)nc(-c2ncccn2)nc1OCCO,30.0,0.4776999999999999,-1.797966013436309,1,2.5,4.5,2840.0,50.0,suspension,False,False
bosentan,COc1ccccc1Oc1c(NS(=O)(=O)c2ccc(C(C)(C)C)cc2)nc(-c2ncccn2)nc1OCCO,100.0,1.786,-1.7481185454474724,1,2.2,5.0,8180.0,50.0,suspension,False,False
bosentan,COc1ccccc1Oc1c(NS(=O)(=O)c2ccc(C(C)(C)C)cc2)nc(-c2ncccn2)nc1OCCO,300.0,5.000000000000001,-1.7781512503836436,1,2.3,4.8,18450.0,50.0,suspension,False,False
bosentan,COc1ccccc1Oc1c(NS(=O)(=O)c2ccc(C(C)(C)C)cc2)nc(-c2ncccn2)nc1OCCO,600.0,9.987,-1.7787162005073138,1,2.3,5.3,41480.0,50.0,suspension,False,False
bosentan,COc1ccccc1Oc1c(NS(=O)(=O)c2ccc(C(C)(C)C)cc2)nc(-c2ncccn2)nc1OCCO,1200.0,14.83,-1.9080400950192429,1,2.8,7.5,61420.0,50.0,suspension,False,False
bosentan,COc1ccccc1Oc1c(NS(=O)(=O)c2ccc(C(C)(C)C)cc2)nc(-c2ncccn2)nc1OCCO,2400.0,17.220000000000002,-2.14417809459397,1,2.0,7.1,79810.0,50.0,suspension,False,False
pantoprazole,COc1ccnc(C[S+]([O-])c2nc3ccc(OC(F)F)cc3[nH]2)c1OC,40.0,2.644252238167657,-1.1797571107037197,3,3.0,1.57,6951.4,77.0,enteric-coated tablet,False,False
moxonidine,COc1nc(C)nc(Cl)c1NC1=NCCN1,0.2,0.0013390421609688,-2.174235744277155,3,0.74,1.98,4.18,88.0,tablet,False,False
moxonidine,COc1nc(C)nc(Cl)c1NC1=NCCN1,1.0,0.0062099999999999,-2.20690839982342,1,0.5,2.79,32.59,,solution,False,False
bedaquiline,COc1nc2ccc(Br)cc2cc1[C@@H](c1ccccc1)[C@@](O)(CCN(C)C)c1cccc2ccccc12,100.0,1.16,-1.9355420107730816,1,4.58,30.9,20000.0,,tablet,False,False
bedaquiline,COc1nc2ccc(Br)cc2cc1[C@@H](c1ccccc1)[C@@](O)(CCN(C)C)c1cccc2ccccc12,400.0,3.825833242576053,-2.019333954911998,2,4.52,56.13,54530.0,,tablet,False,False
Golidocitinib,COc1nn(C)cc1Nc1nccc(-c2c[nH]c3c(NC(=O)[C@@H](C)N4CCN(C)CC4)cccc23)n1,5.0,0.00514,-2.988006885340743,1,8.0,,,,,False,False
Golidocitinib,COc1nn(C)cc1Nc1nccc(-c2c[nH]c3c(NC(=O)[C@@H](C)N4CCN(C)CC4)cccc23)n1,20.0,0.0186,-3.0315170514460648,1,8.0,51.3,923.0,,,False,False
Golidocitinib,COc1nn(C)cc1Nc1nccc(-c2c[nH]c3c(NC(=O)[C@@H](C)N4CCN(C)CC4)cccc23)n1,50.0,0.0485,-3.0132282657337552,1,6.0,42.8,2340.0,,,False,False
Golidocitinib,COc1nn(C)cc1Nc1nccc(-c2c[nH]c3c(NC(=O)[C@@H](C)N4CCN(C)CC4)cccc23)n1,100.0,0.133,-2.876148359032914,1,2.5,50.4,5260.0,,,False,False
Golidocitinib,COc1nn(C)cc1Nc1nccc(-c2c[nH]c3c(NC(=O)[C@@H](C)N4CCN(C)CC4)cccc23)n1,150.0,0.232,-2.810603274164781,1,3.0,46.6,7260.0,,,False,False
lapatinib,CS(=O)(=O)CCNCc1ccc(-c2ccc3ncnc(Nc4ccc(OCc5cccc(F)c5)c(Cl)c4)c3c2)o1,100.0,0.115,-2.939302159646388,1,4.0,9.6,1429.0,,tablet,False,False
lapatinib,CS(=O)(=O)CCNCc1ccc(-c2ccc3ncnc(Nc4ccc(OCc5cccc(F)c5)c(Cl)c4)c3c2)o1,250.0,0.261,-2.9812995013337567,1,4.0,10.2,3526.0,,tablet,False,False
Iguratimod,CS(=O)(=O)Nc1cc2occ(NC=O)c(=O)c2cc1Oc1ccccc1,25.0,1.24,-1.3045183235098026,1,3.38,8.55,24680.0,,,False,False
Iguratimod,CS(=O)(=O)Nc1cc2occ(NC=O)c(=O)c2cc1Oc1ccccc1,50.0,2.13,-1.3705904008972811,1,4.88,6.31,39980.0,,,False,False
Iguratimod,CS(=O)(=O)Nc1cc2occ(NC=O)c(=O)c2cc1Oc1ccccc1,75.0,3.59,-1.319966814813381,1,4.33,7.3,62040.0,,,False,False
nimesulide,CS(=O)(=O)Nc1ccc([N+](=O)[O-])cc1Oc1ccccc1,100.0,3.2310060352775576,-1.4906622307519963,2,2.9,3.17,23570.0,,tablet,False,False
busulfan,CS(=O)(=O)OCCCCOS(C)(=O)=O,2.0,0.0321999999999999,-1.7931741239681505,1,1.0,2.8,136.4,,tablet,False,False
busulfan,CS(=O)(=O)OCCCCOS(C)(=O)=O,79.0,1.55458,-1.7060140151752576,1,1.5,3.04,7955.13,,tablet,False,False
laropiprant,CS(=O)(=O)c1cc(F)cc2c3c(n(Cc4ccc(Cl)cc4)c12)[C@@H](CC(=O)O)CC3,40.0,0.9561373577265222,-1.6215397042636042,3,1.0,16.7,5431.36,,tablet,False,False
vismodegib,CS(=O)(=O)c1ccc(C(=O)Nc2ccc(Cl)c(-c3ccccn3)c2)c(Cl)c1,150.0,2.47727,-1.7821179157238738,1,24.0,265.44,1134081.44,31.8,capsule,False,False
rofecoxib,CS(=O)(=O)c1ccc(C2=C(c3ccccc3)C(=O)OC2)cc1,12.5,0.1321294819485794,-1.9759102807907944,2,2.0,10.8,1927.05,93.0,tablet,False,False
rofecoxib,CS(=O)(=O)c1ccc(C2=C(c3ccccc3)C(=O)OC2)cc1,25.0,0.2016307268250551,-2.0933832930328644,2,3.335,10.255,3650.28,93.0,tablet,False,False
rofecoxib,CS(=O)(=O)c1ccc(C2=C(c3ccccc3)C(=O)OC2)cc1,50.0,0.461,-2.0352690789463708,1,3.0,11.3,8008.0,93.0,tablet,False,False
Omarigliptin,CS(=O)(=O)n1cc2c(n1)CN([C@H]1CO[C@H](c3cc(F)ccc3F)[C@@H](N)C1)C2,0.5,0.00259,-2.285670240254767,1,0.75,,,,,False,False
Omarigliptin,CS(=O)(=O)n1cc2c(n1)CN([C@H]1CO[C@H](c3cc(F)ccc3F)[C@@H](N)C1)C2,1.5,0.0082499999999999,-2.2596373105057563,1,1.0,,677.34,,,False,False
Omarigliptin,CS(=O)(=O)n1cc2c(n1)CN([C@H]1CO[C@H](c3cc(F)ccc3F)[C@@H](N)C1)C2,5.0,0.03514,-2.1531682471767426,1,2.0,,2111.71,,,False,False
Omarigliptin,CS(=O)(=O)n1cc2c(n1)CN([C@H]1CO[C@H](c3cc(F)ccc3F)[C@@H](N)C1)C2,12.5,0.0872599999999999,-2.156094804357255,1,4.0,68.9,4781.22,,,False,False
Omarigliptin,CS(=O)(=O)n1cc2c(n1)CN([C@H]1CO[C@H](c3cc(F)ccc3F)[C@@H](N)C1)C2,25.0,0.19284,-2.112742885861068,1,0.75,49.5,8964.79,,,False,False
Omarigliptin,CS(=O)(=O)n1cc2c(n1)CN([C@H]1CO[C@H](c3cc(F)ccc3F)[C@@H](N)C1)C2,50.0,0.36019,-2.142438353057128,1,1.5,47.7,16574.9,,,False,False
Omarigliptin,CS(=O)(=O)n1cc2c(n1)CN([C@H]1CO[C@H](c3cc(F)ccc3F)[C@@H](N)C1)C2,100.0,0.88054,-2.0552509106964783,1,0.75,42.6,34624.0,,,False,False
Omarigliptin,CS(=O)(=O)n1cc2c(n1)CN([C@H]1CO[C@H](c3cc(F)ccc3F)[C@@H](N)C1)C2,200.0,1.53397,-2.1152131295072505,1,1.5,45.2,64546.47,,,False,False
Omarigliptin,CS(=O)(=O)n1cc2c(n1)CN([C@H]1CO[C@H](c3cc(F)ccc3F)[C@@H](N)C1)C2,400.0,3.70146,-2.0336869308079426,1,1.0,42.5,133475.73,,,False,False
sulindac sulfide,CSc1ccc(/C=C2/C(C)=C(CC(=O)O)c3cc(F)ccc32)cc1,150.0,2.6,-1.7611179110848634,1,4.0,,13820.0,,tablet,True,False
sulindac sulfide,CSc1ccc(/C=C2/C(C)=C(CC(=O)O)c3cc(F)ccc32)cc1,200.0,3.58,-1.747146969020107,1,1.9,13.55,41540.0,,tablet,True,False
fexinidazole,CSc1ccc(OCc2ncc([N+](=O)[O-])n2C)cc1,100.0,0.1299999999999999,-2.8860566476931635,1,3.0,9.0,1287.0,,suspension,False,False
fexinidazole,CSc1ccc(OCc2ncc([N+](=O)[O-])n2C)cc1,200.0,0.1389999999999999,-3.1580151954098863,1,3.0,12.0,1384.0,,suspension,False,False
fexinidazole,CSc1ccc(OCc2ncc([N+](=O)[O-])n2C)cc1,400.0,0.171,-3.3690638809358084,1,3.5,15.0,2075.0,,suspension,False,False
fexinidazole,CSc1ccc(OCc2ncc([N+](=O)[O-])n2C)cc1,800.0,0.532,-3.1771783546968955,1,4.0,13.0,7387.0,,suspension,False,False
fexinidazole,CSc1ccc(OCc2ncc([N+](=O)[O-])n2C)cc1,1200.0,0.479,-3.398845732633061,1,4.0,9.0,5492.0,,suspension,False,False
fexinidazole,CSc1ccc(OCc2ncc([N+](=O)[O-])n2C)cc1,1800.0,0.483,-3.571325374351794,1,4.0,10.0,6094.0,,suspension,False,False
fexinidazole,CSc1ccc(OCc2ncc([N+](=O)[O-])n2C)cc1,2400.0,0.671,-3.553488721542614,1,4.0,11.0,11634.0,,suspension,False,False
fexinidazole,CSc1ccc(OCc2ncc([N+](=O)[O-])n2C)cc1,3000.0,0.749,-3.602639437020196,1,4.0,13.0,12627.0,,suspension,False,False
fexinidazole,CSc1ccc(OCc2ncc([N+](=O)[O-])n2C)cc1,3600.0,0.715,-3.701996458966207,1,3.5,13.0,15174.0,,suspension,False,False
thioridazine,CSc1ccc2c(c1)N(CCC1CCCCN1C)c1ccccc1S2,25.0,0.1108299999999999,-2.353282675437172,1,1.77,6.82,554.86,,tablet,False,False
thioridazine,CSc1ccc2c(c1)N(CCC1CCCCN1C)c1ccccc1S2,50.0,0.1971299999999999,-2.404217282425841,1,1.36,8.24,1084.3,,tablet,False,False
thioridazine,CSc1ccc2c(c1)N(CCC1CCCCN1C)c1ccccc1S2,100.0,0.3718,-2.4296906145641204,1,1.48,9.25,2639.3,,tablet,False,False
(r)-fenoprofen,C[C@@H](C(=O)O)c1cccc(Oc2ccccc2)c1,600.0,10.8,-1.744727494896694,1,1.1,0.7,18000.0,,capsule,True,False
ergometrine,C[C@@H](CO)NC(=O)[C@@H]1C=C2c3cccc4[nH]cc(c34)C[C@H]2N(C)C1,0.2,0.0010399999999999,-2.283996656365201,1,0.57,1.89,2.99,75.6,tablet,False,False
lisdexamfetamine,C[C@@H](Cc1ccccc1)NC(=O)[C@@H](N)CCCCN,30.0,0.0157,-3.2812216023104286,1,1.1,0.5,23.7,100.0,capsule,False,False
lisdexamfetamine,C[C@@H](Cc1ccccc1)NC(=O)[C@@H](N)CCCCN,50.0,0.0256,-3.290730039024169,1,1.0,0.6,62.1,100.0,capsule,False,False
lisdexamfetamine,C[C@@H](Cc1ccccc1)NC(=O)[C@@H](N)CCCCN,70.0,0.0479999999999999,-3.1638568026386698,1,1.15,0.41,66.84,100.0,capsule,False,False
lisdexamfetamine,C[C@@H](Cc1ccccc1)NC(=O)[C@@H](N)CCCCN,100.0,0.0638,-3.1951793212788377,1,1.0,0.7,94.0,100.0,capsule,False,False
lisdexamfetamine,C[C@@H](Cc1ccccc1)NC(=O)[C@@H](N)CCCCN,150.0,0.0995,-3.178268178309956,1,1.0,0.7,151.7,100.0,capsule,False,False
lisdexamfetamine,C[C@@H](Cc1ccccc1)NC(=O)[C@@H](N)CCCCN,200.0,0.1277,-3.194839098400566,1,1.0,0.9,214.9,100.0,capsule,False,False
lisdexamfetamine,C[C@@H](Cc1ccccc1)NC(=O)[C@@H](N)CCCCN,250.0,0.1855999999999999,-3.1293620367891943,1,1.5,0.9,345.8,100.0,capsule,False,False
(+)-prenylamine,C[C@@H](Cc1ccccc1)NCCC(c1ccccc1)c1ccccc1,200.0,0.0091999999999999,-4.337242168318427,1,2.6,24.0,166.0,,tablet,True,False
cinacalcet,C[C@@H](NCCCc1cccc(C(F)(F)F)c1)c1cccc2ccccc12,25.0,0.0068220817937049,-3.5640230865731386,2,3.075,24.845,55.785,22.5,tablet,False,False
cinacalcet,C[C@@H](NCCCc1cccc(C(F)(F)F)c1)c1cccc2ccccc12,50.0,0.0134397867029641,-3.570577628063209,3,5.0,37.1,181.0,22.5,tablet,False,False
cinacalcet,C[C@@H](NCCCc1cccc(C(F)(F)F)c1)c1cccc2ccccc12,75.0,0.0172,-3.639532816484151,1,6.0,35.3,184.3,22.5,tablet,False,False
cinacalcet,C[C@@H](NCCCc1cccc(C(F)(F)F)c1)c1cccc2ccccc12,100.0,0.0367291437417209,-3.43498919614641,2,5.5,46.900000000000006,423.2,22.5,tablet,False,False
ritodrine,C[C@@H](NCCc1ccc(O)cc1)[C@@H](O)c1ccc(O)cc1,10.0,0.0040999999999999,-3.3872161432802645,1,0.58,4.7,13.94,,tablet,False,False
ritodrine,C[C@@H](NCCc1ccc(O)cc1)[C@@H](O)c1ccc(O)cc1,20.0,0.00806,-3.3946949538588904,1,0.54,4.3,24.03,,tablet,False,False
ritodrine,C[C@@H](NCCc1ccc(O)cc1)[C@@H](O)c1ccc(O)cc1,30.0,0.0149199999999999,-3.3033524315830127,1,0.64,5.2,43.99,,tablet,False,False
Evocalcet,C[C@@H](N[C@H]1CCN(c2ccc(CC(=O)O)cc2)C1)c1cccc2ccccc12,1.0,0.059,-1.2291479883578558,1,1.5,19.77,601.6,,capsule,False,False
Evocalcet,C[C@@H](N[C@H]1CCN(c2ccc(CC(=O)O)cc2)C1)c1cccc2ccccc12,3.0,0.2169999999999999,-1.140661520871133,1,1.5,17.32,2239.7,,capsule,False,False
Evocalcet,C[C@@H](N[C@H]1CCN(c2ccc(CC(=O)O)cc2)C1)c1cccc2ccccc12,6.0,0.376,-1.2029634054559826,1,1.5,14.76,4038.5,,capsule,False,False
Evocalcet,C[C@@H](N[C@H]1CCN(c2ccc(CC(=O)O)cc2)C1)c1cccc2ccccc12,12.0,0.867,-1.1411621485714143,1,2.0,12.98,8855.8,,capsule,False,False
Evocalcet,C[C@@H](N[C@H]1CCN(c2ccc(CC(=O)O)cc2)C1)c1cccc2ccccc12,20.0,1.4,-1.1549019599857433,1,2.0,18.89,15307.4,,capsule,False,False
rolapitant,C[C@@H](OC[C@@]1(c2ccccc2)CC[C@]2(CCC(=O)N2)CN1)c1cc(C(F)(F)F)cc(C(F)(F)F)c1,180.0,0.9474386999325534,-2.278721384766368,3,3.98,155.0,121000.0,,tablet,False,False
rolapitant,C[C@@H](OC[C@@]1(c2ccccc2)CC[C@]2(CCC(=O)N2)CN1)c1cc(C(F)(F)F)cc(C(F)(F)F)c1,360.0,1.66,-2.3361944127272323,1,5.0,114.0,196000.0,,capsule,False,False
rolapitant,C[C@@H](OC[C@@]1(c2ccccc2)CC[C@]2(CCC(=O)N2)CN1)c1cc(C(F)(F)F)cc(C(F)(F)F)c1,540.0,2.43,-2.3467874862246565,1,6.0,154.0,329000.0,,capsule,False,False
rolapitant,C[C@@H](OC[C@@]1(c2ccccc2)CC[C@]2(CCC(=O)N2)CN1)c1cc(C(F)(F)F)cc(C(F)(F)F)c1,720.0,2.8260573242593647,-2.406151529521338,2,4.0,175.0,446500.0,,capsule,False,False
aprepitant,C[C@@H](O[C@H]1OCCN(Cc2n[nH]c(=O)[nH]2)[C@H]1c1ccc(F)cc1)c1cc(C(F)(F)F)cc(C(F)(F)F)c1,80.0,0.6578999999999999,-2.0849301005947583,1,4.0,11.6,12135.5,67.0,capsule,False,False
aprepitant,C[C@@H](O[C@H]1OCCN(Cc2n[nH]c(=O)[nH]2)[C@H]1c1ccc(F)cc1)c1cc(C(F)(F)F)cc(C(F)(F)F)c1,125.0,1.287390516671369,-1.9871997073548169,3,4.0,12.59,34035.0,59.0,capsule,False,False
aprepitant,C[C@@H](O[C@H]1OCCN(Cc2n[nH]c(=O)[nH]2)[C@H]1c1ccc(F)cc1)c1cc(C(F)(F)F)cc(C(F)(F)F)c1,240.0,3.3480331539577084,-1.8554214917602776,2,4.25,10.95,85490.0,,capsule,False,False
crizotinib,C[C@@H](Oc1cc(-c2cnn(C3CCNCC3)c2)cnc1N)c1c(Cl)ccc(F)c1Cl,150.0,0.0654999999999999,-3.359849959063898,1,5.0,37.1,1260.0,,tablet,False,False
crizotinib,C[C@@H](Oc1cc(-c2cnn(C3CCNCC3)c2)cnc1N)c1c(Cl)ccc(F)c1Cl,250.0,0.1086138500696103,-3.3620548001293136,3,5.0,33.1,2321.0,43.0,tablet,False,False
Savolitinib,C[C@@H](c1ccc2nccn2c1)n1nnc2ncc(-c3cnn(C)c3)nc21,600.0,2.36,-2.405239247413537,1,3.5,6.1,14500.0,68.8,tablet,False,False
isavuconazole,C[C@@H](c1nc(-c2ccc(C#N)cc2)cs1)[C@](O)(Cn1cncn1)c1cc(F)ccc1F,100.0,0.84,-2.0757207139381184,1,2.4,148.0,45000.0,115.0,,True,False
isavuconazole,C[C@@H](c1nc(-c2ccc(C#N)cc2)cs1)[C@](O)(Cn1cncn1)c1cc(F)ccc1F,200.0,2.185,-1.9615785543575408,1,2.0,121.0,100050.0,,capsule,True,False
isavuconazole,C[C@@H](c1nc(-c2ccc(C#N)cc2)cs1)[C@](O)(Cn1cncn1)c1cc(F)ccc1F,400.0,3.8,-2.0222763947111524,2,3.25,111.55,186650.0,98.0,capsule,True,False
voriconazole,C[C@@H](c1ncncc1F)[C@](O)(Cn1cncn1)c1ccc(F)cc1F,50.0,0.135,-2.5686362358410126,1,0.75,3.67,416.0,39.0,tablet,False,False
voriconazole,C[C@@H](c1ncncc1F)[C@](O)(Cn1cncn1)c1ccc(F)cc1F,200.0,1.0883023428635985,-2.264280431555054,3,1.7,6.34,7020.0,,tablet,False,False
voriconazole,C[C@@H](c1ncncc1F)[C@](O)(Cn1cncn1)c1ccc(F)cc1F,400.0,2.9590448458919987,-2.13090844415454,2,1.45,6.88,15126.73,75.2,tablet,False,False
Milvexian,C[C@@H]1CCC[C@H](n2cnc(-c3cc(Cl)ccc3-n3cc(Cl)nn3)cc2=O)c2cc(ccn2)-c2c(cnn2C(F)F)NC1=O,4.0,0.0133,-2.4782083503608767,1,3.0,10.3,210.0,,,False,False
Milvexian,C[C@@H]1CCC[C@H](n2cnc(-c3cc(Cl)ccc3-n3cc(Cl)nn3)cc2=O)c2cc(ccn2)-c2c(cnn2C(F)F)NC1=O,20.0,0.126,-2.2006594505464183,1,3.0,8.3,1284.0,,,False,False
Milvexian,C[C@@H]1CCC[C@H](n2cnc(-c3cc(Cl)ccc3-n3cc(Cl)nn3)cc2=O)c2cc(ccn2)-c2c(cnn2C(F)F)NC1=O,60.0,0.337,-2.250521349512305,1,3.0,9.9,4104.0,,,False,False
Milvexian,C[C@@H]1CCC[C@H](n2cnc(-c3cc(Cl)ccc3-n3cc(Cl)nn3)cc2=O)c2cc(ccn2)-c2c(cnn2C(F)F)NC1=O,200.0,1.068,-2.272458742971444,1,3.0,10.5,13759.0,,,False,False
Milvexian,C[C@@H]1CCC[C@H](n2cnc(-c3cc(Cl)ccc3-n3cc(Cl)nn3)cc2=O)c2cc(ccn2)-c2c(cnn2C(F)F)NC1=O,300.0,1.017,-2.469800301796918,1,3.0,13.8,15041.0,,,False,False
Milvexian,C[C@@H]1CCC[C@H](n2cnc(-c3cc(Cl)ccc3-n3cc(Cl)nn3)cc2=O)c2cc(ccn2)-c2c(cnn2C(F)F)NC1=O,500.0,1.853,-2.4310945850171213,1,3.0,12.2,21326.0,,,False,False
tofacitinib,C[C@@H]1CCN(C(=O)CC#N)C[C@@H]1N(C)c1ncnc2[nH]ccc12,0.1,0.0012699999999999,-1.8961962790440432,1,0.5,,0.16,74.0,powder,False,False
tofacitinib,C[C@@H]1CCN(C(=O)CC#N)C[C@@H]1N(C)c1ncnc2[nH]ccc12,0.3,0.00265,-2.0538753807828547,1,0.5,,3.91,74.0,powder,False,False
tofacitinib,C[C@@H]1CCN(C(=O)CC#N)C[C@@H]1N(C)c1ncnc2[nH]ccc12,1.0,0.0082703914304876,-2.082473935178057,3,0.75,2.05,22.0,74.0,powder,False,False
tofacitinib,C[C@@H]1CCN(C(=O)CC#N)C[C@@H]1N(C)c1ncnc2[nH]ccc12,3.0,0.0218,-2.138664761115057,1,0.5,2.31,75.5,74.0,powder,False,False
tofacitinib,C[C@@H]1CCN(C(=O)CC#N)C[C@@H]1N(C)c1ncnc2[nH]ccc12,5.0,0.0379653789655786,-2.119582265028229,2,0.5,2.67,115.0,74.0,,False,False
tofacitinib,C[C@@H]1CCN(C(=O)CC#N)C[C@@H]1N(C)c1ncnc2[nH]ccc12,10.0,0.0930075265771539,-2.031481905008848,2,0.5,2.965,281.9,74.0,powder,False,False
tofacitinib,C[C@@H]1CCN(C(=O)CC#N)C[C@@H]1N(C)c1ncnc2[nH]ccc12,30.0,0.271595491577026,-2.0431986982403245,3,0.5,3.14,788.0,74.0,powder,False,False
tofacitinib,C[C@@H]1CCN(C(=O)CC#N)C[C@@H]1N(C)c1ncnc2[nH]ccc12,60.0,0.408,-2.167491087293764,1,1.0,2.68,1720.0,74.0,powder,False,False
tofacitinib,C[C@@H]1CCN(C(=O)CC#N)C[C@@H]1N(C)c1ncnc2[nH]ccc12,100.0,0.638,-2.1951793212788377,1,0.5,3.07,2990.0,74.0,powder,False,False
dolutegravir (s/gsk1394572),C[C@@H]1CCO[C@H]2Cn3cc(C(=O)NCc4ccc(F)cc4F)c(=O)c(O)c3C(=O)N12,2.0,0.231,-0.9374180157718368,1,0.63,12.7,2780.0,,suspension,False,False
dolutegravir (s/gsk1394572),C[C@@H]1CCO[C@H]2Cn3cc(C(=O)NCc4ccc(F)cc4F)c(=O)c(O)c3C(=O)N12,5.0,0.661,-0.8787685448503786,1,0.5,14.3,8870.0,,suspension,False,False
dolutegravir (s/gsk1394572),C[C@@H]1CCO[C@H]2Cn3cc(C(=O)NCc4ccc(F)cc4F)c(=O)c(O)c3C(=O)N12,10.0,1.23,-0.910094888560602,1,0.63,12.7,14600.0,,suspension,False,False
dolutegravir (s/gsk1394572),C[C@@H]1CCO[C@H]2Cn3cc(C(=O)NCc4ccc(F)cc4F)c(=O)c(O)c3C(=O)N12,25.0,2.76,-0.95703092660682,1,0.75,12.7,35100.0,,suspension,False,False
dolutegravir (s/gsk1394572),C[C@@H]1CCO[C@H]2Cn3cc(C(=O)NCc4ccc(F)cc4F)c(=O)c(O)c3C(=O)N12,50.0,4.5600000000000005,-1.0400051616715835,1,1.25,14.2,73200.0,,suspension,False,False
dolutegravir (s/gsk1394572),C[C@@H]1CCO[C@H]2Cn3cc(C(=O)NCc4ccc(F)cc4F)c(=O)c(O)c3C(=O)N12,100.0,8.14,-1.0893755951107988,1,1.0,14.7,136000.0,,suspension,False,False
Ensartinib,C[C@@H]1CN(C(=O)c2ccc(NC(=O)c3cc(O[C@H](C)c4c(Cl)ccc(F)c4Cl)c(N)nn3)cc2)C[C@H](C)N1,225.0,0.264,-2.9305785912415314,1,4.5,17.9,5860.0,,capsule,False,False
levocabastine,C[C@@H]1CN([C@H]2CC[C@](C#N)(c3ccc(F)cc3)CC2)CC[C@]1(C(=O)O)c1ccccc1,0.5,0.0074,-1.8297382846050425,1,1.6,35.7,319.0,,solution,False,False
sparfloxacin,C[C@@H]1CN(c2c(F)c(N)c3c(=O)c(C(=O)O)cn(C4CC4)c3c2F)C[C@H](C)N1,200.0,0.6979648988308795,-2.457196413481183,2,3.8,20.295,18612.0,92.0,tablet,False,False
sparfloxacin,C[C@@H]1CN(c2c(F)c(N)c3c(=O)c(C(=O)O)cn(C4CC4)c3c2F)C[C@H](C)N1,400.0,1.2159058315234597,-2.5171600499713143,3,4.4,18.17,32732.0,92.0,tablet,False,False
sparfloxacin,C[C@@H]1CN(c2c(F)c(N)c3c(=O)c(C(=O)O)cn(C4CC4)c3c2F)C[C@H](C)N1,600.0,1.649,-2.560930594739125,1,5.0,20.35,45790.0,92.0,tablet,False,False
sparfloxacin,C[C@@H]1CN(c2c(F)c(N)c3c(=O)c(C(=O)O)cn(C4CC4)c3c2F)C[C@H](C)N1,800.0,2.1721878371816743,-2.5661926093880822,2,5.2,18.39,61676.5,92.0,tablet,False,False
sparfloxacin,C[C@@H]1CN(c2c(F)c(N)c3c(=O)c(C(=O)O)cn(C4CC4)c3c2F)C[C@H](C)N1,1200.0,3.1,-2.587819552213352,1,5.3,18.4,93900.0,92.0,tablet,False,False
sparfloxacin,C[C@@H]1CN(c2c(F)c(N)c3c(=O)c(C(=O)O)cn(C4CC4)c3c2F)C[C@H](C)N1,1600.0,3.8,-2.6243363860391145,1,5.6,18.8,116200.0,92.0,tablet,False,False
Zoliflodacin,C[C@@H]1CN2c3c(cc4c(N5C(=O)OC[C@@H]5C)noc4c3F)CC3(C(=O)NC(=O)NC3=O)[C@H]2[C@H](C)O1,200.0,2.01,-1.9978339382434924,1,2.3,5.6,14500.0,,suspension,False,False
Zoliflodacin,C[C@@H]1CN2c3c(cc4c(N5C(=O)OC[C@@H]5C)noc4c3F)CC3(C(=O)NC(=O)NC3=O)[C@H]2[C@H](C)O1,400.0,4.87,-1.914531030113328,1,2.0,5.3,31200.0,,suspension,False,False
Zoliflodacin,C[C@@H]1CN2c3c(cc4c(N5C(=O)OC[C@@H]5C)noc4c3F)CC3(C(=O)NC(=O)NC3=O)[C@H]2[C@H](C)O1,800.0,10.0,-1.9030899869919435,1,2.0,6.3,68200.0,,suspension,False,False
Zoliflodacin,C[C@@H]1CN2c3c(cc4c(N5C(=O)OC[C@@H]5C)noc4c3F)CC3(C(=O)NC(=O)NC3=O)[C@H]2[C@H](C)O1,1600.0,13.400000000000002,-2.0770151842911173,1,1.5,5.9,108000.0,,suspension,False,False
Zoliflodacin,C[C@@H]1CN2c3c(cc4c(N5C(=O)OC[C@@H]5C)noc4c3F)CC3(C(=O)NC(=O)NC3=O)[C@H]2[C@H](C)O1,3000.0,20.200000000000006,-2.1717698852730387,1,2.3,6.2,183000.0,,suspension,False,False
Zoliflodacin,C[C@@H]1CN2c3c(cc4c(N5C(=O)OC[C@@H]5C)noc4c3F)CC3(C(=O)NC(=O)NC3=O)[C@H]2[C@H](C)O1,4000.0,26.100000000000005,-2.185419483989681,1,2.0,6.1,209000.0,,suspension,False,False
vamorolone,C[C@@H]1C[C@H]2[C@@H]3CCC4=CC(=O)C=C[C@]4(C)C3=CC[C@]2(C)[C@@]1(O)C(=O)CO,7.0,0.0130999999999999,-2.7278267443584925,1,1.5,1.71,49.5,,,False,False
vamorolone,C[C@@H]1C[C@H]2[C@@H]3CCC4=CC(=O)C=C[C@]4(C)C3=CC[C@]2(C)[C@@]1(O)C(=O)CO,21.0,0.0508,-2.61635558245,1,1.5,1.6,170.0,,,False,False
vamorolone,C[C@@H]1C[C@H]2[C@@H]3CCC4=CC(=O)C=C[C@]4(C)C3=CC[C@]2(C)[C@@]1(O)C(=O)CO,70.0,0.1219999999999999,-2.7587382093395085,1,1.75,1.81,500.0,,,False,False
vamorolone,C[C@@H]1C[C@H]2[C@@H]3CCC4=CC(=O)C=C[C@]4(C)C3=CC[C@]2(C)[C@@]1(O)C(=O)CO,210.0,0.305,-2.837919455387133,1,1.75,2.5,1600.0,,,False,False
vamorolone,C[C@@H]1C[C@H]2[C@@H]3CCC4=CC(=O)C=C[C@]4(C)C3=CC[C@]2(C)[C@@]1(O)C(=O)CO,560.0,0.718,-2.8920635827639,1,1.78,3.25,3602.0,,,False,False
vamorolone,C[C@@H]1C[C@H]2[C@@H]3CCC4=CC(=O)C=C[C@]4(C)C3=CC[C@]2(C)[C@@]1(O)C(=O)CO,1400.0,1.648,-2.929170828317141,1,1.5,4.26,8653.0,,,False,False
dexamethasone,C[C@@H]1C[C@H]2[C@@H]3CCC4=CC(=O)C=C[C@]4(C)[C@@]3(F)[C@@H](O)C[C@]2(C)[C@@]1(O)C(=O)CO,0.5,0.0078999999999999,-1.8013429130455774,1,1.6,5.2,58.0,,,False,False
dexamethasone,C[C@@H]1C[C@H]2[C@@H]3CCC4=CC(=O)C=C[C@]4(C)[C@@]3(F)[C@@H](O)C[C@]2(C)[C@@]1(O)C(=O)CO,0.75,0.0089999999999999,-1.9208187539523756,1,1.7,4.8,69.0,,,False,False
dexamethasone,C[C@@H]1C[C@H]2[C@@H]3CCC4=CC(=O)C=C[C@]4(C)[C@@]3(F)[C@@H](O)C[C@]2(C)[C@@]1(O)C(=O)CO,1.5,0.0139,-2.033076458801586,1,2.0,6.6,113.0,,,False,False
dexamethasone,C[C@@H]1C[C@H]2[C@@H]3CCC4=CC(=O)C=C[C@]4(C)[C@@]3(F)[C@@H](O)C[C@]2(C)[C@@]1(O)C(=O)CO,8.0,0.0978199999999999,-1.91266232850668,1,0.75,3.38,525.2,,tablet,False,False
dexamethasone,C[C@@H]1C[C@H]2[C@@H]3CCC4=CC(=O)C=C[C@]4(C)[C@@]3(F)[C@@H](O)C[C@]2(C)[C@@]1(O)C(=O)CO,20.0,0.25722,-1.8907252617697048,1,1.0,4.0,1329.24,,tablet,False,False
fluocortolone,C[C@@H]1C[C@H]2[C@@H]3C[C@H](F)C4=CC(=O)C=C[C@]4(C)[C@H]3[C@@H](O)C[C@]2(C)[C@H]1C(=O)CO,10.0,0.086,-2.065501548756432,1,1.4,,,80.0,,False,False
fluocortolone,C[C@@H]1C[C@H]2[C@@H]3C[C@H](F)C4=CC(=O)C=C[C@]4(C)[C@H]3[C@@H](O)C[C@]2(C)[C@H]1C(=O)CO,20.0,0.1860806276859576,-2.031328833317828,2,1.42,1.63,704.0,80.0,tablet,False,False
fluocortolone,C[C@@H]1C[C@H]2[C@@H]3C[C@H](F)C4=CC(=O)C=C[C@]4(C)[C@H]3[C@@H](O)C[C@]2(C)[C@H]1C(=O)CO,50.0,0.419,-2.076755981369724,1,1.72,1.75,1670.0,,tablet,False,False
fluocortolone,C[C@@H]1C[C@H]2[C@@H]3C[C@H](F)C4=CC(=O)C=C[C@]4(C)[C@H]3[C@@H](O)C[C@]2(C)[C@H]1C(=O)CO,100.0,0.812,-2.0904439707588245,1,2.11,1.9,3696.0,,tablet,False,False
fosfomycin,C[C@@H]1O[C@@H]1P(=O)(O)O,2000.0,16.0,-2.096910013008056,1,2.2,4.1,106600.0,,,False,False
fosfomycin,C[C@@H]1O[C@@H]1P(=O)(O)O,3000.0,24.171057072457543,-2.093825610902966,2,2.125,6.77,167950.0,53.1,,False,False
fosfomycin,C[C@@H]1O[C@@H]1P(=O)(O)O,4000.0,30.800000000000008,-2.113509274827518,1,2.0,3.9,189800.0,,,False,False
atogepant,C[C@@H]1[C@H](c2c(F)ccc(F)c2F)C[C@H](NC(=O)c2cnc3c(c2)C[C@@]2(C3)C(=O)Nc3ncccc32)C(=O)N1CC(F)(F)F,40.0,0.48885,-1.912884371807137,1,1.0,10.89,1786.43,,tablet,False,False
atogepant,C[C@@H]1[C@H](c2c(F)ccc(F)c2F)C[C@H](NC(=O)c2cnc3c(c2)C[C@@]2(C3)C(=O)Nc3ncccc32)C(=O)N1CC(F)(F)F,60.0,0.6936523110495859,-1.9370094128250712,3,1.51,9.4,3532.0,,tablet,False,False
atogepant,C[C@@H]1[C@H](c2c(F)ccc(F)c2F)C[C@H](NC(=O)c2cnc3c(c2)C[C@@]2(C3)C(=O)Nc3ncccc32)C(=O)N1CC(F)(F)F,100.0,1.15876,-1.936006504906925,1,1.5,8.99,5051.49,,tablet,False,False
atogepant,C[C@@H]1[C@H](c2c(F)ccc(F)c2F)C[C@H](NC(=O)c2cnc3c(c2)C[C@@]2(C3)C(=O)Nc3ncccc32)C(=O)N1CC(F)(F)F,200.0,2.42013,-1.9171913004412937,1,1.25,11.31,11285.88,,tablet,False,False
atogepant,C[C@@H]1[C@H](c2c(F)ccc(F)c2F)C[C@H](NC(=O)c2cnc3c(c2)C[C@@]2(C3)C(=O)Nc3ncccc32)C(=O)N1CC(F)(F)F,300.0,3.1970000000000005,-1.9723786184479744,1,2.1,,16640.0,,tablet,False,False
ubrogepant,C[C@@H]1[C@H](c2ccccc2)C[C@H](NC(=O)c2cnc3c(c2)C[C@@]2(C3)C(=O)Nc3ncccc32)C(=O)N1CC(F)(F)F,25.0,0.0942,-2.42388910587916,1,1.0,3.9,341.0,,,False,False
ubrogepant,C[C@@H]1[C@H](c2ccccc2)C[C@H](NC(=O)c2cnc3c(c2)C[C@@]2(C3)C(=O)Nc3ncccc32)C(=O)N1CC(F)(F)F,50.0,0.2047,-2.3878521616735133,1,1.0,4.2,657.0,,,False,False
ubrogepant,C[C@@H]1[C@H](c2ccccc2)C[C@H](NC(=O)c2cnc3c(c2)C[C@@]2(C3)C(=O)Nc3ncccc32)C(=O)N1CC(F)(F)F,100.0,0.3303257858978742,-2.481057523081063,3,1.67,4.41,1258.0,,tablet,False,False
ubrogepant,C[C@@H]1[C@H](c2ccccc2)C[C@H](NC(=O)c2cnc3c(c2)C[C@@]2(C3)C(=O)Nc3ncccc32)C(=O)N1CC(F)(F)F,400.0,1.02975,-2.589328190699508,1,2.08,5.06,5127.06,,tablet,False,False
zuranolone,C[C@@]1(O)CC[C@H]2[C@H](CC[C@@H]3[C@@H]2CC[C@]2(C)[C@@H](C(=O)Cn4cc(C#N)cn4)CC[C@@H]32)C1,30.0,0.0183,-3.214670164989233,1,4.0,16.8,380.6,,capsule,False,False
dexketoprofen,C[C@H](C(=O)O)c1cccc(C(=O)c2ccccc2)c1,25.0,3.4305760294175927,-0.8625729599431073,3,0.5,1.31,4530.0,,tablet,False,False
(s)-fenoprofen,C[C@H](C(=O)O)c1cccc(Oc2ccccc2)c1,600.0,35.2,-1.231608586905513,1,1.4,2.4,206700.0,,capsule,True,False
ursodeoxycholic acid,C[C@H](CCC(=O)O)[C@H]1CC[C@H]2[C@@H]3[C@@H](O)C[C@@H]4C[C@H](O)CC[C@]4(C)[C@H]3CC[C@]12C,150.0,1.33477,-2.050684822071482,1,2.0,,4436.15,,tablet,False,False
ursodeoxycholic acid,C[C@H](CCC(=O)O)[C@H]1CC[C@H]2[C@@H]3[C@@H](O)C[C@@H]4C[C@H](O)CC[C@]4(C)[C@H]3CC[C@]12C,500.0,5.215,-1.981715691573469,1,3.3,,25385.0,,capsule,False,False
Lecozotan,C[C@H](CN(C(=O)c1ccc(C#N)cc1)c1ccccn1)N1CCN(c2cccc3c2OCCO3)CC1,2.0,0.1414999999999999,-1.1502735558036723,1,0.5,6.2,686.0,,capsule,False,False
Lecozotan,C[C@H](CN(C(=O)c1ccc(C#N)cc1)c1ccccn1)N1CCN(c2cccc3c2OCCO3)CC1,5.0,0.2317,-1.3340439705460432,1,0.92,6.2,1639.0,,capsule,False,False
Lecozotan,C[C@H](CN(C(=O)c1ccc(C#N)cc1)c1ccccn1)N1CCN(c2cccc3c2OCCO3)CC1,10.0,0.4758,-1.3225755622987525,1,0.79,8.2,3203.0,,capsule,False,False
isoxsuprine,C[C@H](COc1ccccc1)N[C@H](C)[C@@H](O)c1ccc(O)cc1,30.0,0.04582,-2.816066169866284,1,2.5,9.2,430.49,,tablet ER,False,False
isoxsuprine,C[C@H](COc1ccccc1)N[C@H](C)[C@@H](O)c1ccc(O)cc1,60.0,0.0731899999999999,-2.9136995032254607,1,2.0,10.2,844.81,,tablet ER,False,False
isoxsuprine,C[C@H](COc1ccccc1)N[C@H](C)[C@@H](O)c1ccc(O)cc1,90.0,0.1146999999999999,-2.894679091538057,1,1.9,10.1,1266.78,,tablet ER,False,False
captopril,C[C@H](CS)C(=O)N1CCC[C@H]1C(=O)O,25.0,0.1629,-2.186018924363528,1,0.63,1.11,363.8,70.0,,False,False
captopril,C[C@H](CS)C(=O)N1CCC[C@H]1C(=O)O,50.0,0.2901,-2.2364222755333545,1,0.79,1.03,536.7,70.0,,False,False
captopril,C[C@H](CS)C(=O)N1CCC[C@H]1C(=O)O,100.0,0.569945487393312,-2.244166680566844,2,0.91,1.005,723.22,70.0,tablet,False,False
zofenoprilat,C[C@H](CS)C(=O)N1C[C@@H](Sc2ccccc2)C[C@H]1C(=O)O,10.0,0.0969999999999999,-2.0132282657337552,1,0.4,,108.0,78.0,solution,True,False
zofenoprilat,C[C@H](CS)C(=O)N1C[C@@H](Sc2ccccc2)C[C@H]1C(=O)O,60.0,0.69201,-1.938038880040412,1,1.25,3.11,1156.39,,tablet,True,False
zofenopril,C[C@H](CSC(=O)c1ccccc1)C(=O)N1C[C@@H](Sc2ccccc2)C[C@H]1C(=O)O,60.0,0.0911599999999999,-2.818346933875306,1,0.88,0.72,156.92,,tablet,False,False
silodosin,C[C@H](Cc1cc2c(c(C(N)=O)c1)N(CCCO)CC2)NCCOc1ccccc1OCC(F)(F)F,4.0,0.0266999999999999,-2.175548729963387,1,1.5,4.63,142.9,32.0,capsule,False,False
silodosin,C[C@H](Cc1cc2c(c(C(N)=O)c1)N(CCCO)CC2)NCCOc1ccccc1OCC(F)(F)F,8.0,0.0484699999999999,-2.2176169672691843,1,1.75,5.32,278.14,32.0,capsule,False,False
silodosin,C[C@H](Cc1cc2c(c(C(N)=O)c1)N(CCCO)CC2)NCCOc1ccccc1OCC(F)(F)F,12.0,0.09407,-2.10573010202269,1,2.0,5.9,485.01,32.0,capsule,False,False
(-)-prenylamine,C[C@H](Cc1ccccc1)NCCC(c1ccccc1)c1ccccc1,200.0,0.0507,-3.596022036330645,1,2.4,8.2,502.0,,tablet,True,False
tenofovir,C[C@H](Cn1cnc2c(N)ncnc21)OCP(=O)(O)O,300.0,0.2657767523107157,-3.052604264511473,3,0.75,20.24,2207.63,25.0,tablet,True,False
dextroamphetamine,C[C@H](N)Cc1ccccc1,30.0,0.0321999999999999,-2.969265383023832,1,3.5,12.1,597.9,100.0,capsule,True,False
dextroamphetamine,C[C@H](N)Cc1ccccc1,50.0,0.0446,-3.049635145623877,1,4.0,11.3,818.1,100.0,capsule,True,False
dextroamphetamine,C[C@H](N)Cc1ccccc1,70.0,0.0693,-3.00436480540245,1,3.78,9.69,1110.0,100.0,capsule,True,False
dextroamphetamine,C[C@H](N)Cc1ccccc1,100.0,0.0846,-3.0726296369609765,1,4.0,11.1,1548.2,100.0,capsule,True,False
dextroamphetamine,C[C@H](N)Cc1ccccc1,150.0,0.1266,-3.073657553374345,1,4.0,10.9,2503.4,100.0,capsule,True,False
dextroamphetamine,C[C@H](N)Cc1ccccc1,200.0,0.1688,-3.073657553374345,1,6.0,11.3,3336.2,100.0,capsule,True,False
dextroamphetamine,C[C@H](N)Cc1ccccc1,250.0,0.2463,-3.006475596832934,1,6.0,12.4,5132.5,100.0,capsule,True,False
Taranabant,C[C@H](NC(=O)C(C)(C)Oc1ccc(C(F)(F)F)cn1)[C@@H](Cc1ccc(Cl)cc1)c1cccc(C#N)c1,0.5,0.00192,-2.415668775632469,1,1.0,,,,capsule,False,False
Taranabant,C[C@H](NC(=O)C(C)(C)Oc1ccc(C(F)(F)F)cn1)[C@@H](Cc1ccc(Cl)cc1)c1cccc(C#N)c1,1.0,0.0031499999999999,-2.5016894462104,1,2.0,,14.55,,capsule,False,False
Taranabant,C[C@H](NC(=O)C(C)(C)Oc1ccc(C(F)(F)F)cn1)[C@@H](Cc1ccc(Cl)cc1)c1cccc(C#N)c1,2.5,0.0111899999999999,-2.3491099221436875,1,1.6,45.5,63.62,,capsule,False,False
Taranabant,C[C@H](NC(=O)C(C)(C)Oc1ccc(C(F)(F)F)cn1)[C@@H](Cc1ccc(Cl)cc1)c1cccc(C#N)c1,5.0,0.0205999999999999,-2.385102783966865,1,1.5,61.3,120.43,,capsule,False,False
Taranabant,C[C@H](NC(=O)C(C)(C)Oc1ccc(C(F)(F)F)cn1)[C@@H](Cc1ccc(Cl)cc1)c1cccc(C#N)c1,12.5,0.0697299999999999,-2.253490347803138,1,1.0,69.3,379.49,,capsule,False,False
Taranabant,C[C@H](NC(=O)C(C)(C)Oc1ccc(C(F)(F)F)cn1)[C@@H](Cc1ccc(Cl)cc1)c1cccc(C#N)c1,25.0,0.0963599999999999,-2.414043217345732,1,1.0,46.7,683.29,,capsule,False,False
Taranabant,C[C@H](NC(=O)C(C)(C)Oc1ccc(C(F)(F)F)cn1)[C@@H](Cc1ccc(Cl)cc1)c1cccc(C#N)c1,50.0,0.218,-2.360513510731414,1,1.0,56.2,1722.08,,capsule,False,False
Taranabant,C[C@H](NC(=O)C(C)(C)Oc1ccc(C(F)(F)F)cn1)[C@@H](Cc1ccc(Cl)cc1)c1cccc(C#N)c1,100.0,0.23965,-2.620422566672193,1,2.0,54.8,3070.13,,capsule,False,False
Taranabant,C[C@H](NC(=O)C(C)(C)Oc1ccc(C(F)(F)F)cn1)[C@@H](Cc1ccc(Cl)cc1)c1cccc(C#N)c1,150.0,0.43972,-2.532915039758234,1,2.0,45.1,4533.41,,capsule,False,False
Taranabant,C[C@H](NC(=O)C(C)(C)Oc1ccc(C(F)(F)F)cn1)[C@@H](Cc1ccc(Cl)cc1)c1cccc(C#N)c1,200.0,0.54959,-2.5609911736946005,1,1.5,47.2,6236.96,,capsule,False,False
Taranabant,C[C@H](NC(=O)C(C)(C)Oc1ccc(C(F)(F)F)cn1)[C@@H](Cc1ccc(Cl)cc1)c1cccc(C#N)c1,300.0,0.5764900000000001,-2.7163294764497183,1,2.0,54.4,8129.56,,capsule,False,False
Taranabant,C[C@H](NC(=O)C(C)(C)Oc1ccc(C(F)(F)F)cn1)[C@@H](Cc1ccc(Cl)cc1)c1cccc(C#N)c1,400.0,0.7757999999999999,-2.712310216063925,1,2.0,38.2,10454.7,,capsule,False,False
Taranabant,C[C@H](NC(=O)C(C)(C)Oc1ccc(C(F)(F)F)cn1)[C@@H](Cc1ccc(Cl)cc1)c1cccc(C#N)c1,500.0,0.87599,-2.7564708558958007,1,2.0,50.5,11716.8,,capsule,False,False
Taranabant,C[C@H](NC(=O)C(C)(C)Oc1ccc(C(F)(F)F)cn1)[C@@H](Cc1ccc(Cl)cc1)c1cccc(C#N)c1,600.0,1.06259,-2.7517855259219663,1,2.0,56.4,14613.0,,capsule,False,False
safinamide,C[C@H](NCc1ccc(OCc2cccc(F)c2)cc1)C(N)=O,1.75,0.00292,-2.777655197237876,1,2.0,,43.91,,solution,False,False
safinamide,C[C@H](NCc1ccc(OCc2cccc(F)c2)cc1)C(N)=O,3.5,0.00554,-2.800558279621846,1,3.5,,89.23,,solution,False,False
safinamide,C[C@H](NCc1ccc(OCc2cccc(F)c2)cc1)C(N)=O,5.25,0.0088099999999999,-2.7751833949939093,1,4.0,,154.92,,solution,False,False
safinamide,C[C@H](NCc1ccc(OCc2cccc(F)c2)cc1)C(N)=O,10.5,0.0225399999999999,-2.6682353873598506,1,3.5,,397.91,,solution,False,False
safinamide,C[C@H](NCc1ccc(OCc2cccc(F)c2)cc1)C(N)=O,50.0,0.3268999999999999,-2.18455508375565,1,2.5,26.6,10528.0,95.0,tablet,False,False
safinamide,C[C@H](NCc1ccc(OCc2cccc(F)c2)cc1)C(N)=O,63.0,0.4093,-2.187298804808312,1,1.5,20.46,9944.51,,capsule,False,False
safinamide,C[C@H](NCc1ccc(OCc2cccc(F)c2)cc1)C(N)=O,100.0,0.8202,-2.086080235048534,1,1.5,23.6,22500.0,,tablet,False,False
safinamide,C[C@H](NCc1ccc(OCc2cccc(F)c2)cc1)C(N)=O,175.0,1.25576,-2.1441314034214787,1,2.83,20.63,32492.0,,capsule,False,False
safinamide,C[C@H](NCc1ccc(OCc2cccc(F)c2)cc1)C(N)=O,350.0,2.94328,-2.075236464999353,1,1.83,20.22,77803.0,,capsule,False,False
safinamide,C[C@H](NCc1ccc(OCc2cccc(F)c2)cc1)C(N)=O,700.0,6.31574,-2.044673796906227,1,2.75,23.39,166134.0,,capsule,False,False
spiraprilat,C[C@H](N[C@@H](CCc1ccccc1)C(=O)O)C(=O)N1CC2(C[C@H]1C(=O)O)SCCS2,1.5,0.01,-2.1760912590556813,1,2.0,,,,,True,False
spiraprilat,C[C@H](N[C@@H](CCc1ccccc1)C(=O)O)C(=O)N1CC2(C[C@H]1C(=O)O)SCCS2,3.0,0.025,-2.0791812460476247,1,3.0,,,,,True,False
spiraprilat,C[C@H](N[C@@H](CCc1ccccc1)C(=O)O)C(=O)N1CC2(C[C@H]1C(=O)O)SCCS2,6.0,0.06,-2.0,1,2.5,,,,,True,False
spiraprilat,C[C@H](N[C@@H](CCc1ccccc1)C(=O)O)C(=O)N1CC2(C[C@H]1C(=O)O)SCCS2,12.0,0.105,-2.057991946977687,1,2.0,,,,,True,False
enalaprilat,C[C@H](N[C@@H](CCc1ccccc1)C(=O)O)C(=O)N1CCC[C@H]1C(=O)O,10.0,0.0367522788409099,-2.434715727128121,2,3.8,4.415,296.2,40.0,tablet,True,False
enalaprilat,C[C@H](N[C@@H](CCc1ccccc1)C(=O)O)C(=O)N1CCC[C@H]1C(=O)O,20.0,0.0670299999999999,-2.474760776270255,1,3.25,5.6,566.51,40.0,tablet,True,False
quinaprilat,C[C@H](N[C@@H](CCc1ccccc1)C(=O)O)C(=O)N1Cc2ccccc2C[C@H]1C(=O)O,0.5,0.004,-2.096910013008056,1,2.0,,115.0,,,True,False
quinaprilat,C[C@H](N[C@@H](CCc1ccccc1)C(=O)O)C(=O)N1Cc2ccccc2C[C@H]1C(=O)O,2.5,0.0501916327688191,-1.6973086848577938,2,1.94,3.22,311.5,51.7,,True,False
quinaprilat,C[C@H](N[C@@H](CCc1ccccc1)C(=O)O)C(=O)N1Cc2ccccc2C[C@H]1C(=O)O,5.0,0.1079999999999999,-1.665546248849069,1,1.5,,555.0,,,True,False
quinaprilat,C[C@H](N[C@@H](CCc1ccccc1)C(=O)O)C(=O)N1Cc2ccccc2C[C@H]1C(=O)O,20.0,0.5427154884485005,-1.5664577796645085,3,1.38,2.485,2159.0,45.9,capsule,True,False
quinaprilat,C[C@H](N[C@@H](CCc1ccccc1)C(=O)O)C(=O)N1Cc2ccccc2C[C@H]1C(=O)O,40.0,1.456,-1.438898616350944,1,1.38,1.9,4078.0,,capsule,True,False
ramiprilat,C[C@H](N[C@@H](CCc1ccccc1)C(=O)O)C(=O)N1[C@H](C(=O)O)C[C@@H]2CCC[C@@H]21,2.5,0.0027,-2.96657624451305,1,2.52,,66.2,28.0,capsule,True,False
ramiprilat,C[C@H](N[C@@H](CCc1ccccc1)C(=O)O)C(=O)N1[C@H](C(=O)O)C[C@@H]2CCC[C@@H]21,5.0,0.0048415694259265,-3.013983840514677,3,4.25,104.0,130.0,,tablet,True,False
ramiprilat,C[C@H](N[C@@H](CCc1ccccc1)C(=O)O)C(=O)N1[C@H](C(=O)O)C[C@@H]2CCC[C@@H]21,10.0,0.04328,-2.363712747901487,1,2.44,18.81,323.1,,tablet,True,False
trandolaprilat,C[C@H](N[C@@H](CCc1ccccc1)C(=O)O)C(=O)N1[C@H](C(=O)O)C[C@H]2CCCC[C@@H]21,1.0,0.00107,-2.9706162223147903,1,5.67,121.0,105.0,70.0,capsule,True,False
trandolaprilat,C[C@H](N[C@@H](CCc1ccccc1)C(=O)O)C(=O)N1[C@H](C(=O)O)C[C@H]2CCCC[C@@H]21,2.0,0.0022499999999999,-2.948847477552619,1,4.75,62.0,91.2,70.0,capsule,True,False
trandolaprilat,C[C@H](N[C@@H](CCc1ccccc1)C(=O)O)C(=O)N1[C@H](C(=O)O)C[C@H]2CCCC[C@@H]21,4.0,0.0060599999999999,-2.8195873671616765,1,3.58,75.9,143.0,70.0,capsule,True,False
sapropterin,C[C@H](O)[C@H](O)[C@H]1CNc2nc(N)[nH]c(=O)c2N1,730.0,0.0841,-3.938526864322544,1,2.77,3.67,559.0,,tablet,False,False
alvimopan,C[C@H]1CN(C[C@H](Cc2ccccc2)C(=O)NCC(=O)O)CC[C@@]1(C)c1cccc(O)c1,6.0,0.0087899999999999,-2.834162375309872,1,1.4,8.4,36.3,6.0,capsule,False,False
alvimopan,C[C@H]1CN(C[C@H](Cc2ccccc2)C(=O)NCC(=O)O)CC[C@@]1(C)c1cccc(O)c1,12.0,0.0183,-2.816730156317196,1,1.8,8.4,65.5,6.0,capsule,False,False
alvimopan,C[C@H]1CN(C[C@H](Cc2ccccc2)C(=O)NCC(=O)O)CC[C@@]1(C)c1cccc(O)c1,18.0,0.03148,-2.757237781416279,1,1.8,7.9,99.7,6.0,capsule,False,False
alvimopan,C[C@H]1CN(C[C@H](Cc2ccccc2)C(=O)NCC(=O)O)CC[C@@]1(C)c1cccc(O)c1,24.0,0.0329099999999999,-2.8628833594172325,1,2.1,10.0,116.9,6.0,capsule,False,False
lorcaserin,C[C@H]1CNCCc2ccc(Cl)cc21,10.0,0.0355436057426465,-2.4492385170286832,3,2.0,11.0,501.0,,,False,False
cabotegravir,C[C@H]1CO[C@@H]2Cn3cc(C(=O)NCc4ccc(F)cc4F)c(=O)c(O)c3C(=O)N12,30.0,3.349940297975473,-0.9520841875308332,2,2.5,40.55,141500.0,,tablet,False,False
levofloxacin,C[C@H]1COc2c(N3CCN(C)CC3)c(F)cc3c(=O)c(C(=O)O)cn1c23,7.5,0.1280999999999999,-1.767512133647014,1,1.0,7.5,544.6,90.0,powder,False,False
levofloxacin,C[C@H]1COc2c(N3CCN(C)CC3)c(F)cc3c(=O)c(C(=O)O)cn1c23,250.0,2.592296279363144,-1.984255372145125,2,1.6,6.949999999999999,25600.0,,tablet,False,False
levofloxacin,C[C@H]1COc2c(N3CCN(C)CC3)c(F)cc3c(=O)c(C(=O)O)cn1c23,500.0,5.413088823258426,-1.965524850857648,4,1.3,6.55,47700.0,99.0,tablet,False,False
levofloxacin,C[C@H]1COc2c(N3CCN(C)CC3)c(F)cc3c(=O)c(C(=O)O)cn1c23,750.0,8.407139822793482,-1.9504129929743368,2,1.6,7.6,97000.0,99.0,tablet,False,False
levofloxacin,C[C@H]1COc2c(N3CCN(C)CC3)c(F)cc3c(=O)c(C(=O)O)cn1c23,1000.0,9.0,-2.0457574905606752,1,,8.2,109000.0,,tablet,False,False
methylprednisolone,C[C@H]1C[C@@H]2[C@H]([C@@H](O)C[C@@]3(C)[C@H]2CC[C@]3(O)C(=O)CO)[C@@]2(C)C=CC(=O)C=C12,2.0,0.0227999999999999,-1.9430951486635275,1,2.25,5.22,70.4,,tablet,False,False
methylprednisolone,C[C@H]1C[C@@H]2[C@H]([C@@H](O)C[C@@]3(C)[C@H]2CC[C@]3(O)C(=O)CO)[C@@]2(C)C=CC(=O)C=C12,4.0,0.0344,-2.065501548756432,1,1.83,3.67,177.0,,tablet,False,False
methylprednisolone,C[C@H]1C[C@@H]2[C@H]([C@@H](O)C[C@@]3(C)[C@H]2CC[C@]3(O)C(=O)CO)[C@@]2(C)C=CC(=O)C=C12,8.0,0.0681999999999999,-2.069305612335465,1,1.54,3.38,291.0,,tablet,False,False
methylprednisolone,C[C@H]1C[C@@H]2[C@H]([C@@H](O)C[C@@]3(C)[C@H]2CC[C@]3(O)C(=O)CO)[C@@]2(C)C=CC(=O)C=C12,16.0,0.1091695928361006,-2.166018292111541,2,1.9,2.0,486.5,,tablet,False,False
methylprednisolone,C[C@H]1C[C@@H]2[C@H]([C@@H](O)C[C@@]3(C)[C@H]2CC[C@]3(O)C(=O)CO)[C@@]2(C)C=CC(=O)C=C12,24.0,0.174,-2.1396619934290064,1,1.64,3.1,927.0,,tablet,False,False
methylprednisolone,C[C@H]1C[C@@H]2[C@H]([C@@H](O)C[C@@]3(C)[C@H]2CC[C@]3(O)C(=O)CO)[C@@]2(C)C=CC(=O)C=C12,40.0,0.346,-2.0629838925351858,1,2.0,2.41,2077.41,80.56,tablet,False,False
methylprednisolone,C[C@H]1C[C@@H]2[C@H]([C@@H](O)C[C@@]3(C)[C@H]2CC[C@]3(O)C(=O)CO)[C@@]2(C)C=CC(=O)C=C12,48.0,0.453,-2.0251430353627558,1,2.0,3.2,2773.0,,tablet,False,False
methylprednisolone,C[C@H]1C[C@@H]2[C@H]([C@@H](O)C[C@@]3(C)[C@H]2CC[C@]3(O)C(=O)CO)[C@@]2(C)C=CC(=O)C=C12,80.0,0.794,-2.0032694845648478,1,1.67,2.37,4052.0,,tablet,False,False
betamethasone,C[C@H]1C[C@H]2[C@@H]3CCC4=CC(=O)C=C[C@]4(C)[C@@]3(F)[C@@H](O)C[C@]2(C)[C@@]1(O)C(=O)CO,2.0,0.0247,-1.9083330424043157,1,2.32,5.23,243.1,,tablet,False,False
Cipargamin,C[C@H]1Cc2c([nH]c3cc(Cl)c(F)cc23)[C@@]2(N1)C(=O)Nc1ccc(Cl)cc12,1.0,0.0141,-1.85078088734462,1,1.0,19.4,217.0,,,False,False
Cipargamin,C[C@H]1Cc2c([nH]c3cc(Cl)c(F)cc23)[C@@]2(N1)C(=O)Nc1ccc(Cl)cc12,3.0,0.0354,-1.9281179926938747,1,2.0,23.5,660.0,,,False,False
Cipargamin,C[C@H]1Cc2c([nH]c3cc(Cl)c(F)cc23)[C@@]2(N1)C(=O)Nc1ccc(Cl)cc12,10.0,0.105,-1.978810700930062,1,2.0,24.8,1860.0,,,False,False
Cipargamin,C[C@H]1Cc2c([nH]c3cc(Cl)c(F)cc23)[C@@]2(N1)C(=O)Nc1ccc(Cl)cc12,30.0,0.3639999999999999,-1.9160198710706065,1,2.52,23.2,8000.0,,,False,False
Cipargamin,C[C@H]1Cc2c([nH]c3cc(Cl)c(F)cc23)[C@@]2(N1)C(=O)Nc1ccc(Cl)cc12,100.0,0.83,-2.0809219076239263,1,3.0,22.2,23500.0,,,False,False
Cipargamin,C[C@H]1Cc2c([nH]c3cc(Cl)c(F)cc23)[C@@]2(N1)C(=O)Nc1ccc(Cl)cc12,200.0,1.64,-2.0861861476162837,1,3.51,25.6,53700.0,,,False,False
Cipargamin,C[C@H]1Cc2c([nH]c3cc(Cl)c(F)cc23)[C@@]2(N1)C(=O)Nc1ccc(Cl)cc12,300.0,2.09,-2.1569749686086084,1,5.43,24.0,81300.0,,,False,False
Imeglimin,C[C@H]1N=C(N(C)C)N=C(N)N1,250.0,0.488,-2.709520186669327,1,3.0,10.3,3582.0,,,False,False
Imeglimin,C[C@H]1N=C(N(C)C)N=C(N)N1,500.0,0.9306019557254326,-2.730206043437426,2,3.25,12.325,6455.0,,,False,False
Imeglimin,C[C@H]1N=C(N(C)C)N=C(N)N1,1000.0,1.3379106846123925,-2.873572877954361,2,2.25,12.75,10564.0,,,False,False
Imeglimin,C[C@H]1N=C(N(C)C)N=C(N)N1,1500.0,1.843359975696554,-2.910481105500818,2,2.5,11.25,14052.0,,,False,False
Imeglimin,C[C@H]1N=C(N(C)C)N=C(N)N1,2000.0,1.7285103413054836,-3.063358013487336,2,2.75,12.5,14259.0,,,False,False
Imeglimin,C[C@H]1N=C(N(C)C)N=C(N)N1,4000.0,3.8329599528301888,-3.0185257096044538,2,1.25,9.36,27188.0,,,False,False
digitoxin,C[C@H]1O[C@@H](O[C@H]2[C@@H](O)C[C@H](O[C@H]3[C@@H](O)C[C@H](O[C@H]4CC[C@@]5(C)[C@H](CC[C@@H]6[C@@H]5CC[C@]5(C)[C@@H](C7=CC(=O)OC7)CC[C@]65O)C4)O[C@@H]3C)O[C@@H]2C)C[C@H](O)[C@@H]1O,0.56,0.0301,-1.2696215314123571,1,1.1,,747.0,70.0,tablet,False,False
digoxin,C[C@H]1O[C@@H](O[C@H]2[C@@H](O)C[C@H](O[C@H]3[C@@H](O)C[C@H](O[C@H]4CC[C@@]5(C)[C@H](CC[C@@H]6[C@@H]5C[C@@H](O)[C@]5(C)[C@@H](C7=CC(=O)OC7)CC[C@]65O)C4)O[C@@H]3C)O[C@@H]2C)C[C@H](O)[C@@H]1O,0.25,0.000867409937688,-2.459715615232867,2,1.0,47.3,12.765,,tablet,False,False
digoxin,C[C@H]1O[C@@H](O[C@H]2[C@@H](O)C[C@H](O[C@H]3[C@@H](O)C[C@H](O[C@H]4CC[C@@]5(C)[C@H](CC[C@@H]6[C@@H]5C[C@@H](O)[C@]5(C)[C@@H](C7=CC(=O)OC7)CC[C@]65O)C4)O[C@@H]3C)O[C@@H]2C)C[C@H](O)[C@@H]1O,0.4,0.00214,-2.2716462179787715,1,1.4,34.7,22.7,,capsule,False,False
digoxin,C[C@H]1O[C@@H](O[C@H]2[C@@H](O)C[C@H](O[C@H]3[C@@H](O)C[C@H](O[C@H]4CC[C@@]5(C)[C@H](CC[C@@H]6[C@@H]5C[C@@H](O)[C@]5(C)[C@@H](C7=CC(=O)OC7)CC[C@]65O)C4)O[C@@H]3C)O[C@@H]2C)C[C@H](O)[C@@H]1O,0.5,0.0024610566836218,-2.307848387747924,2,1.0,34.13,30.265,,tablet,False,False
digoxin,C[C@H]1O[C@@H](O[C@H]2[C@@H](O)C[C@H](O[C@H]3[C@@H](O)C[C@H](O[C@H]4CC[C@@]5(C)[C@H](CC[C@@H]6[C@@H]5C[C@@H](O)[C@]5(C)[C@@H](C7=CC(=O)OC7)CC[C@]65O)C4)O[C@@H]3C)O[C@@H]2C)C[C@H](O)[C@@H]1O,0.6,0.00253,-2.375030729207825,1,1.5,39.8,32.6,,capsule,False,False
digoxin,C[C@H]1O[C@@H](O[C@H]2[C@@H](O)C[C@H](O[C@H]3[C@@H](O)C[C@H](O[C@H]4CC[C@@]5(C)[C@H](CC[C@@H]6[C@@H]5C[C@@H](O)[C@]5(C)[C@@H](C7=CC(=O)OC7)CC[C@]65O)C4)O[C@@H]3C)O[C@@H]2C)C[C@H](O)[C@@H]1O,1.0,0.0041458257732972,-2.3823889529140128,3,1.5,40.77,63.9,,tablet,False,False
acarbose,C[C@H]1O[C@H](O[C@H]2[C@H](O)[C@@H](O)[C@@H](O[C@@H]([C@H](O)[C@@H](O)C=O)[C@H](O)CO)O[C@@H]2CO)[C@H](O)[C@@H](O)[C@@H]1N[C@H]1C=C(CO)[C@@H](O)[C@H](O)[C@H]1O,300.0,0.0109999999999999,-4.435728569561437,1,2.0,,,,,False,False
lorlatinib,C[C@H]1Oc2cc(cnc2N)-c2c(nn(C)c2C#N)CN(C)C(=O)c2ccc(F)cc21,100.0,0.5387738173926159,-2.26859351769701,3,1.5,24.2,8289.0,80.78,tablet,False,False
artenimol (dihydroartemisinin),C[C@H]1[C@@H](O)O[C@@H]2O[C@]3(C)CC[C@H]4[C@H](C)CC[C@@H]1[C@]24OO3,103.0,0.181,-2.755158649835988,1,1.5,0.96,377.0,,capsule,False,False
artenimol (dihydroartemisinin),C[C@H]1[C@@H](O)O[C@@H]2O[C@]3(C)CC[C@H]4[C@H](C)CC[C@@H]1[C@]24OO3,206.0,0.36,-2.757564719601866,1,1.5,1.2,907.0,,capsule,False,False
artenimol (dihydroartemisinin),C[C@H]1[C@@H](O)O[C@@H]2O[C@]3(C)CC[C@H]4[C@H](C)CC[C@@H]1[C@]24OO3,300.0,0.62946,-2.678153117307112,1,1.5,1.22,1807.29,,capsule,False,False
aztreonam,C[C@H]1[C@H](NC(=O)/C(=N\OC(C)(C)C(=O)O)c2csc(N)n2)C(=O)N1S(=O)(=O)O,500.0,0.14,-3.552841968657781,1,2.23,4.08,400.0,0.49,capsule,False,False
artesunate,C[C@H]1[C@H](OC(=O)CCC(=O)O)O[C@@H]2O[C@@]3(C)CC[C@H]4[C@H](C)CC[C@@H]1[C@@]24OO3,200.0,0.11,-3.2596373105057563,1,0.5,,,,tablet,False,False
artesunate,C[C@H]1[C@H](OC(=O)CCC(=O)O)O[C@@H]2O[C@@]3(C)CC[C@H]4[C@H](C)CC[C@@H]1[C@@]24OO3,269.2,0.2317999999999999,-3.064961623924362,1,0.62,,206.4,,tablet,False,False
artesunate,C[C@H]1[C@H](OC(=O)CCC(=O)O)O[C@@H]2O[C@@]3(C)CC[C@H]4[C@H](C)CC[C@@H]1[C@@]24OO3,300.0,0.1939999999999999,-3.1893195247894366,1,0.31,0.57,190.8,,tablet,False,False
doxycycline,C[C@H]1c2cccc(O)c2C(=O)C2=C(O)[C@]3(O)C(=O)C(C(N)=O)=C(O)[C@@H](N(C)C)[C@@H]3[C@@H](O)[C@@H]21,100.0,1.6133,-1.7922848661944335,1,2.0,16.75,29047.5,84.0,capsule,False,False
doxycycline,C[C@H]1c2cccc(O)c2C(=O)C2=C(O)[C@]3(O)C(=O)C(C(N)=O)=C(O)[C@@H](N(C)C)[C@@H]3[C@@H](O)[C@@H]21,200.0,5.1000000000000005,-1.5934598195660448,1,3.2,11.0,85300.0,84.0,capsule,False,False
doxycycline,C[C@H]1c2cccc(O)c2C(=O)C2=C(O)[C@]3(O)C(=O)C(C(N)=O)=C(O)[C@@H](N(C)C)[C@@H]3[C@@H](O)[C@@H]21,600.0,5.80883,-2.014062583692621,1,4.0,14.9,212131.21,84.0,tablet,False,False
methyldopa,C[C@](N)(Cc1ccc(O)c(O)c1)C(=O)O,250.0,1.5020936322346887,-2.2212430036367485,2,2.975,2.505,6417.55,,tablet,False,False
delamanid,C[C@]1(COc2ccc(N3CCC(Oc4ccc(OC(F)(F)F)cc4)CC3)cc2)Cn2cc([N+](=O)[O-])nc2O1,25.0,0.136,-2.26440110030182,1,3.81,,1522.0,,tablet,False,False
delamanid,C[C@]1(COc2ccc(N3CCC(Oc4ccc(OC(F)(F)F)cc4)CC3)cc2)Cn2cc([N+](=O)[O-])nc2O1,50.0,0.1919999999999999,-2.415668775632469,1,3.86,,2346.0,,tablet,False,False
delamanid,C[C@]1(COc2ccc(N3CCC(Oc4ccc(OC(F)(F)F)cc4)CC3)cc2)Cn2cc([N+](=O)[O-])nc2O1,100.0,0.233,-2.632644078973981,1,3.82,,3488.0,,tablet,False,False
fluoxymesterone,C[C@]1(O)CC[C@H]2[C@@H]3CCC4=CC(=O)CC[C@]4(C)[C@@]3(F)[C@@H](O)C[C@@]21C,10.0,0.0799999999999999,-2.0969100130080567,1,1.8,1.98,306.0,,tablet,False,False
oxymetholone,C[C@]12C/C(=C/O)C(=O)C[C@@H]1CC[C@@H]1[C@@H]2CC[C@@]2(C)[C@H]1CC[C@]2(C)O,50.0,0.0187999999999999,-3.424812155072339,1,3.5,7.99,170.78,,tablet,False,False
prednisone,C[C@]12C=CC(=O)C=C1CC[C@@H]1[C@@H]2C(=O)C[C@@]2(C)[C@H]1CC[C@]2(O)C(=O)CO,10.0,0.0244999999999999,-2.610833915635468,1,3.1,2.6,168.0,64.0,tablet,False,False
prednisone,C[C@]12C=CC(=O)C=C1CC[C@@H]1[C@@H]2C(=O)C[C@@]2(C)[C@H]1CC[C@]2(O)C(=O)CO,30.0,0.0331999999999999,-2.9559831710156264,1,2.0,,298.0,,tablet,False,False
prednisone,C[C@]12C=CC(=O)C=C1CC[C@@H]1[C@@H]2C(=O)C[C@@]2(C)[C@H]1CC[C@]2(O)C(=O)CO,50.0,0.052,-2.98296666070122,1,2.4,3.6,433.0,,tablet,False,False
prednisolone,C[C@]12C=CC(=O)C=C1CC[C@@H]1[C@@H]2[C@@H](O)C[C@@]2(C)[C@H]1CC[C@]2(O)C(=O)CO,1.25,0.0526999999999999,-1.37509939779551,1,1.36,3.87,245.0,,tablet,False,False
prednisolone,C[C@]12C=CC(=O)C=C1CC[C@@H]1[C@@H]2[C@@H](O)C[C@@]2(C)[C@H]1CC[C@]2(O)C(=O)CO,2.5,0.135,-1.2676062401770314,1,1.58,2.22,482.0,,tablet,False,False
prednisolone,C[C@]12C=CC(=O)C=C1CC[C@@H]1[C@@H]2[C@@H](O)C[C@@]2(C)[C@H]1CC[C@]2(O)C(=O)CO,5.0,0.1509999999999999,-1.5199930570428497,1,1.45,3.51,765.0,,tablet,False,False
prednisolone,C[C@]12C=CC(=O)C=C1CC[C@@H]1[C@@H]2[C@@H](O)C[C@@]2(C)[C@H]1CC[C@]2(O)C(=O)CO,10.0,0.2598845897701516,-1.5852194718503037,2,1.375,2.63,1389.5,92.0,tablet,False,False
prednisolone,C[C@]12C=CC(=O)C=C1CC[C@@H]1[C@@H]2[C@@H](O)C[C@@]2(C)[C@H]1CC[C@]2(O)C(=O)CO,20.0,0.4353,-1.662241328506583,1,0.93,3.14,1776.67,,tablet,False,False
prednisolone,C[C@]12C=CC(=O)C=C1CC[C@@H]1[C@@H]2[C@@H](O)C[C@@]2(C)[C@H]1CC[C@]2(O)C(=O)CO,30.0,0.458,-1.8162557767157927,1,1.5,3.52,2804.0,,tablet,False,False
prednisolone,C[C@]12C=CC(=O)C=C1CC[C@@H]1[C@@H]2[C@@H](O)C[C@@]2(C)[C@H]1CC[C@]2(O)C(=O)CO,50.0,1.0533,-1.6764179201510052,1,0.88,2.84,3703.33,,tablet,False,False
prednisolone,C[C@]12C=CC(=O)C=C1CC[C@@H]1[C@@H]2[C@@H](O)C[C@@]2(C)[C@H]1CC[C@]2(O)C(=O)CO,100.0,1.231,-1.909741947068684,1,1.5,4.09,8590.0,,tablet,False,False
triamcinolone,C[C@]12C=CC(=O)C=C1CC[C@H]1[C@@H]3C[C@@H](O)[C@](O)(C(=O)CO)[C@@]3(C)C[C@H](O)[C@@]12F,5.0,0.0104999999999999,-2.677780705266081,1,1.0,2.6,30.4,22.5,solution,False,False
dutasteride,C[C@]12C=CC(=O)N[C@@H]1CC[C@@H]1[C@@H]2CC[C@]2(C)[C@@H](C(=O)Nc3cc(C(F)(F)F)ccc3C(F)(F)F)CC[C@@H]12,0.5,0.0028112630613302,-2.250068518124261,2,3.3200000000000003,80.91,69.08,60.0,capsule,False,False
canrenoic acid,C[C@]12CCC(=O)C=C1C=C[C@@H]1[C@@H]2CC[C@@]2(C)[C@H]1CC[C@@]2(O)CCC(=O)O,100.0,4.126,-1.3844707763628672,1,1.5,4.24,12203.0,,tablet,True,False
canrenone,C[C@]12CCC(=O)C=C1C=C[C@@H]1[C@@H]2CC[C@@]2(C)[C@H]1CC[C@@]21CCC(=O)O1,100.0,0.1233499999999999,-2.908860846174245,1,3.4,13.35,2001.92,,tablet,True,False
canrenone,C[C@]12CCC(=O)C=C1C=C[C@@H]1[C@@H]2CC[C@@]2(C)[C@H]1CC[C@@]21CCC(=O)O1,200.0,0.2612619367445494,-2.8839538536975557,3,3.0,12.43,2613.79,25.0,tablet,True,False
cortisone,C[C@]12CCC(=O)C=C1CC[C@@H]1[C@@H]2C(=O)C[C@@]2(C)[C@H]1CC[C@]2(O)C(=O)CO,5.0,0.01574,-2.501965276312973,1,2.0,6.52,151.09,,tablet,True,False
cortisone,C[C@]12CCC(=O)C=C1CC[C@@H]1[C@@H]2C(=O)C[C@@]2(C)[C@H]1CC[C@]2(O)C(=O)CO,10.0,0.0183899999999999,-2.735418270761923,1,2.0,4.41,148.58,,tablet,True,False
cortisone,C[C@]12CCC(=O)C=C1CC[C@@H]1[C@@H]2C(=O)C[C@@]2(C)[C@H]1CC[C@]2(O)C(=O)CO,25.0,0.02217,-3.0521743155575494,1,2.0,4.71,202.48,,tablet,True,False
methyltestosterone,C[C@]12CCC(=O)C=C1CC[C@@H]1[C@@H]2CC[C@@]2(C)[C@H]1CC[C@]2(C)O,10.0,0.0205699999999999,-2.686765708305276,1,1.0,2.24,55.9,,tablet,False,False
hydrocortisone,C[C@]12CCC(=O)C=C1CC[C@@H]1[C@@H]2[C@@H](O)C[C@@]2(C)[C@H]1CC[C@]2(O)C(=O)CO,5.0,0.1189999999999999,-1.6234230429434882,1,0.7,1.2,293.0,,suspension,False,False
hydrocortisone,C[C@]12CCC(=O)C=C1CC[C@@H]1[C@@H]2[C@@H](O)C[C@@]2(C)[C@H]1CC[C@]2(O)C(=O)CO,10.0,0.1866145760652152,-1.7290544374519994,2,0.9,1.4,460.5,,tablet,False,False
hydrocortisone,C[C@]12CCC(=O)C=C1CC[C@@H]1[C@@H]2[C@@H](O)C[C@@]2(C)[C@H]1CC[C@]2(O)C(=O)CO,20.0,0.2832225273526102,-1.8489022017457093,2,1.05,1.5,964.5,95.9,suspension,False,False
hydrocortisone,C[C@]12CCC(=O)C=C1CC[C@@H]1[C@@H]2[C@@H](O)C[C@@]2(C)[C@H]1CC[C@]2(O)C(=O)CO,30.0,0.393,-1.882728704344236,1,1.0,1.29,958.0,,tablet,False,False
hydrocortisone,C[C@]12CCC(=O)C=C1CC[C@@H]1[C@@H]2[C@@H](O)C[C@@]2(C)[C@H]1CC[C@]2(O)C(=O)CO,40.0,0.389,-2.012110390002255,1,1.0,1.7,1340.0,,suspension,False,False
hydrocortisone,C[C@]12CCC(=O)C=C1CC[C@@H]1[C@@H]2[C@@H](O)C[C@@]2(C)[C@H]1CC[C@]2(O)C(=O)CO,50.0,0.419,-2.076755981369724,1,1.7,1.62,1559.0,,tablet,False,False
fludrocortisone,C[C@]12CCC(=O)C=C1CC[C@H]1[C@@H]3CC[C@](O)(C(=O)CO)[C@@]3(C)C[C@H](O)[C@@]12F,0.1,0.00124,-1.9065783148377649,1,0.5,2.57,3.28,,tablet,False,False
drospirenone,C[C@]12CCC(=O)C=C1[C@@H]1C[C@@H]1[C@H]1[C@@H]3[C@@H]4C[C@@H]4[C@@]4(CCC(=O)O4)[C@@]3(C)CC[C@@H]12,1.0,0.0113159179919262,-1.946310208597776,2,1.25,27.8,161.0,,tablet,False,False
drospirenone,C[C@]12CCC(=O)C=C1[C@@H]1C[C@@H]1[C@H]1[C@@H]3[C@@H]4C[C@@H]4[C@@]4(CCC(=O)O4)[C@@]3(C)CC[C@@H]12,3.0,0.0387963915847852,-1.8883299205608115,2,1.25,26.35,482.0,,tablet,False,False
drospirenone,C[C@]12CCC(=O)C=C1[C@@H]1C[C@@H]1[C@H]1[C@@H]3[C@@H]4C[C@@H]4[C@@]4(CCC(=O)O4)[C@@]3(C)CC[C@@H]12,6.0,0.0760756202735147,-1.8969057483706389,2,1.625,27.4,1029.0,,tablet,False,False
dienogest,C[C@]12CCC3=C4CCC(=O)C=C4CC[C@H]3[C@@H]1CC[C@@]2(O)CC#N,2.0,0.0526414285520444,-1.5797023292706251,2,1.4,10.4,636.4,90.0,tablet,False,False
estetrol,C[C@]12CC[C@@H]3c4ccc(O)cc4CC[C@H]3[C@@H]1[C@@H](O)[C@@H](O)[C@@H]2O,1.0,0.0005499999999999,-3.2596373105057563,1,0.25,,3.7,,solution,False,False
estetrol,C[C@]12CC[C@@H]3c4ccc(O)cc4CC[C@H]3[C@@H]1[C@@H](O)[C@@H](O)[C@@H]2O,10.0,0.00855,-3.068033885271827,1,0.25,28.42,52.59,,solution,False,False
estetrol,C[C@]12CC[C@@H]3c4ccc(O)cc4CC[C@H]3[C@@H]1[C@@H](O)[C@@H](O)[C@@H]2O,100.0,0.1583,-2.800519085137644,1,0.5,28.02,649.2,,solution,False,False
estromustine,C[C@]12CC[C@@H]3c4ccc(OC(=O)N(CCCl)CCCl)cc4CC[C@H]3[C@@H]1CC[C@@H]2O,420.0,0.4533982673103195,-2.966769434287607,2,2.0,15.435,3358.9,43.7,capsule,True,False
abiraterone,C[C@]12CC[C@H](O)CC1=CC[C@@H]1[C@@H]2CC[C@]2(C)C(c3cccnc3)=CC[C@@H]12,250.0,0.0528339379565824,-3.67502702681197,2,2.1100000000000003,11.42,271.95,,tablet,True,False
abiraterone,C[C@]12CC[C@H](O)CC1=CC[C@@H]1[C@@H]2CC[C@]2(C)C(c3cccnc3)=CC[C@@H]12,500.0,0.0904599999999999,-3.742513420926119,1,2.0,15.1,494.3,,tablet,True,False
abiraterone,C[C@]12CC[C@H](O)CC1=CC[C@@H]1[C@@H]2CC[C@]2(C)C(c3cccnc3)=CC[C@@H]12,1000.0,0.1721,-3.76421912967244,1,1.5,16.59,822.4,,tablet,True,False
oxandrolone,C[C@]12COC(=O)C[C@@H]1CC[C@@H]1[C@@H]2CC[C@@]2(C)[C@H]1CC[C@]2(C)O,10.0,0.4066,-1.3908326256979802,1,1.0,8.87,3175.3,,solution,False,False
Vilaprisan,C[C@]12C[C@H](c3ccc(S(C)(=O)=O)cc3)C3=C4CCC(=O)C=C4CC[C@H]3[C@@H]1CC[C@@]2(O)C(F)(F)C(F)(F)F,2.0,0.0083165497653774,-2.3810868050264364,2,1.5,39.2,152.0,,tablet,False,False
Vilaprisan,C[C@]12C[C@H](c3ccc(S(C)(=O)=O)cc3)C3=C4CCC(=O)C=C4CC[C@H]3[C@@H]1CC[C@@]2(O)C(F)(F)C(F)(F)F,4.0,0.0165999999999999,-2.3819519032879075,1,2.5,38.9,325.0,61.1,tablet,False,False
betaine,C[N+](C)(C)CC(=O)[O-],3500.0,110.00197,-1.502667581442339,1,0.9,14.38,646422.66,,solution,False,False
amitriptylinoxide,C[N+](C)([O-])CCC=C1c2ccccc2CCc2ccccc21,50.0,0.4838,-2.014304140310158,1,0.86,1.49,1713.0,,tablet,False,False
diphemanil,C[N+]1(C)CCC(=C(c2ccccc2)c2ccccc2)CC1,250.0,0.04085,-3.7867479478036032,1,2.5,7.92,342.96,,capsule,False,False
ademetionine (same),C[S+](CC[C@H](N)C(=O)[O-])C[C@H]1O[C@@H](n2cnc3c(N)ncnc32)[C@H](O)[C@@H]1O,500.0,0.93737,-2.727058954280209,1,4.39,3.08,2961.15,,enteric-coated tablet,False,False
ademetionine (same),C[S+](CC[C@H](N)C(=O)[O-])C[C@H]1O[C@@H](n2cnc3c(N)ncnc32)[C@H](O)[C@@H]1O,1000.0,0.97221,-3.0122399161533884,1,5.3,6.17,4741.5,2.9,enteric-coated tablet,False,False
milrinone,Cc1[nH]c(=O)c(C#N)cc1-c1ccncc1,0.91,0.0259,-1.5457416282398415,1,1.0,0.79,37.6,92.0,tablet,False,False
milrinone,Cc1[nH]c(=O)c(C#N)cc1-c1ccncc1,2.13,0.0406,-1.7198535698615434,1,1.0,0.89,72.6,92.0,tablet,False,False
milrinone,Cc1[nH]c(=O)c(C#N)cc1-c1ccncc1,5.07,0.1144,-1.6465819348763306,1,1.03,0.76,172.7,92.0,tablet,False,False
milrinone,Cc1[nH]c(=O)c(C#N)cc1-c1ccncc1,6.76,0.1502,-1.6532767632734864,1,1.5,1.08,311.8,92.0,tablet,False,False
milrinone,Cc1[nH]c(=O)c(C#N)cc1-c1ccncc1,10.18,0.1507,-1.829634525686108,1,1.53,1.1,348.3,92.0,tablet,False,False
milrinone,Cc1[nH]c(=O)c(C#N)cc1-c1ccncc1,12.23,0.2159,-1.7531738147020546,1,1.0,1.06,382.7,92.0,tablet,False,False
panobinostat,Cc1[nH]c2ccccc2c1CCNCc1ccc(/C=C/C(=O)NO)cc1,30.0,0.023947860029656,-3.097854543601019,2,1.51,29.05,187.4,21.0,,False,False
alosetron,Cc1[nH]cnc1CN1CCc2c(c3ccccc3n2C)C1=O,1.0,0.0059368762830296,-2.2264420011257124,2,1.105,1.47,16.2,,tablet,False,True
alosetron,Cc1[nH]cnc1CN1CCc2c(c3ccccc3n2C)C1=O,2.0,0.0116837493982026,-2.233447762335504,2,1.0,1.4449999999999998,30.6,50.0,tablet,False,True
BMS-986142,Cc1c(-c2c(F)cc(C(N)=O)c3[nH]c4c(c23)CC[C@H](C(C)(C)O)C4)cccc1-n1c(=O)c2cccc(F)c2n(C)c1=O,5.0,0.0090299999999999,-2.743282254022513,1,2.03,6.87,102.0,,,False,False
BMS-986142,Cc1c(-c2c(F)cc(C(N)=O)c3[nH]c4c(c23)CC[C@H](C(C)(C)O)C4)cccc1-n1c(=O)c2cccc(F)c2n(C)c1=O,15.0,0.0368999999999999,-2.609064892896621,1,2.0,8.02,388.0,,,False,False
BMS-986142,Cc1c(-c2c(F)cc(C(N)=O)c3[nH]c4c(c23)CC[C@H](C(C)(C)O)C4)cccc1-n1c(=O)c2cccc(F)c2n(C)c1=O,50.0,0.1849999999999999,-2.431798275933005,1,1.0,9.7,1586.0,,,False,False
BMS-986142,Cc1c(-c2c(F)cc(C(N)=O)c3[nH]c4c(c23)CC[C@H](C(C)(C)O)C4)cccc1-n1c(=O)c2cccc(F)c2n(C)c1=O,100.0,0.311,-2.5072396109731625,1,1.5,10.3,3019.0,,,False,False
BMS-986142,Cc1c(-c2c(F)cc(C(N)=O)c3[nH]c4c(c23)CC[C@H](C(C)(C)O)C4)cccc1-n1c(=O)c2cccc(F)c2n(C)c1=O,300.0,1.081,-2.443295560766352,1,1.02,10.6,11390.0,,,False,False
BMS-986142,Cc1c(-c2c(F)cc(C(N)=O)c3[nH]c4c(c23)CC[C@H](C(C)(C)O)C4)cccc1-n1c(=O)c2cccc(F)c2n(C)c1=O,900.0,1.878,-2.680546921509233,1,2.0,10.7,28063.0,,,False,False
bazedoxifene,Cc1c(-c2ccc(O)cc2)n(Cc2ccc(OCCN3CCCCCC3)cc2)c2ccc(O)cc12,0.1,6.000000000000003e-05,-3.221848749616356,1,6.3,,,,tablet,False,False
bazedoxifene,Cc1c(-c2ccc(O)cc2)n(Cc2ccc(OCCN3CCCCCC3)cc2)c2ccc(O)cc12,0.5,0.0001199999999999,-3.619788758288394,1,1.6,,,,tablet,False,False
bazedoxifene,Cc1c(-c2ccc(O)cc2)n(Cc2ccc(OCCN3CCCCCC3)cc2)c2ccc(O)cc12,1.0,0.00026,-3.585026652029182,1,2.3,51.0,4.0,,tablet,False,False
bazedoxifene,Cc1c(-c2ccc(O)cc2)n(Cc2ccc(OCCN3CCCCCC3)cc2)c2ccc(O)cc12,2.5,0.00067,-3.571865205971211,1,1.6,37.0,10.0,,tablet,False,False
bazedoxifene,Cc1c(-c2ccc(O)cc2)n(Cc2ccc(OCCN3CCCCCC3)cc2)c2ccc(O)cc12,5.0,0.001,-3.6989700043360183,1,3.4,32.0,22.0,,tablet,False,False
bazedoxifene,Cc1c(-c2ccc(O)cc2)n(Cc2ccc(OCCN3CCCCCC3)cc2)c2ccc(O)cc12,10.0,0.002,-3.6989700043360183,2,2.45,28.0,29.5,6.2,tablet,False,False
bazedoxifene,Cc1c(-c2ccc(O)cc2)n(Cc2ccc(OCCN3CCCCCC3)cc2)c2ccc(O)cc12,20.0,0.0031,-3.8096683018297086,1,1.2,32.0,54.0,,tablet,False,False
bazedoxifene,Cc1c(-c2ccc(O)cc2)n(Cc2ccc(OCCN3CCCCCC3)cc2)c2ccc(O)cc12,30.0,0.0070999999999999,-3.625862906000588,1,2.0,33.0,141.0,,tablet,False,False
bazedoxifene,Cc1c(-c2ccc(O)cc2)n(Cc2ccc(OCCN3CCCCCC3)cc2)c2ccc(O)cc12,45.0,0.0094999999999999,-3.675488908486496,1,1.2,25.0,173.0,,tablet,False,False
bazedoxifene,Cc1c(-c2ccc(O)cc2)n(Cc2ccc(OCCN3CCCCCC3)cc2)c2ccc(O)cc12,60.0,0.013,-3.664207898076807,1,1.5,31.0,196.0,,tablet,False,False
bazedoxifene,Cc1c(-c2ccc(O)cc2)n(Cc2ccc(OCCN3CCCCCC3)cc2)c2ccc(O)cc12,90.0,0.0146999999999999,-3.7869251746911488,1,2.6,34.0,245.0,,tablet,False,False
bazedoxifene,Cc1c(-c2ccc(O)cc2)n(Cc2ccc(OCCN3CCCCCC3)cc2)c2ccc(O)cc12,120.0,0.0198999999999999,-3.7803281696379183,1,2.0,44.0,430.0,,tablet,False,False
3-methylflavone-8-carboxylic acid (mfca),Cc1c(-c2ccccc2)oc2c(C(=O)O)cccc2c1=O,200.0,11.5732233671523,-1.2375756604286574,2,1.255,2.65,22280.895,,tablet,True,False
rimonabant,Cc1c(C(=O)NN2CCCCC2)nn(-c2ccc(Cl)cc2Cl)c1-c1ccc(Cl)cc1,20.0,0.21223,-1.974223221595543,1,3.33,185.25,49113.48,,tablet,False,False
sonidegib,Cc1c(C(=O)Nc2ccc(N3C[C@@H](C)O[C@@H](C)C3)nc2)cccc1-c1ccc(OC(F)(F)F)cc1,200.0,0.1,-3.3010299956639813,1,3.0,,2740.0,,capsule,False,False
sonidegib,Cc1c(C(=O)Nc2ccc(N3C[C@@H](C)O[C@@H](C)C3)nc2)cccc1-c1ccc(OC(F)(F)F)cc1,800.0,0.256,-3.494850021680094,1,2.49,280.0,10900.0,,,False,False
troglitazone,Cc1c(C)c2c(c(C)c1O)CCC(C)(COc1ccc(CC3SC(=O)NC3=O)cc1)O2,400.0,0.9612491872558332,-2.619224005717909,2,3.6,11.75,10250.0,45.0,tablet,False,False
Fevipiprant,Cc1c(CC(=O)O)c2cccnc2n1Cc1ccc(S(C)(=O)=O)cc1C(F)(F)F,10.0,0.021,-2.6777807052660805,1,1.0,,104.0,,,False,False
Fevipiprant,Cc1c(CC(=O)O)c2cccnc2n1Cc1ccc(S(C)(=O)=O)cc1C(F)(F)F,30.0,0.105,-2.4559319556497243,1,1.0,,445.0,,,False,False
Fevipiprant,Cc1c(CC(=O)O)c2cccnc2n1Cc1ccc(S(C)(=O)=O)cc1C(F)(F)F,100.0,0.2009999999999999,-2.6968039425795114,1,2.0,19.0,1369.0,,,False,False
Fevipiprant,Cc1c(CC(=O)O)c2cccnc2n1Cc1ccc(S(C)(=O)=O)cc1C(F)(F)F,300.0,0.803,-2.5724057094409813,1,2.0,20.0,6170.0,,,False,False
opicapone,Cc1c(Cl)c(C)[n+]([O-])c(Cl)c1-c1noc(-c2cc(O)c(O)c([N+](=O)[O-])c2)n1,10.0,0.1309999999999999,-1.882728704344236,1,2.5,1.1,497.0,,capsule,False,False
opicapone,Cc1c(Cl)c(C)[n+]([O-])c(Cl)c1-c1noc(-c2cc(O)c(O)c([N+](=O)[O-])c2)n1,25.0,0.309,-1.907981529247203,1,1.5,1.0,858.0,,capsule,False,False
opicapone,Cc1c(Cl)c(C)[n+]([O-])c(Cl)c1-c1noc(-c2cc(O)c(O)c([N+](=O)[O-])c2)n1,50.0,0.522,-1.9812995013337569,1,3.5,0.8,1657.0,,capsule,False,False
opicapone,Cc1c(Cl)c(C)[n+]([O-])c(Cl)c1-c1noc(-c2cc(O)c(O)c([N+](=O)[O-])c2)n1,100.0,0.927,-2.032920265855503,1,1.8,1.2,2373.0,,capsule,False,False
opicapone,Cc1c(Cl)c(C)[n+]([O-])c(Cl)c1-c1noc(-c2cc(O)c(O)c([N+](=O)[O-])c2)n1,200.0,1.288,-2.191114132640188,1,2.0,1.3,3937.0,,capsule,False,False
opicapone,Cc1c(Cl)c(C)[n+]([O-])c(Cl)c1-c1noc(-c2cc(O)c(O)c([N+](=O)[O-])c2)n1,400.0,2.013,-2.298216216439308,1,2.0,2.0,6329.0,,capsule,False,False
opicapone,Cc1c(Cl)c(C)[n+]([O-])c(Cl)c1-c1noc(-c2cc(O)c(O)c([N+](=O)[O-])c2)n1,800.0,2.787,-2.4579530182786398,1,2.5,2.5,11159.0,,capsule,False,False
opicapone,Cc1c(Cl)c(C)[n+]([O-])c(Cl)c1-c1noc(-c2cc(O)c(O)c([N+](=O)[O-])c2)n1,1200.0,4.883,-2.390494521763501,1,1.5,3.2,15028.0,,capsule,False,False
tolfenamic acid,Cc1c(Cl)cccc1Nc1ccccc1C(=O)O,100.0,1.98,-1.7033348097384688,1,1.33,2.72,7070.0,63.2,capsule,False,False
tolfenamic acid,Cc1c(Cl)cccc1Nc1ccccc1C(=O)O,200.0,2.97,-1.8282735463467688,1,1.5,3.71,13500.0,60.4,capsule,False,False
tolfenamic acid,Cc1c(Cl)cccc1Nc1ccccc1C(=O)O,400.0,6.150000000000001,-1.8131848755525453,1,1.83,2.52,23810.0,55.6,capsule,False,False
tolfenamic acid,Cc1c(Cl)cccc1Nc1ccccc1C(=O)O,800.0,12.2,-1.8167301563171956,1,1.92,2.64,55030.0,61.6,capsule,False,False
grepafloxacin,Cc1c(F)c(N2CCNC(C)C2)cc2c1c(=O)c(C(=O)O)cn2C1CC1,200.0,0.45,-2.6478174818886373,1,1.99,10.14,5080.0,70.0,tablet,False,False
grepafloxacin,Cc1c(F)c(N2CCNC(C)C2)cc2c1c(=O)c(C(=O)O)cn2C1CC1,400.0,0.93,-2.6335770427740277,1,2.49,11.68,11350.0,70.0,tablet,False,False
grepafloxacin,Cc1c(F)c(N2CCNC(C)C2)cc2c1c(=O)c(C(=O)O)cn2C1CC1,600.0,1.6410667262485097,-2.56302501043209,2,2.79,12.395,21180.0,70.0,tablet,False,False
grepafloxacin,Cc1c(F)c(N2CCNC(C)C2)cc2c1c(=O)c(C(=O)O)cn2C1CC1,800.0,2.26,-2.5489815478445426,1,2.1,12.25,27690.0,70.0,tablet,False,False
grepafloxacin,Cc1c(F)c(N2CCNC(C)C2)cc2c1c(=O)c(C(=O)O)cn2C1CC1,1200.0,3.1699999999999995,-2.578121983829873,1,3.0,11.68,45040.0,70.0,tablet,False,False
Losmapimod,Cc1c(F)cc(C(=O)NC2CC2)cc1-c1ccc(C(=O)NCC(C)(C)C)cn1,2.5,0.0120499999999999,-2.3169529617611504,1,3.0,9.02,107.72,,tablet,False,False
Losmapimod,Cc1c(F)cc(C(=O)NC2CC2)cc1-c1ccc(C(=O)NCC(C)(C)C)cn1,7.5,0.0275599999999999,-2.434782050156112,1,4.0,7.9,269.14,,tablet,False,False
Losmapimod,Cc1c(F)cc(C(=O)NC2CC2)cc1-c1ccc(C(=O)NCC(C)(C)C)cn1,15.0,0.0459,-2.51427857351842,1,3.5,9.44,528.0,62.0,tablet,False,False
Losmapimod,Cc1c(F)cc(C(=O)NC2CC2)cc1-c1ccc(C(=O)NCC(C)(C)C)cn1,20.0,0.0563899999999999,-2.549827901075628,1,4.0,9.03,682.8,,tablet,False,False
4-aminoantipyrine,Cc1c(N)c(=O)n(-c2ccccc2)n1C,750.0,1.01,-2.870739889609057,1,3.43,4.12,10600.0,,tablet,True,False
4-aminoantipyrine,Cc1c(N)c(=O)n(-c2ccccc2)n1C,1500.0,2.32,-2.810603274164781,1,4.6,4.76,29000.0,,tablet,True,False
4-aminoantipyrine,Cc1c(N)c(=O)n(-c2ccccc2)n1C,3000.0,4.67,-2.8078043741535503,1,6.87,5.35,71700.0,,tablet,True,False
4-formylaminoantipyrine,Cc1c(NC=O)c(=O)n(-c2ccccc2)n1C,750.0,1.61,-2.66823538735985,1,6.53,9.64,34400.0,,tablet,True,False
4-formylaminoantipyrine,Cc1c(NC=O)c(=O)n(-c2ccccc2)n1C,1500.0,2.51,-2.7764175375746434,1,8.0,9.98,73300.0,,tablet,True,False
4-formylaminoantipyrine,Cc1c(NC=O)c(=O)n(-c2ccccc2)n1C,3000.0,3.1,-2.98575956088539,1,8.93,10.29,81000.0,,tablet,True,False
deferiprone,Cc1c(O)c(=O)ccn1C,1407.5,24.6,-1.7575132964200049,1,0.75,2.13,71666.67,,tablet,False,False
deferiprone,Cc1c(O)c(=O)ccn1C,2310.0,34.07000000000001,-1.8312398463242667,1,0.82,1.85,95400.0,,tablet,False,False
deferiprone,Cc1c(O)c(=O)ccn1C,3500.0,54.390000000000015,-1.8085489855351045,1,0.82,1.84,152100.0,,tablet,False,False
nelfinavir,Cc1c(O)cccc1C(=O)N[C@@H](CSc1ccccc1)[C@H](O)CN1C[C@H]2CCCC[C@H]2C[C@H]1C(=O)NC(C)(C)C,750.0,2.619,-2.456925764966468,1,4.0,3.86,20722.0,,tablet,False,False
nelfinavir,Cc1c(O)cccc1C(=O)N[C@@H](CSc1ccccc1)[C@H](O)CN1C[C@H]2CCCC[C@H]2C[C@H]1C(=O)NC(C)(C)C,1250.0,3.657321424211988,-2.533746882960586,2,3.7,4.31,31540.0,88.0,tablet,False,False
lansoprazole,Cc1c(OCC(F)(F)F)ccnc1C[S+]([O-])c1nc2ccccc2[nH]1,15.0,0.5305552751599026,-1.451360622097514,2,1.7999999999999998,1.105,1427.5,,capsule,False,False
lansoprazole,Cc1c(OCC(F)(F)F)ccnc1C[S+]([O-])c1nc2ccccc2[nH]1,30.0,1.039875991994142,-1.4601397031168093,3,2.0,1.17,2669.0,,capsule,False,False
rilpivirine,Cc1cc(/C=C/C#N)cc(C)c1Nc1ccnc(Nc2ccc(C#N)cc2)n1,75.0,0.1699999999999999,-2.644612342013426,1,4.0,55.0,7202.0,,tablet,False,False
etravirine,Cc1cc(C#N)cc(C)c1Oc1nc(Nc2ccc(C#N)cc2)nc(N)c1Br,100.0,0.089,-3.050609993355087,1,2.0,,921.0,,,False,False
Valemetostat,Cc1cc(C)c(CNC(=O)c2cc(Cl)c3c(c2C)O[C@@](C)([C@H]2CC[C@H](N(C)C)CC2)O3)c(=O)[nH]1,50.0,0.386,-2.112382699664264,1,3.5,23.1,1900.0,,tablet,False,False
Valemetostat,Cc1cc(C)c(CNC(=O)c2cc(Cl)c3c(c2C)O[C@@](C)([C@H]2CC[C@H](N(C)C)CC2)O3)c(=O)[nH]1,100.0,0.873,-2.0589857562944305,1,4.0,20.8,5870.0,,tablet,False,False
Valemetostat,Cc1cc(C)c(CNC(=O)c2cc(Cl)c3c(c2C)O[C@@](C)([C@H]2CC[C@H](N(C)C)CC2)O3)c(=O)[nH]1,200.0,1.5,-2.1249387366083,1,4.5,20.4,10800.0,,tablet,False,False
metaxalone,Cc1cc(C)cc(OCC2CNC(=O)O2)c1,400.0,0.983,-2.6095064734958267,1,3.3,9.0,7479.0,,tablet,False,False
metaxalone,Cc1cc(C)cc(OCC2CNC(=O)O2)c1,800.0,1.738339437509257,-2.6629554039220578,2,3.9,10.8,15480.5,,tablet,False,False
sulfamethazine,Cc1cc(C)nc(NS(=O)(=O)c2ccc(N)cc2)n1,850.0,40.11999999999999,-1.3260580013659122,1,3.0,,360780.0,,tablet,False,False
sulfamethazine,Cc1cc(C)nc(NS(=O)(=O)c2ccc(N)cc2)n1,3400.0,102.23,-1.521900556247713,1,3.0,7.77,1847900.0,,tablet,False,False
Pleconaril,Cc1cc(CCCOc2c(C)cc(-c3noc(C(F)(F)F)n3)cc2C)on1,50.0,0.31,-2.207608310501746,1,5.0,34.0,2480.0,,capsule ,False,False
Pleconaril,Cc1cc(CCCOc2c(C)cc(-c3noc(C(F)(F)F)n3)cc2C)on1,100.0,0.4699999999999999,-2.3279021420642825,1,3.0,22.0,3630.0,,capsule ,False,False
Pleconaril,Cc1cc(CCCOc2c(C)cc(-c3noc(C(F)(F)F)n3)cc2C)on1,200.0,1.48,-2.130768280269024,1,3.0,32.4,9390.0,,capsule ,False,False
Pleconaril,Cc1cc(CCCOc2c(C)cc(-c3noc(C(F)(F)F)n3)cc2C)on1,400.0,2.34,-2.23284413391782,1,3.0,38.2,15520.0,,capsule ,False,False
Pleconaril,Cc1cc(CCCOc2c(C)cc(-c3noc(C(F)(F)F)n3)cc2C)on1,600.0,3.28,-2.2622774066719646,1,3.0,29.2,21160.0,,capsule ,False,False
Pleconaril,Cc1cc(CCCOc2c(C)cc(-c3noc(C(F)(F)F)n3)cc2C)on1,800.0,3.8,-2.3233063903751336,1,4.0,34.6,26290.0,,capsule ,False,False
Pleconaril,Cc1cc(CCCOc2c(C)cc(-c3noc(C(F)(F)F)n3)cc2C)on1,1000.0,6.0,-2.2218487496163566,1,3.0,27.5,51940.0,,capsule ,False,False
Selonsertib,Cc1cc(F)c(C(=O)Nc2cccc(-c3nncn3C(C)C)n2)cc1-n1cnc(C2CC2)c1,1.0,0.0240999999999999,-1.6179829574251317,1,4.0,15.3,450.0,,,False,False
Selonsertib,Cc1cc(F)c(C(=O)Nc2cccc(-c3nncn3C(C)C)n2)cc1-n1cnc(C2CC2)c1,3.0,0.0784,-1.582805192035224,1,3.0,20.5,1650.0,,,False,False
Selonsertib,Cc1cc(F)c(C(=O)Nc2cccc(-c3nncn3C(C)C)n2)cc1-n1cnc(C2CC2)c1,10.0,0.204,-1.6903698325741012,1,3.0,18.5,4810.0,,,False,False
Selonsertib,Cc1cc(F)c(C(=O)Nc2cccc(-c3nncn3C(C)C)n2)cc1-n1cnc(C2CC2)c1,30.0,0.621,-1.6840296545430822,1,3.0,18.6,13000.0,,,False,False
Selonsertib,Cc1cc(F)c(C(=O)Nc2cccc(-c3nncn3C(C)C)n2)cc1-n1cnc(C2CC2)c1,100.0,2.32,-1.6345120151091004,1,4.0,18.5,50900.0,,,False,False
isoxicam,Cc1cc(NC(=O)C2=C(O)c3ccccc3S(=O)(=O)N2C)no1,200.0,12.2,-1.214670164989233,1,12.0,29.35,651300.0,97.0,capsule,False,False
sulfamethoxazole,Cc1cc(NS(=O)(=O)c2ccc(N)cc2)no1,1200.0,94.42,-1.1041172499523886,1,1.4,9.3,1202500.0,,tablet,False,False
ceritinib,Cc1cc(Nc2ncc(Cl)c(=Nc3ccccc3S(=O)(=O)C(C)C)[nH]2)c(OC(C)C)cc1C1CCNCC1,500.0,0.159,-3.4975728800155674,1,8.0,36.2,6910.0,,capsule,False,False
ceritinib,Cc1cc(Nc2ncc(Cl)c(=Nc3ccccc3S(=O)(=O)C(C)C)[nH]2)c(OC(C)C)cc1C1CCNCC1,750.0,0.2134994145191035,-3.545664574997736,2,8.01,36.150000000000006,9795.0,,capsule,False,False
tucatinib,Cc1cc(Nc2ncnc3ccc(NC4=NC(C)(C)CO4)cc23)ccc1Oc1ccn2ncnc2c1,300.0,0.4028786727997867,-2.871946976982617,4,2.0,8.325,2620.0,,,False,False
deacetylmetipranolol,Cc1cc(OCC(O)CNC(C)C)c(C)c(C)c1O,40.0,0.0219999999999999,-3.2596373105057563,1,1.0,2.99,108.58,,tablet,True,False
deacetylmoxisylyte,Cc1cc(OCCN(C)C)c(C(C)C)cc1O,120.0,3.026,-1.598312322360457,1,0.67,2.09,4192.0,114.0,tablet,True,False
olanzapine,Cc1cc2c(s1)Nc1ccccc1N=C2N1CCN(C)CC1,2.5,0.00416,-2.7788466780452947,1,6.9,29.75,161.66,60.0,capsule,False,False
olanzapine,Cc1cc2c(s1)Nc1ccccc1N=C2N1CCN(C)CC1,5.0,0.007633216884119,-2.816262402083079,2,5.5,33.765,331.045,60.0,capsule,False,False
olanzapine,Cc1cc2c(s1)Nc1ccccc1N=C2N1CCN(C)CC1,10.0,0.0163,-2.7878123955960423,1,5.29,29.15,641.51,60.0,capsule,False,False
riboflavin,Cc1cc2nc3c(=O)[nH]c(=O)nc-3n(C[C@H](O)[C@H](O)[C@H](O)CO)c2cc1C,20.0,0.08194,-2.387534036046857,1,1.5,3.83,332.67,96.3,tablet,False,False
riboflavin,Cc1cc2nc3c(=O)[nH]c(=O)nc-3n(C[C@H](O)[C@H](O)[C@H](O)CO)c2cc1C,40.0,0.0778,-2.711080394338273,1,1.4,,333.61,48.3,tablet,False,False
riboflavin,Cc1cc2nc3c(=O)[nH]c(=O)nc-3n(C[C@H](O)[C@H](O)[C@H](O)CO)c2cc1C,60.0,0.116,-2.7136932611567253,1,2.0,3.42,369.44,35.7,tablet,False,False
celecoxib,Cc1ccc(-c2cc(C(F)(F)F)nn2-c2ccc(S(N)(=O)=O)cc2)cc1,200.0,0.6832255170437157,-2.4664659176898027,3,3.0,7.4,6239.7,,capsule,False,False
zolpidem,Cc1ccc(-c2nc3ccc(C)cn3c2CC(=O)N(C)C)cc1,5.0,0.07573,-1.8197020475114056,1,0.91,2.39,300.2,,tablet,False,True
zolpidem,Cc1ccc(-c2nc3ccc(C)cn3c2CC(=O)N(C)C)cc1,10.0,0.1275585237071056,-1.8942905156878416,4,1.1800000000000002,2.24,501.335,,tablet,False,True
zolpidem,Cc1ccc(-c2nc3ccc(C)cn3c2CC(=O)N(C)C)cc1,20.0,0.2447517797001554,-1.9123041372270209,3,1.58,2.06,889.0,71.8,capsule,False,True
etoricoxib,Cc1ccc(-c2ncc(Cl)cc2-c2ccc(S(C)(=O)=O)cc2)cn1,5.0,0.095,-1.721246399047171,1,1.0,22.2,1550.0,,tablet,False,False
etoricoxib,Cc1ccc(-c2ncc(Cl)cc2-c2ccc(S(C)(=O)=O)cc2)cn1,10.0,0.2009999999999999,-1.6968039425795112,1,1.0,22.5,3470.0,,tablet,False,False
etoricoxib,Cc1ccc(-c2ncc(Cl)cc2-c2ccc(S(C)(=O)=O)cc2)cn1,20.0,0.411,-1.687188173787912,1,1.0,21.9,6700.0,,tablet,False,False
etoricoxib,Cc1ccc(-c2ncc(Cl)cc2-c2ccc(S(C)(=O)=O)cc2)cn1,30.0,0.53,-1.7528453851188734,1,1.8,28.5,9080.0,,tablet,False,False
etoricoxib,Cc1ccc(-c2ncc(Cl)cc2-c2ccc(S(C)(=O)=O)cc2)cn1,40.0,0.788,-1.705533773838407,1,1.0,22.3,13290.0,,tablet,False,False
etoricoxib,Cc1ccc(-c2ncc(Cl)cc2-c2ccc(S(C)(=O)=O)cc2)cn1,60.0,1.27,-1.6743475294276868,1,1.0,29.9,18570.0,,tablet,False,False
etoricoxib,Cc1ccc(-c2ncc(Cl)cc2-c2ccc(S(C)(=O)=O)cc2)cn1,120.0,2.2484853806413163,-1.7272911778605624,3,1.5,28.4,40560.0,,tablet,False,False
etoricoxib,Cc1ccc(-c2ncc(Cl)cc2-c2ccc(S(C)(=O)=O)cc2)cn1,240.0,4.37,-1.7397298047411842,1,1.3,27.6,76100.0,,tablet,False,False
suvorexant,Cc1ccc(-n2nccn2)c(C(=O)N2CCN(c3nc4cc(Cl)ccc4o3)CC[C@H]2C)c1,4.0,0.12626,-1.5007942063366273,1,1.0,11.2,1176.93,,tablet,False,False
suvorexant,Cc1ccc(-n2nccn2)c(C(=O)N2CCN(c3nc4cc(Cl)ccc4o3)CC[C@H]2C)c1,10.0,0.1605299999999999,-1.794443794306083,1,2.0,7.7,1776.66,,tablet,False,False
suvorexant,Cc1ccc(-n2nccn2)c(C(=O)N2CCN(c3nc4cc(Cl)ccc4o3)CC[C@H]2C)c1,20.0,0.2685369050987219,-1.872026016319899,2,1.75,10.4,3122.69,,tablet,False,False
suvorexant,Cc1ccc(-n2nccn2)c(C(=O)N2CCN(c3nc4cc(Cl)ccc4o3)CC[C@H]2C)c1,40.0,0.3723128100133005,-2.0311520122613804,2,2.0,10.75,5517.13,,tablet,False,False
suvorexant,Cc1ccc(-n2nccn2)c(C(=O)N2CCN(c3nc4cc(Cl)ccc4o3)CC[C@H]2C)c1,80.0,0.59929,-2.1254529560517628,1,2.0,10.0,7020.98,,tablet,False,False
suvorexant,Cc1ccc(-n2nccn2)c(C(=O)N2CCN(c3nc4cc(Cl)ccc4o3)CC[C@H]2C)c1,100.0,0.64258,-2.192072795785448,1,4.0,12.6,12603.49,,tablet,False,False
acrivastine,Cc1ccc(/C(=C\CN2CCCC2)c2cccc(/C=C/C(=O)O)n2)cc1,4.0,0.073,-1.7387371312075066,1,1.4,1.66,242.0,,capsule,False,False
acrivastine,Cc1ccc(/C(=C\CN2CCCC2)c2cccc(/C=C/C(=O)O)n2)cc1,12.0,0.1789999999999999,-1.826328215067732,1,0.85,,576.0,,syrup,False,False
triprolidine,Cc1ccc(/C(=C\CN2CCCC2)c2ccccn2)cc1,2.5,0.0068585712797928,-2.5617063521379966,2,1.75,3.7,47.15,,syrup,False,False
triprolidine,Cc1ccc(/C(=C\CN2CCCC2)c2ccccn2)cc1,3.75,0.0082,-2.660217415344002,1,2.0,5.0,75.0,,syrup,False,False
triprolidine,Cc1ccc(/C(=C\CN2CCCC2)c2ccccn2)cc1,5.0,0.0143,-2.543633966870957,1,1.5,4.1,86.0,,tablet,False,False
pirfenidone,Cc1ccc(=O)n(-c2ccccc2)c1,200.0,6.3,-1.5016894462103996,1,0.6,2.3,21600.0,,capsule,False,False
pirfenidone,Cc1ccc(=O)n(-c2ccccc2)c1,400.0,11.903780911962382,-1.5263750662042324,2,0.55,2.09,36725.0,,capsule,False,False
pirfenidone,Cc1ccc(=O)n(-c2ccccc2)c1,600.0,20.000000000000004,-1.4771212547196624,1,0.8,2.4,77800.0,,capsule,False,False
ponatinib,Cc1ccc(C(=O)Nc2ccc(CN3CCN(C)CC3)c(C(F)(F)F)c2)cc1C#Cc1cnc2cccnn12,15.0,0.0161,-2.969265383023832,1,6.0,35.3,472.2,,,False,False
ponatinib,Cc1ccc(C(=O)Nc2ccc(CN3CCN(C)CC3)c(C(F)(F)F)c2)cc1C#Cc1cnc2cccnn12,45.0,0.055010567313893,-2.91276639000313,3,6.0,24.2,1273.0,,tablet,False,False
tolcapone,Cc1ccc(C(=O)c2cc(O)c(O)c([N+](=O)[O-])c2)cc1,5.0,0.2999999999999999,-1.2218487496163566,1,0.9,1.7,500.0,,tablet,False,False
tolcapone,Cc1ccc(C(=O)c2cc(O)c(O)c([N+](=O)[O-])c2)cc1,10.0,0.7,-1.1549019599857433,1,0.8,1.7,1100.0,,tablet,False,False
tolcapone,Cc1ccc(C(=O)c2cc(O)c(O)c([N+](=O)[O-])c2)cc1,25.0,1.3,-1.2839966563652008,1,1.4,1.6,2800.0,,tablet,False,False
tolcapone,Cc1ccc(C(=O)c2cc(O)c(O)c([N+](=O)[O-])c2)cc1,50.0,2.4,-1.3187587626244128,1,1.2,1.7,5700.0,,tablet,False,False
tolcapone,Cc1ccc(C(=O)c2cc(O)c(O)c([N+](=O)[O-])c2)cc1,100.0,4.6000000000000005,-1.337242168318426,1,1.7,2.0,12200.0,,tablet,False,False
tolcapone,Cc1ccc(C(=O)c2cc(O)c(O)c([N+](=O)[O-])c2)cc1,200.0,5.992495306631454,-1.523422293100945,2,1.8,1.95,18000.0,60.0,tablet,False,False
tolcapone,Cc1ccc(C(=O)c2cc(O)c(O)c([N+](=O)[O-])c2)cc1,400.0,13.400000000000002,-1.4749551929631548,1,1.8,2.2,43800.0,,tablet,False,False
tolcapone,Cc1ccc(C(=O)c2cc(O)c(O)c([N+](=O)[O-])c2)cc1,800.0,20.300000000000004,-1.5955939490787303,1,2.0,3.4,67700.0,,tablet,False,False
tolmetin,Cc1ccc(C(=O)c2ccc(CC(=O)O)n2C)cc1,81.5,12.999999999999998,-0.7972142564331399,1,0.67,0.96,24360.0,,solution,False,False
tolmetin,Cc1ccc(C(=O)c2ccc(CC(=O)O)n2C)cc1,244.5,26.0,-0.973305515488821,1,0.67,0.94,52720.0,,solution,False,False
tolmetin,Cc1ccc(C(=O)c2ccc(CC(=O)O)n2C)cc1,300.0,33.9,-0.9469215565165804,1,0.67,1.03,71430.0,,tablet,False,False
gemfibrozil,Cc1ccc(C)c(OCCCC(C)(C)C(=O)O)c1,900.0,46.21449988910408,-1.2894642517654509,2,2.165,3.255,165100.0,,tablet,False,False
meclofenamic acid,Cc1ccc(Cl)c(Nc2ccccc2C(=O)O)c1Cl,300.0,15.1,-1.298144307426493,1,1.1,1.4,30200.0,,capsule,False,False
phentolamine,Cc1ccc(N(CC2=NCCN2)c2cccc(O)c2)cc1,60.0,0.06705,-2.951752468196026,1,0.74,3.32,197.59,,tablet,False,False
avacopan,Cc1ccc(NC(=O)[C@H]2CCCN(C(=O)c3c(C)cccc3F)[C@H]2c2ccc(NC3CCCC3)cc2)cc1C(F)(F)F,1.0,0.002,-2.6989700043360187,1,1.1,,6.0,,capsule,False,False
avacopan,Cc1ccc(NC(=O)[C@H]2CCCN(C(=O)c3c(C)cccc3F)[C@H]2c2ccc(NC3CCCC3)cc2)cc1C(F)(F)F,3.0,0.0089999999999999,-2.522878745280338,1,1.2,,25.0,,capsule,False,False
avacopan,Cc1ccc(NC(=O)[C@H]2CCCN(C(=O)c3c(C)cccc3F)[C@H]2c2ccc(NC3CCCC3)cc2)cc1C(F)(F)F,10.0,0.025,-2.6020599913279625,1,1.7,22.9,130.0,,capsule,False,False
avacopan,Cc1ccc(NC(=O)[C@H]2CCCN(C(=O)c3c(C)cccc3F)[C@H]2c2ccc(NC3CCCC3)cc2)cc1C(F)(F)F,30.0,0.0789999999999999,-2.579494163429221,1,1.7,71.8,628.0,,capsule,False,False
avacopan,Cc1ccc(NC(=O)[C@H]2CCCN(C(=O)c3c(C)cccc3F)[C@H]2c2ccc(NC3CCCC3)cc2)cc1C(F)(F)F,100.0,0.1969999999999999,-2.705533773838407,1,2.5,64.0,2030.0,,capsule,False,False
imatinib,Cc1ccc(NC(=O)c2ccc(CN3CCN(C)CC3)cc2)cc1Nc1nccc(-c2cccnc2)n1,100.0,0.388,-2.4111682744057927,1,3.0,17.2,6126.0,,tablet,False,False
imatinib,Cc1ccc(NC(=O)c2ccc(CN3CCN(C)CC3)cc2)cc1Nc1nccc(-c2cccnc2)n1,200.0,0.9863,-2.307020962540368,1,3.0,14.3,14938.9,,tablet,False,False
imatinib,Cc1ccc(NC(=O)c2ccc(CN3CCN(C)CC3)cc2)cc1Nc1nccc(-c2cccnc2)n1,400.0,1.6214641531652805,-2.3921526394627257,2,3.25,16.85,28206.0,98.3,tablet,False,False
lumiracoxib,Cc1ccc(Nc2c(F)cccc2Cl)c(CC(=O)O)c1,200.0,3.998,-1.699187205881883,1,1.5,4.3,14468.0,74.0,tablet,False,False
lumiracoxib,Cc1ccc(Nc2c(F)cccc2Cl)c(CC(=O)O)c1,400.0,7.500000000000001,-1.7269987279362622,1,2.0,2.9,28700.0,74.0,tablet,False,False
pazopanib,Cc1ccc(Nc2nccc(N(C)c3ccc4c(C)n(C)nc4c3)n2)cc1S(N)(=O)=O,200.0,15.4,-1.1135092748275182,1,2.5,46.2,749100.0,21.0,tablet,False,False
tolterodine,Cc1ccc(O)c([C@H](CCN(C(C)C)C(C)C)c2ccccc2)c1,2.0,0.0018796256988343,-3.026958621461574,3,0.925,2.36,6.0,,tablet,False,False
tolazamide,Cc1ccc(S(=O)(=O)NC(=O)NN2CCCCCC2)cc1,250.0,25.4,-0.9931062920520995,1,4.0,7.12,304270.0,,tablet,False,False
gliclazide,Cc1ccc(S(=O)(=O)NC(=O)NN2C[C@H]3CCC[C@H]3C2)cc1,80.0,4.068209423912289,-1.2936866854874427,3,3.96,10.5,55270.0,,tablet,False,False
vortioxetine,Cc1ccc(Sc2ccccc2N2CCNCC2)c(C)c1,2.5,0.0007797435475847,-3.50598821903567,2,9.0,48.9,56.5,,tablet,False,False
vortioxetine,Cc1ccc(Sc2ccccc2N2CCNCC2)c(C)c1,5.0,0.0017972200755611,-3.4443687431704677,2,9.0,69.4,188.1,,tablet,False,False
vortioxetine,Cc1ccc(Sc2ccccc2N2CCNCC2)c(C)c1,10.0,0.0030740852297878,-3.5122840957453683,2,9.0,62.5,315.05,,tablet,False,False
vortioxetine,Cc1ccc(Sc2ccccc2N2CCNCC2)c(C)c1,20.0,0.0067970581871865,-3.468709007885918,2,8.5,59.55,569.6,75.0,tablet,False,False
vortioxetine,Cc1ccc(Sc2ccccc2N2CCNCC2)c(C)c1,30.0,0.0070999999999999,-3.625862906000588,1,8.0,37.0,379.0,,tablet,False,False
vortioxetine,Cc1ccc(Sc2ccccc2N2CCNCC2)c(C)c1,40.0,0.0152577848982085,-3.418568503339037,2,7.15,56.6,1308.0,,tablet,False,False
vortioxetine,Cc1ccc(Sc2ccccc2N2CCNCC2)c(C)c1,50.0,0.0149999999999999,-3.522878745280338,1,8.0,54.0,1067.0,,tablet,False,False
vortioxetine,Cc1ccc(Sc2ccccc2N2CCNCC2)c(C)c1,60.0,0.023,-3.416423414366051,1,8.0,48.0,1271.0,,tablet,False,False
vortioxetine,Cc1ccc(Sc2ccccc2N2CCNCC2)c(C)c1,75.0,0.021,-3.552841968657781,1,8.0,57.0,1743.0,,tablet,False,False
canagliflozin,Cc1ccc([C@@H]2O[C@H](CO)[C@@H](O)[C@H](O)[C@H]2O)cc1Cc1ccc(-c2ccc(F)cc2)s1,50.0,0.5357900708299848,-1.969975343260364,2,1.25,9.35,3161.5,,tablet,False,False
canagliflozin,Cc1ccc([C@@H]2O[C@H](CO)[C@@H](O)[C@H](O)[C@H]2O)cc1Cc1ccc(-c2ccc(F)cc2)s1,100.0,1.0498280811637684,-1.9788818147538527,2,1.25,10.9,6777.5,,tablet,False,False
canagliflozin,Cc1ccc([C@@H]2O[C@H](CO)[C@@H](O)[C@H](O)[C@H]2O)cc1Cc1ccc(-c2ccc(F)cc2)s1,300.0,2.8103023683123984,-2.0283682053395125,4,1.51,11.55,20852.0,65.0,tablet,False,False
Amenamevir,Cc1cccc(C)c1N(CC(=O)Nc1ccc(-c2ncon2)cc1)C(=O)C1CCS(=O)(=O)CC1,5.0,0.0429,-2.0665127121512947,1,1.75,7.75,474.0,,capsule,False,False
Amenamevir,Cc1cccc(C)c1N(CC(=O)Nc1ccc(-c2ncon2)cc1)C(=O)C1CCS(=O)(=O)CC1,25.0,0.177,-2.149966742310231,1,2.5,7.42,1980.0,,capsule,False,False
Amenamevir,Cc1cccc(C)c1N(CC(=O)Nc1ccc(-c2ncon2)cc1)C(=O)C1CCS(=O)(=O)CC1,100.0,0.526,-2.279014255846261,1,2.0,7.09,5870.0,,capsule,False,False
Amenamevir,Cc1cccc(C)c1N(CC(=O)Nc1ccc(-c2ncon2)cc1)C(=O)C1CCS(=O)(=O)CC1,300.0,1.04,-2.460087915420882,1,3.0,6.88,11700.0,,capsule,False,False
Amenamevir,Cc1cccc(C)c1N(CC(=O)Nc1ccc(-c2ncon2)cc1)C(=O)C1CCS(=O)(=O)CC1,600.0,1.68,-2.552841968657781,1,3.0,6.86,18700.0,,capsule,False,False
tocainide,Cc1cccc(C)c1NC(=O)C(C)N,400.0,2.68,-2.1739251972991736,1,2.1,11.2,29170.0,100.0,tablet,False,False
tocainide,Cc1cccc(C)c1NC(=O)C(C)N,600.0,3.2000000000000006,-2.2730012720637376,1,1.5,12.5,61850.0,100.0,tablet,False,False
Nefiracetam,Cc1cccc(C)c1NC(=O)CN1CCCC1=O,10.0,0.2299999999999999,-1.6382721639824072,1,1.33,5.05,1780.0,,tablet,False,False
Nefiracetam,Cc1cccc(C)c1NC(=O)CN1CCCC1=O,30.0,0.68,-1.644612342013426,1,1.67,4.43,5670.0,,tablet,False,False
Nefiracetam,Cc1cccc(C)c1NC(=O)CN1CCCC1=O,100.0,1.97,-1.705533773838407,1,1.2,5.86,19500.0,,tablet,False,False
Nefiracetam,Cc1cccc(C)c1NC(=O)CN1CCCC1=O,200.0,4.019999999999999,-1.6968039425795114,1,1.6,3.33,27100.0,,tablet,False,False
Nefiracetam,Cc1cccc(C)c1NC(=O)CN1CCCC1=O,300.0,5.769999999999999,-1.7159454415639313,1,1.4,3.46,38500.0,,tablet,False,False
Nefiracetam,Cc1cccc(C)c1NC(=O)CN1CCCC1=O,600.0,10.599999999999998,-1.7528453851188734,1,1.8,3.85,78900.0,,tablet,False,False
Nefiracetam,Cc1cccc(C)c1NC(=O)CN1CCCC1=O,1200.0,22.6,-1.725072806900224,1,1.4,3.77,167000.0,,tablet,False,False
mexiletine,Cc1cccc(C)c1OCC(C)N,100.0,0.177,-2.7520267336381936,1,1.9,11.3,2511.0,,capsule,False,False
mexiletine,Cc1cccc(C)c1OCC(C)N,200.0,0.381,-2.720105019988362,1,1.8,10.8,5094.0,,capsule,False,False
mexiletine,Cc1cccc(C)c1OCC(C)N,300.0,0.56,-2.728933227713462,1,2.0,7.9,6870.0,,capsule,False,False
mexiletine,Cc1cccc(C)c1OCC(C)N,400.0,0.820121942152507,-2.6881815598386543,2,2.25,9.5,9196.5,87.3,capsule,False,False
mexiletine,Cc1cccc(C)c1OCC(C)N,600.0,1.223,-2.6907247933473584,1,1.8,10.7,16438.0,,capsule,False,False
meclizine,Cc1cccc(CN2CCN(C(c3ccccc3)c3ccc(Cl)cc3)CC2)c1,25.0,0.0800699999999999,-2.494470180164868,1,3.11,5.21,566.54,,tablet,False,False
mefenamic acid,Cc1cccc(Nc2ccccc2C(=O)O)c1C,250.0,2.68,-1.9698052146432488,1,3.0,3.7,10740.0,,capsule,False,False
mefenamic acid,Cc1cccc(Nc2ccccc2C(=O)O)c1C,500.0,6.9,-1.8601209135987635,1,2.3,,34200.0,,tablet,False,False
torasemide,Cc1cccc(Nc2ccncc2S(=O)(=O)NC(=O)NC(C)C)c1,10.0,1.2793146602771346,-0.8930226232971129,2,1.0,3.515,3478.48,80.0,tablet,False,False
torasemide,Cc1cccc(Nc2ccncc2S(=O)(=O)NC(=O)NC(C)C)c1,20.0,2.786,-0.8560488835760365,1,0.98,3.1,6340.0,80.0,,False,False
tolvaptan,Cc1ccccc1C(=O)Nc1ccc(C(=O)N2CCC[C@@H](O)c3cc(Cl)ccc32)c(C)c1,15.0,0.1319659046875366,-2.0556295196585537,2,2.15,5.199999999999999,733.0,,tablet,False,False
tolvaptan,Cc1ccccc1C(=O)Nc1ccc(C(=O)N2CCC[C@@H](O)c3cc(Cl)ccc32)c(C)c1,30.0,0.2308397156487829,-2.1138107240520227,3,2.0,6.7,1590.0,56.0,tablet,False,False
tolvaptan,Cc1ccccc1C(=O)Nc1ccc(C(=O)N2CCC[C@@H](O)c3cc(Cl)ccc32)c(C)c1,45.0,0.363,-2.093305888739231,1,2.5,2.9,2154.0,,tablet,False,False
tolvaptan,Cc1ccccc1C(=O)Nc1ccc(C(=O)N2CCC[C@@H](O)c3cc(Cl)ccc32)c(C)c1,60.0,0.3898520148601949,-2.1872514672703174,3,2.5,6.7,3400.0,,tablet,False,False
tolvaptan,Cc1ccccc1C(=O)Nc1ccc(C(=O)N2CCC[C@@H](O)c3cc(Cl)ccc32)c(C)c1,90.0,0.453311151418096,-2.2978461066396814,2,2.5,6.85,4187.5,,tablet,False,False
tolvaptan,Cc1ccccc1C(=O)Nc1ccc(C(=O)N2CCC[C@@H](O)c3cc(Cl)ccc32)c(C)c1,120.0,0.6105767764990738,-2.2934409643131337,2,2.515,10.85,5935.5,,tablet,False,False
tolvaptan,Cc1ccccc1C(=O)Nc1ccc(C(=O)N2CCC[C@@H](O)c3cc(Cl)ccc32)c(C)c1,180.0,0.8028592653759437,-2.350633081402792,2,3.5,15.05,10950.0,,tablet,False,False
tolvaptan,Cc1ccccc1C(=O)Nc1ccc(C(=O)N2CCC[C@@H](O)c3cc(Cl)ccc32)c(C)c1,240.0,0.9044390526729814,-2.423831935280423,2,3.375,12.2,14100.0,,tablet,False,False
tolvaptan,Cc1ccccc1C(=O)Nc1ccc(C(=O)N2CCC[C@@H](O)c3cc(Cl)ccc32)c(C)c1,300.0,0.994,-2.479734870322349,1,2.25,14.1,14900.0,,tablet,False,False
tolvaptan,Cc1ccccc1C(=O)Nc1ccc(C(=O)N2CCC[C@@H](O)c3cc(Cl)ccc32)c(C)c1,360.0,0.996,-2.5580431623435884,1,3.5,10.1,13200.0,,tablet,False,False
tolvaptan,Cc1ccccc1C(=O)Nc1ccc(C(=O)N2CCC[C@@H](O)c3cc(Cl)ccc32)c(C)c1,420.0,1.301,-2.5089719938363144,1,4.0,12.5,25800.0,,tablet,False,False
tolvaptan,Cc1ccccc1C(=O)Nc1ccc(C(=O)N2CCC[C@@H](O)c3cc(Cl)ccc32)c(C)c1,480.0,1.073,-2.650641515409636,1,3.5,9.9,25700.0,,tablet,False,False
orphenadrine,Cc1ccccc1C(OCCN(C)C)c1ccccc1,100.0,0.1468799999999999,-2.8330373361428327,1,3.0,14.97,2030.03,,tablet,False,False
metolazone,Cc1ccccc1N1C(=O)c2cc(S(N)(=O)=O)c(Cl)cc2NC1C,0.5,0.0075357149627623,-1.821845541361256,2,1.59,7.035,42.355,,tablet,False,False
metolazone,Cc1ccccc1N1C(=O)c2cc(S(N)(=O)=O)c(Cl)cc2NC1C,1.0,0.0169033132846788,-1.772028159278781,2,1.515,7.59,108.155,,tablet,False,False
metolazone,Cc1ccccc1N1C(=O)c2cc(S(N)(=O)=O)c(Cl)cc2NC1C,2.0,0.0326003680960813,-1.7878074918784217,2,1.75,7.51,175.34,,tablet,False,False
telotristat,Cc1ccn(-c2cc(Cl)ccc2[C@@H](Oc2cc(-c3ccc(C[C@H](N)C(=O)O)cc3)nc(N)n2)C(F)(F)F)n1,500.0,0.61,-2.913640169325252,1,2.0,5.0,2320.0,,tablet,True,False
nevirapine,Cc1ccnc2c1NC(=O)c1cccnc1N2C1CC1,2.5,0.0346399999999999,-1.8583621253267288,1,,,,,tablet,False,False
nevirapine,Cc1ccnc2c1NC(=O)c1cccnc1N2C1CC1,12.5,0.1433399999999999,-1.9405426128745351,1,0.94,40.14,6630.0,,tablet,False,False
nevirapine,Cc1ccnc2c1NC(=O)c1cccnc1N2C1CC1,25.0,0.39987,-1.7960211859918418,1,1.0,49.32,25160.0,,tablet,False,False
nevirapine,Cc1ccnc2c1NC(=O)c1cccnc1N2C1CC1,50.0,0.6001483150022168,-1.9207114132402836,2,2.09,53.535,39475.0,93.0,tablet,False,False
nevirapine,Cc1ccnc2c1NC(=O)c1cccnc1N2C1CC1,100.0,1.16778,-1.9326389669713704,1,2.29,53.5,91380.0,,tablet,False,False
nevirapine,Cc1ccnc2c1NC(=O)c1cccnc1N2C1CC1,200.0,2.1170299575524787,-1.9753029920103329,3,3.0,38.4,130810.0,,tablet,False,False
nevirapine,Cc1ccnc2c1NC(=O)c1cccnc1N2C1CC1,400.0,3.06021,-2.116308761345772,1,1.65,29.76,163890.0,,tablet,False,False
tiagabine,Cc1ccsc1C(=CCCN1CCC[C@@H](C(=O)O)C1)c1sccc1C,2.0,0.0434,-1.6635402661514704,1,0.8,6.9,228.0,90.0,capsule,False,False
tiagabine,Cc1ccsc1C(=CCCN1CCC[C@@H](C(=O)O)C1)c1sccc1C,4.0,0.06864,-1.7654827164873133,1,0.6,8.4,430.1,90.0,,False,False
tiagabine,Cc1ccsc1C(=CCCN1CCC[C@@H](C(=O)O)C1)c1sccc1C,8.0,0.15,-1.7269987279362624,1,1.0,5.4,727.0,90.0,capsule,False,False
tiagabine,Cc1ccsc1C(=CCCN1CCC[C@@H](C(=O)O)C1)c1sccc1C,12.0,0.241,-1.6971642034727563,1,1.3,8.0,1450.0,90.0,capsule,False,False
tiagabine,Cc1ccsc1C(=CCCN1CCC[C@@H](C(=O)O)C1)c1sccc1C,24.0,0.552,-1.6382721639824072,1,1.1,7.3,2190.0,90.0,capsule,False,False
nilotinib,Cc1cn(-c2cc(NC(=O)c3ccc(C)c(Nc4nccc(-c5cccnc5)n4)c3)cc(C(F)(F)F)c2)cn1,200.0,0.4139891302920886,-2.684041057239068,2,3.5,14.4,9326.0,,capsule,False,False
nilotinib,Cc1cn(-c2cc(NC(=O)c3ccc(C)c(Nc4nccc(-c5cccnc5)n4)c3)cc(C(F)(F)F)c2)cn1,400.0,0.5460311346434377,-2.8648425844870835,2,4.15,15.95,15150.0,,capsule,False,False
telbivudine,Cc1cn([C@@H]2C[C@@H](O)[C@H](CO)O2)c(=O)[nH]c1=O,200.0,1.8,-2.0457574905606752,1,2.5,43.3,12800.0,,tablet,False,False
telbivudine,Cc1cn([C@@H]2C[C@@H](O)[C@H](CO)O2)c(=O)[nH]c1=O,400.0,2.6,-2.1870866433571443,1,2.0,49.1,22900.0,,tablet,False,False
telbivudine,Cc1cn([C@@H]2C[C@@H](O)[C@H](CO)O2)c(=O)[nH]c1=O,600.0,3.7,-2.209949526316649,1,2.0,39.4,26400.0,,tablet,False,False
telbivudine,Cc1cn([C@@H]2C[C@@H](O)[C@H](CO)O2)c(=O)[nH]c1=O,800.0,3.5000000000000004,-2.359021942641668,1,2.5,46.7,28800.0,,tablet,False,False
stavudine (d4t),Cc1cn([C@H]2C=C[C@@H](CO)O2)c(=O)[nH]c1=O,5.0,0.11036,-1.656158312528871,1,0.75,1.97,246.46,86.4,capsule,False,False
stavudine (d4t),Cc1cn([C@H]2C=C[C@@H](CO)O2)c(=O)[nH]c1=O,10.0,0.24588,-1.6092767955511802,1,0.5,1.77,488.23,86.4,capsule,False,False
stavudine (d4t),Cc1cn([C@H]2C=C[C@@H](CO)O2)c(=O)[nH]c1=O,20.0,0.47404,-1.6252150062128268,1,0.5,1.67,979.1,86.4,capsule,False,False
stavudine (d4t),Cc1cn([C@H]2C=C[C@@H](CO)O2)c(=O)[nH]c1=O,40.0,0.9477504670723026,-1.6253659841995522,4,0.63,1.6949999999999998,1960.215,86.4,capsule,False,False
zidovudine,Cc1cn([C@H]2C[C@H](N=[N+]=[N-])[C@@H](CO)O2)c(=O)[nH]c1=O,100.0,0.7444400000000001,-2.128170299549115,1,0.6,0.98,719.11,64.0,capsule,False,False
zidovudine,Cc1cn([C@H]2C[C@H](N=[N+]=[N-])[C@@H](CO)O2)c(=O)[nH]c1=O,200.0,1.0295009909660118,-2.28840322667121,2,0.5800000000000001,0.875,1467.1750000000002,64.0,capsule,False,False
zidovudine,Cc1cn([C@H]2C[C@H](N=[N+]=[N-])[C@@H](CO)O2)c(=O)[nH]c1=O,300.0,1.712,-2.243617494378528,1,0.5,1.69,2447.0,64.0,tablet,False,False
risdiplam,Cc1cn2nc(-c3cc(=O)n4cc(N5CCNC6(CC6)C5)ccc4n3)cc(C)c2n1,0.6,0.0028799999999999,-2.3187587626244133,1,3.17,25.8,87.3,,,False,False
risdiplam,Cc1cn2nc(-c3cc(=O)n4cc(N5CCNC6(CC6)C5)ccc4n3)cc(C)c2n1,2.0,0.0083599999999999,-2.378823718224965,1,2.67,40.1,303.0,,,False,False
risdiplam,Cc1cn2nc(-c3cc(=O)n4cc(N5CCNC6(CC6)C5)ccc4n3)cc(C)c2n1,6.0,0.0249,-2.3819519032879075,1,2.0,48.3,1100.0,,,False,False
risdiplam,Cc1cn2nc(-c3cc(=O)n4cc(N5CCNC6(CC6)C5)ccc4n3)cc(C)c2n1,18.0,0.0939999999999999,-2.282144651503608,1,2.33,68.9,3300.0,,,False,False
Presatovir,Cc1cn2nc([C@@H]3CCCCN3C(=O)c3cc(Cl)ccc3NS(C)(=O)=O)cc2nc1N1CC[C@H](N)C1,25.0,0.3507,-1.853004242790535,1,3.0,30.9,10831.0,,tablet,False,False
Presatovir,Cc1cn2nc([C@@H]3CCCCN3C(=O)c3cc(Cl)ccc3NS(C)(=O)=O)cc2nc1N1CC[C@H](N)C1,75.0,1.0278,-1.863152650042546,1,2.0,31.8,31332.3,,tablet,False,False
Presatovir,Cc1cn2nc([C@@H]3CCCCN3C(=O)c3cc(Cl)ccc3NS(C)(=O)=O)cc2nc1N1CC[C@H](N)C1,150.0,2.216,-1.8305215029992887,1,2.0,30.5,71218.0,,tablet,False,False
Presatovir,Cc1cn2nc([C@@H]3CCCCN3C(=O)c3cc(Cl)ccc3NS(C)(=O)=O)cc2nc1N1CC[C@H](N)C1,300.0,3.1067,-1.9848219372983047,1,2.5,33.1,109649.2,,tablet,False,False
fomepizole,Cc1cn[nH]c1,490.0,12.3159,-1.5997299260741074,1,0.25,,156620.48,104.0,solution,False,False
fomepizole,Cc1cn[nH]c1,700.0,10.83799,-1.810149294052668,1,1.25,10.02,,,solution,False,False
fomepizole,Cc1cn[nH]c1,1400.0,26.766560000000005,-1.718535475810516,1,1.25,13.15,,,solution,False,False
fomepizole,Cc1cn[nH]c1,3500.0,62.318450000000006,-1.7494514014318898,1,1.25,25.86,,,solution,False,False
glipizide,Cc1cnc(C(=O)NCCc2ccc(S(=O)(=O)NC(=O)NC3CCCCC3)cc2)cn1,2.5,0.1544,-1.20929271267232,1,1.0,3.0,801.0,100.0,tablet,False,False
glipizide,Cc1cnc(C(=O)NCCc2ccc(S(=O)(=O)NC(=O)NC3CCCCC3)cc2)cn1,5.0,0.4232273045777224,-1.072396325826589,3,2.6,4.2,2584.1,100.0,tablet,False,False
glipizide,Cc1cnc(C(=O)NCCc2ccc(S(=O)(=O)NC(=O)NC3CCCCC3)cc2)cn1,10.0,0.9,-1.0457574905606752,1,2.0,3.95,5176.0,100.0,tablet,False,False
paritaprevir,Cc1cnc(C(=O)N[C@H]2CCCCC/C=C\[C@@H]3C[C@@]3(C(=O)NS(=O)(=O)C3CC3)NC(=O)[C@@H]3C[C@@H](Oc4nc5ccccc5c5ccccc45)CN3C2=O)cn1,300.0,0.1199999999999999,-3.397940008672037,1,2.3,2.7,390.0,,,False,False
paritaprevir,Cc1cnc(C(=O)N[C@H]2CCCCC/C=C\[C@@H]3C[C@@]3(C(=O)NS(=O)(=O)C3CC3)NC(=O)[C@@H]3C[C@@H](Oc4nc5ccccc5c5ccccc45)CN3C2=O)cn1,600.0,0.78,-2.886056647693163,1,1.8,2.7,1700.0,,,False,False
paritaprevir,Cc1cnc(C(=O)N[C@H]2CCCCC/C=C\[C@@H]3C[C@@]3(C(=O)NS(=O)(=O)C3CC3)NC(=O)[C@@H]3C[C@@H](Oc4nc5ccccc5c5ccccc45)CN3C2=O)cn1,900.0,5.1000000000000005,-2.2466723333413885,1,2.2,3.1,8800.0,,,False,False
acipimox,Cc1cnc(C(=O)O)c[n+]1[O-],150.0,1.75,-1.9330532103693867,1,1.75,,9330.0,,capsule,False,False
acipimox,Cc1cnc(C(=O)O)c[n+]1[O-],250.0,3.879705543247199,-1.8091412433344405,3,1.8,1.67,16710.0,,tablet,False,False
acipimox,Cc1cnc(C(=O)O)c[n+]1[O-],400.0,6.03,-1.821742679187811,1,1.25,,29410.0,,capsule,False,False
meloxicam,Cc1cnc(NC(=O)C2=C(O)c3ccccc3S(=O)(=O)N2C)s1,7.5,0.7496441014900893,-1.0002061352579856,4,3.95,19.75,20150.0,,tablet,False,False
meloxicam,Cc1cnc(NC(=O)C2=C(O)c3ccccc3S(=O)(=O)N2C)s1,15.0,1.364997494503195,-1.0409594048396649,2,4.05,22.8,41637.8,,tablet,False,False
fedratinib,Cc1cnc(Nc2ccc(OCCN3CCCC3)cc2)nc1Nc1cccc(S(=O)(=O)NC(C)(C)C)c1,10.0,0.00414,-3.382999658879101,1,2.51,9.93,65.5,,capsule,False,False
fedratinib,Cc1cnc(Nc2ccc(OCCN3CCCC3)cc2)nc1Nc1cccc(S(=O)(=O)NC(C)(C)C)c1,30.0,0.0203,-3.1696252168064496,1,1.75,42.8,675.0,,capsule,False,False
fedratinib,Cc1cnc(Nc2ccc(OCCN3CCCC3)cc2)nc1Nc1cccc(S(=O)(=O)NC(C)(C)C)c1,80.0,0.0837999999999999,-2.979845968361668,1,1.75,37.8,1250.0,,capsule,False,False
fedratinib,Cc1cnc(Nc2ccc(OCCN3CCCC3)cc2)nc1Nc1cccc(S(=O)(=O)NC(C)(C)C)c1,100.0,0.121,-2.91721462968355,1,2.0,125.0,2360.0,,,False,False
fedratinib,Cc1cnc(Nc2ccc(OCCN3CCCC3)cc2)nc1Nc1cccc(S(=O)(=O)NC(C)(C)C)c1,150.0,0.245,-2.7869251746911488,1,2.0,33.6,3020.0,,capsule,False,False
fedratinib,Cc1cnc(Nc2ccc(OCCN3CCCC3)cc2)nc1Nc1cccc(S(=O)(=O)NC(C)(C)C)c1,300.0,0.6029588045859559,-2.696833613478613,3,3.0,109.0,9510.0,,capsule,False,False
fedratinib,Cc1cnc(Nc2ccc(OCCN3CCCC3)cc2)nc1Nc1cccc(S(=O)(=O)NC(C)(C)C)c1,500.0,1.1511831553468357,-2.6378255781620226,3,2.1,77.9,20600.0,,capsule,False,False
fedratinib,Cc1cnc(Nc2ccc(OCCN3CCCC3)cc2)nc1Nc1cccc(S(=O)(=O)NC(C)(C)C)c1,680.0,1.73,-2.594462809577441,1,2.5,62.1,28700.0,,capsule,False,False
rupatadine,Cc1cncc(CN2CCC(=C3c4ccc(Cl)cc4CCc4cccnc43)CC2)c1,10.0,0.0044049971623146,-3.356054367022987,2,0.7350000000000001,5.48,13.595,,tablet,False,False
rupatadine,Cc1cncc(CN2CCC(=C3c4ccc(Cl)cc4CCc4cccnc43)CC2)c1,20.0,0.0081269920634881,-3.3911001600264417,2,0.9,6.945,26.06,,tablet,False,False
rupatadine,Cc1cncc(CN2CCC(=C3c4ccc(Cl)cc4CCc4cccnc43)CC2)c1,40.0,0.0178122149099992,-3.351342064937061,2,0.785,6.92,56.225,,tablet,False,False
Acoramidis,Cc1n[nH]c(C)c1CCCOc1cc(C(=O)O)ccc1F,50.0,2.11,-1.374687549038326,1,0.8,25.2,28600.0,,tablet,False,False
Acoramidis,Cc1n[nH]c(C)c1CCCOc1cc(C(=O)O)ccc1F,150.0,3.5400000000000005,-1.6270879970298933,1,0.8,27.6,50600.0,,tablet,False,False
Acoramidis,Cc1n[nH]c(C)c1CCCOc1cc(C(=O)O)ccc1F,300.0,4.51,-1.822944712841702,1,0.8,21.5,52800.0,,tablet,False,False
Acoramidis,Cc1n[nH]c(C)c1CCCOc1cc(C(=O)O)ccc1F,800.0,11.500000000000004,-1.842392146638332,1,1.0,27.5,123000.0,,tablet,False,False
febuxostat,Cc1nc(-c2ccc(OCC(C)C)c(C#N)c2)sc1C(=O)O,10.0,0.34,-1.4685210829577449,1,1.0,1.5,730.0,,tablet,False,False
febuxostat,Cc1nc(-c2ccc(OCC(C)C)c(C#N)c2)sc1C(=O)O,20.0,1.11,-1.2557070168773237,1,1.0,3.2,2180.0,,tablet,False,False
febuxostat,Cc1nc(-c2ccc(OCC(C)C)c(C#N)c2)sc1C(=O)O,30.0,1.12,-1.4279032320494809,1,0.5,9.2,2550.0,,tablet,False,False
febuxostat,Cc1nc(-c2ccc(OCC(C)C)c(C#N)c2)sc1C(=O)O,40.0,1.7103460176233347,-1.368976010560008,2,1.16,4.005,4258.3,,tablet,False,False
febuxostat,Cc1nc(-c2ccc(OCC(C)C)c(C#N)c2)sc1C(=O)O,50.0,1.97,-1.4045037781744258,1,1.0,5.0,4410.0,,tablet,False,False
febuxostat,Cc1nc(-c2ccc(OCC(C)C)c(C#N)c2)sc1C(=O)O,70.0,3.08,-1.3565473235138126,1,1.0,5.0,6930.0,,tablet,False,False
febuxostat,Cc1nc(-c2ccc(OCC(C)C)c(C#N)c2)sc1C(=O)O,80.0,2.9667,-1.4308163553808273,1,0.96,5.02,8216.0,,,False,False
febuxostat,Cc1nc(-c2ccc(OCC(C)C)c(C#N)c2)sc1C(=O)O,90.0,3.4800000000000004,-1.412663265492744,1,1.0,9.3,9090.0,,tablet,False,False
febuxostat,Cc1nc(-c2ccc(OCC(C)C)c(C#N)c2)sc1C(=O)O,120.0,4.6650494852680815,-1.410324991091606,2,1.105,7.655,12857.05,,tablet,False,False
febuxostat,Cc1nc(-c2ccc(OCC(C)C)c(C#N)c2)sc1C(=O)O,160.0,7.3,-1.340797122535469,1,1.0,10.7,20750.0,,tablet,False,False
febuxostat,Cc1nc(-c2ccc(OCC(C)C)c(C#N)c2)sc1C(=O)O,180.0,8.4,-1.3309932190414244,1,1.0,23.6,25590.0,,tablet,False,False
febuxostat,Cc1nc(-c2ccc(OCC(C)C)c(C#N)c2)sc1C(=O)O,240.0,8.39,-1.4564492808829057,1,1.0,12.7,28270.0,,tablet,False,False
roxadustat,Cc1nc(C(=O)NCC(=O)O)c(O)c2ccc(Oc3ccccc3)cc12,40.0,3.67,-1.0373939270758732,1,2.0,9.13,27100.0,,,False,False
roxadustat,Cc1nc(C(=O)NCC(=O)O)c(O)c2ccc(Oc3ccccc3)cc12,100.0,8.384317297178905,-1.0765322945532851,6,2.0,11.94,68785.0,,tablet,False,False
roxadustat,Cc1nc(C(=O)NCC(=O)O)c(O)c2ccc(Oc3ccccc3)cc12,160.0,12.8,-1.0969100130080565,1,2.0,9.08,106000.0,,,False,False
roxadustat,Cc1nc(C(=O)NCC(=O)O)c(O)c2ccc(Oc3ccccc3)cc12,200.0,15.007498125936912,-1.1247216978686407,2,2.5,9.065,118014.5,,tablet,False,False
Brecanavir,Cc1nc(COc2ccc(C[C@H](NC(=O)O[C@H]3CO[C@H]4OCC[C@H]43)[C@H](O)CN(CC(C)C)S(=O)(=O)c3ccc4c(c3)OCO4)cc2)cs1,25.0,0.0017099999999999,-4.164943898279884,1,0.5,0.3,2.51,,solution,False,False
Brecanavir,Cc1nc(COc2ccc(C[C@H](NC(=O)O[C@H]3CO[C@H]4OCC[C@H]43)[C@H](O)CN(CC(C)C)S(=O)(=O)c3ccc4c(c3)OCO4)cc2)cs1,50.0,0.0033199999999999,-4.177831920631983,1,0.5,0.68,4.9,,solution,False,False
Brecanavir,Cc1nc(COc2ccc(C[C@H](NC(=O)O[C@H]3CO[C@H]4OCC[C@H]43)[C@H](O)CN(CC(C)C)S(=O)(=O)c3ccc4c(c3)OCO4)cc2)cs1,150.0,0.0126999999999999,-4.072287538099724,1,0.77,0.99,21.5,,solution,False,False
Brecanavir,Cc1nc(COc2ccc(C[C@H](NC(=O)O[C@H]3CO[C@H]4OCC[C@H]43)[C@H](O)CN(CC(C)C)S(=O)(=O)c3ccc4c(c3)OCO4)cc2)cs1,300.0,0.0298999999999999,-4.001450066395233,1,1.53,2.63,105.0,,solution,False,False
Brecanavir,Cc1nc(COc2ccc(C[C@H](NC(=O)O[C@H]3CO[C@H]4OCC[C@H]43)[C@H](O)CN(CC(C)C)S(=O)(=O)c3ccc4c(c3)OCO4)cc2)cs1,450.0,0.0412999999999999,-4.037262462118942,1,2.48,6.41,203.0,,solution,False,False
Brecanavir,Cc1nc(COc2ccc(C[C@H](NC(=O)O[C@H]3CO[C@H]4OCC[C@H]43)[C@H](O)CN(CC(C)C)S(=O)(=O)c3ccc4c(c3)OCO4)cc2)cs1,800.0,0.0736999999999999,-4.035622499132892,1,1.48,12.3,396.0,,solution,False,False
Pritelivir,Cc1nc(N(C)C(=O)Cc2ccc(-c3ccccn3)cc2)sc1S(N)(=O)=O,5.0,0.07376,-1.8311490962904455,1,4.0,80.37,5800.0,,tablet,False,False
Pritelivir,Cc1nc(N(C)C(=O)Cc2ccc(-c3ccccn3)cc2)sc1S(N)(=O)=O,10.0,0.1695,-1.7708302974608991,1,1.5,84.96,11670.0,,tablet,False,False
Pritelivir,Cc1nc(N(C)C(=O)Cc2ccc(-c3ccccn3)cc2)sc1S(N)(=O)=O,20.0,0.2344999999999999,-1.9308871486128791,1,2.77,75.74,18540.0,,tablet,False,False
Pritelivir,Cc1nc(N(C)C(=O)Cc2ccc(-c3ccccn3)cc2)sc1S(N)(=O)=O,40.0,0.608,-1.8181564120552276,1,3.5,72.47,40680.0,,tablet,False,False
Pritelivir,Cc1nc(N(C)C(=O)Cc2ccc(-c3ccccn3)cc2)sc1S(N)(=O)=O,80.0,1.306,-1.7871468100528884,1,2.5,73.5,87220.0,,tablet,False,False
Pritelivir,Cc1nc(N(C)C(=O)Cc2ccc(-c3ccccn3)cc2)sc1S(N)(=O)=O,100.0,1.288,-1.8900841369762067,1,3.0,61.41,90829.0,73.43,tablet,False,False
Pritelivir,Cc1nc(N(C)C(=O)Cc2ccc(-c3ccccn3)cc2)sc1S(N)(=O)=O,160.0,2.613,-1.7869805729285992,1,3.5,63.27,130800.0,,tablet,False,False
Pritelivir,Cc1nc(N(C)C(=O)Cc2ccc(-c3ccccn3)cc2)sc1S(N)(=O)=O,240.0,3.6,-1.8239087409443189,1,4.0,64.33,216900.0,,tablet,False,False
Pritelivir,Cc1nc(N(C)C(=O)Cc2ccc(-c3ccccn3)cc2)sc1S(N)(=O)=O,320.0,4.648,-1.837883858937632,1,2.25,56.77,241100.0,,tablet,False,False
Pritelivir,Cc1nc(N(C)C(=O)Cc2ccc(-c3ccccn3)cc2)sc1S(N)(=O)=O,400.0,6.925999999999999,-1.7615775041145203,1,4.25,57.18,320300.0,,tablet,False,False
Pritelivir,Cc1nc(N(C)C(=O)Cc2ccc(-c3ccccn3)cc2)sc1S(N)(=O)=O,480.0,6.921000000000001,-1.8410723881348312,1,3.25,53.24,387200.0,,tablet,False,False
Pritelivir,Cc1nc(N(C)C(=O)Cc2ccc(-c3ccccn3)cc2)sc1S(N)(=O)=O,600.0,6.442,-1.969130529899971,1,4.25,52.03,320800.0,,tablet,False,False
alpelisib,Cc1nc(NC(=O)N2CCC[C@H]2C(N)=O)sc1-c1ccnc(C(C)(C)C(F)(F)F)c1,400.0,1.32,-2.4814860601221125,1,2.0,13.7,11100.0,,capsule,False,False
dasatinib,Cc1nc(Nc2ncc(C(=O)Nc3c(C)cccc3Cl)s2)cc(N2CCN(CCO)CC2)n1,50.0,0.08764,-2.756267635447351,1,0.75,4.85,206.51,,tablet,False,True
Tegoprazan,Cc1nc2cc(C(=O)N(C)C)cc(O[C@H]3CCOc4cc(F)cc(F)c43)c2[nH]1,50.0,0.8138,-1.7884523188187524,1,0.5,3.87,2761.0,,tablet,False,False
Tegoprazan,Cc1nc2cc(C(=O)N(C)C)cc(O[C@H]3CCOc4cc(F)cc(F)c43)c2[nH]1,100.0,1.4946,-1.82547502207985,1,0.5,4.19,5980.05,,tablet,False,False
Tegoprazan,Cc1nc2cc(C(=O)N(C)C)cc(O[C@H]3CCOc4cc(F)cc(F)c43)c2[nH]1,200.0,2.829,-1.8493970482069904,1,0.5,4.57,11044.72,,tablet,False,False
risperidone,Cc1nc2n(c(=O)c1CCN1CCC(c3noc4cc(F)ccc34)CC1)CCCC2,1.0,0.0054192527160116,-2.2660605960608216,2,1.0,3.985,24.845,70.0,tablet,False,False
risperidone,Cc1nc2n(c(=O)c1CCN1CCC(c3noc4cc(F)ccc34)CC1)CCCC2,2.0,0.0197527618322096,-2.005402168378402,2,1.27,4.805,136.225,70.0,tablet,False,False
paliperidone,Cc1nc2n(c(=O)c1CCN1CCC(c3noc4cc(F)ccc34)CC1)CCCC2O,1.0,0.0079491508980519,-2.099679258763,2,1.25,24.200000000000003,181.5,,solution,False,False
thiamine,Cc1ncc(C[n+]2csc(CCO)c2C)c(N)n1,50.0,0.0093699999999999,-3.727230413448241,1,0.88,2.57,,5.3,,False,False
thiamine,Cc1ncc(C[n+]2csc(CCO)c2C)c(N)n1,100.0,0.01035,-3.985059650207064,1,3.14,,46.97,,tablet,False,False
thiamine,Cc1ncc(C[n+]2csc(CCO)c2C)c(N)n1,500.0,0.0299899999999999,-4.221993538576492,1,3.18,3.92,162.4,,tablet,False,False
thiamine,Cc1ncc(C[n+]2csc(CCO)c2C)c(N)n1,1500.0,0.10535,-4.153456719111563,1,4.27,2.97,546.38,,tablet,False,False
lemborexant,Cc1ncc(OC[C@@]2(c3cccc(F)c3)C[C@H]2C(=O)Nc2ccc(F)cn2)c(C)n1,1.0,0.0051999999999999,-2.283996656365201,1,1.0,23.6,19.5,,,False,False
lemborexant,Cc1ncc(OC[C@@]2(c3cccc(F)c3)C[C@H]2C(=O)Nc2ccc(F)cn2)c(C)n1,2.5,0.0149,-2.2247537402597635,1,1.0,31.8,72.3,,,False,False
lemborexant,Cc1ncc(OC[C@@]2(c3cccc(F)c3)C[C@H]2C(=O)Nc2ccc(F)cn2)c(C)n1,5.0,0.0223,-2.350665141287858,1,1.6,33.4,146.0,,,False,False
lemborexant,Cc1ncc(OC[C@@]2(c3cccc(F)c3)C[C@H]2C(=O)Nc2ccc(F)cn2)c(C)n1,10.0,0.0356875328371127,-2.447483474803203,2,1.125,61.9,376.0,,,False,False
lemborexant,Cc1ncc(OC[C@@]2(c3cccc(F)c3)C[C@H]2C(=O)Nc2ccc(F)cn2)c(C)n1,25.0,0.107,-2.368556230986828,1,2.0,64.9,1470.0,,,False,False
lemborexant,Cc1ncc(OC[C@@]2(c3cccc(F)c3)C[C@H]2C(=O)Nc2ccc(F)cn2)c(C)n1,50.0,0.161,-2.492144128304169,1,2.5,52.1,2020.0,,,False,False
lemborexant,Cc1ncc(OC[C@@]2(c3cccc(F)c3)C[C@H]2C(=O)Nc2ccc(F)cn2)c(C)n1,100.0,0.242,-2.616184634019569,1,3.0,61.0,4520.0,,,False,False
lemborexant,Cc1ncc(OC[C@@]2(c3cccc(F)c3)C[C@H]2C(=O)Nc2ccc(F)cn2)c(C)n1,200.0,0.429,-2.668572703479257,1,3.0,60.8,9910.0,,,False,False
secnidazole,Cc1ncc([N+](=O)[O-])n1CC(C)O,500.0,10.54,-1.676129393459491,1,3.0,19.88,326670.0,,tablet,False,False
secnidazole,Cc1ncc([N+](=O)[O-])n1CC(C)O,1000.0,19.23,-1.7160207157615202,1,2.0,22.94,712550.0,,tablet,False,False
secnidazole,Cc1ncc([N+](=O)[O-])n1CC(C)O,2000.0,41.02056801166947,-1.6880283259157445,2,4.065,18.5,1480000.0,,granule,False,False
metronidazole,Cc1ncc([N+](=O)[O-])n1CCO,250.0,3.33,-1.8754957751657175,1,1.0,9.99,47400.0,,tablet,False,True
metronidazole,Cc1ncc([N+](=O)[O-])n1CCO,400.0,9.15685,-1.6403138913386082,1,1.9,6.91,91140.57,96.8,tablet,False,True
metronidazole,Cc1ncc([N+](=O)[O-])n1CCO,500.0,9.937063396031096,-1.7017119438146322,3,1.4,8.9,122200.0,,tablet,False,True
metronidazole,Cc1ncc([N+](=O)[O-])n1CCO,1000.0,12.500000000000002,-1.9030899869919435,1,1.5,9.31,214040.0,,tablet,False,True
metronidazole,Cc1ncc([N+](=O)[O-])n1CCO,2000.0,40.000000000000014,-1.6989700043360187,1,1.0,8.2,643140.0,,tablet,False,True
midazolam,Cc1ncc2n1-c1ccc(Cl)cc1C(c1ccccc1F)=NC2,0.98,0.0038999999999999,-2.400161468665996,1,0.5,2.8,8.4,22.5,,False,False
midazolam,Cc1ncc2n1-c1ccc(Cl)cc1C(c1ccccc1F)=NC2,2.0,0.0087,-2.3615107430453626,1,0.75,4.33,20.59,,solution,False,False
midazolam,Cc1ncc2n1-c1ccc(Cl)cc1C(c1ccccc1F)=NC2,3.27,0.0133,-2.3906961116932,1,0.5,2.3,30.2,25.9,,False,False
midazolam,Cc1ncc2n1-c1ccc(Cl)cc1C(c1ccccc1F)=NC2,6.0,0.0323999999999999,-2.267606240177032,1,0.5,3.81,77.82,29.0,syrup,False,False
midazolam,Cc1ncc2n1-c1ccc(Cl)cc1C(c1ccccc1F)=NC2,6.55,0.0264,-2.394637373121952,1,0.5,2.1,72.5,37.0,,False,False
midazolam,Cc1ncc2n1-c1ccc(Cl)cc1C(c1ccccc1F)=NC2,7.5,0.034,-2.3435823463494447,1,0.71,2.6,92.0,,solution,False,False
midazolam,Cc1ncc2n1-c1ccc(Cl)cc1C(c1ccccc1F)=NC2,8.0,0.0441999999999999,-2.257667717642852,1,0.5,4.2,103.9,,syrup,False,False
midazolam,Cc1ncc2n1-c1ccc(Cl)cc1C(c1ccccc1F)=NC2,15.0,0.067,-2.350016456354855,1,0.81,2.6,188.0,,solution,False,False
midazolam,Cc1ncc2n1-c1ccc(Cl)cc1C(c1ccccc1F)=NC2,30.0,0.212,-2.150785393790911,1,0.63,3.3,503.0,,solution,False,False
ondansetron,Cc1nccn1CC1CCc2c(c3ccccc3n2C)C1=O,8.0,0.0399393371401247,-2.3016891342383063,4,1.65,4.7,211.5,60.0,tablet,False,False
Imidafenacin,Cc1nccn1CCC(C(N)=O)(c1ccccc1)c1ccccc1,0.1,0.0004199999999999,-2.3767507096021,1,1.0,3.0,2.06,57.8,tablet,False,False
raltegravir,Cc1nnc(C(=O)NC(C)(C)c2nc(C(=O)NCc3ccc(F)cc3)c(O)c(=O)n2C)o1,10.0,0.2577699999999999,-1.5887676284589307,1,0.5,2.6,364.43,,,False,False
raltegravir,Cc1nnc(C(=O)NC(C)(C)c2nc(C(=O)NCc3ccc(F)cc3)c(O)c(=O)n2C)o1,25.0,0.51997,-1.6819617212108986,1,0.5,2.2,751.07,,,False,False
raltegravir,Cc1nnc(C(=O)NC(C)(C)c2nc(C(=O)NCc3ccc(F)cc3)c(O)c(=O)n2C)o1,50.0,1.05328,-1.6764261665880151,1,1.0,8.2,1995.46,,,False,False
raltegravir,Cc1nnc(C(=O)NC(C)(C)c2nc(C(=O)NCc3ccc(F)cc3)c(O)c(=O)n2C)o1,100.0,1.22216,-1.912871934381168,1,0.5,12.2,2719.87,,,False,False
raltegravir,Cc1nnc(C(=O)NC(C)(C)c2nc(C(=O)NCc3ccc(F)cc3)c(O)c(=O)n2C)o1,200.0,2.59099,-1.8875642588468944,1,1.0,10.8,7510.75,,,False,False
raltegravir,Cc1nnc(C(=O)NC(C)(C)c2nc(C(=O)NCc3ccc(F)cc3)c(O)c(=O)n2C)o1,400.0,4.72422,-1.927729877458184,1,1.0,6.9,10937.25,,,False,False
raltegravir,Cc1nnc(C(=O)NC(C)(C)c2nc(C(=O)NCc3ccc(F)cc3)c(O)c(=O)n2C)o1,800.0,10.963920000000002,-1.8631241290122345,1,1.3,12.4,28047.54,,,False,False
raltegravir,Cc1nnc(C(=O)NC(C)(C)c2nc(C(=O)NCc3ccc(F)cc3)c(O)c(=O)n2C)o1,1200.0,13.759339999999998,-1.9405836436330528,1,1.3,10.4,37335.98,,,False,False
raltegravir,Cc1nnc(C(=O)NC(C)(C)c2nc(C(=O)NCc3ccc(F)cc3)c(O)c(=O)n2C)o1,1600.0,16.025890000000004,-1.9992978251916893,1,1.0,12.0,42486.84,,,False,False
maraviroc,Cc1nnc(C(C)C)n1[C@@H]1C[C@H]2CC[C@@H](C1)N2CC[C@H](NC(=O)C1CCC(F)(F)CC1)c1ccccc1,3.0,0.00058,-3.713693261156725,1,2.1,,2.25,,solution,False,False
maraviroc,Cc1nnc(C(C)C)n1[C@@H]1C[C@H]2CC[C@@H](C1)N2CC[C@H](NC(=O)C1CCC(F)(F)CC1)c1ccccc1,10.0,0.00292,-3.5346171485515816,1,2.5,,17.2,,solution,False,False
maraviroc,Cc1nnc(C(C)C)n1[C@@H]1C[C@H]2CC[C@@H](C1)N2CC[C@H](NC(=O)C1CCC(F)(F)CC1)c1ccccc1,30.0,0.0153,-3.292429823902064,1,2.9,8.9,117.0,,solution,False,False
maraviroc,Cc1nnc(C(C)C)n1[C@@H]1C[C@H]2CC[C@@H](C1)N2CC[C@H](NC(=O)C1CCC(F)(F)CC1)c1ccccc1,100.0,0.1448585516978545,-2.8390558612088515,2,3.09,11.2,562.5,23.1,solution,False,False
maraviroc,Cc1nnc(C(C)C)n1[C@@H]1C[C@H]2CC[C@@H](C1)N2CC[C@H](NC(=O)C1CCC(F)(F)CC1)c1ccccc1,300.0,0.5045889416148555,-2.7741835262715044,2,2.175,13.2,2136.0,,tablet,False,False
maraviroc,Cc1nnc(C(C)C)n1[C@@H]1C[C@H]2CC[C@@H](C1)N2CC[C@H](NC(=O)C1CCC(F)(F)CC1)c1ccccc1,900.0,1.632,-2.7415223550214827,1,1.9,11.3,7358.0,,solution,False,False
maraviroc,Cc1nnc(C(C)C)n1[C@@H]1C[C@H]2CC[C@@H](C1)N2CC[C@H](NC(=O)C1CCC(F)(F)CC1)c1ccccc1,1200.0,2.8069999999999995,-2.630938833413186,1,1.8,12.5,11432.0,,solution,False,False
alprazolam,Cc1nnc2n1-c1ccc(Cl)cc1C(c1ccccc1)=NC2,0.8,0.0113,-1.850011543508524,1,1.5,16.5,232.4,,tablet,False,False
alprazolam,Cc1nnc2n1-c1ccc(Cl)cc1C(c1ccccc1)=NC2,1.0,0.0182867950963182,-1.7378624013549189,3,1.25,11.8,255.0,87.6,tablet,False,False
alprazolam,Cc1nnc2n1-c1ccc(Cl)cc1C(c1ccccc1)=NC2,2.07,0.0381599999999999,-1.7343619794248604,1,1.58,11.15,,,solution,False,False
triazolam,Cc1nnc2n1-c1ccc(Cl)cc1C(c1ccccc1Cl)=NC2,0.25,0.0025215074856125,-1.9962797468826603,2,1.265,3.155,15.415,,tablet,False,False
triazolam,Cc1nnc2n1-c1ccc(Cl)cc1C(c1ccccc1Cl)=NC2,0.5,0.0043027433109587,-2.065224566215204,2,1.365,2.89,19.8,,tablet,False,False
sulfisoxazole,Cc1noc(NS(=O)(=O)c2ccc(N)cc2)c1C,500.0,51.85,-0.9842212436109592,1,2.4,8.5,622700.0,,tablet,False,False
sulfisoxazole,Cc1noc(NS(=O)(=O)c2ccc(N)cc2)c1C,1000.0,90.00000000000003,-1.045757490560675,1,2.0,6.3,,96.0,tablet,False,False
sulfisoxazole,Cc1noc(NS(=O)(=O)c2ccc(N)cc2)c1C,2000.0,107.7,-1.2688142923659995,1,1.59,3.99,832300.0,,tablet,False,False
fezolinetant,Cc1nsc(-c2nnc3n2CCN(C(=O)c2ccc(F)cc2)[C@@H]3C)n1,12.0,0.0775,-2.1898795435413145,1,1.5,3.69,418.0,,capsule,False,False
fezolinetant,Cc1nsc(-c2nnc3n2CCN(C(=O)c2ccc(F)cc2)[C@@H]3C)n1,46.0,0.307,-2.175619456204388,1,1.8,3.35,1620.0,,capsule,False,False
fezolinetant,Cc1nsc(-c2nnc3n2CCN(C(=O)c2ccc(F)cc2)[C@@H]3C)n1,90.0,0.545,-2.217846007162682,1,2.0,4.13,3280.0,,capsule,False,False
fezolinetant,Cc1nsc(-c2nnc3n2CCN(C(=O)c2ccc(F)cc2)[C@@H]3C)n1,180.0,1.11,-2.2099495263166484,1,2.0,4.19,7190.0,,capsule,False,False
dicloxacillin,Cc1onc(-c2c(Cl)cccc2Cl)c1C(=O)N[C@@H]1C(=O)N2[C@@H]1SC(C)(C)[C@@H]2C(=O)O,250.0,13.62,-1.2637629010952711,1,1.25,1.38,32780.0,,capsule,False,False
dicloxacillin,Cc1onc(-c2c(Cl)cccc2Cl)c1C(=O)N[C@@H]1C(=O)N2[C@@H]1SC(C)(C)[C@@H]2C(=O)O,500.0,24.28,-1.3137213219327988,1,0.75,1.44,62430.0,,capsule,False,False
dicloxacillin,Cc1onc(-c2c(Cl)cccc2Cl)c1C(=O)N[C@@H]1C(=O)N2[C@@H]1SC(C)(C)[C@@H]2C(=O)O,1000.0,45.02000000000001,-1.3465945093354987,1,0.75,1.51,110930.0,,capsule,False,False
dicloxacillin,Cc1onc(-c2c(Cl)cccc2Cl)c1C(=O)N[C@@H]1C(=O)N2[C@@H]1SC(C)(C)[C@@H]2C(=O)O,2000.0,79.97,-1.3981028996467184,1,0.75,1.71,207400.0,,capsule,False,False
flucloxacillin,Cc1onc(-c2c(F)cccc2Cl)c1C(=O)N[C@@H]1C(=O)N2[C@@H]1SC(C)(C)[C@@H]2C(=O)O,750.0,34.50000000000001,-1.337242168318426,1,0.75,1.27,67750.0,,tablet,False,False
flucloxacillin,Cc1onc(-c2c(F)cccc2Cl)c1C(=O)N[C@@H]1C(=O)N2[C@@H]1SC(C)(C)[C@@H]2C(=O)O,1000.0,31.0,-1.5086383061657274,1,0.96,1.47,82000.0,,capsule,False,False
valdecoxib,Cc1onc(-c2ccccc2)c1-c1ccc(S(N)(=O)=O)cc1,10.0,0.146,-1.835647144215563,1,,,1787.0,83.0,,False,False
valdecoxib,Cc1onc(-c2ccccc2)c1-c1ccc(S(N)(=O)=O)cc1,20.0,0.288971162059057,-1.8401754912587336,3,2.0,8.95,3306.0,83.0,,False,False
valdecoxib,Cc1onc(-c2ccccc2)c1-c1ccc(S(N)(=O)=O)cc1,40.0,0.568,-1.8477116556169435,1,,,6957.0,83.0,,False,False
valdecoxib,Cc1onc(-c2ccccc2)c1-c1ccc(S(N)(=O)=O)cc1,80.0,1.091,-1.8652652364036015,1,,,14416.0,83.0,,False,False
cloxacillin,Cc1onc(-c2ccccc2Cl)c1C(=O)N[C@@H]1C(=O)N2[C@@H]1SC(C)(C)[C@@H]2C(=O)O,250.0,4.8,-1.7166987712964503,1,1.0,,,,capsule,False,False
cloxacillin,Cc1onc(-c2ccccc2Cl)c1C(=O)N[C@@H]1C(=O)N2[C@@H]1SC(C)(C)[C@@H]2C(=O)O,500.0,8.5,-1.769551078621726,1,0.88,,,,capsule,False,False
econazole,Clc1ccc(COC(Cn2ccnc2)c2ccc(Cl)cc2Cl)cc1,250.0,2.1,-2.0757207139381184,1,1.8,4.4,8400.0,,tablet,False,False
econazole,Clc1ccc(COC(Cn2ccnc2)c2ccc(Cl)cc2Cl)cc1,500.0,4.2,-2.0757207139381184,1,1.9,3.2,17800.0,,tablet,False,False
econazole,Clc1ccc(COC(Cn2ccnc2)c2ccc(Cl)cc2Cl)cc1,1000.0,6.0,-2.2218487496163566,1,2.2,4.0,35500.0,,tablet,False,False
piperaquine,Clc1ccc2c(N3CCN(CCCN4CCN(c5ccnc6cc(Cl)ccc56)CC4)CC3)ccnc2c1,500.0,0.0351,-4.153662887870195,1,4.0,254.4,2818.0,,tablet,False,False
piperaquine,Clc1ccc2c(N3CCN(CCCN4CCN(c5ccnc6cc(Cl)ccc56)CC4)CC3)ccnc2c1,750.0,0.0437,-4.234579826421278,1,2.5,175.68,2484.0,,tablet,False,False
piperaquine,Clc1ccc2c(N3CCN(CCCN4CCN(c5ccnc6cc(Cl)ccc56)CC4)CC3)ccnc2c1,1000.0,0.0382,-4.417936637088292,1,3.0,222.0,3302.0,,tablet,False,False
piperaquine,Clc1ccc2c(N3CCN(CCCN4CCN(c5ccnc6cc(Cl)ccc56)CC4)CC3)ccnc2c1,1250.0,0.0563,-4.34640161815671,1,4.5,302.4,3564.0,,tablet,False,False
piperaquine,Clc1ccc2c(N3CCN(CCCN4CCN(c5ccnc6cc(Cl)ccc56)CC4)CC3)ccnc2c1,1500.0,0.113,-4.123012815572261,1,2.5,295.2,6730.0,,tablet,False,False
amoxapine,Clc1ccc2c(c1)C(N1CCNCC1)=Nc1ccccc1O2,25.0,0.0182299999999999,-3.1371533400170613,1,2.74,5.92,240.5,,capsule,False,False
amoxapine,Clc1ccc2c(c1)C(N1CCNCC1)=Nc1ccccc1O2,50.0,0.0409999999999999,-3.0861861476162837,1,3.33,5.36,461.5,,capsule,False,False
amoxapine,Clc1ccc2c(c1)C(N1CCNCC1)=Nc1ccccc1O2,150.0,0.0732199999999999,-3.311461534510169,1,1.5,9.11,509.8,,tablet,False,False
estazolam,Clc1ccc2c(c1)C(c1ccccc1)=NCc1nncn1-2,1.0,0.0547,-1.262012673666569,1,1.9,14.9,1050.0,,tablet,False,False
estazolam,Clc1ccc2c(c1)C(c1ccccc1)=NCc1nncn1-2,2.0,0.091687709099966,-1.338718874037819,2,1.8,16.71,2060.0,,tablet,False,False
estazolam,Clc1ccc2c(c1)C(c1ccccc1)=NCc1nncn1-2,4.0,0.1620296639507717,-1.3924654600521378,2,1.8,19.23,4916.0,,tablet,False,False
estazolam,Clc1ccc2c(c1)C(c1ccccc1)=NCc1nncn1-2,6.0,0.22931,-1.4177282560543951,1,4.25,19.28,,,,False,False
estazolam,Clc1ccc2c(c1)C(c1ccccc1)=NCc1nncn1-2,8.0,0.31518,-1.4045313358051914,1,2.5,17.15,,,,False,False
estazolam,Clc1ccc2c(c1)C(c1ccccc1)=NCc1nncn1-2,16.0,0.6204400000000001,-1.4114201934832782,1,1.75,14.61,,,,False,False
desloratadine,Clc1ccc2c(c1)CCc1cccnc1C2=C1CCNCC1,5.0,0.0021191507733051,-3.37280814734914,2,4.7,22.55,61.75,,tablet,False,False
desloratadine,Clc1ccc2c(c1)CCc1cccnc1C2=C1CCNCC1,7.5,0.0031621195423323,-3.375082979201604,2,5.0,22.9,83.75,,tablet,False,False
desloratadine,Clc1ccc2c(c1)CCc1cccnc1C2=C1CCNCC1,10.0,0.0050795669106726,-3.294173314551344,2,3.925,21.630000000000003,109.75,,tablet,False,False
desloratadine,Clc1ccc2c(c1)CCc1cccnc1C2=C1CCNCC1,20.0,0.0080799999999999,-3.3936186348893957,1,6.0,24.1,290.0,,tablet,False,False
tizanidine,Clc1ccc2nsnc2c1NC1=NCCN1,2.0,0.0017999999999999,-3.0457574905606752,1,1.2,1.3,4.5,40.0,tablet,False,False
tizanidine,Clc1ccc2nsnc2c1NC1=NCCN1,5.0,0.0031,-3.207608310501746,1,0.75,2.8,13.0,40.0,tablet,False,False
tizanidine,Clc1ccc2nsnc2c1NC1=NCCN1,8.0,0.0054147206760829,-3.1695139289788434,2,1.005,2.215,15.975,40.0,capsule,False,False
tizanidine,Clc1ccc2nsnc2c1NC1=NCCN1,20.0,0.0109999999999999,-3.2596373105057563,1,1.3,3.2,54.0,40.0,tablet,False,False
clonidine,Clc1cccc(Cl)c1NC1=NCCN1,0.1,0.0004,-2.397940008672037,1,1.0,,6.61,75.0,tablet,False,True
clonidine,Clc1cccc(Cl)c1NC1=NCCN1,0.15,0.00061,-2.390761424044914,1,2.39,9.01,6.28,75.0,tablet,False,True
clonidine,Clc1cccc(Cl)c1NC1=NCCN1,0.25,0.00116,-2.333482019445119,1,2.87,15.1,17.55,75.0,tablet,False,True
clonidine,Clc1cccc(Cl)c1NC1=NCCN1,0.3,0.00138,-2.337242168318426,1,1.75,10.92,21.16,75.0,tablet,False,True
clotrimazole,Clc1ccccc1C(c1ccccc1)(c1ccccc1)n1ccnc1,1000.0,0.80349,-3.095019523968271,1,2.5,2.99,4341.6,,,False,False
ticlopidine,Clc1ccccc1CN1CCc2sccc2C1,250.0,0.3608545413320996,-2.8406078334346407,2,1.9,7.37,1152.7,,tablet,False,False
theophylline,Cn1c(=O)c2[nH]cnc2n(C)c1=O,250.0,6.5,-1.585026652029182,1,2.1,7.0,76200.0,,tablet,False,False
theophylline,Cn1c(=O)c2[nH]cnc2n(C)c1=O,528.0,15.300000000000002,-1.5379424917162134,1,2.0,6.1,173000.0,96.0,tablet,False,False
caffeine,Cn1c(=O)c2c(ncn2C)n(C)c1=O,100.0,1.5,-1.8239087409443189,1,1.0,5.5,15500.0,,tablet,False,False
caffeine,Cn1c(=O)c2c(ncn2C)n(C)c1=O,250.0,7.0,-1.5528419686577808,1,0.65,3.94,,,capsule,False,False
caffeine,Cn1c(=O)c2c(ncn2C)n(C)c1=O,372.0,9.08,-1.6124570913608125,1,0.55,4.28,63096.67,96.0,solution,False,False
caffeine,Cn1c(=O)c2c(ncn2C)n(C)c1=O,500.0,17.300000000000004,-1.4609239012072233,1,0.5,4.74,,,capsule,False,False
dyphylline,Cn1c(=O)c2c(ncn2CC(O)CO)n(C)c1=O,1000.0,15.619999999999996,-1.8063189704587184,1,0.67,1.87,46143.67,96.5,tablet,False,False
dyphylline,Cn1c(=O)c2c(ncn2CC(O)CO)n(C)c1=O,1200.0,21.469999999999995,-1.7473492016113763,1,0.67,2.01,55650.0,,tablet,False,False
dyphylline,Cn1c(=O)c2c(ncn2CC(O)CO)n(C)c1=O,1400.0,27.690000000000005,-1.7038050799326634,1,0.66,2.59,113900.0,,tablet,False,False
alogliptin,Cn1c(=O)cc(N2CCC[C@@H](N)C2)n(Cc2ccccc2C#N)c1=O,25.0,0.11,-2.356547323513813,1,2.0,21.4,1327.0,100.0,capsule,False,False
alogliptin,Cn1c(=O)cc(N2CCC[C@@H](N)C2)n(Cc2ccccc2C#N)c1=O,50.0,0.256,-2.290730039024169,1,2.0,18.1,3139.0,100.0,capsule,False,False
alogliptin,Cn1c(=O)cc(N2CCC[C@@H](N)C2)n(Cc2ccccc2C#N)c1=O,100.0,0.483,-2.316052869248488,1,2.0,16.4,5040.0,100.0,capsule,False,False
alogliptin,Cn1c(=O)cc(N2CCC[C@@H](N)C2)n(Cc2ccccc2C#N)c1=O,200.0,1.548,-2.111259039317108,1,2.0,16.5,13711.0,100.0,capsule,False,False
alogliptin,Cn1c(=O)cc(N2CCC[C@@H](N)C2)n(Cc2ccccc2C#N)c1=O,400.0,3.096,-2.111259039317108,1,1.0,16.6,22816.0,100.0,capsule,False,False
alogliptin,Cn1c(=O)cc(N2CCC[C@@H](N)C2)n(Cc2ccccc2C#N)c1=O,800.0,6.994,-2.058364359018717,1,1.0,12.4,49595.0,100.0,capsule,False,False
Brensocatib,Cn1c(=O)oc2ccc(-c3ccc(C[C@@H](C#N)NC(=O)[C@@H]4CNCCCO4)cc3)cc21,10.0,0.0600100658223268,-2.221775896875669,2,1.015,22.23,1081.0,,,False,False
Brensocatib,Cn1c(=O)oc2ccc(-c3ccc(C[C@@H](C#N)NC(=O)[C@@H]4CNCCCO4)cc3)cc21,25.0,0.1835813716039838,-2.1341113983648103,2,1.425,23.13,3296.5,,,False,False
Brensocatib,Cn1c(=O)oc2ccc(-c3ccc(C[C@@H](C#N)NC(=O)[C@@H]4CNCCCO4)cc3)cc21,40.0,0.2834195476674112,-2.1496301907541278,2,1.385,22.665,5257.0,,,False,False
Tanaproget,Cn1c(C#N)ccc1-c1ccc2c(c1)C(C)(C)OC(=S)N2,0.1,0.0002999999999999,-2.522878745280338,1,1.6,4.6,1.58,,capsule,False,False
Tanaproget,Cn1c(C#N)ccc1-c1ccc2c(c1)C(C)(C)OC(=S)N2,0.3,0.0006399999999999,-2.6709412807357755,1,1.9,4.3,3.48,,capsule,False,False
Tanaproget,Cn1c(C#N)ccc1-c1ccc2c(c1)C(C)(C)OC(=S)N2,1.0,0.00199,-2.701146923590293,1,2.5,11.7,15.9,,capsule,False,False
Tanaproget,Cn1c(C#N)ccc1-c1ccc2c(c1)C(C)(C)OC(=S)N2,3.0,0.0039299999999999,-2.882728704344236,1,3.4,18.0,45.5,,capsule,False,False
Tanaproget,Cn1c(C#N)ccc1-c1ccc2c(c1)C(C)(C)OC(=S)N2,7.0,0.0100399999999999,-2.8433643272052564,1,3.7,30.2,134.9,,capsule,False,False
Tanaproget,Cn1c(C#N)ccc1-c1ccc2c(c1)C(C)(C)OC(=S)N2,15.0,0.01621,-2.966308244207166,1,1.9,16.5,152.9,,capsule,False,False
dabigatran,Cn1c(CNc2ccc(C(=N)N)cc2)nc2cc(C(=O)N(CCC(=O)O)c3ccccn3)ccc21,10.0,0.0082999999999999,-3.0809219076239263,1,1.25,,,5.0,solution,True,False
dabigatran,Cn1c(CNc2ccc(C(=N)N)cc2)nc2cc(C(=O)N(CCC(=O)O)c3ccccn3)ccc21,30.0,0.0215,-3.144682794804057,1,1.25,,,5.0,solution,True,False
dabigatran,Cn1c(CNc2ccc(C(=N)N)cc2)nc2cc(C(=O)N(CCC(=O)O)c3ccccn3)ccc21,100.0,0.0822,-3.085128182459949,1,1.5,7.1,548.0,5.0,solution,True,False
dabigatran,Cn1c(CNc2ccc(C(=N)N)cc2)nc2cc(C(=O)N(CCC(=O)O)c3ccccn3)ccc21,200.0,0.161,-3.0942041196321317,1,1.5,8.4,1110.0,5.0,solution,True,False
dabigatran,Cn1c(CNc2ccc(C(=N)N)cc2)nc2cc(C(=O)N(CCC(=O)O)c3ccccn3)ccc21,400.0,0.344,-3.065501548756432,1,1.5,8.9,2380.0,5.0,solution,True,False
doravirine,Cn1c(Cn2ccc(C(F)(F)F)c(Oc3cc(Cl)cc(C#N)c3)c2=O)n[nH]c1=O,6.0,0.0664599999999999,-1.9555909134409517,1,1.0,11.68,1226.17,64.0,tablet,False,False
doravirine,Cn1c(Cn2ccc(C(F)(F)F)c(Oc3cc(Cl)cc(C#N)c3)c2=O)n[nH]c1=O,12.0,0.12547,-1.9806413480547636,1,1.0,11.67,2043.62,64.0,tablet,False,False
doravirine,Cn1c(Cn2ccc(C(F)(F)F)c(Oc3cc(Cl)cc(C#N)c3)c2=O)n[nH]c1=O,25.0,0.1963899999999999,-2.104820638537739,1,5.0,15.67,4772.7,64.0,tablet,False,False
doravirine,Cn1c(Cn2ccc(C(F)(F)F)c(Oc3cc(Cl)cc(C#N)c3)c2=O)n[nH]c1=O,50.0,0.4544299999999999,-2.041503009968473,1,1.0,13.29,7518.82,64.0,tablet,False,False
doravirine,Cn1c(Cn2ccc(C(F)(F)F)c(Oc3cc(Cl)cc(C#N)c3)c2=O)n[nH]c1=O,100.0,0.72939,-2.13704019519634,1,1.5,15.26,16314.89,64.0,tablet,False,False
doravirine,Cn1c(Cn2ccc(C(F)(F)F)c(Oc3cc(Cl)cc(C#N)c3)c2=O)n[nH]c1=O,150.0,1.12983,-2.12307815682542,1,1.5,13.84,21355.82,64.0,tablet,False,False
doravirine,Cn1c(Cn2ccc(C(F)(F)F)c(Oc3cc(Cl)cc(C#N)c3)c2=O)n[nH]c1=O,300.0,1.62692,-2.265755056676937,1,3.5,15.62,39399.28,64.0,tablet,False,False
doravirine,Cn1c(Cn2ccc(C(F)(F)F)c(Oc3cc(Cl)cc(C#N)c3)c2=O)n[nH]c1=O,450.0,2.5597,-2.245023445330389,1,2.0,14.8,53891.94,64.0,tablet,False,False
doravirine,Cn1c(Cn2ccc(C(F)(F)F)c(Oc3cc(Cl)cc(C#N)c3)c2=O)n[nH]c1=O,600.0,3.15757,-2.2787982631984747,1,2.5,13.58,61994.04,64.0,tablet,False,False
doravirine,Cn1c(Cn2ccc(C(F)(F)F)c(Oc3cc(Cl)cc(C#N)c3)c2=O)n[nH]c1=O,800.0,3.4823500000000003,-2.361217568450225,1,4.0,16.45,76269.57,64.0,tablet,False,False
doravirine,Cn1c(Cn2ccc(C(F)(F)F)c(Oc3cc(Cl)cc(C#N)c3)c2=O)n[nH]c1=O,1000.0,4.29399,-2.3671389712993687,1,2.0,15.42,91933.06,64.0,tablet,False,False
doravirine,Cn1c(Cn2ccc(C(F)(F)F)c(Oc3cc(Cl)cc(C#N)c3)c2=O)n[nH]c1=O,1200.0,4.59328,-2.4170583258314218,1,3.0,18.88,104786.57,64.0,tablet,False,False
avapritinib,Cn1cc(-c2cc3c(N4CCN(c5ncc([C@@](C)(N)c6ccc(F)cc6)cn5)CC4)ncnn3c2)cn1,300.0,0.492,-2.785156151952302,1,3.0,52.6,22600.0,,tablet,False,False
Enzastaurin,Cn1cc(C2=C(c3cn(C4CCN(Cc5ccccn5)CC4)c4ccccc34)C(=O)NC2=O)c2ccccc21,2.0,0.00273,-2.864867348623225,1,3.0,5.98,18.61,,capsule,False,False
Enzastaurin,Cn1cc(C2=C(c3cn(C4CCN(Cc5ccccn5)CC4)c4ccccc34)C(=O)NC2=O)c2ccccc21,5.0,0.0069599999999999,-2.8563607647254567,1,3.0,13.2,79.41,,capsule,False,False
Enzastaurin,Cn1cc(C2=C(c3cn(C4CCN(Cc5ccccn5)CC4)c4ccccc34)C(=O)NC2=O)c2ccccc21,10.0,0.01258,-2.90031935889075,1,3.0,11.4,130.45,,capsule,False,False
Enzastaurin,Cn1cc(C2=C(c3cn(C4CCN(Cc5ccccn5)CC4)c4ccccc34)C(=O)NC2=O)c2ccccc21,25.0,0.02439,-3.010728208358307,1,3.0,15.5,285.14,,capsule,False,False
Enzastaurin,Cn1cc(C2=C(c3cn(C4CCN(Cc5ccccn5)CC4)c4ccccc34)C(=O)NC2=O)c2ccccc21,50.0,0.0488799999999999,-3.009838807101521,1,3.0,14.9,438.27,,capsule,False,False
Enzastaurin,Cn1cc(C2=C(c3cn(C4CCN(Cc5ccccn5)CC4)c4ccccc34)C(=O)NC2=O)c2ccccc21,100.0,0.09384,-3.027612000892528,1,3.0,9.68,917.8,,capsule,False,False
Enzastaurin,Cn1cc(C2=C(c3cn(C4CCN(Cc5ccccn5)CC4)c4ccccc34)C(=O)NC2=O)c2ccccc21,150.0,0.1335399999999999,-3.0504798871582177,1,3.0,9.64,1242.64,,capsule,False,False
Enzastaurin,Cn1cc(C2=C(c3cn(C4CCN(Cc5ccccn5)CC4)c4ccccc34)C(=O)NC2=O)c2ccccc21,200.0,0.1536499999999999,-3.1144974310715843,1,3.0,10.7,1582.94,,capsule,False,False
Enzastaurin,Cn1cc(C2=C(c3cn(C4CCN(Cc5ccccn5)CC4)c4ccccc34)C(=O)NC2=O)c2ccccc21,300.0,0.23409,-3.107738393084465,1,3.0,11.6,2918.39,,capsule,False,False
Enzastaurin,Cn1cc(C2=C(c3cn(C4CCN(Cc5ccccn5)CC4)c4ccccc34)C(=O)NC2=O)c2ccccc21,400.0,0.29235,-3.13615689315466,1,3.0,11.3,4980.86,,capsule,False,False
flosequinan,Cn1cc([S+](C)[O-])c(=O)c2ccc(F)cc21,100.0,1.294990347454374,-1.887733468696957,2,1.1,1.79,4020.0,,tablet,False,False
methimazole,Cn1cc[nH]c1=S,10.0,0.24599,-1.6090825475026886,1,0.33,5.24,1634.81,93.0,tablet,False,False
methimazole,Cn1cc[nH]c1=S,34.6,1.169,-1.4712615876309365,1,0.75,4.79,7770.0,,tablet,False,False
selumetinib,Cn1cnc2c(F)c(Nc3ccc(Br)cc3Cl)c(C(=O)NOCCO)cc21,25.0,0.409,-1.7862167006646958,1,1.0,8.24,1180.0,62.0,capsule,False,False
selumetinib,Cn1cnc2c(F)c(Nc3ccc(Br)cc3Cl)c(C(=O)NOCCO)cc21,50.0,0.9331489698863734,-1.7290190233599587,2,1.3199999999999998,8.535,2812.0,62.0,capsule,False,False
selumetinib,Cn1cnc2c(F)c(Nc3ccc(Br)cc3Cl)c(C(=O)NOCCO)cc21,75.0,1.44,-1.7166987712964503,1,1.27,9.27,4480.0,62.0,capsule,False,False
talazoparib,Cn1ncnc1[C@H]1c2n[nH]c(=O)c3cc(F)cc(c23)N[C@@H]1c1ccc(F)cc1,1.0,0.0076999999999999,-2.113509274827518,1,0.5,76.1,115.8,,solution,False,False
tedizolid,Cn1nnc(-c2ccc(-c3ccc(N4C[C@H](CO)OC4=O)cc3F)cn2)n1,200.0,2.187684587130375,-1.961045288579886,4,2.75,11.0,26400.0,95.2,tablet,True,False
tedizolid,Cn1nnc(-c2ccc(-c3ccc(N4C[C@H](CO)OC4=O)cc3F)cn2)n1,400.0,4.421221550657691,-1.9565177130614744,2,2.75,10.95,57943.0,,capsule,True,False
tedizolid,Cn1nnc(-c2ccc(-c3ccc(N4C[C@H](CO)OC4=O)cc3F)cn2)n1,600.0,6.024616170346457,-1.9982218672546637,2,2.5,10.9,79119.0,,capsule,True,False
tedizolid,Cn1nnc(-c2ccc(-c3ccc(N4C[C@H](CO)OC4=O)cc3F)cn2)n1,800.0,5.500000000000001,-2.1627272974977,1,4.0,10.6,91800.0,,capsule,True,False
tedizolid,Cn1nnc(-c2ccc(-c3ccc(N4C[C@H](CO)OC4=O)cc3F)cn2)n1,1200.0,9.500000000000002,-2.101457640758777,1,4.0,10.4,123100.0,,capsule,True,False
temozolomide,Cn1nnc2c(C(N)=O)ncn2c1=O,259.5,7.500000000000001,-1.5390760987927763,1,1.0,1.8,23400.0,,capsule,False,True
pexidartinib,FC(F)(F)c1ccc(CNc2ccc(Cc3c[nH]c4ncc(Cl)cc34)cn2)cn1,200.0,2.487,-1.9053542103940453,1,2.5,25.5,44542.0,,,False,False
pexidartinib,FC(F)(F)c1ccc(CNc2ccc(Cc3c[nH]c4ncc(Cl)cc34)cn2)cn1,400.0,4.657000000000001,-1.933953753395231,1,2.5,26.7,87891.0,,,False,False
pexidartinib,FC(F)(F)c1ccc(CNc2ccc(Cc3c[nH]c4ncc(Cl)cc34)cn2)cn1,600.0,6.026999999999999,-1.998050058915732,1,2.5,24.8,110211.0,,,False,False
Sarizotan,Fc1ccc(-c2cncc(CNC[C@H]3CCc4ccccc4O3)c2)cc1,0.5,0.03761,-1.1236666709136196,1,0.75,4.6,114.0,,tablet,False,False
Sarizotan,Fc1ccc(-c2cncc(CNC[C@H]3CCc4ccccc4O3)c2)cc1,1.0,0.08059,-1.093718844227847,1,0.5,5.5,226.0,,tablet,False,False
Sarizotan,Fc1ccc(-c2cncc(CNC[C@H]3CCc4ccccc4O3)c2)cc1,2.0,0.1705,-1.0693056123354647,1,0.5,5.6,498.0,,tablet,False,False
Sarizotan,Fc1ccc(-c2cncc(CNC[C@H]3CCc4ccccc4O3)c2)cc1,5.0,0.3495851827523586,-1.155416987654149,2,0.65,5.9,1256.0,,capsule,False,False
Sarizotan,Fc1ccc(-c2cncc(CNC[C@H]3CCc4ccccc4O3)c2)cc1,10.0,0.488,-1.3115801779972895,1,1.4,10.7,2775.0,,capsule,False,False
Sarizotan,Fc1ccc(-c2cncc(CNC[C@H]3CCc4ccccc4O3)c2)cc1,15.0,0.854,-1.2446333883666765,1,0.9,6.2,3726.0,,capsule,False,False
Sarizotan,Fc1ccc(-c2cncc(CNC[C@H]3CCc4ccccc4O3)c2)cc1,20.0,0.92,-1.337242168318426,1,1.3,8.6,5810.0,,capsule,False,False
Sarizotan,Fc1ccc(-c2cncc(CNC[C@H]3CCc4ccccc4O3)c2)cc1,25.0,1.069,-1.3689623034632596,1,0.8,7.4,5983.0,,capsule,False,False
flunarizine,Fc1ccc(C(c2ccc(F)cc2)N2CCN(C/C=C/c3ccccc3)CC2)cc1,5.0,0.026041390131865,-2.28330584047351,2,2.475,19.165,329.33500000000004,,tablet,False,False
flunarizine,Fc1ccc(C(c2ccc(F)cc2)N2CCN(C/C=C/c3ccccc3)CC2)cc1,10.0,0.0580599999999999,-2.236122968504345,1,3.23,7.67,745.05,,tablet,False,False
paroxetine,Fc1ccc([C@@H]2CCNC[C@H]2COc2ccc3c(c2)OCO3)cc1,7.5,0.00277,-3.4325814943272515,1,6.0,17.3,78.8,,capsule,False,False
paroxetine,Fc1ccc([C@@H]2CCNC[C@H]2COc2ccc3c(c2)OCO3)cc1,20.0,0.0106999999999999,-3.271646217978772,1,5.8,21.1,454.0,,,False,False
paroxetine,Fc1ccc([C@@H]2CCNC[C@H]2COc2ccc3c(c2)OCO3)cc1,30.0,0.0176,-3.2316085869055127,1,6.3,21.7,797.0,,,False,False
paroxetine,Fc1ccc([C@@H]2CCNC[C@H]2COc2ccc3c(c2)OCO3)cc1,40.0,0.0266,-3.1771783546968955,1,6.4,20.6,1127.0,,,False,False
quazepam,Fc1ccccc1C1=NCC(=S)N(CC(F)(F)F)c2ccc(Cl)cc21,20.0,0.0367626029936317,-2.735623741433363,4,2.8,17.75,404.05,,tablet,False,False
Zagociguat,Fc1ccccc1Cc1nc(-c2nc(C(F)(F)F)n[nH]2)cn2ccnc12,0.3,0.03995,-0.8756044710696522,1,0.8,,,,tablet,False,False
Zagociguat,Fc1ccccc1Cc1nc(-c2nc(C(F)(F)F)n[nH]2)cn2ccnc12,1.0,0.1424599999999999,-0.8463070599914496,1,1.0,,,,tablet,False,False
Zagociguat,Fc1ccccc1Cc1nc(-c2nc(C(F)(F)F)n[nH]2)cn2ccnc12,3.0,0.37293,-0.9054939335455452,1,2.1,,,,tablet,False,False
Zagociguat,Fc1ccccc1Cc1nc(-c2nc(C(F)(F)F)n[nH]2)cn2ccnc12,10.0,1.1901700000000002,-0.9243910009697802,1,3.5,63.4,92293.0,,tablet,False,False
Zagociguat,Fc1ccccc1Cc1nc(-c2nc(C(F)(F)F)n[nH]2)cn2ccnc12,20.0,2.1917,-0.9602488880328092,1,4.0,67.1,194329.0,,tablet,False,False
Zagociguat,Fc1ccccc1Cc1nc(-c2nc(C(F)(F)F)n[nH]2)cn2ccnc12,30.0,3.36505,-0.9501297330949507,1,4.5,65.7,271998.0,,tablet,False,False
Zagociguat,Fc1ccccc1Cc1nc(-c2nc(C(F)(F)F)n[nH]2)cn2ccnc12,50.0,5.727439999999999,-0.9410094560695909,1,5.0,57.0,478098.0,,tablet,False,False
diphenoxylic acid,N#CC(CCN1CCC(C(=O)O)(c2ccccc2)CC1)(c1ccccc1)c1ccccc1,5.0,0.0401,-2.0958256317158366,1,2.0,5.42,339.8,,solution,True,False
momelotinib,N#CCNC(=O)c1ccc(-c2ccnc(Nc3ccc(N4CCOCC4)cc3)n2)cc1,200.0,0.4837207061099389,-2.6164353175026958,4,4.0,7.5,4815.0,,tablet,False,False
ruxolitinib,N#CC[C@H](C1CCCC1)n1cc(-c2ncnc3[nH]ccc23)cn1,10.0,0.1862740799724946,-1.729847572951746,3,1.0,3.5,701.59,,tablet,False,False
ruxolitinib,N#CC[C@H](C1CCCC1)n1cc(-c2ncnc3[nH]ccc23)cn1,25.0,0.3968156914577661,-1.799351171352244,3,0.5,2.7,1231.62,,tablet,False,False
ruxolitinib,N#CC[C@H](C1CCCC1)n1cc(-c2ncnc3[nH]ccc23)cn1,50.0,0.8992778057419186,-1.7450761292176302,2,0.75,3.03,3193.94,,tablet,False,False
ruxolitinib,N#CC[C@H](C1CCCC1)n1cc(-c2ncnc3[nH]ccc23)cn1,100.0,1.6636099999999998,-1.7789484777446094,1,0.5,3.4,6924.03,,,False,False
vildagliptin,N#C[C@@H]1CCCN1C(=O)CNC12CC3CC(CC(O)(C3)C1)C2,25.0,0.117,-2.329754146925876,1,1.5,1.7,461.0,,tablet,False,False
vildagliptin,N#C[C@@H]1CCCN1C(=O)CNC12CC3CC(CC(O)(C3)C1)C2,50.0,0.245,-2.309803919971486,2,1.5,2.215,1065.0,85.3,tablet,False,False
vildagliptin,N#C[C@@H]1CCCN1C(=O)CNC12CC3CC(CC(O)(C3)C1)C2,100.0,0.5099150441597413,-2.292502174737413,3,1.75,2.17,2350.0,,tablet,False,False
vildagliptin,N#C[C@@H]1CCCN1C(=O)CNC12CC3CC(CC(O)(C3)C1)C2,200.0,1.1,-2.2596373105057563,1,1.25,3.1,5080.0,,tablet,False,False
saxagliptin,N#C[C@@H]1C[C@@H]2C[C@@H]2N1C(=O)[C@@H](N)C12CC3CC(CC(O)(C3)C1)C2,5.0,0.0253836089921467,-2.2944166350427864,3,0.5,3.07,84.4,50.0,tablet,False,False
saxagliptin,N#C[C@@H]1C[C@@H]2C[C@@H]2N1C(=O)[C@@H](N)C12CC3CC(CC(O)(C3)C1)C2,10.0,0.053497663500381,-2.2716651852881213,2,0.565,2.735,186.5,,tablet,False,False
saxagliptin,N#C[C@@H]1C[C@@H]2C[C@@H]2N1C(=O)[C@@H](N)C12CC3CC(CC(O)(C3)C1)C2,50.0,0.279,-2.2533658010624213,1,0.5,2.45,845.0,,solution,False,False
saxagliptin,N#C[C@@H]1C[C@@H]2C[C@@H]2N1C(=O)[C@@H](N)C12CC3CC(CC(O)(C3)C1)C2,100.0,0.546,-2.2628073572952627,1,1.0,2.37,1972.0,,tablet,False,False
finafloxacin,N#Cc1c(N2C[C@@H]3NCCO[C@H]3C2)c(F)cc2c(=O)c(C(=O)O)cn(C3CC3)c12,25.0,0.24,-2.017728766960432,1,1.0,1.28,420.0,,tablet,False,False
finafloxacin,N#Cc1c(N2C[C@@H]3NCCO[C@H]3C2)c(F)cc2c(=O)c(C(=O)O)cn(C3CC3)c12,50.0,0.44,-2.0555173278498318,1,0.88,3.8,1260.0,,tablet,False,False
finafloxacin,N#Cc1c(N2C[C@@H]3NCCO[C@H]3C2)c(F)cc2c(=O)c(C(=O)O)cn(C3CC3)c12,100.0,1.32,-1.8794260687941504,1,0.5,7.2,2800.0,,tablet,False,False
finafloxacin,N#Cc1c(N2C[C@@H]3NCCO[C@H]3C2)c(F)cc2c(=O)c(C(=O)O)cn(C3CC3)c12,200.0,1.9,-2.0222763947111524,1,0.75,4.6,4080.0,,tablet,False,False
finafloxacin,N#Cc1c(N2C[C@@H]3NCCO[C@H]3C2)c(F)cc2c(=O)c(C(=O)O)cn(C3CC3)c12,400.0,5.0600000000000005,-1.8979094744881635,1,1.0,10.0,14200.0,,tablet,False,False
finafloxacin,N#Cc1c(N2C[C@@H]3NCCO[C@H]3C2)c(F)cc2c(=O)c(C(=O)O)cn(C3CC3)c12,800.0,11.099999999999998,-1.8577670082052864,1,0.88,10.5,29200.0,,tablet,False,False
letrozole,N#Cc1ccc(C(c2ccc(C#N)cc2)n2cncn2)cc1,2.5,0.0359993674785985,-1.8416451385427397,3,1.0,42.34,1470.19,99.0,tablet,False,False
vilazodone,N#Cc1ccc2[nH]cc(CCCCN3CCN(c4ccc5oc(C(N)=O)cc5c4)CC3)c2c1,5.0,0.0068099999999999,-2.8658228924232336,1,6.0,29.4,168.8,72.0,,False,True
vilazodone,N#Cc1ccc2[nH]cc(CCCCN3CCN(c4ccc5oc(C(N)=O)cc5c4)CC3)c2c1,10.0,0.01924,-2.7157949322982056,1,6.0,33.9,433.0,72.0,,False,True
vilazodone,N#Cc1ccc2[nH]cc(CCCCN3CCN(c4ccc5oc(C(N)=O)cc5c4)CC3)c2c1,20.0,0.0359159154917592,-2.7457430546468022,5,5.0,30.1,811.0,72.0,tablet,False,True
perampanel,N#Cc1ccccc1-c1cc(-c2ccccn2)cn(-c2ccccc2)c1=O,2.0,0.0779,-1.4094925379914167,1,1.0,122.0,5040.0,,tablet,False,False
perampanel,N#Cc1ccccc1-c1cc(-c2ccccn2)cn(-c2ccccc2)c1=O,4.0,0.1524598307751914,-1.4189045579445947,2,0.75,84.0,8045.0,,tablet,False,False
perampanel,N#Cc1ccccc1-c1cc(-c2ccccn2)cn(-c2ccccc2)c1=O,8.0,0.276,-1.4621809049267258,1,0.75,85.6,17000.0,,tablet,False,False
perampanel,N#Cc1ccccc1-c1cc(-c2ccccn2)cn(-c2ccccc2)c1=O,12.0,0.3016504588560529,-1.5996772557669894,3,1.0,124.0,24900.0,110.0,tablet,False,False
ivosidenib,N#Cc1ccnc(N2C(=O)CC[C@H]2C(=O)N(c2cncc(F)c2)[C@H](C(=O)NC2CC(F)(F)C2)c2ccccc2Cl)c1,250.0,1.6098640626968073,-2.191150803021016,3,3.5,45.8,75500.0,,tablet,False,False
ivosidenib,N#Cc1ccnc(N2C(=O)CC[C@H]2C(=O)N(c2cncc(F)c2)[C@H](C(=O)NC2CC(F)(F)C2)c2ccccc2Cl)c1,500.0,2.3554507546361907,-2.3268959754532665,3,3.02,55.4,143000.0,,tablet,False,False
ivosidenib,N#Cc1ccnc(N2C(=O)CC[C@H]2C(=O)N(c2cncc(F)c2)[C@H](C(=O)NC2CC(F)(F)C2)c2ccccc2Cl)c1,1000.0,2.8028684889148265,-2.5523972789355724,3,4.0,48.3,180000.0,,tablet,False,False
guanfacine,N=C(N)NC(=O)Cc1c(Cl)cccc1Cl,3.0,0.0054999999999999,-2.736758565225419,1,2.6,13.8,100.6,81.1,tablet,False,False
amiloride,N=C(N)NC(=O)c1nc(Cl)c(N)nc1N,10.0,0.0191774346563871,-2.717209488358725,2,3.0,17.08,258.535,50.0,tablet,False,False
amiloride,N=C(N)NC(=O)c1nc(Cl)c(N)nc1N,20.0,0.0475,-2.6243363860391145,1,4.0,9.17,,50.0,tablet,False,False
desmopressin,N=C(N)NCCC[C@@H](NC(=O)[C@@H]1CCCN1C(=O)[C@@H]1CSSCCC(=O)N[C@@H](Cc2ccc(O)cc2)C(=O)N[C@@H](Cc2ccccc2)C(=O)N[C@@H](CCC(N)=O)C(=O)N[C@@H](CC(N)=O)C(=O)N1)C(=O)NCC(N)=O,0.4,3.130495168499707e-05,-4.106446953481715,2,1.25,3.48,0.1255,0.16,tablet,False,False
desmopressin,N=C(N)NCCC[C@@H](NC(=O)[C@@H]1CCCN1C(=O)[C@@H]1CSSCCC(=O)N[C@@H](Cc2ccc(O)cc2)C(=O)N[C@@H](Cc2ccccc2)C(=O)N[C@@H](CCC(N)=O)C(=O)N[C@@H](CC(N)=O)C(=O)N1)C(=O)NCC(N)=O,0.6,6.000000000000003e-05,-4.0,1,1.0,2.69,0.21,0.16,tablet,False,False
melagatran,N=C(N)c1ccc(CNC(=O)[C@@H]2CCN2C(=O)[C@H](NCC(=O)O)C2CCCCC2)cc1,5.0,0.01976,-2.4031830640844096,1,1.6,3.3,118.55,,solution,True,False
melagatran,N=C(N)c1ccc(CNC(=O)[C@@H]2CCN2C(=O)[C@H](NCC(=O)O)C2CCCCC2)cc1,10.0,0.03565,-2.447940465812116,1,1.7,2.4,178.25,,solution,True,False
melagatran,N=C(N)c1ccc(CNC(=O)[C@@H]2CCN2C(=O)[C@H](NCC(=O)O)C2CCCCC2)cc1,20.0,0.0783546093092168,-2.4069654461844783,2,1.85,2.6,394.085,17.6,solution,True,False
melagatran,N=C(N)c1ccc(CNC(=O)[C@@H]2CCN2C(=O)[C@H](NCC(=O)O)C2CCCCC2)cc1,24.0,0.0859,-2.4462180778803635,2,2.2,2.95,508.98,,tablet,True,False
melagatran,N=C(N)c1ccc(CNC(=O)[C@@H]2CCN2C(=O)[C@H](NCC(=O)O)C2CCCCC2)cc1,30.0,0.13272,-2.3541848817033584,1,1.8,2.9,708.71,,solution,True,False
melagatran,N=C(N)c1ccc(CNC(=O)[C@@H]2CCN2C(=O)[C@H](NCC(=O)O)C2CCCCC2)cc1,36.0,0.144713590679814,-2.395793181257912,5,2.1,3.09,811.79,,tablet,True,False
melagatran,N=C(N)c1ccc(CNC(=O)[C@@H]2CCN2C(=O)[C@H](NCC(=O)O)C2CCCCC2)cc1,40.0,0.1615,-2.393887464660841,1,1.7,2.9,862.05,,solution,True,False
melagatran,N=C(N)c1ccc(CNC(=O)[C@@H]2CCN2C(=O)[C@H](NCC(=O)O)C2CCCCC2)cc1,50.0,0.1997964420640805,-2.3983822542082924,5,1.7,2.9,1031.28,19.0,solution,True,False
melagatran,N=C(N)c1ccc(CNC(=O)[C@@H]2CCN2C(=O)[C@H](NCC(=O)O)C2CCCCC2)cc1,62.5,0.28262,-2.344677125286963,1,1.6,2.8,1462.95,,solution,True,False
melagatran,N=C(N)c1ccc(CNC(=O)[C@@H]2CCN2C(=O)[C@H](NCC(=O)O)C2CCCCC2)cc1,78.0,0.323,-2.3828920803593774,1,1.6,2.9,1698.33,,solution,True,False
melagatran,N=C(N)c1ccc(CNC(=O)[C@@H]2CCN2C(=O)[C@H](NCC(=O)O)C2CCCCC2)cc1,98.0,0.43038,-2.3573739944734142,1,1.8,3.0,2406.61,,solution,True,False
darifenacin,NC(=O)C(c1ccccc1)(c1ccccc1)[C@@H]1CCN(CCc2ccc3c(c2)CCO3)C1,5.0,0.00135,-3.5686362358410126,1,0.9,,3.0,,tablet,False,False
darifenacin,NC(=O)C(c1ccccc1)(c1ccccc1)[C@@H]1CCN(CCc2ccc3c(c2)CCO3)C1,5.25,0.0059999999999999,-2.9420080530223136,1,,,23.9,,capsule,False,False
darifenacin,NC(=O)C(c1ccccc1)(c1ccccc1)[C@@H]1CCN(CCc2ccc3c(c2)CCO3)C1,15.0,0.0033899999999999,-3.6458915608525992,1,1.1,3.8,13.2,,tablet,False,False
darifenacin,NC(=O)C(c1ccccc1)(c1ccccc1)[C@@H]1CCN(CCc2ccc3c(c2)CCO3)C1,20.0,0.00381,-3.720105019988362,1,1.0,3.8,16.0,,tablet,False,False
piracetam,NC(=O)CN1CCCC1=O,800.0,14.529999999999998,-1.740824372693922,1,2.33,4.4,59190.0,100.0,tablet,False,False
modafinil,NC(=O)C[S+]([O-])C(c1ccccc1)c1ccccc1,100.0,2.19,-1.6595558851598815,1,2.08,15.9,34000.0,,tablet,False,False
modafinil,NC(=O)C[S+]([O-])C(c1ccccc1)c1ccccc1,200.0,4.675923959713605,-1.631162555651788,3,2.0,12.7,61300.0,,tablet,False,False
modafinil,NC(=O)C[S+]([O-])C(c1ccccc1)c1ccccc1,400.0,9.51,-1.6238794743905485,1,2.79,14.85,106510.0,,tablet,False,False
armodafinil,NC(=O)C[S@@+]([O-])C(c1ccccc1)c1ccccc1,50.0,1.3,-1.585026652029182,1,1.5,13.8,24100.0,,tablet,False,False
armodafinil,NC(=O)C[S@@+]([O-])C(c1ccccc1)c1ccccc1,100.0,2.4,-1.619788758288394,1,2.3,,40600.0,,tablet,False,False
armodafinil,NC(=O)C[S@@+]([O-])C(c1ccccc1)c1ccccc1,200.0,5.44,-1.565431095965801,1,1.8,13.0,95800.0,,tablet,False,False
armodafinil,NC(=O)C[S@@+]([O-])C(c1ccccc1)c1ccccc1,300.0,7.0,-1.6320232147054057,1,,,146000.0,,tablet,False,False
armodafinil,NC(=O)C[S@@+]([O-])C(c1ccccc1)c1ccccc1,400.0,6.9,-1.763210900590707,1,,,142900.0,,tablet,False,False
lonafarnib,NC(=O)N1CCC(CC(=O)N2CCC([C@H]3c4ncc(Br)cc4CCc4cc(Cl)cc(Br)c43)CC2)CC1,100.0,0.323,-2.490797477668897,1,3.0,2.73,2077.0,,capsule,False,False
carbamazepine,NC(=O)N1c2ccccc2C=Cc2ccccc21,100.0,1.01,-1.9956786262173571,1,7.9,41.26,71000.0,,tablet,False,True
carbamazepine,NC(=O)N1c2ccccc2C=Cc2ccccc21,200.0,1.72,-2.065501548756432,1,9.6,34.83,118000.0,,tablet,False,True
carbamazepine,NC(=O)N1c2ccccc2C=Cc2ccccc21,600.0,4.55,-2.1201398537265312,1,12.5,30.54,292000.0,,tablet,False,True
oxcarbazepine,NC(=O)N1c2ccccc2CC(=O)c2ccccc21,300.0,0.3956789923662868,-2.879778261672716,2,1.25,,1387.505,,tablet,False,False
licarbazepine,NC(=O)N1c2ccccc2CC(O)c2ccccc21,300.0,2.33,-2.1097653336936437,1,4.0,13.9,56100.0,,tablet,True,False
licarbazepine,NC(=O)N1c2ccccc2CC(O)c2ccccc21,600.0,5.170000000000001,-2.064660707289701,1,4.0,16.1,135400.0,,tablet,True,False
(r)-licarbazepine,NC(=O)N1c2ccccc2C[C@@H](O)c2ccccc21,300.0,0.76287,-2.594670718197124,1,3.5,15.8,16249.07,,tablet,True,False
(r)-licarbazepine,NC(=O)N1c2ccccc2C[C@@H](O)c2ccccc21,600.0,0.99,-2.7825160557860937,1,5.5,11.9,26300.0,,tablet,True,False
eslicarbazepine,NC(=O)N1c2ccccc2C[C@H](O)c2ccccc21,300.0,2.79718,-2.030400840371213,1,4.0,11.2,61283.65,,tablet,True,False
eslicarbazepine,NC(=O)N1c2ccccc2C[C@H](O)c2ccccc21,400.0,6.890406374082734,-1.7638151553684749,2,1.75,9.685,117505.0,,tablet,True,False
eslicarbazepine,NC(=O)N1c2ccccc2C[C@H](O)c2ccccc21,600.0,8.031727177348536,-1.873342302498089,4,3.0,10.5,176399.5,,tablet,True,False
eslicarbazepine,NC(=O)N1c2ccccc2C[C@H](O)c2ccccc21,800.0,13.008580134593032,-1.7888600903813705,3,3.0,10.29,243600.0,,tablet,True,False
eslicarbazepine,NC(=O)N1c2ccccc2C[C@H](O)c2ccccc21,1600.0,22.865480532890626,-1.8449396498633504,2,2.4,11.085,577135.0,,tablet,True,False
hydroxyurea,NC(=O)NO,1107.0,28.32,-1.5920543718609914,1,0.5,3.14,82490.0,,capsule,False,False
hydroxyurea,NC(=O)NO,2000.0,60.368660000000006,-1.5202184597155026,1,1.22,3.32,285890.74,108.09,capsule,False,False
felbamate,NC(=O)OCC(COC(N)=O)c1ccccc1,600.0,0.0089,-4.828761243738731,1,3.0,18.6,244.0,,,False,False
felbamate,NC(=O)OCC(COC(N)=O)c1ccccc1,1200.0,0.0196,-4.786925174691149,1,6.0,18.6,711.0,,,False,False
chlorphenesin carbamate,NC(=O)OCC(O)COc1ccc(Cl)cc1,250.0,3.4300000000000006,-1.862645888629267,1,1.67,6.33,28670.0,,tablet,False,False
chlorphenesin carbamate,NC(=O)OCC(O)COc1ccc(Cl)cc1,500.0,6.889999999999999,-1.860750782428393,1,1.7,5.59,52980.0,,tablet,False,False
solriamfetol,NC(=O)OC[C@H](N)Cc1ccccc1,75.0,0.499,-2.1769607177683103,1,1.3,7.6,5273.0,95.0,,False,False
solriamfetol,NC(=O)OC[C@H](N)Cc1ccccc1,300.0,1.7569177556163522,-2.232369822830509,2,2.0,5.6,17096.0,95.0,tablet,False,False
solriamfetol,NC(=O)OC[C@H](N)Cc1ccccc1,900.0,5.29,-2.230786837404139,1,3.0,5.8,59190.0,95.0,tablet,False,False
cenobamate,NC(=O)O[C@@H](Cn1ncnn1)c1ccccc1Cl,5.0,0.101,-1.694648630553376,1,0.75,35.9,4260.0,,capsule,False,False
cenobamate,NC(=O)O[C@@H](Cn1ncnn1)c1ccccc1Cl,10.0,0.233,-1.6326440789739811,1,1.0,30.0,7610.0,,capsule,False,False
cenobamate,NC(=O)O[C@@H](Cn1ncnn1)c1ccccc1Cl,25.0,0.585,-1.6307841425898573,1,2.0,38.1,27200.0,,capsule,False,False
cenobamate,NC(=O)O[C@@H](Cn1ncnn1)c1ccccc1Cl,50.0,1.3326664999166145,-1.5742485236147277,2,1.25,42.465,71130.0,,capsule,False,False
cenobamate,NC(=O)O[C@@H](Cn1ncnn1)c1ccccc1Cl,100.0,2.444381312316064,-1.6118310451899125,2,3.0,47.255,152845.0,,tablet,False,False
cenobamate,NC(=O)O[C@@H](Cn1ncnn1)c1ccccc1Cl,200.0,4.79162811578695,-1.6205468911092835,2,2.375,56.22,364260.0,,capsule,False,False
cenobamate,NC(=O)O[C@@H](Cn1ncnn1)c1ccccc1Cl,300.0,6.380000000000001,-1.6723005759985,1,6.0,60.4,539000.0,,capsule,False,False
cenobamate,NC(=O)O[C@@H](Cn1ncnn1)c1ccccc1Cl,400.0,10.424250572583146,-1.5840151491585204,2,3.125,55.635,931645.0,,tablet,False,False
cenobamate,NC(=O)O[C@@H](Cn1ncnn1)c1ccccc1Cl,500.0,11.900000000000002,-1.623423042943488,1,3.0,64.1,1100000.0,,capsule,False,False
cenobamate,NC(=O)O[C@@H](Cn1ncnn1)c1ccccc1Cl,600.0,13.3,-1.6542996094165578,1,3.0,61.0,1260000.0,,capsule,False,False
cenobamate,NC(=O)O[C@@H](Cn1ncnn1)c1ccccc1Cl,750.0,17.0,-1.644612342013426,1,4.0,75.6,1930000.0,,capsule,False,False
Avagacestat,NC(=O)[C@@H](CCC(F)(F)F)N(Cc1ccc(-c2ncon2)cc1F)S(=O)(=O)c1ccc(Cl)cc1,0.3,0.001,-2.4771212547196626,1,1.0,,,,solution,False,False
Avagacestat,NC(=O)[C@@H](CCC(F)(F)F)N(Cc1ccc(-c2ncon2)cc1F)S(=O)(=O)c1ccc(Cl)cc1,1.5,0.007,-2.3309932190414244,1,1.0,35.0,47.0,,solution,False,False
Avagacestat,NC(=O)[C@@H](CCC(F)(F)F)N(Cc1ccc(-c2ncon2)cc1F)S(=O)(=O)c1ccc(Cl)cc1,5.0,0.018,-2.4436974992327127,1,1.3,38.0,142.0,,solution,False,False
Avagacestat,NC(=O)[C@@H](CCC(F)(F)F)N(Cc1ccc(-c2ncon2)cc1F)S(=O)(=O)c1ccc(Cl)cc1,15.0,0.07,-2.3309932190414244,1,1.0,40.0,416.0,,solution,False,False
Avagacestat,NC(=O)[C@@H](CCC(F)(F)F)N(Cc1ccc(-c2ncon2)cc1F)S(=O)(=O)c1ccc(Cl)cc1,50.0,0.1639999999999999,-2.484126156288321,1,1.5,40.0,1311.0,,solution,False,False
Avagacestat,NC(=O)[C@@H](CCC(F)(F)F)N(Cc1ccc(-c2ncon2)cc1F)S(=O)(=O)c1ccc(Cl)cc1,100.0,0.435,-2.3615107430453626,1,1.0,33.0,2362.0,,solution,False,False
Avagacestat,NC(=O)[C@@H](CCC(F)(F)F)N(Cc1ccc(-c2ncon2)cc1F)S(=O)(=O)c1ccc(Cl)cc1,200.0,1.001,-2.3005959181846625,1,1.2,39.0,6917.0,,solution,False,False
Avagacestat,NC(=O)[C@@H](CCC(F)(F)F)N(Cc1ccc(-c2ncon2)cc1F)S(=O)(=O)c1ccc(Cl)cc1,400.0,2.335,-2.2337731064258315,1,1.2,44.0,23343.0,,solution,False,False
Avagacestat,NC(=O)[C@@H](CCC(F)(F)F)N(Cc1ccc(-c2ncon2)cc1F)S(=O)(=O)c1ccc(Cl)cc1,800.0,3.001,-2.425823991567091,1,1.5,41.0,36671.0,,solution,False,False
Vixotrigine,NC(=O)[C@@H]1CC[C@H](c2ccc(OCc3ccccc3F)cc2)N1,10.0,0.0383999999999999,-2.415668775632469,1,1.34,17.1,633.7,,tablet,False,False
Vixotrigine,NC(=O)[C@@H]1CC[C@H](c2ccc(OCc3ccccc3F)cc2)N1,25.0,0.1210999999999999,-2.314795865528985,1,1.95,17.2,1653.4,,tablet,False,False
Vixotrigine,NC(=O)[C@@H]1CC[C@H](c2ccc(OCc3ccccc3F)cc2)N1,75.0,0.522,-2.157390760389438,1,1.02,12.6,5592.8,,tablet,False,False
Vixotrigine,NC(=O)[C@@H]1CC[C@H](c2ccc(OCc3ccccc3F)cc2)N1,125.0,0.8459,-2.1695909880484003,1,1.48,12.9,9731.7,,tablet,False,False
Vixotrigine,NC(=O)[C@@H]1CC[C@H](c2ccc(OCc3ccccc3F)cc2)N1,175.0,1.2252,-2.1548310605517598,1,1.07,11.8,12802.8,,tablet,False,False
Vixotrigine,NC(=O)[C@@H]1CC[C@H](c2ccc(OCc3ccccc3F)cc2)N1,350.0,2.5033000000000003,-2.145555144986853,1,1.48,11.3,24953.5,,tablet,False,False
Vixotrigine,NC(=O)[C@@H]1CC[C@H](c2ccc(OCc3ccccc3F)cc2)N1,600.0,4.878800000000001,-2.08983823523852,1,1.05,10.8,47022.5,,tablet,False,False
Vixotrigine,NC(=O)[C@@H]1CC[C@H](c2ccc(OCc3ccccc3F)cc2)N1,825.0,6.5348,-2.101221648175144,1,1.5,10.7,66200.4,,tablet,False,False
samidorphan,NC(=O)c1ccc2c(c1O)[C@]13CCN(CC4CC4)[C@H](C2)[C@]1(O)CCC(=O)C3,2.0,0.0040699999999999,-2.6914355864387614,1,1.08,7.92,39.9,68.6,capsule,False,False
samidorphan,NC(=O)c1ccc2c(c1O)[C@]13CCN(CC4CC4)[C@H](C2)[C@]1(O)CCC(=O)C3,3.7,0.0074,-2.6989700043360187,1,1.0,7.0,64.1,,solution,False,False
samidorphan,NC(=O)c1ccc2c(c1O)[C@]13CCN(CC4CC4)[C@H](C2)[C@]1(O)CCC(=O)C3,10.0,0.0262399999999999,-2.581036169296377,1,2.0,6.95,258.88,,capsule,False,False
samidorphan,NC(=O)c1ccc2c(c1O)[C@]13CCN(CC4CC4)[C@H](C2)[C@]1(O)CCC(=O)C3,11.0,0.0252,-2.6399921443766807,1,1.0,7.7,195.2,,solution,False,False
samidorphan,NC(=O)c1ccc2c(c1O)[C@]13CCN(CC4CC4)[C@H](C2)[C@]1(O)CCC(=O)C3,18.6,0.0398,-2.6696298721442284,1,1.0,7.9,381.7,,solution,False,False
samidorphan,NC(=O)c1ccc2c(c1O)[C@]13CCN(CC4CC4)[C@H](C2)[C@]1(O)CCC(=O)C3,37.2,0.0922999999999999,-2.605341238855986,1,1.0,7.4,772.9,,solution,False,False
samidorphan,NC(=O)c1ccc2c(c1O)[C@]13CCN(CC4CC4)[C@H](C2)[C@]1(O)CCC(=O)C3,55.7,0.1365,-2.610722543796954,1,1.0,8.3,1340.0,,solution,False,False
niraparib,NC(=O)c1cccc2cn(-c3ccc([C@@H]4CCCNC4)cc3)nc12,300.0,1.010296491135152,-2.4726724100777484,2,3.755,73.05,38208.05,72.7,capsule,False,False
salicylamide,NC(=O)c1ccccc1O,1500.0,30.9,-1.6861327796308467,1,0.2,0.52,14639.33,,solution,True,False
nicotinamide,NC(=O)c1cccnc1,187.5,3.3000000000000003,-1.75448733218585,1,0.3,0.6,3000.0,,powder,False,False
nicotinamide,NC(=O)c1cccnc1,1000.0,17.097779999999997,-1.767060275358686,1,1.87,1.66,,,tablet,False,False
nicotinamide,NC(=O)c1cccnc1,1875.0,42.1,-1.6487191762280693,1,0.5,3.5,187100.0,,powder,False,False
nicotinamide,NC(=O)c1cccnc1,2000.0,34.19556,-1.767060275358686,1,1.31,3.65,,,tablet,False,False
nicotinamide,NC(=O)c1cccnc1,4000.0,64.72731000000002,-1.7909724327640977,1,1.61,7.16,,,tablet,False,False
rufinamide,NC(=O)c1cn(Cc2c(F)cccc2F)nn1,200.0,1.8065,-2.04419202975994,1,4.2,11.2,35944.0,,tablet,False,False
rufinamide,NC(=O)c1cn(Cc2c(F)cccc2F)nn1,400.0,2.49,-2.205860644232226,1,5.4,11.8,57912.0,,tablet,False,False
rufinamide,NC(=O)c1cn(Cc2c(F)cccc2F)nn1,800.0,3.719,-2.332663808632971,1,5.8,13.1,92674.0,,tablet,False,False
rufinamide,NC(=O)c1cn(Cc2c(F)cccc2F)nn1,1200.0,4.166,-2.459461980435898,1,5.1,12.7,112275.0,,tablet,False,False
Peficitinib,NC(=O)c1cnc2[nH]ccc2c1N[C@@H]1[C@@H]2CC3C[C@H]1C[C@](O)(C3)C2,3.0,0.008,-2.574031267727719,1,1.0,2.8,31.0,,,False,False
Peficitinib,NC(=O)c1cnc2[nH]ccc2c1N[C@@H]1[C@@H]2CC3C[C@H]1C[C@](O)(C3)C2,10.0,0.026,-2.585026652029182,1,1.0,4.1,104.0,,,False,False
Peficitinib,NC(=O)c1cnc2[nH]ccc2c1N[C@@H]1[C@@H]2CC3C[C@H]1C[C@](O)(C3)C2,30.0,0.086,-2.5426228034760947,1,1.0,4.7,321.0,,,False,False
Peficitinib,NC(=O)c1cnc2[nH]ccc2c1N[C@@H]1[C@@H]2CC3C[C@H]1C[C@](O)(C3)C2,60.0,0.1699999999999999,-2.5477023290053697,1,1.3,7.0,608.0,,,False,False
Peficitinib,NC(=O)c1cnc2[nH]ccc2c1N[C@@H]1[C@@H]2CC3C[C@H]1C[C@](O)(C3)C2,120.0,0.232,-2.7136932611567253,1,1.5,10.3,1043.0,,,False,False
Peficitinib,NC(=O)c1cnc2[nH]ccc2c1N[C@@H]1[C@@H]2CC3C[C@H]1C[C@](O)(C3)C2,200.0,0.487,-2.613501034449347,1,1.5,7.7,1791.0,,,False,False
Peficitinib,NC(=O)c1cnc2[nH]ccc2c1N[C@@H]1[C@@H]2CC3C[C@H]1C[C@](O)(C3)C2,300.0,0.559,-2.729709446833239,1,1.8,7.8,2392.0,,,False,False
pyrazinamide,NC(=O)c1cnccn1,1890.0,38.7,-1.6887508391543329,1,1.0,9.6,520000.0,,tablet,False,False
favipiravir,NC(=O)c1nc(F)cnc1O,200.0,5.240712695529576,-1.581639644045007,3,0.66,1.3,11235.31,,tablet,False,False
Mizoribine,NC(=O)c1ncn([C@@H]2O[C@H](CO)[C@@H](O)[C@H]2O)c1O,234.0,2.7,-1.937852093251156,1,2.0,2.9,18100.0,,tablet,False,False
Mizoribine,NC(=O)c1ncn([C@@H]2O[C@H](CO)[C@@H](O)[C@H]2O)c1O,468.0,5.500000000000001,-1.92988316357988,1,2.5,2.7,38300.0,,tablet,False,False
Mizoribine,NC(=O)c1ncn([C@@H]2O[C@H](CO)[C@@H](O)[C@H]2O)c1O,702.0,6.6,-2.026793176587937,1,2.1,2.8,46400.0,,tablet,False,False
Mizoribine,NC(=O)c1ncn([C@@H]2O[C@H](CO)[C@@H](O)[C@H]2O)c1O,936.0,9.6,-1.9890046156985368,1,2.0,2.9,61900.0,,tablet,False,False
ribavirin,NC(=O)c1ncn([C@@H]2O[C@H](CO)[C@@H](O)[C@H]2O)n1,300.0,0.25,-3.0791812460476247,1,1.25,43.6,6756.0,,tablet,False,False
ribavirin,NC(=O)c1ncn([C@@H]2O[C@H](CO)[C@@H](O)[C@H]2O)n1,600.0,0.782,-2.8849444973237954,1,1.7,43.6,13400.0,64.0,capsule,False,False
guanadrel,NC(N)=NCC1COC2(CCCCC2)O1,25.0,0.042,-2.774690718274137,1,1.9,3.69,234.0,,,False,False
guanadrel,NC(N)=NCC1COC2(CCCCC2)O1,50.0,0.1042,-2.6811022853725133,1,1.75,3.49,396.2,,tablet,False,False
guanabenz,NC(N)=NN=Cc1c(Cl)cccc1Cl,8.0,0.00214,-3.572676213642753,1,2.0,5.37,22.92,,tablet,False,False
guanabenz,NC(N)=NN=Cc1c(Cl)cccc1Cl,16.0,0.0025455844122715,-3.798332479720628,2,2.0,6.65,22.0,,tablet,False,False
famotidine,NC(N)=Nc1nc(CSCCC(N)=NS(N)(=O)=O)cs1,5.0,0.0139999999999999,-2.552841968657781,1,2.3,,68.9,,capsule,False,True
famotidine,NC(N)=Nc1nc(CSCCC(N)=NS(N)(=O)=O)cs1,10.0,0.0326999999999999,-2.485452247339714,1,1.9,2.5,183.3,,capsule,False,True
famotidine,NC(N)=Nc1nc(CSCCC(N)=NS(N)(=O)=O)cs1,20.0,0.0645922612116481,-2.4908495073036496,3,2.3,3.0,281.2,49.0,capsule,False,True
famotidine,NC(N)=Nc1nc(CSCCC(N)=NS(N)(=O)=O)cs1,40.0,0.0908413452124086,-2.643776434538517,2,2.1,2.95,482.3,42.0,tablet,False,True
capivasertib,NC1(C(=O)N[C@@H](CCO)c2ccc(Cl)cc2)CCN(c2ncnc3[nH]ccc23)CC1,80.0,0.121,-2.820304616675493,1,1.5,7.39,598.0,,tablet,False,False
capivasertib,NC1(C(=O)N[C@@H](CCO)c2ccc(Cl)cc2)CCN(c2ncnc3[nH]ccc23)CC1,400.0,0.547,-2.864072664994532,1,1.74,12.9,2990.0,28.6,tablet,False,False
amantadine,NC12CC3CC(CC(C3)C1)C2,100.0,0.4018299999999999,-2.3959576426298583,1,2.48,11.69,5419.61,,,False,False
amantadine,NC12CC3CC(CC(C3)C1)C2,200.0,0.5,-2.6020599913279625,1,2.1,17.23,9650.0,,tablet,False,False
amantadine,NC12CC3CC(CC(C3)C1)C2,207.0,0.62,-2.523578655958664,1,2.5,,,,syrup,False,False
pemoline,NC1=NC(=O)C(c2ccccc2)O1,50.0,0.995,-1.7011469235902934,1,2.45,10.65,,,capsule,False,False
epinastine,NC1=NCC2c3ccccc3Cc3ccccc3N12,20.0,0.013024478085686,-3.1862696663064645,3,2.21,7.64,143.79,,tablet,False,False
epinastine,NC1=NCC2c3ccccc3Cc3ccccc3N12,40.0,0.068,-2.769551078621726,1,2.0,10.4,658.0,,tablet,False,False
Clinafloxacin,NC1CCN(c2c(F)cc3c(=O)c(C(=O)O)cn(C4CC4)c3c2Cl)C1,25.0,0.14,-2.2518119729937998,1,3.0,5.9,1170.0,92.2,capsule,False,False
Clinafloxacin,NC1CCN(c2c(F)cc3c(=O)c(C(=O)O)cn(C4CC4)c3c2Cl)C1,50.0,0.25,-2.3010299956639813,1,1.8,5.6,1760.0,97.9,capsule,False,False
Clinafloxacin,NC1CCN(c2c(F)cc3c(=O)c(C(=O)O)cn(C4CC4)c3c2Cl)C1,100.0,0.77,-2.113509274827518,1,1.2,6.3,4520.0,94.4,capsule,False,False
Clinafloxacin,NC1CCN(c2c(F)cc3c(=O)c(C(=O)O)cn(C4CC4)c3c2Cl)C1,200.0,0.89,-2.3516399890190685,1,1.2,5.9,7080.0,80.6,capsule,False,False
Clinafloxacin,NC1CCN(c2c(F)cc3c(=O)c(C(=O)O)cn(C4CC4)c3c2Cl)C1,400.0,2.39,-2.2236620903798245,1,1.6,6.1,18500.0,86.9,capsule,False,False
aminolevulinic acid,NCC(=O)CCC(=O)O,100.0,4.65,-1.332547047110046,1,0.88,0.74,7400.0,56.4,solution,False,False
baclofen,NCC(CC(=O)O)c1ccc(Cl)cc1,10.0,0.1462942240828393,-1.8347728201390008,2,1.065,3.785,860.5,108.0,tablet,False,False
baclofen,NCC(CC(=O)O)c1ccc(Cl)cc1,15.0,0.202,-1.8707398896090572,1,1.75,4.63,1237.0,85.8,tablet,False,False
baclofen,NCC(CC(=O)O)c1ccc(Cl)cc1,20.0,0.2549999999999999,-1.8944898152300265,1,1.67,5.24,1592.0,81.2,tablet,False,False
gabapentin,NCC1(CC(=O)O)CCCCC1,200.0,2.4,-1.9208187539523751,1,3.38,7.95,20500.0,,tablet,False,False
gabapentin,NCC1(CC(=O)O)CCCCC1,300.0,3.0097456537056417,-1.998591458746884,2,2.76,4.66,25782.015,,capsule,False,False
gabapentin,NCC1(CC(=O)O)CCCCC1,400.0,3.850454518625042,-2.016547993435101,2,3.2,6.95,38300.0,,capsule,False,False
gabapentin,NCC1(CC(=O)O)CCCCC1,500.0,4.72,-2.025028005701931,1,3.64,5.49,51000.0,,,False,False
gabapentin,NCC1(CC(=O)O)CCCCC1,800.0,5.33,-2.176362777965372,1,4.0,7.97,61400.0,,tablet,False,False
gamma-aminobutyric acid,NCCCC(=O)O,2000.0,0.68853,-3.4631071279764667,1,1.5,5.08,956.77,,tablet,False,False
alendronic acid (alendronate),NCCCC(O)(P(=O)(O)O)P(=O)(O)O,70.0,0.0384179697537493,-3.2605636297239045,2,1.16,1.755,113.205,0.62,tablet,False,False
aminocaproic acid,NCCCCCC(=O)O,500.0,16.355000000000004,-1.4853194558750182,1,1.58,2.13,59523.0,,tablet,False,False
Mavorixafor,NCCCCN(Cc1nc2ccccc2[nH]1)[C@H]1CCCc2cccnc21,50.0,0.159,-2.4975728800155674,1,1.5,10.8,216.0,,,False,False
Mavorixafor,NCCCCN(Cc1nc2ccccc2[nH]1)[C@H]1CCCc2cccnc21,100.0,0.276,-2.5590909179347823,1,1.5,7.6,358.0,,,False,False
Mavorixafor,NCCCCN(Cc1nc2ccccc2[nH]1)[C@H]1CCCc2cccnc21,200.0,0.995,-2.303206914918256,1,1.0,12.6,1695.0,,,False,False
Mavorixafor,NCCCCN(Cc1nc2ccccc2[nH]1)[C@H]1CCCc2cccnc21,400.0,1.404,-2.454692883534176,1,1.5,11.2,6716.0,,,False,False
lisinopril,NCCCC[C@H](N[C@@H](CCc1ccccc1)C(=O)O)C(=O)N1CCC[C@H]1C(=O)O,10.0,0.0509999999999999,-2.292429823902064,1,7.0,7.1,691.4,25.0,tablet,False,False
lisinopril,NCCCC[C@H](N[C@@H](CCc1ccccc1)C(=O)O)C(=O)N1CCC[C@H]1C(=O)O,20.0,0.09434,-2.326334123754298,1,6.58,7.16,1250.17,25.0,tablet,False,False
triethylenetetramine,NCCNCCNCCN,600.0,0.866,-2.840633358366297,1,2.08,2.5,3770.0,,capsule,False,False
cysteamine,NCCS,1200.0,4.87601,-2.391116658424421,1,0.88,1.88,13316.44,,capsule,False,False
taurine,NCCS(=O)(=O)O,4000.0,84.17000000000002,-1.6769026641520637,1,1.25,1.01,196810.0,,capsule,False,False
Etamicastat,NCCc1c[nH]c(=S)n1[C@H]1COc2c(F)cc(F)cc2C1,20.0,0.023,-2.939302159646388,1,1.0,6.6,148.0,,capsule,False,False
Etamicastat,NCCc1c[nH]c(=S)n1[C@H]1COc2c(F)cc(F)cc2C1,50.0,0.0489999999999999,-3.0087739243075053,1,1.0,12.6,421.0,,capsule,False,False
Etamicastat,NCCc1c[nH]c(=S)n1[C@H]1COc2c(F)cc(F)cc2C1,100.0,0.1059999999999999,-2.97469413473523,1,1.5,19.7,1134.0,,capsule,False,False
Etamicastat,NCCc1c[nH]c(=S)n1[C@H]1COc2c(F)cc(F)cc2C1,200.0,0.202,-2.9956786262173574,1,1.0,19.8,2230.0,,capsule,False,False
Etamicastat,NCCc1c[nH]c(=S)n1[C@H]1COc2c(F)cc(F)cc2C1,400.0,0.4749999999999999,-2.925366381703096,1,2.0,17.3,4171.0,,capsule,False,False
Etamicastat,NCCc1c[nH]c(=S)n1[C@H]1COc2c(F)cc(F)cc2C1,600.0,0.766,-2.89392248075104,1,3.0,15.7,7355.0,,capsule,False,False
Etamicastat,NCCc1c[nH]c(=S)n1[C@H]1COc2c(F)cc(F)cc2C1,900.0,1.469,-2.7872207136490683,1,3.0,18.8,14908.0,,capsule,False,False
Etamicastat,NCCc1c[nH]c(=S)n1[C@H]1COc2c(F)cc(F)cc2C1,1200.0,1.638,-2.864867348623225,1,2.5,18.2,14707.0,,capsule,False,False
Lesogaberan,NC[C@@H](F)C[PH](=O)O,100.0,0.3527,-2.4525945403325102,1,1.2,11.2,2920.4,67.0,solution,False,False
tranexamic acid,NC[C@H]1CC[C@H](C(=O)O)CC1,1000.0,7.0,-2.154901959985743,1,2.0,,,,tablet,False,False
tranexamic acid,NC[C@H]1CC[C@H](C(=O)O)CC1,1300.0,13.83,-1.973121172197526,1,2.5,11.08,80190.0,45.0,tablet,False,False
isoniazid,NNC(=O)c1ccncc1,100.0,1.2,-1.9208187539523751,1,0.33,3.82,3100.0,78.4,tablet,False,False
isoniazid,NNC(=O)c1ccncc1,200.0,1.44,-2.1426675035687315,1,0.95,2.05,4000.0,,,False,False
isoniazid,NNC(=O)c1ccncc1,300.0,5.159651150998485,-1.7645009151695632,2,0.33,2.27,11325.0,100.1,tablet,False,False
phenelzine,NNCCc1ccccc1,15.0,0.0101399999999999,-3.170053304058364,1,0.92,9.75,384.2,,tablet,False,False
phenelzine,NNCCc1ccccc1,30.0,0.0198,-3.1804560644581312,1,0.72,11.6,,,tablet,False,False
dihydralazine,NNc1nnc(NN)c2ccccc12,20.0,0.04662,-2.6324577264794238,1,1.0,4.8,190.2,,suspension,False,False
hydralazine,NNc1nncc2ccccc12,10.0,0.0509999999999999,-2.292429823902064,1,0.38,1.85,128.63,,tablet,False,False
hydralazine,NNc1nncc2ccccc12,20.55,0.085,-2.383392900497795,1,0.4,1.63,148.0,28.0,tablet,False,False
hydralazine,NNc1nncc2ccccc12,25.0,0.16733,-2.17436619761735,1,0.25,2.09,316.91,,tablet,False,False
hydralazine,NNc1nncc2ccccc12,50.0,0.30183,-2.2192076006163166,1,0.25,1.79,595.28,,tablet,False,False
hydralazine,NNc1nncc2ccccc12,100.0,0.5715,-2.2429837652686992,1,0.5,1.78,1426.95,,tablet,False,False
hydralazine,NNc1nncc2ccccc12,150.0,1.2631199999999998,-2.074646647326798,1,0.38,1.89,3480.97,,tablet,False,False
zonisamide,NS(=O)(=O)Cc1noc2ccccc12,100.0,0.97199,-2.0123382031469346,1,3.1,63.0,43051.78,,capsule,False,True
zonisamide,NS(=O)(=O)Cc1noc2ccccc12,300.0,3.3935000000000004,-1.946473401192177,1,4.0,63.0,150255.4,,capsule,False,True
Aprocitentan,NS(=O)(=O)Nc1ncnc(OCCOc2ncc(Br)cn2)c1-c1ccc(Br)cc1,5.0,0.3499999999999999,-1.1549019599857433,1,3.0,41.3,18320.0,,,False,False
Aprocitentan,NS(=O)(=O)Nc1ncnc(OCCOc2ncc(Br)cn2)c1-c1ccc(Br)cc1,25.0,1.4143125538578805,-1.2473946123541582,2,4.0,46.65,80852.5,,tablet,False,False
Aprocitentan,NS(=O)(=O)Nc1ncnc(OCCOc2ncc(Br)cn2)c1-c1ccc(Br)cc1,50.0,2.84,-1.2456516642889812,1,5.0,47.4,170677.0,,,False,False
Aprocitentan,NS(=O)(=O)Nc1ncnc(OCCOc2ncc(Br)cn2)c1-c1ccc(Br)cc1,100.0,3.76,-1.424812155072339,1,9.0,46.8,254260.0,,,False,False
Aprocitentan,NS(=O)(=O)Nc1ncnc(OCCOc2ncc(Br)cn2)c1-c1ccc(Br)cc1,300.0,10.820000000000002,-1.4428939939491117,1,8.5,42.9,800720.0,,,False,False
Aprocitentan,NS(=O)(=O)Nc1ncnc(OCCOc2ncc(Br)cn2)c1-c1ccc(Br)cc1,600.0,14.09,-1.6292402572742872,1,9.0,44.3,1339460.0,,,False,False
furosemide,NS(=O)(=O)c1cc(C(=O)O)c(NCc2ccco2)cc1Cl,20.0,1.34,-1.1739251972991736,1,0.89,,2690.0,,solution,False,False
furosemide,NS(=O)(=O)c1cc(C(=O)O)c(NCc2ccco2)cc1Cl,40.0,1.7033075605577312,-1.3707669171803725,3,1.0,3.1,4166.67,71.0,tablet,False,False
furosemide,NS(=O)(=O)c1cc(C(=O)O)c(NCc2ccco2)cc1Cl,80.0,3.5400000000000005,-1.3540867249661557,1,0.81,,8280.0,,solution,False,False
piretanide,NS(=O)(=O)c1cc(C(=O)O)cc(N2CCCC2)c1Oc1ccccc1,3.0,0.2,-1.1760912590556811,1,0.67,1.01,310.0,,solution,False,False
piretanide,NS(=O)(=O)c1cc(C(=O)O)cc(N2CCCC2)c1Oc1ccccc1,6.0,0.3269174207655505,-1.263713186515529,2,0.77,1.095,557.335,,solution,False,False
piretanide,NS(=O)(=O)c1cc(C(=O)O)cc(N2CCCC2)c1Oc1ccccc1,12.0,0.645,-1.2696215314123571,1,0.67,1.09,1023.33,,solution,False,False
chlorthalidone,NS(=O)(=O)c1cc(C2(O)NC(=O)c3ccccc32)ccc1Cl,25.0,1.952,-1.1074601953413643,1,9.2,47.0,115200.0,,solution,False,False
chlorthalidone,NS(=O)(=O)c1cc(C2(O)NC(=O)c3ccccc32)ccc1Cl,50.0,3.15,-1.2006594505464183,1,12.8,49.7,271000.0,,tablet,False,False
chlorthalidone,NS(=O)(=O)c1cc(C2(O)NC(=O)c3ccccc32)ccc1Cl,100.0,5.55,-1.2557070168773237,1,12.0,50.0,566000.0,,tablet,False,False
chlorthalidone,NS(=O)(=O)c1cc(C2(O)NC(=O)c3ccccc32)ccc1Cl,200.0,7.929999999999999,-1.4017568083463776,1,13.7,49.3,846000.0,,tablet,False,False
diclofenamide,NS(=O)(=O)c1cc(Cl)c(Cl)c(S(N)(=O)=O)c1,25.0,0.2979999999999999,-1.9237237445957824,1,1.5,68.4,5908.0,,tablet,False,False
diclofenamide,NS(=O)(=O)c1cc(Cl)c(Cl)c(S(N)(=O)=O)c1,50.0,0.709,-1.8483237691529524,1,2.5,51.4,14734.0,,tablet,False,False
diclofenamide,NS(=O)(=O)c1cc(Cl)c(Cl)c(S(N)(=O)=O)c1,100.0,1.512,-1.8204482088348124,1,2.0,31.9,28901.0,,tablet,False,False
diclofenamide,NS(=O)(=O)c1cc(Cl)c(Cl)c(S(N)(=O)=O)c1,200.0,3.03,-1.819587367161676,1,2.0,41.0,66456.0,,tablet,False,False
diclofenamide,NS(=O)(=O)c1cc(Cl)c(Cl)c(S(N)(=O)=O)c1,400.0,6.318,-1.801480369758832,1,3.0,38.6,142007.0,,tablet,False,False
bendroflumethiazide,NS(=O)(=O)c1cc2c(cc1C(F)(F)F)NC(Cc1ccccc1)NS2(=O)=O,1.25,0.00927,-2.1298302788635595,1,3.0,,60.68,,tablet,False,False
bendroflumethiazide,NS(=O)(=O)c1cc2c(cc1C(F)(F)F)NC(Cc1ccccc1)NS2(=O)=O,2.5,0.01601,-2.1935486767527377,1,2.0,8.9,113.36,,tablet,False,False
bendroflumethiazide,NS(=O)(=O)c1cc2c(cc1C(F)(F)F)NC(Cc1ccccc1)NS2(=O)=O,5.0,0.03367,-2.1717268879479303,1,3.0,8.9,331.24,,tablet,False,False
bendroflumethiazide,NS(=O)(=O)c1cc2c(cc1C(F)(F)F)NC(Cc1ccccc1)NS2(=O)=O,10.0,0.0574496736283157,-2.240712434196308,2,1.92,8.0,404.8,,tablet,False,False
trichlormethiazide,NS(=O)(=O)c1cc2c(cc1Cl)NC(C(Cl)Cl)NS2(=O)=O,4.0,0.03879,-2.013340211727906,1,1.9,2.02,178.74,,,False,False
chlorothiazide,NS(=O)(=O)c1cc2c(cc1Cl)NC=NS2(=O)=O,500.0,0.513,-2.9888526392242025,1,2.0,2.2,3000.0,,tablet,False,False
hydrochlorothiazide,NS(=O)(=O)c1cc2c(cc1Cl)NCNS2(=O)=O,12.0,0.0688199999999999,-2.2414665777627136,1,2.0,8.98,421.06,,tablet,False,False
hydrochlorothiazide,NS(=O)(=O)c1cc2c(cc1Cl)NCNS2(=O)=O,25.0,0.1468013283318648,-2.2312100233604526,2,2.2,8.555,1094.935,,tablet,False,False
hydrochlorothiazide,NS(=O)(=O)c1cc2c(cc1Cl)NCNS2(=O)=O,50.0,0.2799999999999999,-2.2518119729938,1,2.1,8.4,2139.38,,tablet,False,False
hydrochlorothiazide,NS(=O)(=O)c1cc2c(cc1Cl)NCNS2(=O)=O,100.0,0.437,-2.359518563029578,1,2.3,12.1,3713.98,,tablet,False,False
loracarbef,N[C@@H](C(=O)N[C@@H]1C(=O)N2C(C(=O)O)=C(Cl)CC[C@H]12)c1ccccc1,200.0,9.01,-1.3463052046849182,1,0.85,1.41,18580.0,,tablet,False,False
loracarbef,N[C@@H](C(=O)N[C@@H]1C(=O)N2C(C(=O)O)=C(Cl)CC[C@H]12)c1ccccc1,400.0,19.21,-1.318532626466269,1,1.12,1.17,33040.0,,capsule,False,False
cefaclor,N[C@@H](C(=O)N[C@@H]1C(=O)N2C(C(=O)O)=C(Cl)CS[C@H]12)c1ccccc1,125.0,7.006519999999999,-1.251407646976126,1,0.33,0.79,5573.02,,suspension,False,False
cefaclor,N[C@@H](C(=O)N[C@@H]1C(=O)N2C(C(=O)O)=C(Cl)CS[C@H]12)c1ccccc1,250.0,9.603124491539198,-1.4155274497303434,2,0.55,0.665,8650.0,,capsule,False,False
cefaclor,N[C@@H](C(=O)N[C@@H]1C(=O)N2C(C(=O)O)=C(Cl)CS[C@H]12)c1ccccc1,500.0,16.585234396896535,-1.4792483906113951,2,0.81,0.645,19050.0,,capsule,False,False
cefaclor,N[C@@H](C(=O)N[C@@H]1C(=O)N2C(C(=O)O)=C(Cl)CS[C@H]12)c1ccccc1,1000.0,34.60000000000001,-1.4609239012072233,1,1.09,0.71,74500.0,,capsule,False,False
sitagliptin,N[C@@H](CC(=O)N1CCn2c(nnc2C(F)(F)F)C1)Cc1cc(F)c(F)cc1F,1.5,0.0029699999999999,-2.703334809738469,1,6.0,14.1,64.36,87.0,tablet,False,False
sitagliptin,N[C@@H](CC(=O)N1CCn2c(nnc2C(F)(F)F)C1)Cc1cc(F)c(F)cc1F,5.0,0.0093455871939648,-2.7283634105433583,2,6.0,13.75,190.22,87.0,tablet,False,False
sitagliptin,N[C@@H](CC(=O)N1CCn2c(nnc2C(F)(F)F)C1)Cc1cc(F)c(F)cc1F,12.5,0.0227139626661663,-2.7406171053879818,2,4.0,11.85,388.585,87.0,tablet,False,False
sitagliptin,N[C@@H](CC(=O)N1CCn2c(nnc2C(F)(F)F)C1)Cc1cc(F)c(F)cc1F,25.0,0.0625022330252832,-2.602044474956213,3,3.5,11.6,830.93,87.0,tablet,False,False
sitagliptin,N[C@@H](CC(=O)N1CCn2c(nnc2C(F)(F)F)C1)Cc1cc(F)c(F)cc1F,50.0,0.1361864349784351,-2.5648361530544337,3,2.5,11.7,1682.22,87.0,tablet,False,False
sitagliptin,N[C@@H](CC(=O)N1CCn2c(nnc2C(F)(F)F)C1)Cc1cc(F)c(F)cc1F,100.0,0.3582802102419118,-2.44577717960976,3,2.0,10.1,3470.35,87.0,tablet,False,False
sitagliptin,N[C@@H](CC(=O)N1CCn2c(nnc2C(F)(F)F)C1)Cc1cc(F)c(F)cc1F,200.0,0.8344314532471622,-2.379639329542935,4,1.75,9.275,6659.65,87.0,tablet,False,False
sitagliptin,N[C@@H](CC(=O)N1CCn2c(nnc2C(F)(F)F)C1)Cc1cc(F)c(F)cc1F,400.0,1.8762715896909603,-2.3287642887523425,3,2.0,9.1,14215.4,87.0,tablet,False,False
sitagliptin,N[C@@H](CC(=O)N1CCn2c(nnc2C(F)(F)F)C1)Cc1cc(F)c(F)cc1F,600.0,3.1307897477793047,-2.282497347393127,2,1.75,8.32,21710.050000000003,87.0,tablet,False,False
carbocisteine,N[C@@H](CSCC(=O)O)C(=O)O,750.0,6.889999999999999,-2.0368420414840744,1,2.0,1.51,27910.0,,capsule,False,False
tryptophan,N[C@@H](Cc1c[nH]c2ccccc12)C(=O)O,700.0,25.000000000000007,-1.447158031342219,1,1.0,4.34,31000.0,,tablet,False,False
tryptophan,N[C@@H](Cc1c[nH]c2ccccc12)C(=O)O,1750.0,55.00000000000001,-1.5026753591920503,1,1.0,2.83,130000.0,,tablet,False,False
tryptophan,N[C@@H](Cc1c[nH]c2ccccc12)C(=O)O,3500.0,100.0,-1.5440680443502757,1,2.0,2.31,318000.0,,tablet,False,False
levothyroxine (l-t4),N[C@@H](Cc1cc(I)c(Oc2cc(I)c(O)c(I)c2)c(I)c1)C(=O)O,0.1,0.0362,-0.4412914294668342,1,2.65,,234.2,,tablet,False,False
levothyroxine (l-t4),N[C@@H](Cc1cc(I)c(Oc2cc(I)c(O)c(I)c2)c(I)c1)C(=O)O,0.6,0.0751556252053031,-0.902189758418874,2,2.045,,1737.0700000000002,,tablet,False,False
melphalan,N[C@@H](Cc1ccc(N(CCCl)CCCl)cc1)C(=O)O,5.0,0.05213,-1.981882279409,1,1.13,0.93,115.0,55.0,tablet,False,False
melphalan,N[C@@H](Cc1ccc(N(CCCl)CCCl)cc1)C(=O)O,10.0,0.11337,-1.945501853363323,1,1.25,1.02,280.0,68.0,tablet,False,False
melphalan,N[C@@H](Cc1ccc(N(CCCl)CCCl)cc1)C(=O)O,20.0,0.20596,-1.987247112508784,1,1.07,1.21,558.0,71.0,tablet,False,False
levodopa,N[C@@H](Cc1ccc(O)c(O)c1)C(=O)O,250.0,1.077,-2.365724305374056,1,0.8,1.5,1056.0,41.0,tablet,False,False
Sitafloxacin,N[C@@H]1CN(c2c(F)cc3c(=O)c(C(=O)O)cn([C@@H]4C[C@@H]4F)c3c2Cl)CC12CC2,50.0,0.72,-1.8416375079047504,1,1.25,5.19,4030.0,,tablet,False,False
Sitafloxacin,N[C@@H]1CN(c2c(F)cc3c(=O)c(C(=O)O)cn([C@@H]4C[C@@H]4F)c3c2Cl)CC12CC2,100.0,1.62,-1.790484985457369,1,0.62,5.8,8790.0,,tablet,False,False
Sitafloxacin,N[C@@H]1CN(c2c(F)cc3c(=O)c(C(=O)O)cn([C@@H]4C[C@@H]4F)c3c2Cl)CC12CC2,200.0,2.73,-1.8648673486232248,1,0.88,6.28,18100.0,,tablet,False,False
Sitafloxacin,N[C@@H]1CN(c2c(F)cc3c(=O)c(C(=O)O)cn([C@@H]4C[C@@H]4F)c3c2Cl)CC12CC2,500.0,4.65,-2.0315170514460648,1,1.25,7.02,28100.0,88.7,capsule,False,False
cycloserine,N[C@@H]1CONC1=O,250.0,19.420000000000005,-1.109690783100051,1,0.86,12.33,283490.0,,capsule,False,False
cycloserine,N[C@@H]1CONC1=O,500.0,42.92000000000001,-1.0663102910421052,1,0.83,13.27,643290.0,,capsule,False,False
cycloserine,N[C@@H]1CONC1=O,1000.0,84.75999999999999,-1.071809051961243,1,0.84,13.13,1224010.0,,capsule,False,False
(+)-tranylcypromine,N[C@@H]1C[C@H]1c1ccccc1,20.0,0.0143,-3.1456939581989194,1,0.8,1.18,26.3,,solution,True,False
trovafloxacin,N[C@@H]1[C@H]2CN(c3nc4c(cc3F)c(=O)c(C(=O)O)cn4-c3ccc(F)cc3F)C[C@@H]12,30.0,0.2999999999999999,-2.0,1,0.7,,,,powder,False,False
trovafloxacin,N[C@@H]1[C@H]2CN(c3nc4c(cc3F)c(=O)c(C(=O)O)cn4-c3ccc(F)cc3F)C[C@@H]12,100.0,1.5,-1.8239087409443189,1,0.7,7.2,9800.0,,powder,False,False
trovafloxacin,N[C@@H]1[C@H]2CN(c3nc4c(cc3F)c(=O)c(C(=O)O)cn4-c3ccc(F)cc3F)C[C@@H]12,200.0,2.054507240191672,-1.9883223195867767,2,1.275,9.85,21440.0,91.0,tablet,False,False
trovafloxacin,N[C@@H]1[C@H]2CN(c3nc4c(cc3F)c(=O)c(C(=O)O)cn4-c3ccc(F)cc3F)C[C@@H]12,300.0,4.4,-1.833668578233475,1,0.7,9.9,41400.0,,powder,False,False
trovafloxacin,N[C@@H]1[C@H]2CN(c3nc4c(cc3F)c(=O)c(C(=O)O)cn4-c3ccc(F)cc3F)C[C@@H]12,600.0,6.6,-1.958607314841775,1,1.1,9.8,71100.0,,powder,False,False
trovafloxacin,N[C@@H]1[C@H]2CN(c3nc4c(cc3F)c(=O)c(C(=O)O)cn4-c3ccc(F)cc3F)C[C@@H]12,1000.0,10.1,-1.9956786262173571,1,3.3,12.7,170300.0,,powder,False,False
rimegepant,N[C@@H]1c2cccnc2[C@H](OC(=O)N2CCC(n3c(=O)[nH]c4ncccc43)CC2)CC[C@H]1c1cccc(F)c1F,25.0,0.3111,-1.9050399975633343,1,1.0,7.7,1685.7,64.0,capsule,False,False
rimegepant,N[C@@H]1c2cccnc2[C@H](OC(=O)N2CCC(n3c(=O)[nH]c4ncccc43)CC2)CC[C@H]1c1cccc(F)c1F,75.0,0.6638696869140864,-2.052978424698835,4,2.0,11.7,3843.0,64.0,capsule,False,False
rimegepant,N[C@@H]1c2cccnc2[C@H](OC(=O)N2CCC(n3c(=O)[nH]c4ncccc43)CC2)CC[C@H]1c1cccc(F)c1F,150.0,0.9907,-2.1801490960631305,1,2.5,12.4,6850.2,64.0,capsule,False,False
rimegepant,N[C@@H]1c2cccnc2[C@H](OC(=O)N2CCC(n3c(=O)[nH]c4ncccc43)CC2)CC[C@H]1c1cccc(F)c1F,300.0,3.7248,-1.906018296085887,1,1.0,8.8,25585.9,64.0,capsule,False,False
rimegepant,N[C@@H]1c2cccnc2[C@H](OC(=O)N2CCC(n3c(=O)[nH]c4ncccc43)CC2)CC[C@H]1c1cccc(F)c1F,600.0,12.221800000000002,-1.6910160778241743,1,3.5,9.4,113461.0,64.0,capsule,False,False
rimegepant,N[C@@H]1c2cccnc2[C@H](OC(=O)N2CCC(n3c(=O)[nH]c4ncccc43)CC2)CC[C@H]1c1cccc(F)c1F,900.0,19.3507,-1.6675458294570746,1,2.5,9.1,189263.1,64.0,capsule,False,False
rimegepant,N[C@@H]1c2cccnc2[C@H](OC(=O)N2CCC(n3c(=O)[nH]c4ncccc43)CC2)CC[C@H]1c1cccc(F)c1F,1500.0,8.0292,-2.271418983128626,1,3.0,10.0,85064.3,64.0,capsule,False,False
droxidopa,N[C@H](C(=O)O)[C@H](O)c1ccc(O)c(O)c1,200.0,0.965,-2.3165026823201886,1,2.2,2.1,3193.0,90.0,tablet,False,False
droxidopa,N[C@H](C(=O)O)[C@H](O)c1ccc(O)c(O)c1,600.0,3.966,-2.17979854051436,1,2.05,2.85,16637.0,90.0,,False,False
droxidopa,N[C@H](C(=O)O)[C@H](O)c1ccc(O)c(O)c1,2000.0,7.923000000000001,-2.402140339737395,1,2.06,3.35,37711.0,90.0,,False,False
(-)-tranylcypromine,N[C@H]1C[C@@H]1c1ccccc1,20.0,0.0561,-2.55206713440782,1,1.2,1.72,196.8,,solution,True,False
ambroxol,Nc1c(Br)cc(Br)cc1CN[C@H]1CC[C@H](O)CC1,15.0,0.0257,-2.7661581357243867,1,3.25,9.09,294.0,,solution,False,False
ambroxol,Nc1c(Br)cc(Br)cc1CN[C@H]1CC[C@H](O)CC1,30.0,0.0631117640787247,-2.677010935122476,3,2.0,9.53,712.14,,tablet,False,False
ambroxol,Nc1c(Br)cc(Br)cc1CN[C@H]1CC[C@H](O)CC1,60.0,0.1685,-2.551551345176286,1,1.5,,1353.9,,tablet,False,False
bromfenac,Nc1c(CC(=O)O)cccc1C(=O)c1ccc(Br)cc1,50.0,4.137691745835627,-1.0822118713338034,4,1.125,1.525,6510.0,67.0,capsule,False,False
tacrine,Nc1c2c(nc3ccccc13)CCCC2,25.0,0.00939,-3.4252744164059266,1,1.5,1.59,29.0,,capsule,False,False
tacrine,Nc1c2c(nc3ccccc13)CCCC2,40.0,0.0133,-3.4782083503608767,1,1.9,2.3,56.0,,capsule,False,False
tacrine,Nc1c2c(nc3ccccc13)CCCC2,50.0,0.02217,-3.3532043112215306,1,1.5,2.14,83.2,,capsule,False,False
1-hydroxytacrine,Nc1c2c(nc3ccccc13)CCCC2O,40.0,0.0322999999999999,-3.0928574689968595,1,1.7,3.2,144.0,,capsule,True,False
amrinone,Nc1cc(-c2ccncc2)c[nH]c1=O,75.0,0.9515513648773776,-1.8966290268582904,2,0.69,4.125,3600.0,93.0,capsule,False,False
amrinone,Nc1cc(-c2ccncc2)c[nH]c1=O,150.0,1.62,-1.9665762445130504,1,0.5,4.21,7740.0,,capsule,False,False
amrinone,Nc1cc(-c2ccncc2)c[nH]c1=O,225.0,2.33,-1.984826597085344,1,0.62,4.18,10810.0,,capsule,False,False
minoxidil,Nc1cc(N2CCCCC2)nc(N)[n+]1[O-],2.5,0.0168,-2.1726307269461747,1,0.57,1.07,25.3,95.0,tablet,False,False
minoxidil,Nc1cc(N2CCCCC2)nc(N)[n+]1[O-],5.0,0.0361861852092756,-2.1404272026560047,2,0.46,1.335,55.650000000000006,95.0,tablet,False,False
minoxidil,Nc1cc(N2CCCCC2)nc(N)[n+]1[O-],10.0,0.0746999999999999,-2.126679398184601,1,0.42,1.34,112.0,95.0,tablet,False,False
phenazopyridine,Nc1ccc(/N=N/c2ccccc2)c(N)n1,200.0,0.065,-3.4881166390211256,1,2.48,9.41,431.77,,tablet,False,False
aminosalicylic acid (para-aminosalicylic acid),Nc1ccc(C(=O)O)c(O)c1,4000.0,46.52536942357364,-1.934370161099955,2,4.65,1.275,197030.0,,granule,False,False
mesalazine (5-asa),Nc1ccc(O)c(C(=O)O)c1,1200.0,0.857,-3.1462004241244266,1,9.0,8.56,9578.0,,enteric-coated tablet,False,False
mesalazine (5-asa),Nc1ccc(O)c(C(=O)O)c1,2400.0,1.595,-3.177450554318406,1,12.0,7.05,21084.0,,enteric-coated tablet,False,False
mesalazine (5-asa),Nc1ccc(O)c(C(=O)O)c1,4800.0,2.154,-3.3479955384136244,1,12.0,7.25,44775.0,,enteric-coated tablet,False,False
sulfadiazine,Nc1ccc(S(=O)(=O)Nc2ncccn2)cc1,500.0,18.236205601242897,-1.4380355243933989,4,3.7,11.835,364800.0,,tablet,False,False
dapsone,Nc1ccc(S(=O)(=O)c2ccc(N)cc2)cc1,100.0,1.710263137648707,-1.7669370647909004,2,3.05,22.65,38500.0,93.0,tablet,False,False
pomalidomide,Nc1cccc2c1C(=O)N(C1CCC(=O)NC1=O)C2=O,1.0,0.0218999999999999,-1.6595558851598815,1,1.25,6.94,154.94,,capsule,False,True
pomalidomide,Nc1cccc2c1C(=O)N(C1CCC(=O)NC1=O)C2=O,4.0,0.0593545829895378,-1.8286057332399963,4,2.0,6.605,510.5,,capsule,False,True
pomalidomide,Nc1cccc2c1C(=O)N(C1CCC(=O)NC1=O)C2=O,20.0,0.2323799999999999,-1.934831248294255,1,2.88,6.33,2606.32,,,False,True
lenalidomide,Nc1cccc2c1CN(C1CCC(=O)NC1=O)C2=O,5.0,0.0662,-1.8781120148963188,1,0.88,3.24,276.0,,capsule,False,False
lenalidomide,Nc1cccc2c1CN(C1CCC(=O)NC1=O)C2=O,20.0,0.373,-1.7293211638552937,1,0.88,3.66,1391.0,,capsule,False,False
lenalidomide,Nc1cccc2c1CN(C1CCC(=O)NC1=O)C2=O,50.0,0.808,-1.7915586435614326,1,0.75,3.46,2546.0,,capsule,False,False
lenalidomide,Nc1cccc2c1CN(C1CCC(=O)NC1=O)C2=O,100.0,1.735,-1.7607005208731077,1,1.5,4.71,5997.0,,capsule,False,False
lenalidomide,Nc1cccc2c1CN(C1CCC(=O)NC1=O)C2=O,200.0,3.519,-1.7546107288287895,1,0.62,5.16,12111.0,,capsule,False,False
lenalidomide,Nc1cccc2c1CN(C1CCC(=O)NC1=O)C2=O,400.0,4.586,-1.9406259409340425,1,0.88,8.72,21895.0,,capsule,False,False
cidofovir,Nc1ccn(C[C@@H](CO)OCP(=O)(O)O)c(=O)n1,3.5,0.00176,-3.2985553765361257,1,9.0,,,,solution,True,False
cidofovir,Nc1ccn(C[C@@H](CO)OCP(=O)(O)O)c(=O)n1,7.0,0.0034399999999999,-3.308539597442727,1,12.0,,,,solution,True,False
cidofovir,Nc1ccn(C[C@@H](CO)OCP(=O)(O)O)c(=O)n1,14.0,0.0054099999999999,-3.412930770571669,1,9.15,24.2,195.0,,solution,True,False
cidofovir,Nc1ccn(C[C@@H](CO)OCP(=O)(O)O)c(=O)n1,28.0,0.0103999999999999,-3.430124692043439,1,9.0,45.5,491.0,,solution,True,False
cidofovir,Nc1ccn(C[C@@H](CO)OCP(=O)(O)O)c(=O)n1,42.0,0.0121999999999999,-3.5368894597231524,1,15.0,55.6,565.0,,solution,True,False
cidofovir,Nc1ccn(C[C@@H](CO)OCP(=O)(O)O)c(=O)n1,70.0,0.0183,-3.582646950283827,1,7.0,64.5,1030.0,,solution,True,False
cidofovir,Nc1ccn(C[C@@H](CO)OCP(=O)(O)O)c(=O)n1,105.0,0.0257999999999999,-3.609569593106708,1,10.0,56.8,1510.0,,solution,True,False
cidofovir,Nc1ccn(C[C@@H](CO)OCP(=O)(O)O)c(=O)n1,140.0,0.0311,-3.6533676466514007,1,11.5,63.0,1740.0,,solution,True,False
lamivudine,Nc1ccn([C@@H]2CS[C@H](CO)O2)c(=O)n1,100.0,1.176,-1.92959267825988,1,0.83,4.92,4162.0,,tablet,False,False
lamivudine,Nc1ccn([C@@H]2CS[C@H](CO)O2)c(=O)n1,150.0,1.53,-1.9913998282380825,1,1.0,7.53,6452.0,,tablet,False,False
lamivudine,Nc1ccn([C@@H]2CS[C@H](CO)O2)c(=O)n1,300.0,2.64,-2.0555173278498318,1,1.0,5.42,11800.0,,tablet,False,False
lamivudine,Nc1ccn([C@@H]2CS[C@H](CO)O2)c(=O)n1,450.0,3.605,-2.096307244719896,1,1.13,,13291.0,,tablet,False,False
zalcitabine,Nc1ccn([C@H]2CC[C@@H](CO)O2)c(=O)n1,0.75,0.0125,-1.7781512503836436,1,1.22,2.26,26.1,80.0,,False,False
zalcitabine,Nc1ccn([C@H]2CC[C@@H](CO)O2)c(=O)n1,1.5,0.0225619148123558,-1.8227153039415973,2,0.95,1.7999999999999998,65.5,80.0,tablet,False,False
Apricitabine,Nc1ccn([C@H]2CO[C@@H](CO)S2)c(=O)n1,400.0,4.1,-1.989276134608227,1,1.7,2.8,23300.0,,capsule,False,False
Apricitabine,Nc1ccn([C@H]2CO[C@@H](CO)S2)c(=O)n1,800.0,7.699999999999999,-2.016599261819462,1,1.5,3.2,44900.0,,capsule,False,False
Apricitabine,Nc1ccn([C@H]2CO[C@@H](CO)S2)c(=O)n1,1600.0,13.400000000000002,-2.0770151842911173,1,1.7,3.6,80300.0,,capsule,False,False
dalfampridine,Nc1ccncc1,10.0,0.0426999999999999,-2.3695721249749764,1,1.3,,,,solution,False,False
amifampridine,Nc1ccncc1N,5.0,0.0039799999999999,-3.099086932262331,1,0.75,0.6,3.57,,tablet,False,False
amifampridine,Nc1ccncc1N,10.0,0.0099099999999999,-3.0039263455147247,1,0.81,1.21,11.1,,tablet,False,False
amifampridine,Nc1ccncc1N,20.0,0.0162,-3.09151498112135,1,1.04,1.23,26.2,,tablet,False,False
amifampridine,Nc1ccncc1N,30.0,0.0254999999999999,-3.070581074285708,1,0.81,1.65,45.2,,tablet,False,False
delafloxacin,Nc1nc(-n2cc(C(=O)O)c(=O)c3cc(F)c(N4CC(O)C4)c(Cl)c32)c(F)cc1F,50.0,0.949,-1.721703791908726,1,1.3,1.5,1820.0,,capsule,False,False
delafloxacin,Nc1nc(-n2cc(C(=O)O)c(=O)c3cc(F)c(N4CC(O)C4)c(Cl)c32)c(F)cc1F,100.0,1.12,-1.9507819773298185,1,2.5,2.5,3780.0,,capsule,False,False
delafloxacin,Nc1nc(-n2cc(C(=O)O)c(=O)c3cc(F)c(N4CC(O)C4)c(Cl)c32)c(F)cc1F,200.0,2.39,-1.9226320947158435,1,1.0,5.9,9340.0,,capsule,False,False
delafloxacin,Nc1nc(-n2cc(C(=O)O)c(=O)c3cc(F)c(N4CC(O)C4)c(Cl)c32)c(F)cc1F,400.0,7.22,-1.7435227937583233,1,1.0,6.2,20900.0,,capsule,False,False
delafloxacin,Nc1nc(-n2cc(C(=O)O)c(=O)c3cc(F)c(N4CC(O)C4)c(Cl)c32)c(F)cc1F,450.0,6.119999999999999,-1.8664610916297824,1,0.82,,24200.0,58.8,tablet,False,False
delafloxacin,Nc1nc(-n2cc(C(=O)O)c(=O)c3cc(F)c(N4CC(O)C4)c(Cl)c32)c(F)cc1F,800.0,9.57,-1.9221780492151,1,1.5,7.7,41400.0,,capsule,False,False
delafloxacin,Nc1nc(-n2cc(C(=O)O)c(=O)c3cc(F)c(N4CC(O)C4)c(Cl)c32)c(F)cc1F,1200.0,13.199999999999998,-1.958607314841775,1,2.0,5.5,67100.0,,capsule,False,False
delafloxacin,Nc1nc(-n2cc(C(=O)O)c(=O)c3cc(F)c(N4CC(O)C4)c(Cl)c32)c(F)cc1F,1600.0,16.600000000000005,-1.9840118946158696,1,2.5,7.2,81700.0,,capsule,False,False
ceftibuten (7432-s),Nc1nc(/C(=C/CC(=O)O)C(=O)N[C@@H]2C(=O)N3C(C(=O)O)=CCS[C@H]23)cs1,25.0,1.9,-1.1191864077192086,1,3.0,2.1,6200.0,82.5,capsule,False,False
ceftibuten (7432-s),Nc1nc(/C(=C/CC(=O)O)C(=O)N[C@@H]2C(=O)N3C(C(=O)O)=CCS[C@H]23)cs1,50.0,3.6,-1.1426675035687317,1,2.1,1.6,13800.0,82.5,capsule,False,False
ceftibuten (7432-s),Nc1nc(/C(=C/CC(=O)O)C(=O)N[C@@H]2C(=O)N3C(C(=O)O)=CCS[C@H]23)cs1,100.0,5.599999999999999,-1.2518119729937998,1,2.8,1.5,23100.0,82.5,capsule,False,False
ceftibuten (7432-s),Nc1nc(/C(=C/CC(=O)O)C(=O)N[C@@H]2C(=O)N3C(C(=O)O)=CCS[C@H]23)cs1,200.0,10.689246933250256,-1.272082885801716,2,2.175,1.955,45200.0,82.5,capsule,False,False
ceftibuten (7432-s),Nc1nc(/C(=C/CC(=O)O)C(=O)N[C@@H]2C(=O)N3C(C(=O)O)=CCS[C@H]23)cs1,300.0,11.7,-1.408935392973501,1,2.67,2.7,65600.0,82.5,capsule,False,False
ceftibuten (7432-s),Nc1nc(/C(=C/CC(=O)O)C(=O)N[C@@H]2C(=O)N3C(C(=O)O)=CCS[C@H]23)cs1,400.0,17.29739864835172,-1.3640791967317507,2,2.315,2.41,87240.0,82.5,capsule,False,False
ceftibuten (7432-s),Nc1nc(/C(=C/CC(=O)O)C(=O)N[C@@H]2C(=O)N3C(C(=O)O)=CCS[C@H]23)cs1,600.0,24.14,-1.3954139846223133,1,2.81,2.34,127280.0,82.5,capsule,False,False
ceftibuten (7432-s),Nc1nc(/C(=C/CC(=O)O)C(=O)N[C@@H]2C(=O)N3C(C(=O)O)=CCS[C@H]23)cs1,800.0,25.592244919115632,-1.4949816036752137,2,2.465,2.465,143640.0,82.5,capsule,False,False
Peldesine,Nc1nc(=O)c2[nH]cc(Cc3cccnc3)c2[nH]1,61.1,0.2536,-2.381891961032859,1,2.2,3.3,1180.9,59.4,capsule,False,False
Peldesine,Nc1nc(=O)c2[nH]cc(Cc3cccnc3)c2[nH]1,121.3,0.4975,-2.387067715784829,1,1.8,3.6,2244.1,58.7,capsule,False,False
Peldesine,Nc1nc(=O)c2[nH]cc(Cc3cccnc3)c2[nH]1,207.5,0.8009,-2.4134398073850574,1,1.2,3.6,3444.7,50.7,capsule,False,False
Peldesine,Nc1nc(=O)c2[nH]cc(Cc3cccnc3)c2[nH]1,275.0,0.9246,-2.4733788047282,1,1.6,4.8,4196.0,46.3,capsule,False,False
Peldesine,Nc1nc(=O)c2[nH]cc(Cc3cccnc3)c2[nH]1,368.8,0.9505,-2.58883879118013,1,1.4,5.1,3920.1,33.3,capsule,False,False
folic acid,Nc1nc(=O)c2nc(CNc3ccc(C(=O)N[C@@H](CCC(=O)O)C(=O)O)cc3)cnc2[nH]1,0.4,0.01611,-1.3949644509087444,1,,,84.31,,,False,False
folic acid,Nc1nc(=O)c2nc(CNc3ccc(C(=O)N[C@@H](CCC(=O)O)C(=O)O)cc3)cnc2[nH]1,2.3,0.133,-1.237876195050507,1,1.0,2.28,433.11,,tablet,False,False
penciclovir,Nc1nc(=O)c2ncn(CCC(CO)CO)c2[nH]1,125.0,0.84,-2.1726307269461747,1,0.51,2.31,2200.0,,tablet,True,False
penciclovir,Nc1nc(=O)c2ncn(CCC(CO)CO)c2[nH]1,250.0,1.59,-2.196542884351586,1,0.75,2.17,4260.0,,tablet,True,False
penciclovir,Nc1nc(=O)c2ncn(CCC(CO)CO)c2[nH]1,500.0,3.34,-2.175223537524454,1,0.75,2.27,9270.0,,tablet,True,False
penciclovir,Nc1nc(=O)c2ncn(CCC(CO)CO)c2[nH]1,750.0,5.09,-2.1683434810549413,1,0.75,2.16,14100.0,,tablet,True,False
penciclovir,Nc1nc(=O)c2ncn(CCC(CO)CO)c2[nH]1,1000.0,6.6,-2.1804560644581312,1,0.9,,17900.0,,tablet,True,False
acyclovir,Nc1nc(=O)c2ncn(COCCO)c2[nH]1,100.0,0.83,-2.0809219076239263,1,0.88,2.76,2280.0,,capsule,True,False
acyclovir,Nc1nc(=O)c2ncn(COCCO)c2[nH]1,250.0,2.15,-2.065501548756432,1,1.04,2.78,5760.0,,capsule,True,False
acyclovir,Nc1nc(=O)c2ncn(COCCO)c2[nH]1,300.0,2.01,-2.1739251972991736,1,1.0,2.85,7150.0,,capsule,True,False
acyclovir,Nc1nc(=O)c2ncn(COCCO)c2[nH]1,500.0,3.28,-2.1830961606243395,1,1.5,2.88,11590.0,,capsule,True,False
acyclovir,Nc1nc(=O)c2ncn(COCCO)c2[nH]1,750.0,4.170000000000001,-2.2549252084179425,1,1.46,2.88,14110.0,,capsule,True,False
acyclovir,Nc1nc(=O)c2ncn(COCCO)c2[nH]1,1000.0,5.1850301174139295,-2.2852487166541704,4,1.73,2.705,18846.015,54.2,capsule,True,False
acyclovir,Nc1nc(=O)c2ncn(COCCO)c2[nH]1,2000.0,6.64364,-2.478623904432695,1,2.07,3.0,28196.04,,tablet,True,False
emtricitabine,Nc1nc(=O)n([C@@H]2CS[C@H](CO)O2)cc1F,200.0,2.26839,-1.945312271595247,1,1.05,3.38,9372.31,93.0,capsule,False,False
tioguanine,Nc1nc(=S)c2[nH]cnc2[nH]1,40.0,0.0083599999999999,-3.679853713888946,1,1.22,,23.93,,tablet,False,False
mirabegron,Nc1nc(CC(=O)Nc2ccc(CCNC[C@H](O)c3ccccc3)cc2)cs1,25.0,0.0098807894421447,-3.403148364016535,2,4.0,43.3,137.9,35.0,OCAS tablet,False,False
mirabegron,Nc1nc(CC(=O)Nc2ccc(CCNC[C@H](O)c3ccccc3)cc2)cs1,50.0,0.021209801744941,-3.3724333952952,3,4.5,38.0,289.0,24.3,OCAS tablet,False,False
mirabegron,Nc1nc(CC(=O)Nc2ccc(CCNC[C@H](O)c3ccccc3)cc2)cs1,100.0,0.0604578201848569,-3.2185475154240697,5,2.5,43.0,615.0,53.0,OCAS tablet,False,False
mirabegron,Nc1nc(CC(=O)Nc2ccc(CCNC[C@H](O)c3ccccc3)cc2)cs1,150.0,0.16,-2.9719712763997563,1,4.0,30.7,1176.0,45.2,OCAS tablet,False,False
cladribine,Nc1nc(Cl)nc2c1ncn2[C@H]1C[C@H](O)[C@@H](CO)O1,10.0,0.0254999999999999,-2.593459819566045,1,0.5,24.0,90.5,40.0,tablet,False,False
cladribine,Nc1nc(Cl)nc2c1ncn2[C@H]1C[C@H](O)[C@@H](CO)O1,19.6,0.0424,-2.6648902147637434,1,1.08,,146.0,37.2,solution,False,False
fludarabine,Nc1nc(F)nc2c1ncn2[C@@H]1O[C@H](CO)[C@@H](O)[C@@H]1O,74.0,0.279,-2.423627516457379,1,2.0,9.7,3029.0,58.0,tablet,True,False
triamterene,Nc1nc(N)c2nc(-c3ccccc3)c(N)nc2n1,50.0,0.026,-3.283996656365201,1,1.5,,,52.0,tablet,False,False
triamterene,Nc1nc(N)c2nc(-c3ccccc3)c(N)nc2n1,100.0,0.118,-2.9281179926938745,1,1.16,,473.2,,suspension,False,False
abacavir,Nc1nc(NC2CC2)c2ncn([C@H]3C=C[C@@H](CO)C3)c2n1,100.0,0.58,-2.2365720064370627,1,1.15,0.87,990.0,,caplet,False,False
abacavir,Nc1nc(NC2CC2)c2ncn([C@H]3C=C[C@@H](CO)C3)c2n1,300.0,2.9835159917153438,-2.0023928847047485,3,0.75,1.2,6000.0,83.0,caplet,False,False
abacavir,Nc1nc(NC2CC2)c2ncn([C@H]3C=C[C@@H](CO)C3)c2n1,600.0,4.73,-2.1032901096458323,1,1.71,1.74,15700.0,,caplet,False,False
abacavir,Nc1nc(NC2CC2)c2ncn([C@H]3C=C[C@@H](CO)C3)c2n1,900.0,8.1,-2.0457574905606752,1,1.6,1.74,25000.0,,caplet,False,False
abacavir,Nc1nc(NC2CC2)c2ncn([C@H]3C=C[C@@H](CO)C3)c2n1,1200.0,9.62,-2.096006174009812,1,1.56,1.67,32800.0,,caplet,False,False
leucovorin,Nc1nc2c(c(=O)[nH]1)N(C=O)C(CNc1ccc(C(=O)N[C@@H](CCC(=O)O)C(=O)O)cc1)CN2,75.0,0.64,-2.068881289407813,1,2.4,9.0,7900.0,,tablet,False,False
ganciclovir,Nc1nc2c(ncn2COC(CO)CO)c(=O)[nH]1,360.0,2.9800000000000004,-2.082086236691032,1,1.03,3.69,10800.0,60.9,solution,True,False
ganciclovir,Nc1nc2c(ncn2COC(CO)CO)c(=O)[nH]1,900.0,6.3990624313253885,-2.1481261621319545,2,1.91,3.495,27370.0,59.1,tablet,True,False
riluzole,Nc1nc2ccc(OC(F)(F)F)cc2s1,25.0,0.091,-2.438898616350944,1,1.0,9.7,567.0,,tablet,False,False
riluzole,Nc1nc2ccc(OC(F)(F)F)cc2s1,50.0,0.17758,-2.449575952683668,1,0.83,10.96,768.15,,tablet,False,False
riluzole,Nc1nc2ccc(OC(F)(F)F)cc2s1,75.0,0.2469999999999999,-2.4823643101320343,1,0.9,10.6,1340.0,,tablet,False,False
riluzole,Nc1nc2ccc(OC(F)(F)F)cc2s1,100.0,0.369783720571904,-2.4320522122179904,2,1.1,7.65,1365.5,61.2,tablet,False,False
riluzole,Nc1nc2ccc(OC(F)(F)F)cc2s1,150.0,0.557,-2.4302360638819525,1,1.1,10.6,2525.0,,tablet,False,False
riluzole,Nc1nc2ccc(OC(F)(F)F)cc2s1,250.0,0.889,-2.449038247701824,1,1.3,9.4,3885.0,,tablet,False,False
azacitidine,Nc1ncn([C@@H]2O[C@H](CO)[C@@H](O)[C@H]2O)c(=O)n1,300.0,0.145,-3.315753252484688,1,1.0,0.5,242.0,,tablet,False,False
adefovir,Nc1ncnc2c1ncn2CCOCP(=O)(O)O,10.0,0.023883048381645,-2.6219102415780955,2,1.0,7.1,227.5,59.0,tablet,True,False
adefovir,Nc1ncnc2c1ncn2CCOCP(=O)(O)O,20.0,0.0474,-2.625251653989896,1,0.75,7.4,427.0,59.0,tablet,True,False
adefovir,Nc1ncnc2c1ncn2CCOCP(=O)(O)O,40.0,0.0835999999999999,-2.679853713888946,1,1.0,7.7,692.0,59.0,tablet,True,False
lamotrigine,Nc1nnc(-c2cccc(Cl)c2Cl)c(N)n1,25.0,0.29,-1.9355420107730816,1,1.6,23.8,11733.17,98.0,tablet,False,False
lamotrigine,Nc1nnc(-c2cccc(Cl)c2Cl)c(N)n1,50.0,0.37,-2.130768280269024,1,2.0,28.01,14140.0,98.0,tablet,False,False
lamotrigine,Nc1nnc(-c2cccc(Cl)c2Cl)c(N)n1,100.0,1.7,-1.769551078621726,1,1.0,31.7,66500.0,98.0,tablet,False,False
lamotrigine,Nc1nnc(-c2cccc(Cl)c2Cl)c(N)n1,200.0,2.675556016980396,-1.873615947619338,2,2.3,30.05,108800.0,98.0,tablet,False,False
Vafidemstat,Nc1nnc(CN[C@@H]2C[C@H]2c2ccc(OCc3ccccc3)cc2)o1,0.2,0.00111,-2.255707016877324,1,2.75,28.0,28.03,,capsule,False,False
Vafidemstat,Nc1nnc(CN[C@@H]2C[C@H]2c2ccc(OCc3ccccc3)cc2)o1,0.6,0.0032099999999999,-2.2716462179787715,1,1.83,27.0,83.32,,capsule,False,False
Vafidemstat,Nc1nnc(CN[C@@H]2C[C@H]2c2ccc(OCc3ccccc3)cc2)o1,1.5,0.01195,-2.0987233537715246,1,0.92,41.0,297.12,,capsule,False,False
Vafidemstat,Nc1nnc(CN[C@@H]2C[C@H]2c2ccc(OCc3ccccc3)cc2)o1,2.5,0.01878,-2.1242444207419453,1,1.58,25.0,402.09,,capsule,False,False
Vafidemstat,Nc1nnc(CN[C@@H]2C[C@H]2c2ccc(OCc3ccccc3)cc2)o1,4.0,0.03805,-2.0217053302213706,1,1.71,20.0,550.01,,capsule,False,False
selinexor,O=C(/C=C\n1cnc(-c2cc(C(F)(F)F)cc(C(F)(F)F)c2)n1)NNc1cnccn1,60.0,0.442,-2.132728981034552,1,,7.0,4096.0,,tablet,False,False
selinexor,O=C(/C=C\n1cnc(-c2cc(C(F)(F)F)cc(C(F)(F)F)c2)n1)NNc1cnccn1,80.0,0.68,-2.070581074285707,1,,7.0,5386.0,,tablet,False,False
selinexor,O=C(/C=C\n1cnc(-c2cc(C(F)(F)F)cc(C(F)(F)F)c2)n1)NNc1cnccn1,100.0,0.693,-2.1592667653881934,1,,7.0,6998.0,,tablet,False,False
praziquantel,O=C(C1CCCCC1)N1CC(=O)N2CCc3ccccc3C2C1,1282.0,0.14879,-3.935314281410828,1,1.75,2.98,637.1,,tablet,False,False
praziquantel,O=C(C1CCCCC1)N1CC(=O)N2CCc3ccccc3C2C1,1800.0,0.4508972445025584,-3.6011949238242145,2,1.58,1.905,1135.065,,tablet,False,False
vorinostat,O=C(CCCCCCC(=O)Nc1ccccc1)NO,400.0,0.3171899999999999,-3.100740504401432,1,1.5,2.0,1110.16,42.5,capsule,False,False
bromperidol,O=C(CCCN1CCC(O)(c2ccc(Br)cc2)CC1)c1ccc(F)cc1,10.0,0.0045099999999999,-3.34582345812204,1,3.75,21.94,76.35,,,False,False
bromperidol,O=C(CCCN1CCC(O)(c2ccc(Br)cc2)CC1)c1ccc(F)cc1,15.0,0.01122,-3.1260984021355385,1,5.0,18.46,199.93,,,False,False
haloperidol,O=C(CCCN1CCC(O)(c2ccc(Cl)cc2)CC1)c1ccc(F)cc1,4.0,0.00133,-3.4782083503608767,1,4.0,15.4,,,tablet,False,False
haloperidol,O=C(CCCN1CCC(O)(c2ccc(Cl)cc2)CC1)c1ccc(F)cc1,5.0,0.0012899999999999,-3.58838029403677,1,6.0,33.28,39.22,,tablet,False,False
benperidol,O=C(CCCN1CCC(n2c(O)nc3ccccc32)CC1)c1ccc(F)cc1,6.0,0.0073,-2.914828390263188,1,0.05,4.65,64.5,40.2,tablet,False,False
Lafutidine,O=C(C[S+]([O-])Cc1ccco1)NC/C=C\COc1cc(CN2CCCCC2)ccn1,10.0,0.24665,-1.60791888020184,1,1.06,2.76,1102.04,,tablet,False,False
Lafutidine,O=C(C[S+]([O-])Cc1ccco1)NC/C=C\COc1cc(CN2CCCCC2)ccn1,20.0,0.42919,-1.6683804011851031,1,1.25,2.64,1967.27,,tablet,False,False
Lafutidine,O=C(C[S+]([O-])Cc1ccco1)NC/C=C\COc1cc(CN2CCCCC2)ccn1,40.0,0.7995399999999999,-1.6992197954849528,1,1.08,2.56,3808.41,,tablet,False,False
benznidazole,O=C(Cn1ccnc1[N+](=O)[O-])NCc1ccccc1,100.0,2.2,-1.6575773191777938,1,3.5,12.1,48400.0,,tablet,False,False
rebamipide,O=C(NC(Cc1cc(=O)[nH]c2ccccc12)C(=O)O)c1ccc(Cl)cc1,100.0,0.2183690186358861,-2.6608089776426938,2,2.25,1.935,930.285,,tablet,False,False
lomitapide,O=C(NC1CCN(CCCCC2(C(=O)NCC(F)(F)F)c3ccccc3-c3ccccc32)CC1)c1ccccc1-c1ccc(C(F)(F)F)cc1,10.0,0.0005007993610219,-4.30033623392066,2,4.5,81.15,36.6,7.0,,False,False
lomitapide,O=C(NC1CCN(CCCCC2(C(=O)NCC(F)(F)F)c3ccccc3-c3ccccc32)CC1)c1ccccc1-c1ccc(C(F)(F)F)cc1,20.0,0.0013103434664239,-4.183644848083524,2,7.5,57.4,66.65,7.0,,False,False
lomitapide,O=C(NC1CCN(CCCCC2(C(=O)NCC(F)(F)F)c3ccccc3-c3ccccc32)CC1)c1ccccc1-c1ccc(C(F)(F)F)cc1,40.0,0.0034336569426778,-4.066303088780418,2,4.5,57.5,150.5,7.0,,False,False
lomitapide,O=C(NC1CCN(CCCCC2(C(=O)NCC(F)(F)F)c3ccccc3-c3ccccc32)CC1)c1ccccc1-c1ccc(C(F)(F)F)cc1,60.0,0.0069041654093742,-3.939040062763692,2,5.5,48.2,255.5,7.0,,False,False
indoramin,O=C(NC1CCN(CCc2c[nH]c3ccccc23)CC1)c1ccccc1,50.0,0.02671,-3.272296116314646,1,1.5,4.15,187.77,23.6,tablet,False,False
flecainide,O=C(NCC1CCCCN1)c1cc(OCC(F)(F)F)ccc1OCC(F)(F)F,50.0,0.0675647837264354,-2.86924961340086,2,3.0,,906.5,,tablet,False,False
flecainide,O=C(NCC1CCCCN1)c1cc(OCC(F)(F)F)ccc1OCC(F)(F)F,100.0,0.14,-2.853871964321762,1,4.0,,,81.0,tablet,False,False
flecainide,O=C(NCC1CCCCN1)c1cc(OCC(F)(F)F)ccc1OCC(F)(F)F,200.0,0.351442573682196,-2.755175624972267,3,2.3,10.87,5610.0,69.6,tablet,False,False
flecainide,O=C(NCC1CCCCN1)c1cc(OCC(F)(F)F)ccc1OCC(F)(F)F,300.0,0.54,-2.744727494896694,1,3.0,,,,,False,False
moclobemide,O=C(NCCN1CCOCC1)c1ccc(Cl)cc1,100.0,1.556,-1.8079904073463295,1,0.84,1.8,3816.0,66.0,,False,False
moclobemide,O=C(NCCN1CCOCC1)c1ccc(Cl)cc1,150.0,2.109,-1.852014679316195,1,1.02,1.8,5958.0,69.0,,False,False
moclobemide,O=C(NCCN1CCOCC1)c1ccc(Cl)cc1,300.0,3.4700000000000006,-1.9367917799287888,1,1.34,2.43,12980.0,,,False,False
xamoterol,O=C(NCCNCC(O)COc1ccc(O)cc1)N1CCOCC1,50.0,0.0276,-3.258060922270801,1,1.9,15.7,168.0,4.5,tablet,False,False
xamoterol,O=C(NCCNCC(O)COc1ccc(O)cc1)N1CCOCC1,200.0,0.146,-3.136677139879544,1,2.1,16.1,711.0,4.8,tablet,False,False
nicorandil,O=C(NCCO[N+](=O)[O-])c1cccnc1,5.0,0.0609261848469112,-1.9141660205626063,2,0.505,,88.0,75.0,tablet,False,False
nicorandil,O=C(NCCO[N+](=O)[O-])c1cccnc1,10.0,0.107,-1.9706162223147905,1,0.42,,202.0,,tablet,False,False
nicorandil,O=C(NCCO[N+](=O)[O-])c1cccnc1,20.0,0.261,-1.8843894883257,1,0.42,,465.0,,tablet,False,False
nicorandil,O=C(NCCO[N+](=O)[O-])c1cccnc1,40.0,0.4899999999999999,-1.9118639112994489,1,0.43,,977.0,,tablet,False,False
rivaroxaban,O=C(NC[C@H]1CN(c2ccc(N3CCOCC3=O)cc2)C(=O)O1)c1ccc(Cl)s1,2.5,0.0516337099190054,-1.6850066781344386,2,2.0,4.1850000000000005,286.35,,tablet,False,False
rivaroxaban,O=C(NC[C@H]1CN(c2ccc(N3CCOCC3=O)cc2)C(=O)O1)c1ccc(Cl)s1,5.0,0.0734182674816016,-1.8331658724935476,2,2.25,6.385,465.3,111.5,tablet,False,False
rivaroxaban,O=C(NC[C@H]1CN(c2ccc(N3CCOCC3=O)cc2)C(=O)O1)c1ccc(Cl)s1,10.0,0.1228547109393856,-1.9106081855758177,2,2.0,7.465,988.0,,tablet,False,False
rivaroxaban,O=C(NC[C@H]1CN(c2ccc(N3CCOCC3=O)cc2)C(=O)O1)c1ccc(Cl)s1,20.0,0.1667285218551403,-2.0790200957475347,2,1.75,7.040000000000001,1288.5,65.6,tablet,False,False
rivaroxaban,O=C(NC[C@H]1CN(c2ccc(N3CCOCC3=O)cc2)C(=O)O1)c1ccc(Cl)s1,40.0,0.1761,-2.356300635360685,1,1.25,7.03,1402.0,,tablet,False,False
tecovirimat,O=C(NN1C(=O)[C@@H]2[C@@H]3C=C[C@@H]([C@H]4C[C@@H]34)[C@@H]2C1=O)c1ccc(C(F)(F)F)cc1,500.0,0.934,-2.7286231281059257,1,2.0,26.0,9808.0,,,False,False
tecovirimat,O=C(NN1C(=O)[C@@H]2[C@@H]3C=C[C@@H]([C@H]4C[C@@H]34)[C@@H]2C1=O)c1ccc(C(F)(F)F)cc1,1000.0,1.814,-2.741362717275924,1,3.0,40.0,24937.0,,,False,False
tecovirimat,O=C(NN1C(=O)[C@@H]2[C@@H]3C=C[C@@H]([C@H]4C[C@@H]34)[C@@H]2C1=O)c1ccc(C(F)(F)F)cc1,2000.0,2.553,-2.893979180859731,1,3.0,22.0,25746.0,,,False,False
Telcagepant,O=C(N[C@@H]1CC[C@@H](c2cccc(F)c2F)CN(CC(F)(F)F)C1=O)N1CCC(n2c(=O)[nH]c3ncccc32)CC1,400.0,3.69378,-2.034588965852128,1,1.5,5.7,14514.52,,capsule,False,False
Telcagepant,O=C(N[C@@H]1CC[C@@H](c2cccc(F)c2F)CN(CC(F)(F)F)C1=O)N1CCC(n2c(=O)[nH]c3ncccc32)CC1,600.0,4.231990000000001,-2.151606617573421,1,1.75,6.4,25516.56,,capsule,False,False
Telcagepant,O=C(N[C@@H]1CC[C@@H](c2cccc(F)c2F)CN(CC(F)(F)F)C1=O)N1CCC(n2c(=O)[nH]c3ncccc32)CC1,800.0,7.99375,-2.0003394251692144,1,2.0,6.2,50460.92,,capsule,False,False
Telcagepant,O=C(N[C@@H]1CC[C@@H](c2cccc(F)c2F)CN(CC(F)(F)F)C1=O)N1CCC(n2c(=O)[nH]c3ncccc32)CC1,1000.0,12.424020000000004,-1.9057378581582287,1,2.25,6.1,89160.65,,capsule,False,False
Telcagepant,O=C(N[C@@H]1CC[C@@H](c2cccc(F)c2F)CN(CC(F)(F)F)C1=O)N1CCC(n2c(=O)[nH]c3ncccc32)CC1,1200.0,13.313479999999998,-1.9548896558430324,1,4.0,5.1,112093.82,,capsule,False,False
Omapatrilat,O=C(N[C@H]1CCS[C@H]2CCC[C@@H](C(=O)O)N2C1=O)[C@@H](S)Cc1ccccc1,2.5,0.0012799999999999,-3.290730039024169,1,2.0,,0.43,,,False,False
Omapatrilat,O=C(N[C@H]1CCS[C@H]2CCC[C@@H](C(=O)O)N2C1=O)[C@@H](S)Cc1ccccc1,7.5,0.0096,-2.892790030352132,1,2.0,,12.52,,,False,False
Omapatrilat,O=C(N[C@H]1CCS[C@H]2CCC[C@@H](C(=O)O)N2C1=O)[C@@H](S)Cc1ccccc1,25.0,0.05109,-2.689604105989774,1,1.5,,69.19,,,False,False
Omapatrilat,O=C(N[C@H]1CCS[C@H]2CCC[C@@H](C(=O)O)N2C1=O)[C@@H](S)Cc1ccccc1,50.0,0.157551959683147,-2.501546194894652,2,0.875,12.8,193.3,31.0,solution,False,False
Omapatrilat,O=C(N[C@H]1CCS[C@H]2CCC[C@@H](C(=O)O)N2C1=O)[C@@H](S)Cc1ccccc1,125.0,0.28635,-2.6400128255587085,1,2.25,,406.52,,,False,False
Omapatrilat,O=C(N[C@H]1CCS[C@H]2CCC[C@@H](C(=O)O)N2C1=O)[C@@H](S)Cc1ccccc1,250.0,0.49161,-2.706319300241494,1,1.25,,741.39,,,False,False
Omapatrilat,O=C(N[C@H]1CCS[C@H]2CCC[C@@H](C(=O)O)N2C1=O)[C@@H](S)Cc1ccccc1,500.0,1.00892,-2.695113273119893,1,1.5,,1890.76,,,False,False
Encenicline,O=C(N[C@H]1CN2CCC1CC2)c1cc2cccc(Cl)c2s1,1.0,0.00059,-3.229147988357856,1,5.0,52.6,45.6,,solution,False,False
Encenicline,O=C(N[C@H]1CN2CCC1CC2)c1cc2cccc(Cl)c2s1,3.5,0.0020599999999999,-3.2302008239811224,1,8.0,60.8,165.0,,solution,False,False
Encenicline,O=C(N[C@H]1CN2CCC1CC2)c1cc2cccc(Cl)c2s1,7.0,0.00466,-3.176712123324257,1,5.0,60.3,358.0,,solution,False,False
Encenicline,O=C(N[C@H]1CN2CCC1CC2)c1cc2cccc(Cl)c2s1,20.0,0.0103999999999999,-3.283996656365201,1,5.0,57.0,852.0,,solution,False,False
Encenicline,O=C(N[C@H]1CN2CCC1CC2)c1cc2cccc(Cl)c2s1,60.0,0.0355999999999999,-3.226701252410769,1,6.0,63.0,2800.0,,solution,False,False
Encenicline,O=C(N[C@H]1CN2CCC1CC2)c1cc2cccc(Cl)c2s1,180.0,0.1,-3.255272505103306,1,5.0,60.6,8890.0,,solution,False,False
roflumilast n-oxide,O=C(Nc1c(Cl)c[n+]([O-])cc1Cl)c1ccc(OC(F)F)c(OCC2CC2)c1,0.25,0.0063667102965346,-1.59402491999539,2,4.2,25.4,317.0,,tablet,True,False
roflumilast n-oxide,O=C(Nc1c(Cl)c[n+]([O-])cc1Cl)c1ccc(OC(F)F)c(OCC2CC2)c1,0.38,0.0088670175369173,-1.632006029216817,2,4.85,26.95,445.0,,tablet,True,False
roflumilast n-oxide,O=C(Nc1c(Cl)c[n+]([O-])cc1Cl)c1ccc(OC(F)F)c(OCC2CC2)c1,0.5,0.0135011110653901,-1.5686004943808132,2,7.35,28.3,679.5,,tablet,True,False
roflumilast,O=C(Nc1c(Cl)cncc1Cl)c1ccc(OC(F)F)c(OCC2CC2)c1,0.25,0.0056625082781396,-1.6449311587464712,2,0.625,21.1,29.15,,tablet,False,False
roflumilast,O=C(Nc1c(Cl)cncc1Cl)c1ccc(OC(F)F)c(OCC2CC2)c1,0.38,0.0069232940136903,-1.7394708212942702,2,0.75,20.25,40.75,,tablet,False,False
roflumilast,O=C(Nc1c(Cl)cncc1Cl)c1ccc(OC(F)F)c(OCC2CC2)c1,0.5,0.010240849574132,-1.6886340174176402,2,0.975,20.75,62.95,,tablet,False,False
vibegron,O=C(Nc1ccc(C[C@@H]2CC[C@H]([C@H](O)c3ccccc3)N2)cc1)[C@@H]1CCc2nccc(=O)n21,75.0,0.1326999999999999,-2.7521903405272647,1,1.0,84.0,1621.0,,tablet,False,False
asciminib,O=C(Nc1ccc(OC(F)(F)Cl)cc1)c1cnc(N2CC[C@@H](O)C2)c(-c2ccn[nH]2)c1,40.0,0.5638841369562784,-1.8508701140285904,3,2.01,13.5,5550.0,,tablet,False,False
avatrombopag,O=C(Nc1nc(-c2cc(Cl)cs2)c(N2CCN(C3CCCCC3)CC2)s1)c1cnc(N2CCC(C(=O)O)CC2)c(Cl)c1,1.0,0.0057,-2.2441251443275085,1,6.5,21.5,183.2,,suspension,False,False
avatrombopag,O=C(Nc1nc(-c2cc(Cl)cs2)c(N2CCN(C3CCCCC3)CC2)s1)c1cnc(N2CCC(C(=O)O)CC2)c(Cl)c1,3.0,0.0171,-2.2441251443275085,1,5.0,23.6,534.4,,suspension,False,False
avatrombopag,O=C(Nc1nc(-c2cc(Cl)cs2)c(N2CCN(C3CCCCC3)CC2)s1)c1cnc(N2CCC(C(=O)O)CC2)c(Cl)c1,10.0,0.0690999999999999,-2.160521952625802,1,5.0,21.8,2378.3,,suspension,False,False
avatrombopag,O=C(Nc1nc(-c2cc(Cl)cs2)c(N2CCN(C3CCCCC3)CC2)s1)c1cnc(N2CCC(C(=O)O)CC2)c(Cl)c1,20.0,0.1688,-2.073657553374345,1,4.5,18.9,4439.9,,suspension,False,False
avatrombopag,O=C(Nc1nc(-c2cc(Cl)cs2)c(N2CCN(C3CCCCC3)CC2)s1)c1cnc(N2CCC(C(=O)O)CC2)c(Cl)c1,50.0,0.3115,-2.2055119533408303,1,4.0,19.0,8477.6,,suspension,False,False
avatrombopag,O=C(Nc1nc(-c2cc(Cl)cs2)c(N2CCN(C3CCCCC3)CC2)s1)c1cnc(N2CCC(C(=O)O)CC2)c(Cl)c1,75.0,0.4737,-2.1995578786637435,1,6.0,18.8,13457.2,,suspension,False,False
avatrombopag,O=C(Nc1nc(-c2cc(Cl)cs2)c(N2CCN(C3CCCCC3)CC2)s1)c1cnc(N2CCC(C(=O)O)CC2)c(Cl)c1,100.0,0.388,-2.4111682744057927,1,6.5,18.0,11077.5,,suspension,False,False
filgotinib,O=C(Nc1nc2cccc(-c3ccc(CN4CCS(=O)(=O)CC4)cc3)n2n1)C1CC1,100.0,0.916,-2.0381045263321496,1,1.0,6.2,2330.0,,tablet,False,False
filgotinib,O=C(Nc1nc2cccc(-c3ccc(CN4CCS(=O)(=O)CC4)cc3)n2n1)C1CC1,200.0,1.737872694765452,-2.0610120359712703,4,1.0,7.41,5230.0,,tablet,False,False
tizoxanide,O=C(Nc1ncc([N+](=O)[O-])s1)c1ccccc1O,500.0,7.180000000000001,-1.8428455600937184,1,2.25,1.71,30620.0,,suspension,True,False
tizoxanide,O=C(Nc1ncc([N+](=O)[O-])s1)c1ccccc1O,1000.0,12.300000000000004,-1.910094888560602,1,2.0,1.5,50600.0,,tablet,True,False
tizoxanide,O=C(Nc1ncc([N+](=O)[O-])s1)c1ccccc1O,2000.0,18.16,-2.041914151478915,1,2.0,2.4,118400.0,,tablet,True,False
tizoxanide,O=C(Nc1ncc([N+](=O)[O-])s1)c1ccccc1O,3000.0,22.17,-2.1313555616051745,1,3.0,2.8,158700.0,,tablet,True,False
tizoxanide,O=C(Nc1ncc([N+](=O)[O-])s1)c1ccccc1O,4000.0,42.00000000000001,-1.978810700930062,1,3.5,4.4,354000.0,,tablet,True,False
r-138727,O=C(O)/C=C1/CN(C(C(=O)C2CC2)c2ccccc2F)CCC1S,2.0,0.0209,-1.9808837095529277,1,0.5,0.7,18.8,,,True,False
r-138727,O=C(O)/C=C1/CN(C(C(=O)C2CC2)c2ccccc2F)CCC1S,5.0,0.0639999999999999,-1.892790030352132,1,0.5,1.9,70.4,,,True,False
r-138727,O=C(O)/C=C1/CN(C(C(=O)C2CC2)c2ccccc2F)CCC1S,10.0,0.1327878684422817,-1.876841600489391,3,0.5,4.2,118.0,,tablet,True,False
r-138727,O=C(O)/C=C1/CN(C(C(=O)C2CC2)c2ccccc2F)CCC1S,20.0,0.3917,-1.7080764241161153,1,0.5,5.8,365.4,,,True,False
r-138727,O=C(O)/C=C1/CN(C(C(=O)C2CC2)c2ccccc2F)CCC1S,30.0,0.4373908092312868,-1.836251601628635,2,0.625,7.15,519.05,,tablet,True,False
fenbufen,O=C(O)CCC(=O)c1ccc(-c2ccccc2)cc1,600.0,3.83,-2.194952476415021,1,1.19,10.53,39360.0,,capsule,False,False
lipoic acid (r-lipoic acid),O=C(O)CCCC[C@@H]1CCSS1,200.0,3.7817,-1.723342922110085,1,0.33,0.7,1774.2,,tablet,False,False
lipoic acid (r-lipoic acid),O=C(O)CCCC[C@@H]1CCSS1,300.0,5.9269,-1.704293654933751,1,0.33,0.7,3381.7,,tablet,False,False
lipoic acid (r-lipoic acid),O=C(O)CCCC[C@@H]1CCSS1,577.5,16.0,-1.5574320059082571,1,0.25,0.23,7360.0,,solution,False,False
bepotastine,O=C(O)CCCN1CCC(OC(c2ccc(Cl)cc2)c2ccccn2)CC1,5.0,0.05441,-1.9632912784301144,1,1.08,2.35,225.44,,tablet,False,False
bepotastine,O=C(O)CCCN1CCC(OC(c2ccc(Cl)cc2)c2ccccn2)CC1,10.0,0.0886123016290627,-2.052505982867305,2,1.04,3.26,351.65,,tablet,False,False
gamma-hydroxybutyric acid,O=C(O)CCCO,990.0,23.0,-1.633907358579957,1,0.42,0.33,15083.33,,syrup,False,False
gamma-hydroxybutyric acid,O=C(O)CCCO,1980.0,46.0,-1.633907358579957,1,0.5,0.37,42366.67,,syrup,False,False
gamma-hydroxybutyric acid,O=C(O)CCCO,3960.0,79.99999999999999,-1.6946051989335689,1,0.75,0.38,104333.33,,syrup,False,False
chlorambucil,O=C(O)CCCc1ccc(N(CCCl)CCCl)cc1,15.0,0.3499999999999999,-1.6320232147054057,1,0.73,1.04,651.5,85.0,tablet,False,False
chlorambucil,O=C(O)CCCc1ccc(N(CCCl)CCCl)cc1,40.0,1.4,-1.4559319556497243,1,0.67,0.96,2196.7,85.0,tablet,False,False
chlorambucil,O=C(O)CCCc1ccc(N(CCCl)CCCl)cc1,60.0,2.06,-1.46428403001449,1,0.45,0.98,2866.7,85.0,tablet,False,False
chlorambucil,O=C(O)CCCc1ccc(N(CCCl)CCCl)cc1,70.0,1.89,-1.5686362358410126,1,1.22,1.02,3215.8,85.0,tablet,False,False
phenylbutyrate,O=C(O)CCCc1ccccc1,5000.0,218.0000000000001,-1.3605135107314137,1,1.35,0.77,,,tablet,True,False
oxaprozin,O=C(O)CCc1nc(-c2ccccc2)c(-c2ccccc2)o1,1200.0,90.77444574328172,-1.121217640199067,2,4.35,50.75,7042000.0,,tablet,False,False
benazeprilat,O=C(O)CN1C(=O)[C@@H](N[C@@H](CCc2ccccc2)C(=O)O)CCc2ccccc21,10.0,0.19505,-1.7098540453521898,1,1.5,22.3,1262.67,,capsule,True,False
daprodustat,O=C(O)CNC(=O)C1C(=O)N(C2CCCCC2)C(=O)N(C2CCCCC2)C1=O,4.0,0.0793,-1.7027868040103586,1,1.75,3.25,159.1,,tablet,False,False
daprodustat,O=C(O)CNC(=O)C1C(=O)N(C2CCCCC2)C(=O)N(C2CCCCC2)C1=O,6.0,0.0973,-1.7900384101152915,1,2.12,1.92,202.0,66.1,tablet,False,False
daprodustat,O=C(O)CNC(=O)C1C(=O)N(C2CCCCC2)C(=O)N(C2CCCCC2)C1=O,10.0,0.1799999999999999,-1.744727494896694,1,2.0,1.08,501.0,,,False,False
daprodustat,O=C(O)CNC(=O)C1C(=O)N(C2CCCCC2)C(=O)N(C2CCCCC2)C1=O,25.0,0.462,-1.733298033115912,1,2.5,1.46,1084.0,,,False,False
daprodustat,O=C(O)CNC(=O)C1C(=O)N(C2CCCCC2)C(=O)N(C2CCCCC2)C1=O,50.0,1.025,-1.6882461389442458,1,1.3,1.81,2331.0,,,False,False
daprodustat,O=C(O)CNC(=O)C1C(=O)N(C2CCCCC2)C(=O)N(C2CCCCC2)C1=O,100.0,2.25984291489475,-1.645921748270928,2,1.25,2.45,5357.0,,,False,False
Vadadustat,O=C(O)CNC(=O)c1ncc(-c2cccc(Cl)c2)cc1O,80.0,9.1,-0.94404859467085,1,3.0,4.3,60700.0,,capsule,False,False
Vadadustat,O=C(O)CNC(=O)c1ncc(-c2cccc(Cl)c2)cc1O,160.0,15.499999999999996,-1.0137882844856334,1,3.0,4.4,110300.0,,capsule,False,False
Vadadustat,O=C(O)CNC(=O)c1ncc(-c2cccc(Cl)c2)cc1O,300.0,27.90000000000001,-1.0315170514460648,1,3.0,4.7,190000.0,,capsule,False,False
Vadadustat,O=C(O)CNC(=O)c1ncc(-c2cccc(Cl)c2)cc1O,450.0,49.69708240933264,-0.9568816206299492,2,2.75,5.505,334000.0,,tablet,False,False
Vadadustat,O=C(O)CNC(=O)c1ncc(-c2cccc(Cl)c2)cc1O,600.0,65.29999999999998,-0.9632380691085698,1,3.5,4.9,561300.0,,capsule,False,False
Vadadustat,O=C(O)CNC(=O)c1ncc(-c2cccc(Cl)c2)cc1O,900.0,85.60000000000001,-1.0217687447621715,1,3.5,5.4,746900.0,,capsule,False,False
Vadadustat,O=C(O)CNC(=O)c1ncc(-c2cccc(Cl)c2)cc1O,1200.0,114.20000000000005,-1.0215151421377957,1,4.0,5.1,1062600.0,,capsule,False,False
aceclofenac,O=C(O)COC(=O)Cc1ccccc1Nc1c(Cl)cccc1Cl,100.0,9.572585857541316,-1.0189707297293784,2,1.7999999999999998,2.77,21825.0,,tablet,False,False
aceclofenac,O=C(O)COC(=O)Cc1ccccc1Nc1c(Cl)cccc1Cl,200.0,23.0,-0.9393021596463884,1,1.8,3.8,52000.0,,tablet,False,False
cetirizine,O=C(O)COCCN1CCN(C(c2ccccc2)c2ccc(Cl)cc2)CC1,10.0,0.237413984423833,-1.6244937033290692,2,1.5,6.765000000000001,2236.5,,tablet,False,True
cetirizine,O=C(O)COCCN1CCN(C(c2ccccc2)c2ccc(Cl)cc2)CC1,20.0,0.5759340239992772,-1.54065725990424,2,1.295,7.975,5484.9,,tablet,False,True
cetirizine,O=C(O)COCCN1CCN(C(c2ccccc2)c2ccc(Cl)cc2)CC1,30.0,0.6774,-1.646276062411051,1,2.0,7.83,8560.7,,tablet,False,True
levocetirizine,O=C(O)COCCN1CCN([C@H](c2ccccc2)c2ccc(Cl)cc2)CC1,5.0,0.2235545121441301,-1.3495865643993752,2,0.79,7.775,1797.31,,tablet,False,False
levocetirizine,O=C(O)COCCN1CCN([C@H](c2ccccc2)c2ccc(Cl)cc2)CC1,10.0,0.51225,-1.2905180329267674,1,0.73,7.76,4136.4,,solution,False,False
levocetirizine,O=C(O)COCCN1CCN([C@H](c2ccccc2)c2ccc(Cl)cc2)CC1,30.0,1.302,-1.3625102704874892,1,1.0,,9987.0,,,False,False
Ralinepag,O=C(O)COC[C@H]1CC[C@H](COC(=O)N(c2ccccc2)c2ccc(Cl)cc2)CC1,0.1,0.00265,-1.576754126063192,1,1.5,23.2,42.6,,capsule,False,False
Ralinepag,O=C(O)COC[C@H]1CC[C@H](COC(=O)N(c2ccccc2)c2ccc(Cl)cc2)CC1,0.2,0.0061699999999999,-1.5107448316307397,1,1.25,26.4,103.0,,capsule,False,False
bendazac,O=C(O)COc1nn(Cc2ccccc2)c2ccccc12,500.0,41.900000000000006,-1.0767559813697234,1,1.6,3.5,159000.0,,tablet,False,False
erdosteine,O=C(O)CSCC(=O)NC1CCSC1=O,600.0,2.506,-2.3791701837255124,1,1.35,5.5,5438.0,,tablet,False,False
lesinurad,O=C(O)CSc1nnc(Br)n1-c1ccc(C2CC2)c2ccccc12,5.0,0.303,-1.2175273758337135,1,0.75,2.73,779.0,,solution,False,False
lesinurad,O=C(O)CSc1nnc(Br)n1-c1ccc(C2CC2)c2ccccc12,25.0,1.54,-1.2104192878355746,1,0.5,3.99,3150.0,,solution,False,False
lesinurad,O=C(O)CSc1nnc(Br)n1-c1ccc(C2CC2)c2ccccc12,100.0,7.68,-1.114638779968488,1,0.5,12.7,17900.0,,solution,False,False
lesinurad,O=C(O)CSc1nnc(Br)n1-c1ccc(C2CC2)c2ccccc12,200.0,9.788564756898737,-1.3103109773903308,2,0.875,5.97,32000.0,,solution,False,False
lesinurad,O=C(O)CSc1nnc(Br)n1-c1ccc(C2CC2)c2ccccc12,400.0,17.942688083164718,-1.3481724839335738,3,2.0,18.4,67300.0,100.6,tablet,False,False
pitavastatin,O=C(O)C[C@H](O)C[C@H](O)/C=C/c1c(C2CC2)nc2ccccc2c1-c1ccc(F)cc1,1.0,0.0667999999999999,-1.1752235375244544,1,0.63,10.99,205.67,51.0,tablet,False,False
pitavastatin,O=C(O)C[C@H](O)C[C@H](O)/C=C/c1c(C2CC2)nc2ccccc2c1-c1ccc(F)cc1,2.0,0.10609,-1.2753555462536368,1,0.65,9.52,321.25,51.0,tablet,False,False
pitavastatin,O=C(O)C[C@H](O)C[C@H](O)/C=C/c1c(C2CC2)nc2ccccc2c1-c1ccc(F)cc1,4.0,0.23291,-1.2348718559423353,1,0.79,10.38,827.59,51.0,tablet,False,False
etrasimod,O=C(O)C[C@H]1CCc2c1[nH]c1ccc(OCc3ccc(C4CCCC4)c(C(F)(F)F)c3)cc21,0.1,0.0016999999999999,-1.7695510786217263,1,6.0,37.4,79.8,,capsule,False,False
etrasimod,O=C(O)C[C@H]1CCc2c1[nH]c1ccc(OCc3ccc(C4CCCC4)c(C(F)(F)F)c3)cc21,0.35,0.0063,-1.744727494896694,1,7.0,30.7,268.0,,capsule,False,False
etrasimod,O=C(O)C[C@H]1CCc2c1[nH]c1ccc(OCc3ccc(C4CCCC4)c(C(F)(F)F)c3)cc21,1.0,0.0172,-1.764471553092451,1,6.0,32.8,793.0,,capsule,False,False
etrasimod,O=C(O)C[C@H]1CCc2c1[nH]c1ccc(OCc3ccc(C4CCCC4)c(C(F)(F)F)c3)cc21,3.0,0.0604999999999999,-1.6953658800671936,1,3.5,35.0,2600.0,,capsule,False,False
etrasimod,O=C(O)C[C@H]1CCc2c1[nH]c1ccc(OCc3ccc(C4CCCC4)c(C(F)(F)F)c3)cc21,5.0,0.102,-1.6903698325741012,1,4.0,33.8,4390.0,,capsule,False,False
diclofenac,O=C(O)Cc1ccccc1Nc1c(Cl)cccc1Cl,12.5,0.3339999999999999,-1.573163546196492,1,0.48,0.8,304.0,63.1,tablet,False,True
diclofenac,O=C(O)Cc1ccccc1Nc1c(Cl)cccc1Cl,25.0,0.588,-1.6285626825958992,1,0.93,0.8,613.0,65.1,tablet,False,True
diclofenac,O=C(O)Cc1ccccc1Nc1c(Cl)cccc1Cl,50.0,1.0138351937075376,-1.6930026413313637,2,0.71,1.51,1240.95,,tablet,False,True
diclofenac,O=C(O)Cc1ccccc1Nc1c(Cl)cccc1Cl,100.0,1.9685527678982853,-1.7058529392685209,2,2.0,1.175,6230.0,,tablet,False,True
diclofenac,O=C(O)Cc1ccccc1Nc1c(Cl)cccc1Cl,150.0,5.699,-1.4202926020818507,1,0.63,1.4,7008.0,,powder,False,True
2-pyridylacetic acid,O=C(O)Cc1ccccn1,8.0,0.218,-1.5646334933873387,1,1.0,4.1,1143.7,,tablet,True,False
2-pyridylacetic acid,O=C(O)Cc1ccccn1,16.0,0.4918190897067742,-1.5123146010075692,2,0.945,3.535,2366.4,,tablet,True,False
2-pyridylacetic acid,O=C(O)Cc1ccccn1,24.0,0.6712,-1.5533592938909622,1,1.13,3.88,3534.3,,tablet,True,False
Setipiprant,O=C(O)Cn1c2c(c3cc(F)ccc31)CN(C(=O)c1cccc3ccccc13)CC2,5.0,0.0210999999999999,-2.374687549038326,1,4.0,8.2,188.0,,,False,False
Setipiprant,O=C(O)Cn1c2c(c3cc(F)ccc31)CN(C(=O)c1cccc3ccccc13)CC2,25.0,0.209,-2.077793722560984,1,3.0,8.3,1459.0,,,False,False
Setipiprant,O=C(O)Cn1c2c(c3cc(F)ccc31)CN(C(=O)c1cccc3ccccc13)CC2,100.0,1.14,-1.9430951486635275,1,2.6,10.0,5444.0,,,False,False
Setipiprant,O=C(O)Cn1c2c(c3cc(F)ccc31)CN(C(=O)c1cccc3ccccc13)CC2,200.0,2.449,-1.9120412105392672,1,2.1,10.0,9792.0,,,False,False
Setipiprant,O=C(O)Cn1c2c(c3cc(F)ccc31)CN(C(=O)c1cccc3ccccc13)CC2,400.0,4.154,-1.9835934991288824,1,3.0,9.3,18312.0,,,False,False
Setipiprant,O=C(O)Cn1c2c(c3cc(F)ccc31)CN(C(=O)c1cccc3ccccc13)CC2,1000.0,8.322000000000001,-2.0797722885430714,1,2.6,10.2,34159.0,,,False,False
Setipiprant,O=C(O)Cn1c2c(c3cc(F)ccc31)CN(C(=O)c1cccc3ccccc13)CC2,2000.0,12.629,-2.19966103241473,1,1.8,10.7,49507.0,,,False,False
fosinoprilat,O=C(O)[C@@H]1C[C@@H](C2CCCCC2)CN1C(=O)CP(=O)(O)CCCCc1ccccc1,10.0,0.1550012903172099,-1.8096646865051167,2,3.55,17.4,1368.0,22.3,,True,False
fosinoprilat,O=C(O)[C@@H]1C[C@@H](C2CCCCC2)CN1C(=O)CP(=O)(O)CCCCc1ccccc1,20.0,0.2509999999999999,-1.9013562741829435,1,2.4,,2000.0,,,True,False
fosinoprilat,O=C(O)[C@@H]1C[C@@H](C2CCCCC2)CN1C(=O)CP(=O)(O)CCCCc1ccccc1,40.0,0.586,-1.834162375309872,1,2.7,,5400.0,,,True,False
fosinoprilat,O=C(O)[C@@H]1C[C@@H](C2CCCCC2)CN1C(=O)CP(=O)(O)CCCCc1ccccc1,80.0,0.952,-1.9244530386074687,1,3.3,,7400.0,,,True,False
fosinoprilat,O=C(O)[C@@H]1C[C@@H](C2CCCCC2)CN1C(=O)CP(=O)(O)CCCCc1ccccc1,160.0,2.194,-1.8628833594172325,1,3.0,,15200.0,,,True,False
fosinoprilat,O=C(O)[C@@H]1C[C@@H](C2CCCCC2)CN1C(=O)CP(=O)(O)CCCCc1ccccc1,320.0,3.1840000000000006,-2.0021769192542744,1,3.5,,24500.0,,,True,False
fosinoprilat,O=C(O)[C@@H]1C[C@@H](C2CCCCC2)CN1C(=O)CP(=O)(O)CCCCc1ccccc1,640.0,5.597999999999999,-2.058147079853744,1,4.2,,58300.0,,,True,False
cilazaprilat,O=C(O)[C@H](CCc1ccccc1)N[C@H]1CCCN2CCC[C@@H](C(=O)O)N2C1=O,0.5,0.0054,-1.96657624451305,1,1.8,48.9,115.0,,tablet,True,False
cilazaprilat,O=C(O)[C@H](CCc1ccccc1)N[C@H]1CCCN2CCC[C@@H](C(=O)O)N2C1=O,1.0,0.0124,-1.9065783148377649,1,1.8,39.8,151.0,,tablet,True,False
cilazaprilat,O=C(O)[C@H](CCc1ccccc1)N[C@H]1CCCN2CCC[C@@H](C(=O)O)N2C1=O,2.5,0.0377,-1.8215986584662447,1,1.9,38.5,251.0,,tablet,True,False
cilazaprilat,O=C(O)[C@H](CCc1ccccc1)N[C@H]1CCCN2CCC[C@@H](C(=O)O)N2C1=O,5.0,0.1014695028074938,-1.6926344719647286,2,1.6,33.849999999999994,463.5,,tablet,True,False
cilazaprilat,O=C(O)[C@H](CCc1ccccc1)N[C@H]1CCCN2CCC[C@@H](C(=O)O)N2C1=O,10.0,0.2386,-1.622329560665677,1,1.6,45.2,870.0,,,True,False
cilazaprilat,O=C(O)[C@H](CCc1ccccc1)N[C@H]1CCCN2CCC[C@@H](C(=O)O)N2C1=O,20.0,0.5237999999999999,-1.581864501574768,1,1.6,41.2,1690.0,,,True,False
clopidogrel carboxylic acid,O=C(O)[C@H](c1ccccc1Cl)N1CCc2sccc2C1,75.0,2.60886,-1.4586104893351106,1,0.78,8.89,7229.61,,tablet,True,False
diflunisal,O=C(O)c1cc(-c2ccc(F)cc2F)ccc1O,250.0,36.318590281011744,-0.8378110257904875,2,2.61,10.29,425805.0,,tablet,False,False
diflunisal,O=C(O)c1cc(-c2ccc(F)cc2F)ccc1O,500.0,68.84101784546769,-0.861122721393423,2,3.155,11.87,1111610.0,,tablet,False,False
diflunisal,O=C(O)c1cc(-c2ccc(F)cc2F)ccc1O,750.0,108.1651515045396,-0.8409739004679766,2,3.375,12.9,1804880.0,,tablet,False,False
olsalazine,O=C(O)c1cc(/N=N/c2ccc(O)c(C(=O)O)c2)ccc1O,1000.0,1.08807,-2.963343163796098,1,1.0,,3929.15,2.3,capsule,False,False
olsalazine,O=C(O)c1cc(/N=N/c2ccc(O)c(C(=O)O)c2)ccc1O,2000.0,1.78323,-3.049822633818504,1,,,6649.32,1.5,capsule,False,False
olsalazine,O=C(O)c1cc(/N=N/c2ccc(O)c(C(=O)O)c2)ccc1O,4000.0,9.67174,-2.616555378215013,1,,,35362.31,4.9,capsule,False,False
sulfasalazine,O=C(O)c1cc(/N=N/c2ccc(S(=O)(=O)Nc3ccccn3)cc2)ccc1O,500.0,4.9490609210233005,-2.0044472044950767,2,4.0,7.75,41889.0,15.0,,False,False
Tropifexor,O=C(O)c1cc(F)c2nc(N3[C@@H]4CC[C@H]3C[C@@H](OCc3c(-c5ccccc5OC(F)(F)F)noc3C3CC3)C4)sc2c1,0.1,0.0016999999999999,-1.7695510786217263,1,4.0,13.5,37.9,,,False,False
Tropifexor,O=C(O)c1cc(F)c2nc(N3[C@@H]4CC[C@H]3C[C@@H](OCc3c(-c5ccccc5OC(F)(F)F)noc3C3CC3)C4)sc2c1,0.3,0.0063999999999999,-1.6709412807357753,1,4.0,15.3,123.0,,,False,False
Tropifexor,O=C(O)c1cc(F)c2nc(N3[C@@H]4CC[C@H]3C[C@@H](OCc3c(-c5ccccc5OC(F)(F)F)noc3C3CC3)C4)sc2c1,1.0,0.0220999999999999,-1.6556077263148894,1,4.0,21.9,482.0,,,False,False
Tropifexor,O=C(O)c1cc(F)c2nc(N3[C@@H]4CC[C@H]3C[C@@H](OCc3c(-c5ccccc5OC(F)(F)F)noc3C3CC3)C4)sc2c1,3.0,0.0541999999999999,-1.7431219681812755,1,4.0,16.5,933.0,,,False,False
rhein,O=C(O)c1cc(O)c2c(c1)C(=O)c1cccc(O)c1C2=O,50.0,3.2000000000000006,-1.1938200260161127,1,2.2,4.3,21300.0,35.0,capsule,True,False
deferasirox,O=C(O)c1ccc(-n2nc(-c3ccccc3O)nc2-c2ccccc2O)cc1,375.0,9.81958,-1.5819383550510748,1,2.5,8.42,83522.42,70.0,tablet,False,False
deferasirox,O=C(O)c1ccc(-n2nc(-c3ccccc3O)nc2-c2ccccc2O)cc1,1400.0,31.39968084925861,-1.6492028018123568,3,3.5,14.9,566200.0,,tablet,False,False
tafamidis,O=C(O)c1ccc2nc(-c3cc(Cl)cc(Cl)c3)oc2c1,400.0,20.360000000000007,-1.2932822176632413,1,2.0,,,,solution,False,False
ataluren,O=C(O)c1cccc(-c2noc(-c3ccccc3F)n2)c1,210.0,6.0,-1.5440680443502757,1,1.0,3.1,27000.0,,suspension,False,False
ataluren,O=C(O)c1cccc(-c2noc(-c3ccccc3F)n2)c1,306.0,15.200000000000005,-1.3038778385368073,1,0.9,3.2,47300.0,,suspension,False,False
ataluren,O=C(O)c1cccc(-c2noc(-c3ccccc3F)n2)c1,387.5,12.699999999999998,-1.4844679858863723,1,1.5,3.2,54700.0,,suspension,False,False
ataluren,O=C(O)c1cccc(-c2noc(-c3ccccc3F)n2)c1,665.0,24.6,-1.4318865381997254,1,1.5,3.3,103500.0,,suspension,False,False
ataluren,O=C(O)c1cccc(-c2noc(-c3ccccc3F)n2)c1,700.0,27.000000000000004,-1.4137342758552696,1,0.7,3.6,110000.0,,suspension,False,False
ataluren,O=C(O)c1cccc(-c2noc(-c3ccccc3F)n2)c1,797.0,29.100000000000005,-1.437565332410205,1,1.0,3.4,125900.0,,suspension,False,False
ataluren,O=C(O)c1cccc(-c2noc(-c3ccccc3F)n2)c1,1448.0,45.7,-1.500852361791278,1,1.3,3.4,225100.0,,suspension,False,False
ataluren,O=C(O)c1cccc(-c2noc(-c3ccccc3F)n2)c1,1538.0,47.2,-1.5130143368313245,1,2.5,3.4,325500.0,,suspension,False,False
ataluren,O=C(O)c1cccc(-c2noc(-c3ccccc3F)n2)c1,2100.0,90.00000000000003,-1.3679767852945943,1,0.9,4.7,482000.0,,suspension,False,False
ataluren,O=C(O)c1cccc(-c2noc(-c3ccccc3F)n2)c1,3500.0,109.00000000000004,-1.506641546409652,1,0.9,5.3,684000.0,,suspension,False,False
benzoic acid,O=C(O)c1ccccc1,2796.0,99.7,-1.447842008761988,1,0.5,,104400.0,,solution,True,False
salicylic acid,O=C(O)c1ccccc1O,100.0,4.19,-1.3777859770337046,1,1.0,1.88,14600.0,,tablet,True,False
salicylic acid,O=C(O)c1ccccc1O,300.0,13.310000000000002,-1.3529431992449872,1,1.5,2.57,62800.0,,tablet,True,False
salicylic acid,O=C(O)c1ccccc1O,500.0,22.85000000000001,-1.3400837999301496,1,1.5,2.54,126000.0,,tablet,True,False
salicylic acid,O=C(O)c1ccccc1O,1000.0,53.86758000000002,-1.268672534687083,1,1.0,2.9,339043.47,,tablet,True,False
salicylic acid,O=C(O)c1ccccc1O,1500.0,85.99999999999999,-1.2415928078121137,1,5.1,3.8,870000.0,,tablet,True,False
Cilofexor,O=C(O)c1ccnc(N2CC(O)(c3ccc(OCc4c(-c5c(Cl)cccc5Cl)noc4C4CC4)cc3Cl)C2)c1,10.0,0.304,-1.5171264163912463,1,3.0,5.0,1260.0,,tablet,False,False
Cilofexor,O=C(O)c1ccnc(N2CC(O)(c3ccc(OCc4c(-c5c(Cl)cccc5Cl)noc4C4CC4)cc3Cl)C2)c1,30.0,0.58,-1.7136932611567253,1,3.0,8.1,2470.0,,tablet,False,False
Cilofexor,O=C(O)c1ccnc(N2CC(O)(c3ccc(OCc4c(-c5c(Cl)cccc5Cl)noc4C4CC4)cc3Cl)C2)c1,100.0,2.59,-1.586700235918748,1,1.3,10.7,7740.0,,tablet,False,False
Cilofexor,O=C(O)c1ccnc(N2CC(O)(c3ccc(OCc4c(-c5c(Cl)cccc5Cl)noc4C4CC4)cc3Cl)C2)c1,300.0,3.06,-1.9913998282380825,1,1.3,12.6,12500.0,,tablet,False,False
ciprofloxacin,O=C(O)c1cn(C2CC2)c2cc(N3CCNCC3)c(F)cc2c1=O,100.0,0.37,-2.431798275933005,1,1.17,4.39,1770.0,,tablet,False,True
ciprofloxacin,O=C(O)c1cn(C2CC2)c2cc(N3CCNCC3)c(F)cc2c1=O,250.0,1.44,-2.239577516576788,1,0.78,5.37,5540.0,,tablet,False,True
ciprofloxacin,O=C(O)c1cn(C2CC2)c2cc(N3CCNCC3)c(F)cc2c1=O,500.0,2.7,-2.2676062401770314,1,1.0,5.7,10700.0,75.1,tablet,False,True
ciprofloxacin,O=C(O)c1cn(C2CC2)c2cc(N3CCNCC3)c(F)cc2c1=O,750.0,3.8,-2.29527766677489,1,1.0,6.4,16800.0,78.6,tablet,False,True
pyrazinoic acid,O=C(O)c1cnccn1,1890.0,4.500000000000001,-2.6232492903979003,1,4.9,11.8,100000.0,,tablet,True,False
dolasetron,O=C(O[C@@H]1C[C@@H]2C[C@H]3C[C@H](C1)N2CC3=O)c1c[nH]c2ccccc12,50.0,0.1166699999999999,-2.6320108064688967,1,1.0,11.48,985.81,86.2,tablet,False,False
dolasetron,O=C(O[C@@H]1C[C@@H]2C[C@H]3C[C@H](C1)N2CC3=O)c1c[nH]c2ccccc12,100.0,0.23486,-2.6291909434545047,1,1.0,7.15,1040.16,76.2,tablet,False,False
dolasetron,O=C(O[C@@H]1C[C@@H]2C[C@H]3C[C@H](C1)N2CC3=O)c1c[nH]c2ccccc12,150.0,0.3457099999999999,-2.637379316938769,1,1.0,13.64,2087.14,,tablet,False,False
dolasetron,O=C(O[C@@H]1C[C@@H]2C[C@H]3C[C@H](C1)N2CC3=O)c1c[nH]c2ccccc12,200.0,0.5781000000000001,-2.5390270262888657,1,1.0,8.4,2894.5,71.3,tablet,False,False
dolasetron,O=C(O[C@@H]1C[C@@H]2C[C@H]3C[C@H](C1)N2CC3=O)c1c[nH]c2ccccc12,250.0,0.70192,-2.551652391611168,1,1.0,7.87,3169.42,,tablet,False,False
dolasetron,O=C(O[C@@H]1C[C@@H]2C[C@H]3C[C@H](C1)N2CC3=O)c1c[nH]c2ccccc12,300.0,0.77961,-2.5852438535750464,1,1.0,7.62,3879.75,69.7,tablet,False,False
dolasetron,O=C(O[C@@H]1C[C@@H]2C[C@H]3C[C@H](C1)N2CC3=O)c1c[nH]c2ccccc12,400.0,0.9737,-2.613634821321659,1,1.0,7.41,5593.5,68.9,tablet,False,False
solifenacin,O=C(O[C@H]1CN2CCC1CC2)N1CCc2ccccc2[C@@H]1c1ccccc1,5.0,0.0065,-2.886056647693163,1,4.8,40.2,143.0,,capsule,False,False
solifenacin,O=C(O[C@H]1CN2CCC1CC2)N1CCc2ccccc2[C@@H]1c1ccccc1,10.0,0.0133925352342265,-2.873137202374551,2,4.390000000000001,51.25,541.5,88.0,capsule,False,False
solifenacin,O=C(O[C@H]1CN2CCC1CC2)N1CCc2ccccc2[C@@H]1c1ccccc1,20.0,0.0227,-2.9450041384708583,1,3.3,55.1,576.0,,capsule,False,False
solifenacin,O=C(O[C@H]1CN2CCC1CC2)N1CCc2ccccc2[C@@H]1c1ccccc1,40.0,0.0465,-2.9346070384380085,1,3.7,49.0,1116.0,,capsule,False,False
solifenacin,O=C(O[C@H]1CN2CCC1CC2)N1CCc2ccccc2[C@@H]1c1ccccc1,60.0,0.0513999999999999,-3.067188131388368,1,3.5,49.6,1379.0,,capsule,False,False
solifenacin,O=C(O[C@H]1CN2CCC1CC2)N1CCc2ccccc2[C@@H]1c1ccccc1,80.0,0.0813999999999999,-2.9924655821027426,1,4.5,57.6,2200.0,,capsule,False,False
solifenacin,O=C(O[C@H]1CN2CCC1CC2)N1CCc2ccccc2[C@@H]1c1ccccc1,100.0,0.1085,-2.964570261815452,1,3.5,55.4,2613.0,,capsule,False,False
trospium,O=C(O[C@H]1C[C@H]2CC[C@@H](C1)[N+]21CCCC1)C(O)(c1ccccc1)c1ccccc1,20.0,0.0033,-3.7825160557860937,1,4.9,18.4,37.7,9.6,,False,False
trospium,O=C(O[C@H]1C[C@H]2CC[C@@H](C1)[N+]21CCCC1)C(O)(c1ccccc1)c1ccccc1,40.0,0.0096999999999999,-3.6152882570617177,1,5.6,12.1,84.8,10.8,,False,False
trospium,O=C(O[C@H]1C[C@H]2CC[C@@H](C1)[N+]21CCCC1)C(O)(c1ccccc1)c1ccccc1,60.0,0.0139999999999999,-3.6320232147054057,1,5.3,12.0,134.4,12.0,,False,False
salsalate,O=C(Oc1ccccc1C(=O)O)c1ccccc1O,1500.0,30.800000000000008,-1.687540542555237,1,2.6,0.9,78100.0,,tablet,False,False
Etavopivat,O=C([C@H](CO)c1ccccc1)N1CC2=C(C1)CN(S(=O)(=O)c1cnc3c(c1)OCCO3)C2,200.0,0.447,-2.6507224725320446,1,0.5,11.4,1320.0,,tablet,False,False
Etavopivat,O=C([C@H](CO)c1ccccc1)N1CC2=C(C1)CN(S(=O)(=O)c1cnc3c(c1)OCCO3)C2,400.0,0.786,-2.7066374452885547,1,1.5,12.9,2847.0,,tablet,False,False
Etavopivat,O=C([C@H](CO)c1ccccc1)N1CC2=C(C1)CN(S(=O)(=O)c1cnc3c(c1)OCCO3)C2,700.0,2.652,-2.421524520281521,1,0.53,13.8,7254.0,,tablet,False,False
Etavopivat,O=C([C@H](CO)c1ccccc1)N1CC2=C(C1)CN(S(=O)(=O)c1cnc3c(c1)OCCO3)C2,1000.0,2.663,-2.574628833561059,1,0.51,10.6,9618.0,,tablet,False,False
olaparib,O=C(c1cc(Cc2n[nH]c(=O)c3ccccc23)ccc1F)N1CCN(C(=O)C2CC2)CC1,300.0,7.165576422098049,-1.621870122531002,3,1.5,20.3,43700.0,,tablet,False,False
cobimetinib,O=C(c1ccc(F)c(F)c1Nc1ccc(I)cc1F)N1CC(O)([C@@H]2CCCCN2)C1,10.0,0.0090699999999999,-3.042392712939905,1,2.0,76.3,499.0,,tablet,False,False
cobimetinib,O=C(c1ccc(F)c(F)c1Nc1ccc(I)cc1F)N1CC(O)([C@@H]2CCCCN2)C1,20.0,0.0153783083511009,-3.114121430952054,4,3.0,57.8,747.5,46.2,capsule,False,False
mitapivat,O=C(c1ccc(NS(=O)(=O)c2cccc3cccnc23)cc1)N1CCN(CC2CC2)CC1,30.0,0.469,-1.8059484120045792,1,0.77,19.3,2166.0,,capsule,False,False
mitapivat,O=C(c1ccc(NS(=O)(=O)c2cccc3cccnc23)cc1)N1CCN(CC2CC2)CC1,120.0,2.372030775517046,-1.7040609266376403,2,1.38,31.950000000000003,10668.5,72.7,capsule,False,False
mitapivat,O=C(c1ccc(NS(=O)(=O)c2cccc3cccnc23)cc1)N1CCN(CC2CC2)CC1,360.0,6.84,-1.7212463990471711,1,0.77,20.4,26071.0,,capsule,False,False
mitapivat,O=C(c1ccc(NS(=O)(=O)c2cccc3cccnc23)cc1)N1CCN(CC2CC2)CC1,700.0,12.85,-1.7361949123469436,1,1.49,79.3,70212.0,,capsule,False,False
mitapivat,O=C(c1ccc(NS(=O)(=O)c2cccc3cccnc23)cc1)N1CCN(CC2CC2)CC1,1400.0,18.267,-1.8844608069040527,1,2.53,50.3,135554.0,,capsule,False,False
mitapivat,O=C(c1ccc(NS(=O)(=O)c2cccc3cccnc23)cc1)N1CCN(CC2CC2)CC1,2500.0,26.067,-1.981848956729485,1,4.07,73.9,208343.0,,capsule,False,False
raloxifene,O=C(c1ccc(OCCN2CCCCC2)cc1)c1c(-c2ccc(O)cc2)sc2cc(O)ccc12,60.0,0.0003046309242345,-5.294377262274213,2,6.0,23.8,11.39,2.0,tablet,False,False
raloxifene,O=C(c1ccc(OCCN2CCCCC2)cc1)c1c(-c2ccc(O)cc2)sc2cc(O)ccc12,120.0,0.0007,-5.234083206033368,1,6.0,19.5,20.5,2.0,tablet,False,False
ketorolac,O=C(c1ccccc1)c1ccc2n1CCC2C(=O)O,10.0,0.8346256645946133,-1.0785082649388913,2,0.61,4.880000000000001,3825.0,99.8,tablet,False,True
ketorolac,O=C(c1ccccc1)c1ccc2n1CCC2C(=O)O,30.0,2.7,-1.045757490560675,1,0.5,5.56,12500.0,,solution,False,True
Soticlestat,O=C(c1cccnc1-c1ccncc1)N1CCC(O)(Cc2ccccc2)CC1,15.0,0.0434999999999999,-2.537602002101044,1,0.25,0.82,23.3,,solution,False,False
Soticlestat,O=C(c1cccnc1-c1ccncc1)N1CCC(O)(Cc2ccccc2)CC1,50.0,0.21,-2.3767507096021,1,0.25,2.99,172.0,,solution,False,False
Soticlestat,O=C(c1cccnc1-c1ccncc1)N1CCC(O)(Cc2ccccc2)CC1,200.0,0.571,-2.544393887418133,1,0.25,4.39,621.0,,solution,False,False
Soticlestat,O=C(c1cccnc1-c1ccncc1)N1CCC(O)(Cc2ccccc2)CC1,600.0,4.5520000000000005,-2.1199489969966288,1,0.52,4.77,5810.0,,solution,False,False
Soticlestat,O=C(c1cccnc1-c1ccncc1)N1CCC(O)(Cc2ccccc2)CC1,900.0,5.080000000000001,-2.248378797155405,1,0.5,7.16,7660.0,,solution,False,False
Soticlestat,O=C(c1cccnc1-c1ccncc1)N1CCC(O)(Cc2ccccc2)CC1,1350.0,7.953,-2.2298027860422502,1,0.5,5.31,13500.0,,solution,False,False
sulfinpyrazone,O=C1C(CC[S+]([O-])c2ccccc2)C(=O)N(c2ccccc2)N1c1ccccc1,200.0,12.97,-1.1880900195799011,1,2.4,4.87,,,capsule,False,False
sulfinpyrazone,O=C1C(CC[S+]([O-])c2ccccc2)C(=O)N(c2ccccc2)N1c1ccccc1,400.0,29.899999999999995,-1.126388803003533,1,2.1,4.0,173910.0,,tablet,False,False
atovaquone,O=C1C(O)=C([C@H]2CC[C@H](c3ccc(Cl)cc3)CC2)C(=O)c2ccccc21,500.0,1.6454419657297856,-2.4826874348783874,3,5.0,,121000.0,,tablet,False,False
n-desmethylclobazam,O=C1CC(=O)N(c2ccccc2)c2cc(Cl)ccc2N1,20.0,0.082,-2.3872161432802645,1,48.0,66.2,11451.0,,tablet,True,False
n-desmethylclobazam,O=C1CC(=O)N(c2ccccc2)c2cc(Cl)ccc2N1,30.0,0.1366,-2.3416705553741486,1,40.0,61.3,23690.0,,tablet,True,False
buspirone,O=C1CC2(CCCC2)CC(=O)N1CCCCN1CCN(c2ncccn2)CC1,10.0,0.0012389511595793,-3.9069458135135857,3,1.0,2.9,3.755,3.9,solution,False,False
buspirone,O=C1CC2(CCCC2)CC(=O)N1CCCCN1CCN(c2ncccn2)CC1,20.0,0.0021424285285628,-3.970123652895351,2,0.56,3.25,6.205,,solution,False,False
buspirone,O=C1CC2(CCCC2)CC(=O)N1CCCCN1CCN(c2ncccn2)CC1,40.0,0.0031999999999999,-4.096910013008056,1,0.5,2.7,9.4,,solution,False,False
thalidomide,O=C1CCC(N2C(=O)c3ccccc3C2=O)C(=O)N1,50.0,0.62,-1.9065783148377649,1,2.9,5.5,4900.0,,capsule,False,False
thalidomide,O=C1CCC(N2C(=O)c3ccccc3C2=O)C(=O)N1,200.0,1.913368324282755,-2.0192314157013684,3,3.5,5.8,19800.0,,capsule,False,False
thalidomide,O=C1CCC(N2C(=O)c3ccccc3C2=O)C(=O)N1,400.0,2.82,-2.151810883008601,1,4.3,7.3,36400.0,,capsule,False,False
nitisinone (ntbc),O=C1CCCC(=O)C1C(=O)c1ccc(C(F)(F)F)cc1[N+](=O)[O-],70.0,7.809999999999999,-0.9524470061369564,1,2.75,54.5,602000.0,,capsule,False,False
naltrexone,O=C1CC[C@@]2(O)[C@H]3Cc4ccc(O)c5c4[C@@]2(CCN3CC2CC2)[C@H]1O5,50.0,0.01144,-3.6405439798790136,1,1.19,5.89,58.56,22.5,,False,False
naltrexone,O=C1CC[C@@]2(O)[C@H]3Cc4ccc(O)c5c4[C@@]2(CCN3CC2CC2)[C@H]1O5,100.0,0.0182699999999999,-3.7382614526474622,1,0.62,3.39,64.67,22.5,tablet,False,False
Iberdomide,O=C1CC[C@H](N2Cc3c(OCc4ccc(CN5CCOCC5)cc4)cccc3C2=O)C(=O)N1,0.1,0.0002999999999999,-2.522878745280338,1,2.8,11.2,4.9,,,False,False
Iberdomide,O=C1CC[C@H](N2Cc3c(OCc4ccc(CN5CCOCC5)cc4)cccc3C2=O)C(=O)N1,0.3,0.0007,-2.6320232147054057,1,4.0,8.8,9.8,,,False,False
Iberdomide,O=C1CC[C@H](N2Cc3c(OCc4ccc(CN5CCOCC5)cc4)cccc3C2=O)C(=O)N1,1.0,0.0027,-2.5686362358410126,1,3.0,13.2,45.0,,,False,False
Iberdomide,O=C1CC[C@H](N2Cc3c(OCc4ccc(CN5CCOCC5)cc4)cccc3C2=O)C(=O)N1,2.0,0.0048,-2.619788758288394,1,3.0,13.4,78.2,,,False,False
Iberdomide,O=C1CC[C@H](N2Cc3c(OCc4ccc(CN5CCOCC5)cc4)cccc3C2=O)C(=O)N1,4.0,0.0101,-2.59773861754532,1,3.0,12.1,153.3,,,False,False
Iberdomide,O=C1CC[C@H](N2Cc3c(OCc4ccc(CN5CCOCC5)cc4)cccc3C2=O)C(=O)N1,6.0,0.0177,-2.530177984021837,1,2.5,11.5,255.1,,,False,False
cilostazol,O=C1CCc2cc(OCCCCc3nnnn3C3CCCCC3)ccc2N1,50.0,0.411,-2.085128182459949,1,2.5,11.0,4919.0,,tablet,False,False
cilostazol,O=C1CCc2cc(OCCCCc3nnnn3C3CCCCC3)ccc2N1,100.0,0.6446898479113814,-2.1906491686764102,2,3.5,15.3,9263.5,,tablet,False,False
cilostazol,O=C1CCc2cc(OCCCCc3nnnn3C3CCCCC3)ccc2N1,200.0,0.992,-2.3045183235098023,1,3.54,11.42,23090.0,,tablet,False,False
aripiprazole,O=C1CCc2ccc(OCCCCN3CCN(c4cccc(Cl)c4Cl)CC3)cc2N1,5.0,0.0196484096048509,-2.4056426011660523,2,3.475,90.25,1255.5,85.0,tablet,False,False
aripiprazole,O=C1CCc2ccc(OCCCCN3CCN(c4cccc(Cl)c4Cl)CC3)cc2N1,10.0,0.0448299999999999,-2.348431261134208,1,4.0,85.73,3228.23,,tablet,False,False
aripiprazole,O=C1CCc2ccc(OCCCCN3CCN(c4cccc(Cl)c4Cl)CC3)cc2N1,15.0,0.0632961294235279,-2.374714105458523,2,2.0,99.5,4287.5,,tablet,False,False
dantrolene,O=C1CN(/N=C/c2ccc(-c3ccc([N+](=O)[O-])cc3)o2)C(=O)N1,100.0,2.72,-1.565431095965801,1,4.5,11.2,48400.0,,capsule,False,False
nitrofurantoin,O=C1CN(/N=C/c2ccc([N+](=O)[O-])o2)C(=O)N1,50.0,0.4087,-2.087565366624425,1,1.86,,1046.0,87.0,tablet,False,False
nitrofurantoin,O=C1CN(/N=C/c2ccc([N+](=O)[O-])o2)C(=O)N1,100.0,0.875,-2.057991946977687,1,2.15,0.78,2210.0,,capsule,False,False
anagrelide,O=C1CN2Cc3c(ccc(Cl)c3Cl)N=C2N1,1.0,0.00508,-2.2941362877160807,1,1.5,1.7,13.15,,,False,False
anagrelide,O=C1CN2Cc3c(ccc(Cl)c3Cl)N=C2N1,2.0,0.0113176322612108,-2.247274417172777,2,1.255,1.4,28.97,,capsule,False,False
desmethyldiazepam,O=C1CN=C(c2ccccc2)c2cc(Cl)ccc2N1,15.0,0.2616772821625905,-1.7583252385926815,2,1.11,69.3,,91.0,capsule,True,False
desmethyldiazepam,O=C1CN=C(c2ccccc2)c2cc(Cl)ccc2N1,20.0,0.356,-1.749579997691106,1,0.9,67.4,,130.0,tablet,True,False
halazepam,O=C1CN=C(c2ccccc2)c2cc(Cl)ccc2N1CC(F)(F)F,20.0,0.03034,-2.8190144192132696,1,2.1,21.33,815.76,,tablet,False,False
nitrazepam,O=C1CN=C(c2ccccc2)c2cc([N+](=O)[O-])ccc2N1,5.0,0.0438159623644899,-2.057337649450285,3,2.0,30.5,1371.0,,tablet,False,False
clonazepam,O=C1CN=C(c2ccccc2Cl)c2cc([N+](=O)[O-])ccc2N1,2.0,0.014393117467165,-2.1428751258306877,3,2.0,39.0,526.69,90.0,tablet,False,False
desalkylflurazepam,O=C1CN=C(c2ccccc2F)c2cc(Cl)ccc2N1,30.0,0.0282703024391321,-3.025790800070129,2,19.75,81.15,4247.5,,capsule,True,False
bromazepam,O=C1CN=C(c2ccccn2)c2cc(Br)ccc2N1,3.0,0.0382805433608249,-1.8941431611181687,2,0.875,33.900000000000006,1378.0,60.0,tablet,False,False
bromazepam,O=C1CN=C(c2ccccn2)c2cc(Br)ccc2N1,6.0,0.0793061098993025,-1.8788446028726704,4,1.73,26.7,2756.375,60.0,tablet,False,False
ziprasidone,O=C1Cc2cc(CCN3CCN(c4nsc5ccccc45)CC3)c(Cl)cc2N1,20.0,0.046,-2.638272163982407,1,4.1,4.7,316.0,,capsule,False,False
ziprasidone,O=C1Cc2cc(CCN3CCN(c4nsc5ccccc45)CC3)c(Cl)cc2N1,40.0,0.0539999999999999,-2.869666231504994,1,4.4,6.8,481.0,,capsule,False,False
ziprasidone,O=C1Cc2cc(CCN3CCN(c4nsc5ccccc45)CC3)c(Cl)cc2N1,80.0,0.0839999999999999,-2.978810700930062,1,6.0,6.2,950.0,,capsule,False,False
phenytoin,O=C1NC(=O)C(c2ccccc2)(c2ccccc2)N1,100.0,1.9,-1.7212463990471711,1,6.32,28.32,92350.0,,tablet,False,True
phenytoin,O=C1NC(=O)C(c2ccccc2)(c2ccccc2)N1,200.0,3.68,-1.7351821769904636,1,7.75,,216500.0,,tablet,False,True
phenytoin,O=C1NC(=O)C(c2ccccc2)(c2ccccc2)N1,350.0,3.8,-1.9642844477334656,1,,16.15,,86.0,capsule,False,True
phenytoin,O=C1NC(=O)C(c2ccccc2)(c2ccccc2)N1,400.0,3.88,-2.0132282657337552,1,8.2,,,91.75,,False,True
phenytoin,O=C1NC(=O)C(c2ccccc2)(c2ccccc2)N1,600.0,10.57,-1.7540762630762174,1,6.0,25.0,456000.0,,capsule,False,True
phenytoin,O=C1NC(=O)C(c2ccccc2)(c2ccccc2)N1,800.0,5.69,-2.1479777205968724,1,12.43,,,84.45,,False,True
phenytoin,O=C1NC(=O)C(c2ccccc2)(c2ccccc2)N1,1600.0,10.330000000000004,-2.1900196611363043,1,25.43,,,78.03,,False,True
3-hydroxyanagrelide,O=C1NC2=Nc3ccc(Cl)c(Cl)c3CN2C1O,1.0,0.0082899999999999,-2.081445469449726,1,1.25,3.11,29.17,,,True,False
3-hydroxyanagrelide,O=C1NC2=Nc3ccc(Cl)c(Cl)c3CN2C1O,2.0,0.0050299999999999,-2.599462010608054,1,2.14,1.79,18.4,,capsule,True,False
sertindole,O=C1NCCN1CCN1CCC(c2cn(-c3ccc(F)cc3)c3ccc(Cl)cc23)CC1,4.0,0.0024722459424579,-3.2089683185441458,2,9.35,78.2,264.7,,tablet,False,False
oxazepam,O=C1Nc2ccc(Cl)cc2C(c2ccccc2)=NC1O,15.0,0.3241978408317982,-1.6652811409489785,2,2.325,5.895,,92.8,tablet,False,False
oxazepam,O=C1Nc2ccc(Cl)cc2C(c2ccccc2)=NC1O,30.0,0.526,-1.756135510565923,1,3.0,10.0,6000.0,,,False,False
oxazepam,O=C1Nc2ccc(Cl)cc2C(c2ccccc2)=NC1O,45.0,0.625,-1.8573324964312683,1,5.0,13.18,,,capsule,False,False
lorazepam,O=C1Nc2ccc(Cl)cc2C(c2ccccc2Cl)=NC1O,2.0,0.0221269066975029,-1.956109291095229,2,1.89,13.25,471.1,92.9,capsule,False,False
lorazepam,O=C1Nc2ccc(Cl)cc2C(c2ccccc2Cl)=NC1O,4.0,0.0473,-1.9271988505901507,1,1.5,15.0,905.9,92.7,tablet,False,False
lorazepam,O=C1Nc2ccc(Cl)cc2C(c2ccccc2Cl)=NC1O,4.21,0.0595999999999999,-1.849035836095432,1,0.58,15.2,,,solution,False,False
efavirenz,O=C1Nc2ccc(Cl)cc2[C@@](C#CC2CC2)(C(F)(F)F)O1,600.0,2.543433694368189,-2.3727308300381926,3,4.5,96.6,108576.57,,tablet,False,False
lurasidone,O=C1[C@@H]2[C@H]3CC[C@H](C3)[C@@H]2C(=O)N1C[C@@H]1CCCC[C@H]1CN1CCN(c2nsc3ccccc23)CC1,20.0,0.0328999999999999,-2.7838340977140072,1,2.0,25.5,107.0,,tablet,False,False
lurasidone,O=C1[C@@H]2[C@H]3CC[C@H](C3)[C@@H]2C(=O)N1C[C@@H]1CCCC[C@H]1CN1CCN(c2nsc3ccccc23)CC1,40.0,0.0523299149626673,-2.8833099623263885,2,1.835,22.25,179.0,,tablet,False,False
lurasidone,O=C1[C@@H]2[C@H]3CC[C@H](C3)[C@@H]2C(=O)N1C[C@@H]1CCCC[C@H]1CN1CCN(c2nsc3ccccc23)CC1,80.0,0.113,-2.850011543508524,1,1.5,18.1,378.0,,tablet,False,False
ezetimibe,O=C1[C@H](CC[C@H](O)c2ccc(F)cc2)[C@@H](c2ccc(O)cc2)N1c1ccc(F)cc1,10.0,0.0042350424137815,-3.373142235869512,3,5.0,19.38,70.4,,tablet,False,False
baloxavir,O=C1c2c(O)c(=O)ccn2N([C@@H]2c3ccccc3SCc3c2ccc(F)c3F)[C@@H]2COCCN12,6.0,0.0109999999999999,-2.736758565225419,1,2.0,90.9,1018.0,,suspension,True,False
baloxavir,O=C1c2c(O)c(=O)ccn2N([C@@H]2c3ccccc3SCc3c2ccc(F)c3F)[C@@H]2COCCN12,20.0,0.0433946272380894,-2.663594033554536,3,3.5,98.3,2864.0,,tablet,True,False
baloxavir,O=C1c2c(O)c(=O)ccn2N([C@@H]2c3ccccc3SCc3c2ccc(F)c3F)[C@@H]2COCCN12,40.0,0.1146677810023373,-2.5426185830038746,2,3.5,86.80000000000001,6027.0,,suspension,True,False
baloxavir,O=C1c2c(O)c(=O)ccn2N([C@@H]2c3ccccc3SCc3c2ccc(F)c3F)[C@@H]2COCCN12,60.0,0.193,-2.49259394137587,1,3.25,75.2,9141.0,,suspension,True,False
baloxavir,O=C1c2c(O)c(=O)ccn2N([C@@H]2c3ccccc3SCc3c2ccc(F)c3F)[C@@H]2COCCN12,80.0,0.228404465805728,-2.544385395930286,2,3.75,78.35,10708.5,,suspension,True,False
palonosetron,O=C1c2cccc3c2[C@H](CCC3)CN1[C@@H]1CN2CCC1CC2,0.25,0.00067,-2.571865205971211,1,4.5,41.8,33.1,97.0,capsule,False,False
palonosetron,O=C1c2cccc3c2[C@H](CCC3)CN1[C@@H]1CN2CCC1CC2,0.5,0.00133,-2.575118363368933,1,4.5,44.6,67.6,97.0,capsule,False,False
palonosetron,O=C1c2cccc3c2[C@H](CCC3)CN1[C@@H]1CN2CCC1CC2,0.75,0.00199,-2.5762081869819933,1,3.75,42.3,98.0,97.0,capsule,False,False
risedronic acid (risedronate),O=P(O)(O)C(O)(Cc1cccnc1)P(=O)(O)O,2.5,0.0004099999999999,-3.785156151952302,1,0.87,134.0,1.76,,tablet,False,False
risedronic acid (risedronate),O=P(O)(O)C(O)(Cc1cccnc1)P(=O)(O)O,5.0,0.00094,-3.72584215073632,1,0.87,202.0,3.86,,tablet,False,False
risedronic acid (risedronate),O=P(O)(O)C(O)(Cc1cccnc1)P(=O)(O)O,30.0,0.0049477267507411,-3.782715547982901,2,0.92,221.0,24.3,0.64,tablet,False,False
tiludronic acid,O=P(O)(O)C(Sc1ccc(Cl)cc1)P(=O)(O)O,400.0,3.0,-2.1249387366083,1,2.0,,,6.0,tablet,False,False
ifosfamide,O=P1(NCCCl)OCCCN1CCCl,1730.0,44.90731,-1.5857290620305753,1,0.5,5.3,250645.44,93.2,capsule,False,False
ifosfamide,O=P1(NCCCl)OCCCN1CCCl,2595.0,52.2178,-1.6963187916716411,1,1.0,5.0,355081.04,89.5,capsule,False,False
nitroglycerin,O=[N+]([O-])OCC(CO[N+](=O)[O-])O[N+](=O)[O-],6.5,0.00028,-4.365755325300636,1,0.083,,,,solution,False,False
nitroglycerin,O=[N+]([O-])OCC(CO[N+](=O)[O-])O[N+](=O)[O-],9.0,0.0007799999999999,-4.062147906748844,1,0.097,,,,solution,False,False
nitroglycerin,O=[N+]([O-])OCC(CO[N+](=O)[O-])O[N+](=O)[O-],13.0,0.0004199999999999,-4.490694061908936,1,0.083,,,,solution,False,False
isosorbide mononitrate,O=[N+]([O-])O[C@@H]1CO[C@H]2[C@@H]1OC[C@@H]2O,10.0,0.15,-1.8239087409443189,1,0.5,,1271.0,103.6,solution,False,False
isosorbide mononitrate,O=[N+]([O-])O[C@@H]1CO[C@H]2[C@@H]1OC[C@@H]2O,15.0,0.3499999999999999,-1.6320232147054057,1,0.5,,1799.0,97.8,solution,False,False
isosorbide mononitrate,O=[N+]([O-])O[C@@H]1CO[C@H]2[C@@H]1OC[C@@H]2O,20.0,0.4159326868617084,-1.6820069440995835,2,0.75,4.04,2610.205,93.0,tablet,False,False
isosorbide mononitrate,O=[N+]([O-])O[C@@H]1CO[C@H]2[C@@H]1OC[C@@H]2O,40.0,0.7067,-1.75282490001324,1,2.4,,,,tablet,False,False
isosorbide dinitrate,O=[N+]([O-])O[C@H]1CO[C@H]2[C@@H]1OC[C@H]2O[N+](=O)[O-],15.0,0.0063,-3.3767507096021,1,1.0,,13.07,,tablet,False,False
isosorbide dinitrate,O=[N+]([O-])O[C@H]1CO[C@H]2[C@@H]1OC[C@H]2O[N+](=O)[O-],30.0,0.0139,-3.334106454465567,1,0.5,,23.67,,tablet,False,False
isosorbide dinitrate,O=[N+]([O-])O[C@H]1CO[C@H]2[C@@H]1OC[C@H]2O[N+](=O)[O-],60.0,0.0178,-3.52773124807475,1,2.0,,48.34,,tablet,False,False
isosorbide dinitrate,O=[N+]([O-])O[C@H]1CO[C@H]2[C@@H]1OC[C@H]2O[N+](=O)[O-],120.0,0.0236999999999999,-3.704432900037521,1,2.0,,88.33,,tablet,False,False
pretomanid,O=[N+]([O-])c1cn2c(n1)OC[C@@H](OCc1ccc(OC(F)(F)F)cc1)C2,50.0,0.3364992577922629,-2.171985893687108,3,4.0,18.9,10351.0,,tablet,False,False
pretomanid,O=[N+]([O-])c1cn2c(n1)OC[C@@H](OCc1ccc(OC(F)(F)F)cc1)C2,100.0,0.611,-2.213958789757446,1,4.0,22.7,21800.0,,tablet,False,False
pretomanid,O=[N+]([O-])c1cn2c(n1)OC[C@@H](OCc1ccc(OC(F)(F)F)cc1)C2,200.0,1.109819805193618,-2.2557775249519594,2,4.0,19.3,34234.5,,tablet,False,False
pretomanid,O=[N+]([O-])c1cn2c(n1)OC[C@@H](OCc1ccc(OC(F)(F)F)cc1)C2,250.0,1.2,-2.318758762624413,1,4.0,14.0,27000.0,,tablet,False,False
pretomanid,O=[N+]([O-])c1cn2c(n1)OC[C@@H](OCc1ccc(OC(F)(F)F)cc1)C2,400.0,1.49,-2.4288737229156885,1,4.0,22.4,58300.0,,tablet,False,False
pretomanid,O=[N+]([O-])c1cn2c(n1)OC[C@@H](OCc1ccc(OC(F)(F)F)cc1)C2,500.0,1.6,-2.494850021680094,1,5.0,13.5,41500.0,,tablet,False,False
pretomanid,O=[N+]([O-])c1cn2c(n1)OC[C@@H](OCc1ccc(OC(F)(F)F)cc1)C2,600.0,2.37,-2.40340290437354,1,4.0,25.2,103000.0,,tablet,False,False
pretomanid,O=[N+]([O-])c1cn2c(n1)OC[C@@H](OCc1ccc(OC(F)(F)F)cc1)C2,750.0,2.0,-2.574031267727719,1,5.0,16.1,61400.0,,tablet,False,False
pretomanid,O=[N+]([O-])c1cn2c(n1)OC[C@@H](OCc1ccc(OC(F)(F)F)cc1)C2,800.0,2.7,-2.4717262228329564,1,12.0,20.2,122000.0,,tablet,False,False
pretomanid,O=[N+]([O-])c1cn2c(n1)OC[C@@H](OCc1ccc(OC(F)(F)F)cc1)C2,1000.0,3.035127674415032,-2.5178230353539037,2,4.5,20.3,115400.0,,tablet,False,False
pretomanid,O=[N+]([O-])c1cn2c(n1)OC[C@@H](OCc1ccc(OC(F)(F)F)cc1)C2,1250.0,2.9,-2.6345120151091,1,4.0,18.1,99200.0,,tablet,False,False
pretomanid,O=[N+]([O-])c1cn2c(n1)OC[C@@H](OCc1ccc(OC(F)(F)F)cc1)C2,1500.0,2.9,-2.7136932611567253,1,4.5,15.6,101200.0,,tablet,False,False
oxypurinol,O=c1[nH]c(=O)c2cn[nH]c2[nH]1,200.0,4.10705,-1.6875000055953506,1,5.3,20.55,106072.96,,tablet,True,False
brivudine,O=c1[nH]c(=O)n([C@H]2C[C@H](O)[C@@H](CO)O2)cc1/C=C/Br,125.0,1.82,-1.8368386250229816,1,0.95,18.99,8422.07,,tablet,False,False
trifluridine,O=c1[nH]c(=O)n([C@H]2C[C@H](O)[C@@H](CO)O2)cc1C(F)(F)F,60.55,0.096,-2.7998429144395027,1,0.6,,248.0,,tablet,False,False
chlorzoxazone,O=c1[nH]c2cc(Cl)ccc2o1,250.0,3.4500000000000006,-1.8601209135987635,1,2.0,1.21,10100.0,,tablet,False,False
chlorzoxazone,O=c1[nH]c2cc(Cl)ccc2o1,400.0,7.15,-1.747753949526882,1,2.0,1.49,27520.0,,tablet,False,False
pimozide,O=c1[nH]c2ccccc2n1C1CCN(CCCC(c2ccc(F)cc2)c2ccc(F)cc2)CC1,6.0,0.0050079936102195,-3.078487484304304,2,3.9,21.85,164.5,,tablet,False,False
domperidone,O=c1[nH]c2ccccc2n1CCCN1CCC(n2c(=O)[nH]c3cc(Cl)ccc32)CC1,10.0,0.0167616526631475,-2.7756831630863923,2,0.7949999999999999,13.045,69.89,14.0,tablet,False,False
domperidone,O=c1[nH]c2ccccc2n1CCCN1CCC(n2c(=O)[nH]c3cc(Cl)ccc32)CC1,20.0,0.037183291143369,-2.730682168535075,3,0.8,7.9,215.4,14.0,tablet,False,False
flibanserin,O=c1[nH]c2ccccc2n1CCN1CCN(c2cccc(C(F)(F)F)c2)CC1,100.0,0.4386397154841316,-2.3578920488218937,2,0.875,10.465,1914.02,33.0,tablet,False,False
quercetin,O=c1c(O)c(-c2ccc(O)c(O)c2)oc2cc(O)cc(O)c12,16.0,0.0235,-2.8330521203841887,1,6.5,,479.0,,capsule,True,False
quercetin,O=c1c(O)c(-c2ccc(O)c(O)c2)oc2cc(O)cc(O)c12,40.0,0.0475999999999999,-2.9244530386074694,1,7.4,,793.0,,capsule,True,False
quercetin,O=c1c(O)c(-c2ccc(O)c(O)c2)oc2cc(O)cc(O)c12,100.0,0.0899,-3.0462403082667717,1,7.5,,1202.0,,capsule,True,False
Gepotidacin,O=c1ccc2ncc(=O)n3c2n1C[C@H]3CN1CCC(NCc2cc3c(cn2)OCCC3)CC1,100.0,0.1,-3.0,1,3.0,5.97,596.0,,capsule,False,False
Gepotidacin,O=c1ccc2ncc(=O)n3c2n1C[C@H]3CN1CCC(NCc2cc3c(cn2)OCCC3)CC1,800.0,1.94,-2.6152882570617177,1,1.75,12.4,7440.0,,capsule,False,False
Gepotidacin,O=c1ccc2ncc(=O)n3c2n1C[C@H]3CN1CCC(NCc2cc3c(cn2)OCCC3)CC1,1500.0,6.919999999999999,-2.335985164598924,1,1.5,16.1,25000.0,,capsule,False,False
Gepotidacin,O=c1ccc2ncc(=O)n3c2n1C[C@H]3CN1CCC(NCc2cc3c(cn2)OCCC3)CC1,3000.0,9.79,-2.4863385629165244,1,1.25,15.3,38300.0,,capsule,False,False
trazodone,O=c1n(CCCN2CCN(c3cccc(Cl)c3)CC2)nc2ccccn12,50.0,0.8612792810697353,-1.76382600438017,2,1.51,6.35,5860.0,81.0,capsule,False,True
trazodone,O=c1n(CCCN2CCN(c3cccc(Cl)c3)CC2)nc2ccccn12,100.0,1.88,-1.7258421507363202,1,1.34,7.8,13300.0,63.0,capsule,False,True
didanosine,O=c1nc[nH]c2c1ncn2[C@H]1CC[C@@H](CO)O1,200.0,0.9914156545062216,-2.304774223507606,2,0.55,1.45,1509.75,42.0,tablet,False,False
didanosine,O=c1nc[nH]c2c1ncn2[C@H]1CC[C@@H](CO)O1,375.0,2.2476961538428637,-2.2222936652916188,2,0.61,1.485,3377.135,42.0,tablet,False,False
dicoumarol,O=c1oc2ccccc2c(O)c1Cc1c(O)c2ccccc2oc1=O,250.0,14.699999999999998,-1.2306226739238617,1,7.0,41.7,590721.67,,tablet,False,False
dicoumarol,O=c1oc2ccccc2c(O)c1Cc1c(O)c2ccccc2oc1=O,600.0,39.280000000000015,-1.1839797712687314,1,24.0,33.13,3628960.0,,powder/solution,False,False
procyclidine,OC(CCN1CCCC1)(c1ccccc1)C1CCCCC1,10.0,0.116,-1.9355420107730812,1,1.1,12.6,1844.0,75.0,tablet,False,False
biperiden,OC(CCN1CCCCC1)(c1ccccc1)C1CC2C=CC1C2,4.0,0.0039299999999999,-3.007667440952536,1,1.0,12.49,18.32,,tablet,False,False
trihexyphenidyl,OC(CCN1CCCCC1)(c1ccccc1)C1CCCCC1,4.0,0.00668,-2.7772835288524167,1,1.21,32.07,187.7,,tablet,False,False
nebivolol,OC(CNCC(O)C1CCc2cc(F)ccc2O1)C1CCc2cc(F)ccc2O1,5.0,0.0015194735930578,-3.517276847461309,2,0.93,12.145,8.055,,tablet,False,False
nebivolol,OC(CNCC(O)C1CCc2cc(F)ccc2O1)C1CCc2cc(F)ccc2O1,10.0,0.0030099999999999,-3.521433504406157,1,1.0,12.38,19.1,,tablet,False,False
fluconazole,OC(Cn1cncn1)(Cn1cncn1)c1ccc(F)cc1F,50.0,0.93,-1.7304870557820835,1,2.5,32.18,39810.0,98.2,,False,False
fluconazole,OC(Cn1cncn1)(Cn1cncn1)c1ccc(F)cc1F,100.0,2.6316914712785007,-1.5797650269787904,2,3.615,31.755,108880.0,,capsule,False,False
fluconazole,OC(Cn1cncn1)(Cn1cncn1)c1ccc(F)cc1F,150.0,2.69,-1.7463389790532733,1,2.5,30.86,114150.0,93.8,,False,False
fluconazole,OC(Cn1cncn1)(Cn1cncn1)c1ccc(F)cc1F,200.0,4.692143203600026,-1.6296587374071445,3,2.06,30.69,194960.0,,tablet,False,False
fluconazole,OC(Cn1cncn1)(Cn1cncn1)c1ccc(F)cc1F,400.0,10.400000000000004,-1.5850266520291818,1,1.0,33.1,468000.0,,,False,False
mefloquine,OC(c1cc(C(F)(F)F)nc2c(C(F)(F)F)cccc12)C1CCCCN1,250.0,0.315,-2.899629454882437,1,6.6,446.4,115800.0,,tablet,False,False
mefloquine,OC(c1cc(C(F)(F)F)nc2c(C(F)(F)F)cccc12)C1CCCCN1,750.0,1.1207122735118056,-2.8255671352439355,2,28.35,401.6,464500.0,,tablet,False,False
mefloquine,OC(c1cc(C(F)(F)F)nc2c(C(F)(F)F)cccc12)C1CCCCN1,1000.0,1.069,-2.971022294791222,1,12.6,551.52,609800.0,,tablet,False,False
mazindol,OC1(c2ccc(Cl)cc2)c2ccccc2C2=NCCN21,1.0,0.00252,-2.598599459218456,1,2.64,10.0,35.65,,tablet,False,False
mazindol,OC1(c2ccc(Cl)cc2)c2ccccc2C2=NCCN21,2.0,0.00507,-2.596022036330645,1,3.27,9.1,72.68,,tablet,False,False
trichloroethanol,OCC(Cl)(Cl)Cl,500.0,4.631519999999999,-2.033246460558169,1,4.0,8.7,45717.62,,capsule,True,False
trichloroethanol,OCC(Cl)(Cl)Cl,1500.0,15.83682,-1.9764232784625464,1,4.0,12.8,157770.62,,capsule,True,False
dipyridamole,OCCN(CCO)c1nc(N2CCCCC2)c2nc(N(CCO)CCO)nc(N3CCCCC3)c2n1,25.0,0.375,-1.8239087409443189,1,1.06,27.7,2102.0,,tablet,False,False
dipyridamole,OCCN(CCO)c1nc(N2CCCCC2)c2nc(N(CCO)CCO)nc(N3CCCCC3)c2n1,50.0,0.689,-1.860750782428393,1,1.24,25.4,3498.0,,tablet,False,False
dipyridamole,OCCN(CCO)c1nc(N2CCCCC2)c2nc(N(CCO)CCO)nc(N3CCCCC3)c2n1,100.0,2.388,-1.6219656775426683,1,1.13,20.6,6213.0,,tablet,False,False
zuclopenthixol,OCCN1CCN(CC/C=C2/c3ccccc3Sc3ccc(Cl)cc32)CC1,10.0,0.00441,-3.3555614105321614,1,3.0,17.6,58.14,49.0,tablet,False,False
fluphenazine,OCCN1CCN(CCCN2c3ccccc3Sc3ccc(C(F)(F)F)cc32)CC1,12.0,0.0023,-3.717453410030032,1,2.8,14.4,11.4,2.7,tablet,False,False
miglitol,OCCN1C[C@H](O)[C@@H](O)[C@H](O)[C@H]1CO,50.0,1.297,-1.5860300282519388,1,2.59,2.12,5998.0,59.0,tablet,False,False
hydroxyzine,OCCOCCN1CCN(C(c2ccccc2)c2ccc(Cl)cc2)CC1,25.0,0.04308,-2.763664314046093,1,3.0,15.44,690.09,,tablet,False,True
hydroxyzine,OCCOCCN1CCN(C(c2ccccc2)c2ccc(Cl)cc2)CC1,46.62,0.07178,-2.812568815187337,1,2.0,19.59,1046.3,,syrup,False,True
quetiapine,OCCOCCN1CCN(C2=Nc3ccccc3Sc3ccccc32)CC1,25.0,0.0789999999999999,-2.500312917381596,1,1.2,5.1,366.0,9.0,tablet,False,False
quetiapine,OCCOCCN1CCN(C2=Nc3ccccc3Sc3ccccc32)CC1,100.0,0.3173048542541023,-2.4985232838414584,3,0.7,4.3,876.3,9.0,tablet,False,False
quetiapine,OCCOCCN1CCN(C2=Nc3ccccc3Sc3ccccc32)CC1,200.0,0.6872563495523341,-2.463911234688959,2,1.155,4.23,2327.785,9.0,tablet,False,False
ospemifene,OCCOc1ccc(/C(=C(/CCCl)c2ccccc2)c2ccccc2)cc1,60.0,0.6468437214660123,-1.9673518833210533,2,2.75,24.65,4433.2,,tablet,False,False
migalastat,OC[C@H]1NC[C@H](O)[C@@H](O)[C@H]1O,25.0,0.2104999999999999,-2.0746879085003505,1,3.0,3.0,1178.0,,solution,False,False
migalastat,OC[C@H]1NC[C@H](O)[C@@H](O)[C@H]1O,75.0,0.6932,-2.0342027093498207,1,3.0,4.0,4744.0,,solution,False,False
migalastat,OC[C@H]1NC[C@H](O)[C@@H](O)[C@H]1O,150.0,1.7,-1.9456423376774077,1,3.0,3.8,10806.0,,solution,False,False
migalastat,OC[C@H]1NC[C@H](O)[C@@H](O)[C@H]1O,225.0,2.2,-2.009759837289156,1,3.0,4.6,12637.0,,solution,False,False
migalastat,OC[C@H]1NC[C@H](O)[C@@H](O)[C@H]1O,500.0,5.33,-1.9722427953094464,1,3.0,4.3,29328.0,,solution,False,False
migalastat,OC[C@H]1NC[C@H](O)[C@@H](O)[C@H]1O,675.0,6.645,-2.006808787552274,1,2.5,4.2,36419.0,,solution,False,False
migalastat,OC[C@H]1NC[C@H](O)[C@@H](O)[C@H]1O,1250.0,13.374000000000004,-1.970648694144175,1,3.0,4.0,75522.0,,solution,False,False
migalastat,OC[C@H]1NC[C@H](O)[C@@H](O)[C@H]1O,2000.0,14.752000000000004,-2.132179091954427,1,2.5,4.8,75855.0,,solution,False,False
empagliflozin,OC[C@H]1O[C@@H](c2ccc(Cl)c(Cc3ccc(O[C@H]4CCOC4)cc3)c2)[C@H](O)[C@@H](O)[C@@H]1O,0.5,0.00421,-2.0746879085003505,1,1.5,5.6,27.6,,,False,False
empagliflozin,OC[C@H]1O[C@@H](c2ccc(Cl)c(Cc3ccc(O[C@H]4CCOC4)cc3)c2)[C@H](O)[C@@H](O)[C@@H]1O,1.0,0.0165,-1.7825160557860935,1,1.25,7.76,119.94,,,False,False
empagliflozin,OC[C@H]1O[C@@H](c2ccc(Cl)c(Cc3ccc(O[C@H]4CCOC4)cc3)c2)[C@H](O)[C@@H](O)[C@@H]1O,2.5,0.0239899999999999,-2.017909760704207,1,1.8,8.6,178.56,,,False,False
empagliflozin,OC[C@H]1O[C@@H](c2ccc(Cl)c(Cc3ccc(O[C@H]4CCOC4)cc3)c2)[C@H](O)[C@@H](O)[C@@H]1O,5.0,0.0748499999999999,-1.824778199656948,1,2.0,9.6,514.04,,,False,False
empagliflozin,OC[C@H]1O[C@@H](c2ccc(Cl)c(Cc3ccc(O[C@H]4CCOC4)cc3)c2)[C@H](O)[C@@H](O)[C@@H]1O,10.0,0.1349593545248288,-1.869797007530486,3,1.5,11.8,1050.63,,,False,False
empagliflozin,OC[C@H]1O[C@@H](c2ccc(Cl)c(Cc3ccc(O[C@H]4CCOC4)cc3)c2)[C@H](O)[C@@H](O)[C@@H]1O,25.0,0.2652769746803272,-1.974240452633326,3,2.1,11.7,2150.86,,,False,False
empagliflozin,OC[C@H]1O[C@@H](c2ccc(Cl)c(Cc3ccc(O[C@H]4CCOC4)cc3)c2)[C@H](O)[C@@H](O)[C@@H]1O,50.0,0.5570775560151967,-1.953054342726518,3,1.5,19.9,4779.7,,,False,False
empagliflozin,OC[C@H]1O[C@@H](c2ccc(Cl)c(Cc3ccc(O[C@H]4CCOC4)cc3)c2)[C@H](O)[C@@H](O)[C@@H]1O,100.0,1.2307613057372253,-1.9098261661205211,2,1.75,11.1,8860.48,,,False,False
empagliflozin,OC[C@H]1O[C@@H](c2ccc(Cl)c(Cc3ccc(O[C@H]4CCOC4)cc3)c2)[C@H](O)[C@@H](O)[C@@H]1O,200.0,1.57369,-2.104110810556423,1,1.8,11.1,14068.55,,,False,False
empagliflozin,OC[C@H]1O[C@@H](c2ccc(Cl)c(Cc3ccc(O[C@H]4CCOC4)cc3)c2)[C@H](O)[C@@H](O)[C@@H]1O,400.0,2.7325399999999997,-2.165493463285498,1,2.0,11.2,21012.64,,,False,False
empagliflozin,OC[C@H]1O[C@@H](c2ccc(Cl)c(Cc3ccc(O[C@H]4CCOC4)cc3)c2)[C@H](O)[C@@H](O)[C@@H]1O,800.0,3.58477,-2.348628690568371,1,1.5,11.2,31654.23,,,False,False
vilanterol,OCc1cc([C@@H](O)CNCCCCCCOCCOCc2c(Cl)cccc2Cl)ccc1O,0.2,1.799999999999998e-05,-4.045757490560676,1,0.5,,0.022,,solution,False,False
vilanterol,OCc1cc([C@@H](O)CNCCCCCCOCCOCc2c(Cl)cccc2Cl)ccc1O,0.5,4.399999999999995e-05,-4.055517327849832,1,0.5,,0.063,,solution,False,False
triclosan,Oc1cc(Cl)ccc1Oc1ccc(Cl)cc1Cl,4.0,0.2100999999999999,-1.27963393892201,1,1.0,18.99,2.53,,solution,False,False
fenoldopam,Oc1ccc(C2CNCCc3c2cc(O)c(O)c3Cl)cc1,100.0,0.0632999999999999,-3.198596289982645,1,0.82,,49.88,,capsule,False,False
lasofoxifene,Oc1ccc2c(c1)CC[C@H](c1ccccc1)[C@@H]2c1ccc(OCCN2CCCC2)cc1,0.25,0.0001933907960581,-3.111504207571797,2,13.7,194.5,45.400000000000006,,tablet,False,False
lasofoxifene,Oc1ccc2c(c1)CC[C@H](c1ccccc1)[C@@H]2c1ccc(OCCN2CCCC2)cc1,20.0,0.0166699999999999,-3.079094395835976,1,8.0,150.83,2596.3,,solution,False,False
8-hydroxyamoxapine,Oc1ccc2c(c1)N=C(N1CCNCC1)c1cc(Cl)ccc1O2,25.0,0.0303599999999999,-2.915638241448595,1,5.29,11.3,543.0,,capsule,True,False
8-hydroxyamoxapine,Oc1ccc2c(c1)N=C(N1CCNCC1)c1cc(Cl)ccc1O2,50.0,0.05804,-2.9352426005703207,1,5.28,16.9,1919.0,,capsule,True,False
7-hydroxyamoxapine,Oc1ccc2c(c1)Oc1ccc(Cl)cc1C(N1CCNCC1)=N2,25.0,0.00554,-3.654430243943608,1,3.87,3.61,55.0,,capsule,True,False
7-hydroxyamoxapine,Oc1ccc2c(c1)Oc1ccc(Cl)cc1C(N1CCNCC1)=N2,50.0,0.0194699999999999,-3.4096040528159874,1,4.24,2.67,140.0,,capsule,True,False
nalbuphine,Oc1ccc2c3c1O[C@H]1[C@@H](O)CC[C@@]4(O)[C@@H](C2)N(CC2CCC2)CC[C@]314,30.0,0.00613,-3.689660780201248,1,0.75,9.96,25.14,,tablet,False,False
nalbuphine,Oc1ccc2c3c1O[C@H]1[C@@H](O)CC[C@@]4(O)[C@@H](C2)N(CC2CCC2)CC[C@]314,45.0,0.0128203549092839,-3.5453124657368447,2,1.0,6.36,62.22,17.41,tablet,False,False
nalbuphine,Oc1ccc2c3c1O[C@H]1[C@@H](O)CC[C@@]4(O)[C@@H](C2)N(CC2CCC2)CC[C@]314,60.0,0.0213999999999999,-3.447737477034453,1,0.78,4.65,78.6,11.8,tablet,False,False
allopurinol,Oc1ncnc2[nH]ncc12,200.0,2.064663943599539,-1.986180622149673,2,1.41,0.8,4583.3,,tablet,False,False
allopurinol,Oc1ncnc2[nH]ncc12,300.0,2.3108,-2.113358895850288,1,1.3,1.7,6750.6,,tablet,False,False
mercaptopurine (6-mercaptopurine),S=c1nc[nH]c2nc[nH]c12,50.0,0.0502349317459521,-2.9979641878146515,3,1.0,1.0699999999999998,123.4,47.4,capsule,True,True
deucravacitinib,[2H]C([2H])([2H])NC(=O)c1nnc(NC(=O)C2CC2)cc1Nc1cccc(-c2ncn(C)n2)c1OC,1.0,0.0033299999999999,-2.4775557664936803,1,2.0,7.93,31.6,99.0,tablet,False,False
deucravacitinib,[2H]C([2H])([2H])NC(=O)c1nnc(NC(=O)C2CC2)cc1Nc1cccc(-c2ncn(C)n2)c1OC,3.0,0.0196,-2.1848651833631862,1,1.0,11.0,150.0,99.0,tablet,False,False
deucravacitinib,[2H]C([2H])([2H])NC(=O)c1nnc(NC(=O)C2CC2)cc1Nc1cccc(-c2ncn(C)n2)c1OC,10.0,0.102,-1.9913998282380825,1,1.17,9.87,756.0,99.0,tablet,False,False
deucravacitinib,[2H]C([2H])([2H])NC(=O)c1nnc(NC(=O)C2CC2)cc1Nc1cccc(-c2ncn(C)n2)c1OC,20.0,0.1849999999999999,-2.0338582672609675,1,1.25,14.9,1183.0,99.0,tablet,False,False
deucravacitinib,[2H]C([2H])([2H])NC(=O)c1nnc(NC(=O)C2CC2)cc1Nc1cccc(-c2ncn(C)n2)c1OC,40.0,0.41,-1.989276134608227,1,1.25,15.0,3473.0,99.0,tablet,False,False
deutetrabenazine,[2H]C([2H])([2H])Oc1cc2c(cc1OC([2H])([2H])[2H])[C@@H]1CC(=O)[C@@H](CC(C)C)CN1CC2,25.0,0.00027,-4.966576244513051,1,0.67,,0.2,,capsule,False,False
Seletalisib,[O-][n+]1cccc(-c2nc3c(Cl)cccc3cc2[C@@H](Nc2ncnc3cccnc23)C(F)(F)F)c1,1.0,0.0266999999999999,-1.5734887386354248,1,1.77,18.5,518.0,,,False,False
Seletalisib,[O-][n+]1cccc(-c2nc3c(Cl)cccc3cc2[C@@H](Nc2ncnc3cccnc23)C(F)(F)F)c1,5.0,0.1089999999999999,-1.6615435063953952,1,2.01,18.8,2287.0,,,False,False
Seletalisib,[O-][n+]1cccc(-c2nc3c(Cl)cccc3cc2[C@@H](Nc2ncnc3cccnc23)C(F)(F)F)c1,10.0,0.279,-1.5543957967264024,1,1.77,19.4,5174.0,,,False,False
Seletalisib,[O-][n+]1cccc(-c2nc3c(Cl)cccc3cc2[C@@H](Nc2ncnc3cccnc23)C(F)(F)F)c1,15.0,0.3129999999999999,-1.6805469215092328,1,3.0,21.1,7759.0,,,False,False
Seletalisib,[O-][n+]1cccc(-c2nc3c(Cl)cccc3cc2[C@@H](Nc2ncnc3cccnc23)C(F)(F)F)c1,30.0,0.587,-1.708483153472048,1,3.96,23.1,15932.0,97.0,capsule,False,False
Eltoprazine,c1cc2c(c(N3CCNCC3)c1)OCCO2,5.0,0.0129,-2.58838029403677,1,2.5,6.7,136.0,,capsule,False,False
Eltoprazine,c1cc2c(c(N3CCNCC3)c1)OCCO2,8.0,0.0239999999999999,-2.522878745280338,1,2.3,9.8,,110.0,capsule,False,False
Eltoprazine,c1cc2c(c(N3CCNCC3)c1)OCCO2,10.0,0.0227999999999999,-2.642065152999546,1,2.8,6.2,254.0,,capsule,False,False
Eltoprazine,c1cc2c(c(N3CCNCC3)c1)OCCO2,20.0,0.0429,-2.668572703479257,1,3.9,5.9,506.0,,capsule,False,False
Eltoprazine,c1cc2c(c(N3CCNCC3)c1)OCCO2,30.0,0.0629,-2.678470609274393,1,3.5,5.9,746.0,,capsule,False,False
Dotarizine,c1ccc(C(c2ccccc2)N2CCN(CCCC3(c4ccccc4)OCCO3)CC2)cc1,50.0,0.0232999999999999,-3.33161408331,1,2.0,4.2,158.6,,capsule,False,False
Dotarizine,c1ccc(C(c2ccccc2)N2CCN(CCCC3(c4ccccc4)OCCO3)CC2)cc1,100.0,0.0563999999999999,-3.248720896016658,1,1.5,4.8,352.7,,capsule,False,False
Dotarizine,c1ccc(C(c2ccccc2)N2CCN(CCCC3(c4ccccc4)OCCO3)CC2)cc1,200.0,0.0899,-3.3472703039307525,1,1.5,3.6,518.7,,capsule,False,False
levamisole,c1ccc([C@H]2CN3CCSC3=N2)cc1,150.0,0.7166699999999999,-2.3207720338901017,1,1.52,5.56,3070.45,,tablet,False,False
levamisole,c1ccc([C@H]2CN3CCSC3=N2)cc1,175.0,0.71,-2.391779699967219,1,1.94,5.06,6830.0,,tablet,False,False
levamisole,c1ccc([C@H]2CN3CCSC3=N2)cc1,350.0,1.53,-2.359376613532677,1,1.77,4.02,12700.0,,tablet,False,False
Entospletinib,c1cn2cc(-c3ccc4cn[nH]c4c3)nc(Nc3ccc(N4CCOCC4)cc3)c2n1,25.0,0.0423,-2.771599641296995,1,2.0,6.77,231.1,,tablet,False,False
Entospletinib,c1cn2cc(-c3ccc4cn[nH]c4c3)nc(Nc3ccc(N4CCOCC4)cc3)c2n1,75.0,0.0678,-3.0438315695246367,1,2.75,5.31,413.1,,tablet,False,False
Entospletinib,c1cn2cc(-c3ccc4cn[nH]c4c3)nc(Nc3ccc(N4CCOCC4)cc3)c2n1,200.0,0.5345,-2.573082286119184,1,2.0,9.51,4248.7,,tablet,False,False
Entospletinib,c1cn2cc(-c3ccc4cn[nH]c4c3)nc(Nc3ccc(N4CCOCC4)cc3)c2n1,600.0,0.7788999999999999,-2.886669546544124,1,2.0,7.72,5957.7,,tablet,False,False
Entospletinib,c1cn2cc(-c3ccc4cn[nH]c4c3)nc(Nc3ccc(N4CCOCC4)cc3)c2n1,1200.0,1.0598,-3.053957330869314,1,3.25,9.59,9744.4,,tablet,False,False
varenicline,c1cnc2cc3c(cc2n1)C1CNCC3C1,0.1,0.00082,-2.0861861476162837,1,3.13,13.3,12.6,,solution,False,False
varenicline,c1cnc2cc3c(cc2n1)C1CNCC3C1,0.25,0.00132,-2.2773660774661875,1,2.5,13.1,25.9,,tablet,False,False
varenicline,c1cnc2cc3c(cc2n1)C1CNCC3C1,0.3,0.0018999999999999,-2.1983676537668337,1,1.75,12.6,31.4,,solution,False,False
varenicline,c1cnc2cc3c(cc2n1)C1CNCC3C1,0.5,0.0024399999999999,-2.311580177997289,1,2.0,14.5,49.7,,tablet,False,False
varenicline,c1cnc2cc3c(cc2n1)C1CNCC3C1,1.0,0.0055342569510278,-2.2569406807890493,2,3.0,16.0,103.0,,tablet,False,False
varenicline,c1cnc2cc3c(cc2n1)C1CNCC3C1,2.0,0.0098899999999999,-2.305833704066802,1,3.0,19.3,222.0,,tablet,False,False
varenicline,c1cnc2cc3c(cc2n1)C1CNCC3C1,3.0,0.0107999999999999,-2.4436974992327127,1,3.13,20.5,223.0,,solution,False,False
abacavir,Nc1nc(NC2CC2)c2ncn(C3C=CC(CO)C3)c2n1,600.0,3.67,-2.213485186131554,1,,14.0,,,tablet,False,False
adefovir dipivoxil,CC(C)(C)C(=O)OCOP(=O)(COCCn1cnc2c(N)ncnc21)OCOC(=O)C(C)(C)C,10.0,0.0233,-2.632644078973981,1,,,,59.0,tablet,False,True
alosetron,Cc1[nH]cnc1CN1CCc2c(c3ccccc3n2C)C1=O,4.0,0.005,-2.9030899869919438,1,,1.5,,50.0,tablet,False,True
amphetamine,CC(N)Cc1ccccc1,18.8,0.0449,-2.621911508260357,1,,11.0,,,tablet,False,False
azacitidine,Nc1ncn(C2OC(CO)C(O)C2O)c(=O)n1,300.0,0.145,-3.3157532524846878,1,,0.5,,11.0,tablet,False,True
azithromycin,CCC1OC(=O)C(C)C(OC2CC(C)(OC)C(O)C(C)O2)C(C)C(OC2OC(C)CC(N(C)C)C2O)C(C)(O)CC(C)CN(C)C(C)C(O)C1(C)O,500.0,0.5,-3.0,1,,68.0,,,tablet,False,True
carglumic acid,NC(=O)NC(CCC(=O)O)C(=O)O,100.0,8.613,-1.0648455527838316,1,,31.0,,10.0,tablet,False,False
cefixime,C=CC1=C(C(=O)O)N2C(=O)C(NC(=O)C(=NOCC(=O)O)c3csc(N)n3)C2SC1,200.0,3.7,-1.732828271596986,1,,11.5,,,tablet,False,False
cefpodoxime proxetil,COCC1=C(C(=O)OC(C)OC(=O)OC(C)C)N2C(=O)C(NC(=O)C(=NOC)c3csc(N)n3)C2SC1,100.0,3.1,-1.5086383061657274,1,,3.5,,,tablet,False,False
cetirizine,O=C(O)COCCN1CCN(C(c2ccccc2)c2ccc(Cl)cc2)CC1,5.0,0.311,-1.2062096153091812,1,,,,,tablet,False,True
ciprofloxacin,O=C(O)c1cn(C2CC2)c2cc(N3CCNCC3)c(F)cc2c1=O,50.0,2.97,-1.2262135550188065,1,,4.0,,70.0,tablet,False,True
ciprofolxacin,O=C(O)c1cn(C2CC2)c2cc(N3CCC(NN4CCNCC4)C3)c(F)cc2c1=O,50.0,2.97,-1.2262135550188065,1,,4.0,,70.0,tablet,False,False
clarithromycin,CCC1OC(=O)C(C)C(OC2CC(C)(OC)C(O)C(C)O2)C(C)C(OC2OC(C)CC(N(C)C)C2O)C(C)(OC)CC(C)C(=O)C(C)C(O)C1(C)O,500.0,0.8,-2.7958800173440754,1,,3.0,,,tablet,False,False
clopidogrel,COC(=O)C(c1ccccc1Cl)N1CCc2sccc2C1,300.0,0.3,-3.0,1,,6.0,,,tablet,False,True
clopidogrel bisulfate,COC(=O)C(c1ccccc1Cl)N1CCc2sccc2C1.O=S(=O)(O)O,300.0,0.3,-3.0,1,,6.0,,,tablet,False,False
clozapine,CN1CCN(C2=Nc3cc(Cl)ccc3Nc3ccccc32)CC1,75.0,0.413,-2.259111211735299,1,,12.0,,,tablet,False,True
darolutamide,CC(Cn1ccc(-c2ccc(C#N)c(Cl)c2)n1)NC(=O)c1cc(C(C)O)[nH]n1,600.0,4.79,-2.0978157369690806,1,,20.0,,30.0,tablet,False,True
dasatinib,Cc1nc(Nc2ncc(C(=O)Nc3c(C)cccc3Cl)s2)cc(N2CCN(CCO)CC2)n1,100.0,0.0822,-3.0851281824599495,1,,3.0,,,tablet,False,True
efavirenz,O=C1Nc2ccc(Cl)cc2C(C#CC2CC2)(C(F)(F)F)O1,300.0,6.57,-1.6595558851598817,1,,52.0,,93.0,tablet,False,False
entacapone,CCN(CC)C(=O)C(C#N)=Cc1cc(O)c(O)c([N+](=O)[O-])c1,200.0,1.2,-2.2218487496163566,1,,0.4,,35.0,tablet,False,False
entecavir,C=C1C(CO)C(O)CC1n1cnc2c(=O)[nH]c(N)nc21,1.0,0.0042,-2.3767507096020997,1,,128.0,,100.0,tablet,False,False
ezetimibe,O=C1C(CCC(O)c2ccc(F)cc2)C(c2ccc(O)cc2)N1c1ccc(F)cc1,10.0,0.0034,-3.468521082957745,1,,22.0,,,tablet,False,False
fesoterodine,CC(C)C(=O)Oc1ccc(CO)cc1C(CCN(C(C)C)C(C)C)c1ccccc1,8.0,0.00189,-3.6266281828186995,1,,4.0,,52.0,tablet,False,False
flutamide,CC(C)C(=O)Nc1ccc([N+](=O)[O-])c(C(F)(F)F)c1,200.0,0.0252,-3.899629454882437,1,,6.0,,,tablet,False,False
glasdegib,CN1CCC(NC(=O)Nc2ccc(C#N)cc2)CC1c1nc2ccccc2[nH]1,150.0,1.252,-2.0784869301812705,1,,17.4,,77.0,tablet,False,True
isotretinoin,CC(C=CC1=C(C)CCCC1(C)C)=CC=CC(C)=CC(=O)O,80.0,0.57325,-2.144745923589967,1,,90.0,,,tablet,False,False
itraconazole,CCC(C)n1ncn(-c2ccc(N3CCN(c4ccc(OCC5COC(Cn6cncn6)(c6ccc(Cl)cc6Cl)O5)cc4)CC3)cc2)c1=O,200.0,0.5,-2.6020599913279625,1,,16.0,,55.0,tablet,False,True
lenacapavir,CC(C)(C#Cc1ccc(-c2ccc(Cl)c3c(NS(C)(=O)=O)nn(CC(F)(F)F)c23)c(C(Cc2cc(F)cc(F)c2)NC(=O)Cn2nc(C(F)(F)F)c3c2C(F)(F)C2CC32)n1)S(C)(=O)=O,600.0,0.0738,-3.910094888560602,1,,,,,tablet,False,True
lorlatinib,CC1Oc2cc(cnc2N)-c2c(nn(C)c2C#N)CN(C)C(=O)c2ccc(F)cc21,100.0,0.577,-2.2388241868442686,1,,,,81.0,tablet,False,True
moxifloxacin,COc1c(N2CC3CCCNC3C2)c(F)cc2c(=O)c(C(=O)O)cn(C3CC3)c12,400.0,4.1,-1.989276134608227,1,,14.0,,,tablet,False,True
norethindrone,C#CC1(O)CCC2C3CCC4=CC(=O)CCC4C3CCC21C,5.0,0.02619,-2.2808345059107866,1,,8.51,,,tablet,False,True
omeprazole,COc1ccc2nc(S(=O)Cc3ncc(C)c(OC)c3C)[nH]c2c1,40.0,0.539,-1.8704712261412237,1,,0.5,,76.0,tablet,False,False
oseltamivir,CCOC(=O)C1=CC(OC(CC)CC)C(NC(C)=O)C(N)C1,30.0,0.065,-2.664207898076807,1,,1.0,,,tablet,False,False
pantoprazole,COc1ccnc(CS(=O)c2nc3ccc(OC(F)F)cc3[nH]2)c1OC,40.0,2.5,-1.2041199826559248,1,,3.5,,77.0,tablet,False,False
posaconazole,CCC(C(C)O)n1ncn(-c2ccc(N3CCN(c4ccc(OCC5COC(Cn6cncn6)(c6ccc(F)cc6F)C5)cc4)CC3)cc2)c1=O,600.0,0.014,-4.632023214705406,1,,,,54.0,tablet,False,True
serdexmethylphenidate,COC(=O)C(c1ccccc1)C1CCCCN1C(=O)OC[n+]1cccc(C(=O)NC(CO)C(=O)[O-])c1,52.3,0.014,-3.572373653189036,1,,5.7,,,tablet,False,False
sertraline,CNC1CCC(c2ccc(Cl)c(Cl)c2)c2ccccc21,50.0,0.165,-2.4814860601221125,1,,26.0,,,tablet,False,False
sirolimus,COC1CC2CCC(C)C(O)(O2)C(=O)C(=O)N2CCCCC2C(=O)OC(C(C)CC2CCC(O)C(OC)C2)CC(=O)C(C)C=C(C)C(O)C(OC)C(=O)C(C)CC(C)C=CC=CC=C1C,20.0,0.0144,-3.1426675035687315,1,,,,27.0,tablet,False,True
sodium oxybate,O=C([O-])CCCO.[Na+],25.0,66.0,0.42160392686983106,1,,0.5,,,tablet,False,False
sonidegib,Cc1c(C(=O)Nc2ccc(N3CC(C)OC(C)C3)nc2)cccc1-c1ccc(OC(F)(F)F)cc1,200.0,1.03,-2.2881927709588092,1,,672.0,,,tablet,False,True
tamoxifen,CCC(=C(c1ccccc1)c1ccc(OCCN(C)C)cc1)c1ccccc1,20.0,0.04,-2.6989700043360187,1,,120.0,,,tablet,False,True
temozolomide,Cn1nnc2c(C(N)=O)ncn2c1=O,150.0,7.5,-1.3010299956639813,1,,1.8,,,tablet,False,True
tenofovir disoproxil,CC(C)OC(=O)OCOP(=O)(COC(C)Cn1cnc2c(N)ncnc21)OCOC(=O)OC(C)C,300.0,0.38,-2.8973376581028525,1,,17.0,,,tablet,False,True
terbinafine,CN(CC=CC#CC(C)(C)C)Cc1cccc2ccccc12,250.0,1.0,-2.3979400086720375,1,,36.0,,,tablet,False,False
tranexamic acid,NCC1CCC(C(=O)O)CC1,650.0,13.83,-1.6720911765335449,1,,2.0,,,tablet,False,False
valganciclovir,CC(C)C(N)C(=O)OCC(CO)OCn1cnc2c(=O)[nH]c(N)nc21,900.0,58.0,-1.1908145158763876,1,,73.0,,,tablet,False,True
zolpidem,Cc1ccc(-c2nc3ccc(C)cn3c2CC(=O)N(C)C)cc1,12.5,0.134,-1.9698052146432488,1,,2.8,,,tablet,False,True
