smiles,dose_mg,cmax_obs,cmax_engine,cmax_ml_oof,cmax_ml_full,cmax_meta_oof,compound_type
CCC(=O)NC[C@@H]1C[C@H]1c1cccc2c1CCO2,20.0,0.2359595014589781,0.1849260946724014,0.06290527369805124,0.09119048714637756,0.06290527369805124,neutral
Cc1nc(C(=O)NCC(=O)O)c(O)c2ccc(Oc3ccccc3)cc12,100.0,8.384317297178903,3.1534775282575813,3.747380962462784,3.8002904504537582,3.747380962462784,acid
CCOc1nc2cccc(C(=O)O)c2n1Cc1ccc(-c2ccccc2-c2noc(=O)[nH]2)cc1,40.0,2.452206530817404,0.6313487345339573,0.45853773008160675,0.9797970205545425,0.45853773008160675,acid
CN1CC(=O)N2[C@H](c3ccc4c(c3)OCO4)c3[nH]c4ccccc4c3C[C@@H]2C1=O,10.0,0.1687944109196462,0.1084160312588964,0.036661877877235294,0.10400471277534962,0.036661877877235294,neutral
CCCCc1nc(Cl)c(C(=O)O)n1Cc1ccc(-c2ccccc2-c2nn[nH]n2)cc1,50.0,0.3082266470475547,0.470080415695594,0.5617865890391555,0.4308247473090887,0.5617865890391555,acid
CCc1cc(/C(C)=N/OCc2ccc(C3CCCCC3)c(C(F)(F)F)c2)ccc1CN1CC(C(=O)O)C1,0.25,0.0018466596372557,0.000686446562263,0.0007550041278622466,0.001345112919807434,0.0007550041278622466,acid
COc1c(N2CCNC(C)C2)c(F)cc2c(=O)c(C(=O)O)cn(C3CC3)c12,400.0,3.918968085996581,4.910342112993224,2.180783076281739,3.1615082174539566,2.180783076281739,acid
CCS(=O)(=O)CCn1c([N+](=O)[O-])cnc1C,1000.0,19.61483612417049,16.305669521008962,7.632835447333629,9.436922147870064,7.632835447333629,neutral
Nc1nc(CC(=O)Nc2ccc(CCNC[C@H](O)c3ccccc3)cc2)cs1,100.0,0.0604578201848568,0.5558898474685943,0.14766892458377556,0.12520141899585724,0.2681352710497493,base
CC(C)c1c(C(=O)Nc2ccccc2)c(-c2ccccc2)c(-c2ccc(F)cc2)n1CC[C@@H](O)C[C@@H](O)CC(=O)O,40.0,0.0160352214948131,0.0072562949178791,0.10495131857045553,0.04523573908954859,0.10495131857045553,acid
CCC(C)(C)C(=O)O[C@H]1C[C@@H](C)C=C2C=C[C@H](C)[C@H](CC[C@@H]3C[C@@H](O)CC(=O)O3)[C@H]21,40.0,0.0088592141198895,0.009087709924018,0.027085257618184175,0.012979916064068675,0.027085257618184175,neutral
N=C(N)c1ccc(CNC(=O)[C@@H]2CCN2C(=O)[C@H](NCC(=O)O)C2CCCCC2)cc1,36.0,0.144713590679814,0.2514949122141011,0.08773004010045844,0.16218109242618084,0.08773004010045844,acid
CC(C(=O)O)c1ccc(CC2CCCC2=O)cc1,60.0,5.605207358246791,2.4640214808954792,4.285877581607018,3.4839510172605515,4.285877581607018,acid
Fc1ccccc1C1=NCC(=S)N(CC(F)(F)F)c2ccc(Cl)cc21,20.0,0.0367626029936317,0.0597078354366405,0.012657715115104655,0.016249368200078607,0.012657715115104655,neutral
Cn1nnc(-c2ccc(-c3ccc(N4C[C@H](CO)OC4=O)cc3F)cn2)n1,200.0,2.1876845871303754,2.0847528161293587,2.5966927212650104,3.165782615542412,2.352371258140412,base
N#CCNC(=O)c1ccc(-c2ccnc(Nc3ccc(N4CCOCC4)cc3)n2)cc1,200.0,0.4837207061099389,2.7946642764432177,1.938811129573335,1.2650740332901478,2.2855612632441735,base
CCN1C(=O)N(c2c(F)c(OC)cc(OC)c2F)Cc2cnc3[nH]c(CN4CCOCC4)cc3c21,9.0,0.052755483868699,0.0581288189216172,0.007286381643183445,0.017855301965028048,0.01855059003360188,base
CC(NC(C)(C)C)C(=O)c1cccc(Cl)c1,100.0,0.1390850102797921,0.5153216327233713,0.3580000404498481,0.32161877024918795,0.42176541065402895,base
CC(C)c1nc(N(C)S(C)(=O)=O)nc(-c2ccc(F)cc2)c1/C=C/[C@@H](O)C[C@@H](O)CC(=O)O,40.0,0.0626227394801028,1.5323481530182763,0.3927704193987007,0.324973464012146,0.3927704193987007,acid
COc1cc2c(cc1OC)C1CC(O)C(CC(C)C)CN1CC2,25.0,0.0596243207068494,0.076667863993243,0.00853795567248984,0.03310113970655948,0.00853795567248984,neutral
CC[C@H]1OC(=O)[C@H](C)C(=O)[C@H](C)[C@@H](O[C@@H]2O[C@H](C)C[C@H](N(C)C)[C@H]2O)[C@](C)(OC)C[C@@H](C)C(=O)[C@H](C)[C@H]2N(CCCCn3cnc(-c4cccnc4)c3)C(=O)O[C@]12C,800.0,2.00824635784909,0.0392747453603279,0.778964856102077,1.6930103302001953,0.24533509111866908,base
O=C(Nc1nc2cccc(-c3ccc(CN4CCS(=O)(=O)CC4)cc3)n2n1)C1CC1,200.0,1.737872694765452,1.5056399596320598,0.6892992881376789,1.0234201326966286,0.6892992881376789,neutral
CCOC(=O)Nc1ccc(NCc2ccc(F)cc2)cc1N,200.0,0.6334972280151897,0.95933704898493,1.1744945252620425,0.5824608728289604,1.0722723217822745,base
CO/N=C(\C(=O)N[C@@H]1C(=O)N2C(C(=O)O)=C(COC(N)=O)CS[C@H]12)c1ccco1,500.0,5.365017253045262,4.00722453647359,3.8094473025742235,4.240038339048624,3.8094473025742235,acid
O=C1CN=C(c2ccccn2)c2cc(Br)ccc2N1,6.0,0.0793061098993025,0.0802656033820546,0.05931082565455023,0.059338247403502464,0.06796134214924955,base
CNCCCN1c2ccccc2CCc2ccccc21,50.0,0.0183432403082008,0.1818737259941686,0.045141277171094854,0.0378949218429625,0.0845107774803076,base
CNC(=O)c1ccc(N2C(=S)N(c3ccc(C#N)c(C(F)(F)F)c3)C(=O)C2(C)C)cc1F,160.0,4.554859736031951,0.9291087211161098,1.5528261362693494,1.6654445230960846,1.5528261362693494,neutral
CC(C)(C#N)c1cc(Cn2cncn2)cc(C(C)(C)C#N)c1,1.0,0.0186593922750118,0.00657477101263,0.0023373416628832597,0.006320923566818237,0.0023373416628832597,neutral
Cc1ccc([C@@H]2O[C@H](CO)[C@@H](O)[C@H](O)[C@H]2O)cc1Cc1ccc(-c2ccc(F)cc2)s1,300.0,2.8103023683123984,1.0283851106931163,1.7998993070118179,1.5360777731984854,1.7998993070118179,neutral
O=C(c1ccc(F)c(F)c1Nc1ccc(I)cc1F)N1CC(O)([C@@H]2CCCCN2)C1,20.0,0.0153783083511009,0.0663301514859691,0.06774476026503909,0.04216671455651522,0.06710449088235947,base
COCC1=C(C(=O)O)N2C(=O)[C@@H](NC(=O)/C(=N\OC)c3csc(N)n3)[C@H]2SC1,100.0,1.258912136198182,0.6452142950076077,0.6527058891419939,0.9074247442185879,0.6527058891419939,acid
NC(=O)N1c2ccccc2C[C@H](O)c2ccccc21,600.0,8.031727177348536,6.625856293393662,3.5612802805059967,4.010224621742964,3.5612802805059967,neutral
Cc1cn([C@H]2C=C[C@@H](CO)O2)c(=O)[nH]c1=O,40.0,0.9477504670723024,0.2252995221640068,0.40859494484820724,0.5271655321121216,0.40859494484820724,neutral
COCCCOc1ccnc(C[S+]([O-])c2nc3ccccc3[nH]2)c1C,20.0,0.3664653615865635,0.2334266723030963,0.06735885969991826,0.3504156693816185,0.11783785136391361,base
Cc1cnc(NC(=O)C2=C(O)c3ccccc3S(=O)(=O)N2C)s1,7.5,0.7496441014900894,0.0981180535055389,0.35525256180217607,0.3869496379047632,0.35525256180217607,neutral
CN(C)CCc1c[nH]c2ccc(Cn3cncn3)cc12,10.0,0.0277850504717773,0.0556013033332118,0.036408378212478464,0.029804448131471872,0.036408378212478464,neutral
COC[C@@H](NC(C)=O)C(=O)NCc1ccccc1,200.0,5.416348383459763,1.9454818847614728,2.0133947283455593,2.591410093009472,2.0133947283455593,neutral
CN(C)CCCN1c2ccccc2CCc2ccccc21,50.0,0.0286208846997949,0.1389612390943319,0.020810694902688495,0.021808741439599544,0.020810694902688495,neutral
Cc1nccn1CC1CCc2c(c3ccccc3n2C)C1=O,8.0,0.0399393371401247,0.0653420420880745,0.04883234462973141,0.05225919932126999,0.04883234462973141,neutral
CC(C)(C)NCC(O)c1ccc(O)c(CO)c1,4.0,0.0128120017740545,0.0165000722911257,0.01205597722202137,0.0070746103301644325,0.01205597722202137,acid
N[C@@H]1c2cccnc2[C@H](OC(=O)N2CCC(n3c(=O)[nH]c4ncccc43)CC2)CC[C@H]1c1cccc(F)c1F,75.0,0.6638696869140865,0.1868142853185392,0.1359497757409205,0.27995193377137184,0.156852956764008,base
C#CCN[C@@H]1CCc2ccccc21,2.0,0.0116080155884018,0.0085273129521224,0.0012735571910175777,0.003793321317061782,0.002996578365176546,base
Nc1nc(=O)c2ncn(COCCO)c2[nH]1,1000.0,5.185030117413928,5.330504459118468,4.7696298676343725,5.775416735559702,5.014323082929839,base
C#Cc1cccc(Nc2ncnc3cc(OCCOC)c(OCCOC)cc23)c1,150.0,1.233599269314674,0.9377767608405574,0.7381847706027346,0.6200920790433884,0.8221206451915937,base
N[C@@H](CC(=O)N1CCn2c(nnc2C(F)(F)F)C1)Cc1cc(F)c(F)cc1F,200.0,0.8344314532471622,2.1425228829339806,1.0408912232904128,1.3776103034615517,1.4404208585553577,base
Nc1c(CC(=O)O)cccc1C(=O)c1ccc(Br)cc1,50.0,4.137691745835626,0.5464884815943122,0.46343908894442043,0.9898469783365726,0.46343908894442043,acid
CCCNS(=O)(=O)Nc1ncnc(OCCOc2ncc(Br)cn2)c1-c1ccc(Br)cc1,10.0,0.2017218532625372,0.0451504510874204,0.04725178410428968,0.0894453190267086,0.04725178410428968,acid
CCCSc1nc(N[C@@H]2C[C@H]2c2ccc(F)c(F)c2)c2nnn([C@@H]3C[C@H](OCCO)[C@@H](O)[C@H]3O)c2n1,100.0,0.5141932369929334,1.511784977631908,0.07279252309462537,0.284171081148088,0.23270629245407645,base
CCC(C)(C)C(=O)O[C@H]1C[C@@H](C)C=C2C=C[C@H](C)[C@H](CC[C@@H](O)C[C@@H](O)CC(=O)O)[C@H]21,20.0,0.0013398465471905,0.0530341323819955,0.038098627212188915,0.004176807415205985,0.038098627212188915,acid
CCCCNC(=O)NS(=O)(=O)c1ccc(C)cc1,500.0,51.95484400958552,9.579909228643084,8.420672486943992,23.53331260383129,8.420672486943992,acid
Nc1ccc(S(=O)(=O)Nc2ncccn2)cc1,500.0,18.236205601242897,5.078947655200066,9.509147640470042,21.62623405456543,9.509147640470042,acid
Cc1cc(Nc2ncnc3ccc(NC4=NC(C)(C)CO4)cc23)ccc1Oc1ccn2ncnc2c1,300.0,0.4028786727997867,0.0266896871398255,0.4044075852532279,0.6145179038867354,0.13291470217611598,base
CN1C(C(=O)Nc2ccccn2)=C(O)c2sc(Cl)cc2S1(=O)=O,8.0,0.8249430182572687,0.0846439107774874,0.3270309226935074,0.3641689121723175,0.17800898553065472,base
Cc1cnc(Nc2ccc(OCCN3CCCC3)cc2)nc1Nc1cccc(S(=O)(=O)NC(C)(C)C)c1,500.0,1.1511831553468352,0.2758024832282915,1.3523389574819367,1.7884846311062574,1.3523389574819367,acid
CN1C(=O)CC(=O)N(c2ccccc2)c2cc(Cl)ccc21,20.0,0.3924545204031221,0.2990909646679027,0.6405653643451265,0.317433625459671,0.6405653643451265,neutral
Cc1cnc(C(=O)O)c[n+]1[O-],250.0,3.879705543247199,9.46446079492458,5.000957195621783,6.791963707655668,5.000957195621783,acid
Cc1cnc(C(=O)NCCc2ccc(S(=O)(=O)NC(=O)NC3CCCCC3)cc2)cn1,5.0,0.4232273045777224,0.0712046962714087,0.12129959995750532,0.18384184688329697,0.12129959995750532,acid
CN(c1nccc(=O)[nH]1)C1CCN(c2nc3ccccc3n2Cc2ccc(F)cc2)CC1,10.0,0.321827688822039,0.0892902130084366,0.023823919145283014,0.07678376510739326,0.04317367322762735,base
CN1C(=O)C(O)N=C(c2ccccc2)c2cc(Cl)ccc21,20.0,0.5242788465935281,0.2552125509052455,0.4844784205599753,0.37503737956285477,0.4844784205599753,neutral
O=C(O)c1ccc(-n2nc(-c3ccccc3O)nc2-c2ccccc2O)cc1,1400.0,31.39968084925861,24.43668334836867,37.54683852134352,45.443520694971085,37.54683852134352,acid
CC1=NN(c2ccc(C)c(C)c2)C(=O)/C1=N\Nc1cccc(-c2cccc(C(=O)O)c2)c1O,50.0,5.752652004132838,0.153496112092884,0.5844542203504488,2.5891397148370743,0.5844542203504488,acid
CN(C)CCc1c[nH]c2ccc(CS(=O)(=O)N3CCCC3)cc12,12.5,0.0453881039037975,0.0831537926387049,0.054436854705313904,0.04688332264777273,0.054436854705313904,neutral
CCCCCNC(=N)N/N=C/c1c[nH]c2ccc(OC)cc12,12.0,0.0049882926087935,0.0387637350907357,0.016477790234161998,0.0104443549644202,0.024215082949570803,base
CC(C)(Oc1ccc(Cl)cc1)C(=O)O,500.0,48.72033887992585,16.15073526718975,10.819965241275208,14.493065886199474,10.819965241275208,acid
CC1=C(C(=O)O)N2C(=O)[C@@H](NC(=O)[C@H](N)c3ccc(O)cc3)[C@H]2SC1,1000.0,32.95103850376143,21.60455807472736,8.947857223084766,23.856239393353462,8.947857223084766,acid
CN(C)CC(c1ccc(O)cc1)C1(O)CCCCC1,50.0,0.1169123457727119,0.1555434156872263,0.07720656477693266,0.07898893090896308,0.07720656477693266,acid
CC(C)CC(N(C)C)C1(c2ccc(Cl)cc2)CCC1,15.0,0.0028738715167826,0.0377950982959219,0.009624723245109813,0.005820382648380473,0.009624723245109813,neutral
CN(C)C/C=C/C(=O)Nc1cc2c(Nc3ccc(F)c(Cl)c3)ncnc2cc1O[C@H]1CCOC1,40.0,0.0257123641597623,0.1478245312114967,0.055104764813012456,0.0688800448551774,0.08590925718612885,base
CN(C)C(=N)NC(=N)N,500.0,1.356103882975108,1.4433136825071582,1.6576945884409136,2.1844401489943266,1.5575421695770744,base
CC(=O)Nc1nnc(S(N)(=O)=O)s1,250.0,16.657217755207785,2.0249362462908578,2.542849244989438,4.740695934742689,2.542849244989438,acid
Cc1ccc(-c2cc(C(F)(F)F)nn2-c2ccc(S(N)(=O)=O)cc2)cc1,200.0,0.6832255170437157,1.825065717254896,3.2974433717290625,3.0460193753242493,3.2974433717290625,acid
CN[C@@H]1CCc2[nH]c3ccc(C(N)=O)cc3c2C1,2.5,0.0057047329111144,0.0152501559088835,0.009534192096309378,0.008117792895063758,0.011778217544512262,base
Cc1ccc(-c2ncc(Cl)cc2-c2ccc(S(C)(=O)=O)cc2)cn1,120.0,2.248485380641316,0.7479946427462091,0.8577898320443237,2.014850825071335,0.8065175292517021,base
O=C1CN=C(c2ccccc2Cl)c2cc([N+](=O)[O-])ccc2N1,2.0,0.0143931174671651,0.0142592367805757,0.021894640989637813,0.02340792492032051,0.021894640989637813,neutral
O=C1CN=C(c2ccccc2)c2cc([N+](=O)[O-])ccc2N1,5.0,0.04381596236449,0.0571556251256785,0.0663344847475944,0.07146934978663921,0.0663344847475944,neutral
CNC(=O)c1ccccc1Sc1ccc2c(/C=C/c3ccccn3)n[nH]c2c1,5.0,0.05125538567237,0.0423318796262856,0.04990667840960591,0.056648002937436104,0.04634337567966385,base
CC=CC1=C(C(=O)O)N2C(=O)[C@@H](NC(=O)[C@H](N)c3ccc(O)cc3)[C@H]2SC1,250.0,5.5248728020237605,4.226901481315942,2.2254357410459327,5.135819781571627,2.2254357410459327,acid
O=C1CCC(N2C(=O)c3ccccc3C2=O)C(=O)N1,200.0,1.913368324282755,4.0445521210688575,2.2667275654635386,2.399800159037113,2.2667275654635386,neutral
Cc1ccc(O)c([C@H](CCN(C(C)C)C(C)C)c2ccccc2)c1,2.0,0.0018796256988343,0.0024831264382547,0.0024702860101277,0.0023601476568728685,0.0024702860101277,acid
Cc1ccc(S(=O)(=O)NC(=O)NN2C[C@H]3CCC[C@H]3C2)cc1,80.0,4.068209423912289,0.8169202460433451,2.841919929305715,3.882082998752594,2.841919929305715,acid
O=C1CC2(CCCC2)CC(=O)N1CCCCN1CCN(c2ncccn2)CC1,10.0,0.0012389511595793,0.1111219655093603,0.019634636749482376,0.0069396133767440915,0.04283241291816051,base
NS(=O)(=O)c1cc(C(=O)O)c(NCc2ccco2)cc1Cl,40.0,1.7033075605577312,0.7688535997592931,0.9675484984603986,1.3225102424621582,0.9675484984603986,acid
CCCCC1=NC2(CCCC2)C(=O)N1Cc1ccc(-c2ccccc2-c2nn[nH]n2)cc1,300.0,3.0988551061820826,1.3113721328164316,1.170492979844682,1.818473031744361,1.170492979844682,neutral
CC(C)(C)NC[C@H](O)COc1nsnc1N1CCOCC1,10.0,0.034237829195404,0.0504411902342717,0.042623201074276015,0.04219254944473505,0.04597891632600329,base
CCCCC(C)(O)C/C=C/[C@H]1[C@H](O)CC(=O)[C@@H]1CCCCCCC(=O)O,0.4,0.0007344477317432,0.0046653391590483,0.002274476899153164,0.002877943590283394,0.002274476899153164,acid
Cc1ccnc2c1NC(=O)c1cccnc1N2C1CC1,200.0,2.1170299575524787,2.141995265584109,1.5236266814985722,2.240912802517414,1.7760350859386003,base
CCCC(=O)Nc1ccc(OCC(O)CNC(C)C)c(C(C)=O)c1,400.0,0.738296177906391,3.397099016732019,1.59676418588643,1.2931054458022118,2.242751332005585,base
CN1CCC[C@@H]1Cc1c[nH]c2ccc(CCS(=O)(=O)c3ccccc3)cc12,30.0,0.0752643853102996,0.1110233575999558,0.09696347431925859,0.129501074552536,0.09696347431925859,neutral
CC(C)(C)NC(=O)[C@H]1CC[C@H]2[C@@H]3CC[C@H]4NC(=O)C=C[C@]4(C)[C@H]3CC[C@]12C,5.0,0.0442959249717025,0.0229665837997211,0.023191213201034303,0.027180395554751158,0.023191213201034303,neutral
Nc1c(Br)cc(Br)cc1CN[C@H]1CC[C@H](O)CC1,30.0,0.0631117640787247,0.097216907087449,0.06528096628016103,0.07415096741169691,0.0780937766158072,base
Cc1ccccc1C(=O)Nc1ccc(C(=O)N2CCC[C@@H](O)c3cc(Cl)ccc32)c(C)c1,30.0,0.2308397156487829,0.0068308388685343,0.10645037474636537,0.18771075177937746,0.10645037474636537,neutral
O=C(c1cc(Cc2n[nH]c(=O)c3ccccc23)ccc1F)N1CCN(C(=O)C2CC2)CC1,300.0,7.165576422098047,3.0989507436441333,2.3925293590162466,2.3672914132475853,2.3925293590162466,neutral
CN1CCN(CCCN2c3ccccc3Sc3ccc(C(F)(F)F)cc32)CC1,5.0,0.0009856620730287,0.0134365225717109,0.0017398576878217787,0.0007621955592185259,0.0017398576878217787,neutral
CN1CCN2c3ncccc3Cc3ccccc3C2C1,15.0,0.0324894949874615,0.0517281952154858,0.018219941892933567,0.01963966351468116,0.02913923460043955,base
CN1CCc2nc(C(=O)N[C@@H]3C[C@@H](C(=O)N(C)C)CC[C@@H]3NC(=O)C(=O)Nc3ccc(Cl)cn3)sc2C1,60.0,0.2658384078939667,0.4934998034557288,0.1398367353812918,0.20355094224214554,0.24664416458424704,base
CCOC(=O)N[C@@H]1CC[C@@H]2[C@@H](C1)C[C@H]1C(=O)O[C@H](C)[C@H]1[C@H]2/C=C/c1ccc(-c2cccc(F)c2)cn1,40.0,0.4544962827111824,0.1104812713445464,0.07679787184907137,0.20955225452780724,0.09045278651725648,base
O=C(Nc1ccc(OC(F)(F)Cl)cc1)c1cnc(N2CC[C@@H](O)C2)c(-c2ccn[nH]2)c1,40.0,0.5638841369562785,0.299135905799074,0.22171414301844183,0.4316919669508934,0.25370394123384804,base
CCOC(=O)N1CCC(=C2c3ccc(Cl)cc3CCc3cccnc32)CC1,20.0,0.0153967722475743,0.0689755096323592,0.03908014925395489,0.016662973212078214,0.05046480862366006,base
CCOC(=O)CN[C@@H](C(=O)N1CC[C@H]1C(=O)NCc1ccc(/C(N)=N/O)cc1)C1CCCCC1,50.0,0.4084885708511591,0.1903925953222267,0.04034972766880815,0.12667012633755803,0.08110635022091385,base
N#Cc1ccc(C(c2ccc(C#N)cc2)n2cncn2)cc1,2.5,0.0359993674785985,0.0186949106108059,0.01957613340221552,0.016627400182187557,0.01957613340221552,neutral
CCOC(=O)C1=C(COCCN)NC(C)=C(C(=O)OC)[C@@H]1c1ccccc1Cl,5.0,0.0028118916017344,0.0192564731664876,0.03245202768132946,0.004534444597084075,0.025659166669627913,base
N#Cc1ccccc1-c1cc(-c2ccccn2)cn(-c2ccccc2)c1=O,12.0,0.3016504588560529,0.1139651224653664,0.10855452237562238,0.20249108970165253,0.11095675298662776,base
N#Cc1ccnc(N2C(=O)CC[C@H]2C(=O)N(c2cncc(F)c2)[C@H](C(=O)NC2CC(F)(F)C2)c2ccccc2Cl)c1,250.0,1.6098640626968073,0.2511729391509499,0.8181839295962015,1.3233453501015902,0.480901134014882,base
NC(=O)c1nc(F)cnc1O,200.0,5.240712695529575,1.8975728452538825,1.9953237818143712,2.6655586436390877,1.9507277585325873,base
CCN(CC)C(=O)C1(c2ccccc2)CC1CN,50.0,0.1377566600095906,0.3896998118651886,0.32057956279490196,0.24640304036438465,0.3500203510257158,base
CC(O)(CS(=O)(=O)c1ccc(F)cc1)C(=O)Nc1ccc(C#N)c(C(F)(F)F)c1,50.0,0.9459657061662258,1.087115744431085,0.6598376174296622,0.701221963390708,0.6598376174296622,neutral
CCN(CC)CCNC(=O)c1c(C)[nH]c(/C=C2\C(=O)Nc3ccc(F)cc32)c1C,50.0,0.0242988720707978,0.3206090594187057,0.0929590516335611,0.058285694103688,0.0929590516335611,neutral
CCN(C(C)=O)c1cccc(-c2ccnc3c(C#N)cnn23)c1,20.0,0.0515758269684059,0.2314114378532248,0.29634609598899847,0.10388418100774288,0.2651323584336418,base
CCC[S+]([O-])c1ccc2[nH]c(NC(=O)OC)nc2c1,400.0,0.576652441562221,4.257554598578633,0.7463103614728445,0.3719083499163389,1.6339087964792665,base
CC(N)C12CC3CC(CC(C3)C1)C2,200.0,0.2149408916293914,0.8248221877344023,0.5703719882437425,0.49961875192821026,0.6733628532975622,base
O=C(NCC1CCCCN1)c1cc(OCC(F)(F)F)ccc1OCC(F)(F)F,200.0,0.3514425736821959,0.9944572586475272,1.3272814560563109,0.7749658077955246,1.1655835770491128,base
NC(=O)C[S+]([O-])C(c1ccccc1)c1ccccc1,200.0,4.675923959713604,4.810573690599297,2.0381381646903542,3.778264671564102,2.0381381646903542,neutral
CCCc1nc(C)c2c(=O)nc(-c3cc(S(=O)(=O)N4CCN(CC)CC4)ccc3OCC)[nH]n12,20.0,0.0244344314804574,0.1076327281445501,0.16321651472186616,0.0785065907984972,0.16321651472186616,neutral
CC(CCc1ccccc1)NCC(O)c1ccc(O)c(C(N)=O)c1,200.0,0.1347203913774567,0.6638335595256701,0.20778646423911867,0.1919310656376183,0.20778646423911867,acid
CCN(CC)CCNC(=O)c1cc(Cl)c(N)cc1OC,10.0,0.0411168950377477,0.0746469419436417,0.021423017469263693,0.039576501585543156,0.03756987606196546,base
CC[C@@H](C(N)=O)N1CCCC1=O,1500.0,50.08734773195037,27.300444377221712,6.787132430384499,15.046010725200176,6.787132430384499,neutral
CC[C@@H](NC(C)C)[C@@H](O)c1ccc(O)c2[nH]c(=O)ccc12,0.1,0.000334108418554,0.0006693670669696,0.00033213206545406796,0.00039361426606774333,0.00033213206545406796,acid
CC(C)N(CC[C@H](c1ccccc1)c1cc(CO)ccc1O)C(C)C,8.0,0.0044915066132484,0.009188416071634,0.015027938876391839,0.011665813624858856,0.015027938876391839,acid
CC[C@@]1(O)C(=O)OCc2c1cc1n(c2=O)Cc2cc3c(CN(C)C)c(O)ccc3nc2-1,2.6,0.0053691072799302,0.0099135377410763,0.014892864965998981,0.00757991005666554,0.014892864965998981,acid
CCC[C@@H]1CC(=O)N([C@@H](CC)C(N)=O)C1,10.0,0.3069046802717541,0.1086880353959945,0.03929111104248981,0.1099279522895813,0.03929111104248981,neutral
CCCNC(=O)NS(=O)(=O)c1ccc(Cl)cc1,250.0,30.51175266860845,4.315148613397484,11.029362571308383,13.47257662564516,11.029362571308383,acid
CC[C@H]1OC(=O)[C@H](C)[C@@H](O[C@H]2C[C@@](C)(OC)[C@@H](O)[C@H](C)O2)[C@H](C)[C@@H](O[C@@H]2O[C@H](C)C[C@H](N(C)C)[C@H]2O)[C@](C)(O)C[C@@H](C)C(=NOCOCCOC)[C@H](C)[C@@H](O)[C@]1(C)O,150.0,6.096979602977228,0.3662017204616978,0.712016817510104,1.7431112006306648,0.712016817510104,neutral
Cc1onc(-c2ccccc2)c1-c1ccc(S(N)(=O)=O)cc1,20.0,0.288971162059057,0.3045051183511547,0.49265388596776344,0.5945703759789467,0.49265388596776344,acid
CC[C@H]1[C@@H](O)[C@@H]2[C@H](CC[C@]3(C)[C@@H]([C@H](C)CCC(=O)O)CC[C@@H]23)[C@@]2(C)CC[C@@H](O)C[C@@H]12,10.0,0.0454746372031978,0.0471691217037101,0.04366034143556165,0.09210110642015934,0.04366034143556165,acid
O=C(O)CSc1nnc(Br)n1-c1ccc(C2CC2)c2ccccc12,400.0,17.94268808316472,4.401748150391651,2.775651959643759,7.795695960521698,2.775651959643759,acid
CC(C)C[C@H](NC(=O)CNC(=O)c1cc(Cl)ccc1Cl)B(O)O,4.0,0.0662476386959501,0.046002786058761,0.0167312832109668,0.02398528903722763,0.0167312832109668,neutral
CCn1cc(C(=O)O)c(=O)c2cc(F)c(N3CCNCC3)cc21,400.0,1.2028278433504025,4.425931335427822,5.868471980506353,2.5908146053552628,5.868471980506353,acid
CC[C@H](Nc1ncnc2[nH]cnc12)c1nc2cccc(F)c2c(=O)n1-c1ccccc1,150.0,2.239256917063456,1.1995849046726603,2.0807377306165433,1.1736108921468258,1.6239905014097302,base
N#C[C@@H]1C[C@@H]2C[C@@H]2N1C(=O)[C@@H](N)C12CC3CC(CC(O)(C3)C1)C2,5.0,0.0253836089921467,0.043451960307124,0.015970114518285825,0.03140411339700222,0.025056686256924383,base
N#C[C@@H]1CCCN1C(=O)CNC12CC3CC(CC(O)(C3)C1)C2,100.0,0.5099150441597413,0.890123080718404,0.36046121279485804,0.6034927908331156,0.5414080699204271,base
Nc1nc(NC2CC2)c2ncn([C@H]3C=C[C@@H](CO)C3)c2n1,300.0,2.9835159917153424,2.016737648650188,0.7961876222976985,1.1685989331454039,1.20962488991987,base
CCOc1ccc(Cc2cc([C@]34OC[C@](CO)(O3)[C@@H](O)[C@H](O)[C@H]4O)ccc2Cl)cc1,15.0,0.3089834888871038,0.1223525655854717,0.07503345325059853,0.1313572470098734,0.07503345325059853,neutral
O=C(O)/C=C1/CN(C(C(=O)C2CC2)c2ccccc2F)CCC1S,10.0,0.1327878684422816,0.076459345770949,0.28019809697133846,0.22338597103953362,0.28019809697133846,acid
CC(C)OC(=O)[C@H](C)N[P@](=O)(OC[C@H]1O[C@@H](n2ccc(=O)[nH]c2=O)[C@](C)(F)[C@@H]1O)Oc1ccccc1,400.0,0.8981843611113518,2.5448816769199136,1.3360748853795024,1.5751944854855537,1.3360748853795024,acid
CCOCCn1c(C2CCN(CCc3ccc(C(C)(C)C(=O)O)cc3)CC2)nc2ccccc21,20.0,0.2401813888699538,0.0281069925248205,0.00798410582630147,0.07907764054834843,0.00798410582630147,acid
NC1=NCC2c3ccccc3Cc3ccccc3N12,20.0,0.013024478085686,0.1114882147617072,0.045758271110224874,0.023320831824094057,0.06831425184761884,base
CCOc1cc(CC(=O)N[C@@H](CC(C)C)c2ccccc2N2CCCCC2)ccc1C(=O)O,2.0,0.0261438213939014,0.0068939489748338,0.00426370864570704,0.010866716504096985,0.00426370864570704,acid
CCOC(=O)[C@H](CCc1ccccc1)N[C@@H](C)C(=O)N1[C@H](C(=O)O)C[C@@H]2CCC[C@@H]21,5.0,0.0134221953390069,0.0160921290279115,0.015923960353504074,0.01696030725724995,0.015923960353504074,acid
C[C@]12CCC(=O)C=C1C=C[C@@H]1[C@@H]2CC[C@@]2(C)[C@H]1CC[C@@]21CCC(=O)O1,200.0,0.2612619367445494,0.0805896427465419,0.5104660690409644,0.3860378870740533,0.5104660690409644,neutral
OC[C@H]1O[C@@H](c2ccc(Cl)c(Cc3ccc(O[C@H]4CCOC4)cc3)c2)[C@H](O)[C@@H](O)[C@@H]1O,50.0,0.5570775560151967,0.2956597933159499,0.18888785469428437,0.30620675534009933,0.18888785469428437,neutral
COc1cc2nccc(Oc3ccc(NC(=O)Nc4cc(C)on4)c(Cl)c3)c2cc1OC,1.5,0.0209641292391017,0.0086251385392505,0.02569491617490873,0.02210431220009923,0.015722105227511784,base
C=CC(=O)N1CC[C@H](n2nc(C#Cc3cc(OC)cc(OC)c3)c3c(N)ncnc32)C1,20.0,0.140415894716479,0.1465619098574589,0.09946220646766563,0.04740571137517691,0.11841901687671859,base
C[C@@H]1CN(c2c(F)c(N)c3c(=O)c(C(=O)O)cn(C4CC4)c3c2F)C[C@H](C)N1,400.0,1.2159058315234597,4.606596361220526,2.288307513759168,2.204776741564274,2.288307513759168,acid
O=c1[nH]c2ccccc2n1CCCN1CCC(n2c(=O)[nH]c3cc(Cl)ccc32)CC1,20.0,0.037183291143369,0.1200599518131361,0.017562585445236856,0.0263758422806859,0.04171121319310082,base
O=C1[C@H](CC[C@H](O)c2ccc(F)cc2)[C@@H](c2ccc(O)cc2)N1c1ccc(F)cc1,10.0,0.0042350424137815,0.0321017185876723,0.030176664874114707,0.020916254725307226,0.030176664874114707,acid
CO[C@H]1C[C@@H]2CC[C@@H](C)[C@@](O)(O2)C(=O)C(=O)N2CCCC[C@H]2C(=O)O[C@H]([C@H](C)C[C@@H]2CC[C@@H](OCCO)[C@H](OC)C2)CC(=O)[C@H](C)/C=C(\C)[C@@H](O)[C@@H](OC)C(=O)[C@H](C)C[C@H](C)/C=C/C=C/C=C/1C,2.0,0.0172261624113814,0.0026753809759437,0.0014392664810194444,0.012764899991452694,0.0014392664810194444,neutral
COc1ccnc(C[S+]([O-])c2nc3ccc(OC(F)F)cc3[nH]2)c1OC,40.0,2.644252238167657,1.1109226751139498,0.07778600681076238,0.7713517546653748,0.2343073755105382,base
COc1nc(C)nc(Cl)c1NC1=NCCN1,0.2,0.0013390421609688,0.0013688944065146,0.0006834693094090317,0.0007555742282420397,0.0009342474836242985,base
C[C@H](N[C@@H](CCc1ccccc1)C(=O)O)C(=O)N1Cc2ccccc2C[C@H]1C(=O)O,20.0,0.5427154884485005,0.3163853119738726,0.07510924497419603,0.15010042116045952,0.07510924497419603,acid
O=C1Nc2ccc(Cl)cc2[C@@](C#CC2CC2)(C(F)(F)F)O1,600.0,2.543433694368188,4.730637878810406,1.2207687980010116,1.2757246848195791,1.2207687980010116,neutral
C[C@H](N[C@@H](CCc1ccccc1)C(=O)O)C(=O)N1[C@H](C(=O)O)C[C@@H]2CCC[C@@H]21,5.0,0.0048415694259265,0.0394293619808963,0.024681339072073535,0.00860931584611535,0.024681339072073535,acid
C[C@H]1CNCCc2ccc(Cl)cc21,10.0,0.0355436057426465,0.0468481987053602,0.012943677564785403,0.022633555345237255,0.023091041983974485,base
O=C1c2c(O)c(=O)ccn2N([C@@H]2c3ccccc3SCc3c2ccc(F)c3F)[C@@H]2COCCN12,20.0,0.0433946272380895,0.1506380863130666,0.31942496591971353,0.12527033686637878,0.22775794038994912,base
O=[N+]([O-])c1cn2c(n1)OC[C@@H](OCc1ccc(OC(F)(F)F)cc1)C2,50.0,0.336499257792263,0.5346540811795644,0.2941106771631288,0.26829768903553486,0.2941106771631288,neutral
COc1ccc([C@@H]2Sc3ccccc3N(CCN(C)C)C(=O)[C@@H]2OC(C)=O)cc1,90.0,0.0935921289677555,0.3989134315076512,0.16055194162077457,0.14578209375031292,0.16055194162077457,neutral
C[C@@H]1[C@H](c2ccccc2)C[C@H](NC(=O)c2cnc3c(c2)C[C@@]2(C3)C(=O)Nc3ncccc32)C(=O)N1CC(F)(F)F,100.0,0.3303257858978742,0.429578244843414,0.4143408292218872,0.59602209366858,0.42112960952435446,base
C[C@@H]1[C@H](c2c(F)ccc(F)c2F)C[C@H](NC(=O)c2cnc3c(c2)C[C@@]2(C3)C(=O)Nc3ncccc32)C(=O)N1CC(F)(F)F,60.0,0.6936523110495859,0.2353531462990069,0.1989757758024065,0.3721071034669876,0.2145922915746328,base
C[C@H](C(=O)O)c1cccc(C(=O)c2ccccc2)c1,25.0,3.430576029417592,0.9648925039980896,1.0255787455900773,2.207467518746853,1.0255787455900773,acid
COc1ccc(CN(C(=O)[C@@H](N)Cc2c(C)cc(C(N)=O)cc2C)[C@@H](C)c2nc(-c3ccccc3)c[nH]2)cc1C(=O)O,100.0,0.0033769870329216,0.2333628244337757,0.07935064073710754,0.01300698786508292,0.07935064073710754,acid
COC(c1ccccc1)(c1ccccc1)[C@H](Oc1nc(C)cc(C)n1)C(=O)O,10.0,0.7332554250491975,0.1743205416906649,0.19177020129531056,0.27959492057561874,0.19177020129531056,acid
C[C@H](Cn1cnc2c(N)ncnc21)OCP(=O)(O)O,300.0,0.2657767523107157,1.5983926098108718,1.7082576867726307,0.6730301538482308,1.6579136961763834,base
COc1ccc2cccc(CCNC(C)=O)c2c1,25.0,0.0098093200936572,0.1397286905367428,0.10963579405112282,0.05072273779660463,0.10963579405112282,neutral
COCCCN1CCC(NC(=O)c2cc(Cl)c(N)c3c2OCC3)CC1,2.0,0.0047767863531869,0.0201939772265615,0.002585758471344334,0.003059648908674717,0.006520384612666278,base
C[C@@H]1CCN(C(=O)CC#N)C[C@@H]1N(C)c1ncnc2[nH]ccc12,1.0,0.0082703914304876,0.0085654573819396,0.005970140140359525,0.006208598148077726,0.007023106277965833,base
COC(=O)C1=C(C)NC(C)=C(C(=O)OC)C1c1ccccc1[N+](=O)[O-],10.0,0.1142466947176963,0.0677503781464175,0.11047779525131099,0.05164720118045807,0.08865669244868574,base
C[C@H]1O[C@@H](O[C@H]2[C@@H](O)C[C@H](O[C@H]3[C@@H](O)C[C@H](O[C@H]4CC[C@@]5(C)[C@H](CC[C@@H]6[C@@H]5C[C@@H](O)[C@]5(C)[C@@H](C7=CC(=O)OC7)CC[C@]65O)C4)O[C@@H]3C)O[C@@H]2C)C[C@H](O)[C@@H]1O,1.0,0.0041458257732972,0.0022542990093292,0.0022867909521310063,0.010540266521275043,0.0022867909521310063,neutral
CC(=O)NC[C@H]1CN(c2ccc(N3CCOCC3)c(F)c2)C(=O)O1,600.0,11.07690617700215,7.306617346478813,4.432939210697406,3.959664423018694,4.432939210697406,neutral
COc1cc(NC(C)CCCN)c2ncccc2c1,15.0,0.0465606408128129,0.0534910678266356,0.029710208577633283,0.03253486007452011,0.03871013677853552,base
C[C@@H](OC[C@@]1(c2ccccc2)CC[C@]2(CCC(=O)N2)CN1)c1cc(C(F)(F)F)cc(C(F)(F)F)c1,180.0,0.9474386999325534,0.0238506555446751,0.5721134640157037,1.0376927722245455,0.17532225203025031,base
Cc1c(OCC(F)(F)F)ccnc1C[S+]([O-])c1nc2ccccc2[nH]1,30.0,1.039875991994142,0.3765637077798216,0.07610548955749011,0.5001386068761349,0.15628097026577348,base
C[C@@H](Oc1cc(-c2cnn(C3CCNCC3)c2)cnc1N)c1c(Cl)ccc(F)c1Cl,250.0,0.1086138500696103,0.0128493801581486,0.8001820293718335,0.31384252361021936,0.21940473704562896,base
OCCOCCN1CCN(C2=Nc3ccccc3Sc3ccccc32)CC1,100.0,0.3173048542541023,0.3756648849649019,0.16703662211066544,0.1741937594488263,0.16703662211066544,neutral
C[C@@H](O[C@H]1OCCN(Cc2n[nH]c(=O)[nH]2)[C@H]1c1ccc(F)cc1)c1cc(C(F)(F)F)cc(C(F)(F)F)c1,125.0,1.287390516671369,0.4370632306100202,0.44775586420686614,0.5611376836895943,0.44775586420686614,neutral
C[C@@H](NCCCc1cccc(C(F)(F)F)c1)c1cccc2ccccc12,50.0,0.0134397867029641,0.1154835483889779,0.030465392199981834,0.03341118281241506,0.05549166799717383,base
CS(=O)(=O)c1cc(F)cc2c3c(n(Cc4ccc(Cl)cc4)c12)[C@@H](CC(=O)O)CC3,40.0,0.9561373577265224,0.6430636909381233,0.37793390503924323,0.5889532715082169,0.37793390503924323,acid
COc1cc2c(cc1OC)CC(=O)N(CCCN(C)C[C@H]1Cc3cc(OC)c(OC)cc31)CC2,10.0,0.0180696070219334,0.0532200717197848,0.004380325999844143,0.010509530548006296,0.004380325999844143,neutral
COc1cc2c(Nc3ccc(Br)cc3F)ncnc2cc1OCC1CCN(C)CC1,300.0,0.1531621659056195,0.8354899184591387,0.5102834646545302,0.43575254967436194,0.6370446441133798,base
COC(=O)N(C)c1c(N)nc(-c2nn(Cc3ccccc3F)c3ncccc23)nc1N,1.0,0.0361334215747751,0.007340432090439,0.010901393672888397,0.018750201910734177,0.00912409595821626,base
C[C@@H](c1ncncc1F)[C@](O)(Cn1cncn1)c1ccc(F)cc1F,200.0,1.0883023428635985,1.838995274750844,2.7635054594752786,1.6326768323779106,2.3007236447186936,base
CN(CCOc1ccc(CC2SC(=O)NC2=O)cc1)c1ccccn1,8.0,0.6374215210531341,0.121749580300383,0.01279686454726503,0.1431654840707779,0.01279686454726503,acid
C=CC1=C(C(=O)O)N2C(=O)[C@@H](NC(=O)/C(=N\OCC(=O)O)c3csc(N)n3)[C@H]2SC1,400.0,4.454326474412006,3.5090189796986646,3.87296313420919,3.3779725432395935,3.87296313420919,acid
OC(Cn1cncn1)(Cn1cncn1)c1ccc(F)cc1F,200.0,4.692143203600026,2.39231878555832,1.7396376647508551,2.811010740697384,1.7396376647508551,neutral
COc1ccc(-n2nccn2)c(C(=O)N2CCC[C@@]2(C)c2nc3c(C)c(Cl)ccc3[nH]2)c1,25.0,0.8195877012254393,0.1361870812052765,0.11036230953328056,0.24399887770414352,0.12131446564171847,base
N=C(N)NCCC[C@@H](NC(=O)[C@@H]1CCCN1C(=O)[C@@H]1CSSCCC(=O)N[C@@H](Cc2ccc(O)cc2)C(=O)N[C@@H](Cc2ccccc2)C(=O)N[C@@H](CCC(N)=O)C(=O)N[C@@H](CC(N)=O)C(=O)N1)C(=O)NCC(N)=O,0.4,3.130495168499707e-05,0.0033776216769771,0.0005456951210061557,7.19390925951302e-05,0.0005456951210061557,acid
N=C(N)NC(=O)c1nc(Cl)c(N)nc1N,10.0,0.0191774346563871,0.0485922685304998,0.017931340468479072,0.02141401171684265,0.028082918834412104,base
CCN(CC)C(=O)Nc1ccc(OCC(O)CNC(C)(C)C)c(C(C)=O)c1,100.0,0.3023408672343188,0.7538445001566799,0.3182586374024023,0.4071530420333147,0.4691437190180267,base
CCN(CC)CCCC(C)Nc1ccnc2cc(Cl)ccc12,300.0,0.1047295946712293,0.5221981229732053,0.13140025769953026,0.10813847766257823,0.24448589419270236,base
CCOc1cc2ncc(C#N)c(Nc3ccc(OCc4ccccn4)c(Cl)c3)c2cc1NC(=O)/C=C/CN(C)C,240.0,0.052223328120678,0.054038617006944,0.18964154549690992,0.06134675815701485,0.10779045840371694,base
CCN(CC)CCOc1ccc(C(=C(Cl)c2ccccc2)c2ccccc2)cc1,50.0,0.0084137506499776,0.0503454579922076,0.03953104513998312,0.0300991116091609,0.03953104513998312,neutral
COc1ccc(Cl)cc1C(=O)NCCc1ccc(S(=O)(=O)NC(=O)NC2CCCCC2)cc1,5.0,0.1276009012507357,0.1318681979645505,0.0827182828469594,0.09038461372256279,0.0827182828469594,acid
C[C@H](CS)C(=O)N1CCC[C@H]1C(=O)O,100.0,0.5699454873933121,3.364272508767169,1.1527908778312046,1.065500546246767,1.1527908778312046,acid
CCOc1cc([C@@H](CS(C)(=O)=O)N2C(=O)c3cccc(NC(C)=O)c3C2=O)ccc1OC,20.0,0.2244749429223672,0.2254452808605435,0.16289748379424662,0.27098922058939934,0.16289748379424662,acid
COc1ccc(CN2CCNCC2)c(OC)c1OC,20.0,0.0735468286195944,0.0930541208158766,0.028312162122283914,0.0484066316857934,0.04836332984739932,base
CCN(CC)CCNC(=O)c1ccc(N)cc1,1000.0,5.230678732248808,5.7061558659654,2.4176531958062113,4.898417741060257,3.5581260989388253,base
NC(=O)N1c2ccccc2CC(=O)c2ccccc21,300.0,0.3956789923662868,3.566661450923191,1.2085047198478227,0.7016055984422565,1.2085047198478227,neutral
CCN(CCCc1ccccc1)CCCc1ccccc1,120.0,0.0084613474104305,0.1605945236881865,0.07182542969228575,0.024176202714443207,0.07182542969228575,neutral
COc1ccc(CCN(C)CCCC(C#N)(c2ccc(OC)c(OC)c2)C(C)C)cc1OC,80.0,0.0628483890008327,0.0402470685932122,0.034926835061246914,0.058522745966911316,0.034926835061246914,neutral
COc1cc2c(cc1OC)C1CC(=O)C(CC(C)C)CN1CC2,25.0,0.000693829950348,0.1405262703556284,0.04258314566117898,0.0018150220057577826,0.04258314566117898,neutral
COc1cc2nc(N3CCN(C(=O)c4ccco4)CC3)nc(N)c2cc1OC,1.0,0.0078993670632526,0.0101474230635649,0.005806549883771298,0.005675900261849165,0.007464746847021261,base
CCOC(=O)N=C1CN(N2CCOCC2)NO1,2.0,0.0137579068175358,0.0310767530037226,0.008875340877901787,0.010714035481214523,0.015599037761458887,base
C[C@H](N[C@@H](CCc1ccccc1)C(=O)O)C(=O)N1CCC[C@H]1C(=O)O,10.0,0.0367522788409099,0.0579547965917261,0.10170531514757877,0.07165311835706234,0.10170531514757877,acid
COc1cc2nc(N3CCN(C(=O)C4COc5ccccc5O4)CC3)nc(N)c2cc1OC,2.0,0.0150398470736906,0.0135548596910944,0.009109672668995417,0.010821602307260036,0.010893546374292995,base
COc1cc2nc(N3CCN(C(=O)C4CCCO4)CC3)nc(N)c2cc1OC,2.0,0.037499466662874,0.0268655192958412,0.008546635754241205,0.012594403699040413,0.014309524918968364,base
CCOC(=O)Nc1ccc2c(c1)N(C(=O)CCN1CCOCC1)c1ccccc1S2,250.0,0.8160882305241266,0.7733066662218564,0.13575015915008615,0.2811147423926741,0.13575015915008615,neutral
C[C@H]1CO[C@@H]2Cn3cc(C(=O)NCc4ccc(F)cc4F)c(=O)c(O)c3C(=O)N12,30.0,3.349940297975473,0.4069321470784678,0.48920397977100066,1.1535685881972313,0.45030253281116134,base
CCOC(=O)[C@H](CCc1ccccc1)N[C@@H](C)C(=O)N1CCC[C@H]1C(=O)O,10.0,0.06945134987889,0.0291443038240145,0.11108388961734188,0.08967645466327667,0.11108388961734188,acid
Cn1cnc2c(F)c(Nc3ccc(Br)cc3Cl)c(C(=O)NOCCO)cc21,50.0,0.9331489698863736,0.2649391840951535,0.8300873832358412,0.7137761916965246,0.49651672786633616,base
COc1cc2ncnc(Nc3ccc(F)c(Cl)c3)c2cc1OCCCN1CCOCC1,250.0,0.0835374167663808,0.6714960859905513,0.12575659942115008,0.07852624548831955,0.26724617642270415,base
COc1cc2ncnc(Nc3ccc(F)c(Cl)c3)c2cc1NC(=O)/C=C/CN1CCCCC1,45.0,0.0274420316303294,0.030254597382063,0.11217952874866131,0.03135665523586795,0.06220260975852372,base
CCOC(=O)C1=C(C)NC(C)=C(C(=O)OC)C1c1cccc([N+](=O)[O-])c1,20.0,0.0075971047116648,0.0827101542759799,0.12652490680477738,0.017542956629768014,0.10449566839947932,base
CCOC(=O)C1=C(C)NC(C)=C(C(=O)OCC)C1c1ccccc1/C=C/C(=O)OC(C)(C)C,4.0,0.0029414282245195,0.0087564649358516,0.01713431874740743,0.003343501826748252,0.01266702794890218,base
CCOC(=O)C1=C(COCCN)NC(C)=C(C(=O)OC)C1c1ccccc1Cl,10.0,0.0057480431452799,0.0385129463332129,0.06490405536265892,0.00906888919416815,0.05131833333939836,base
C[C@H]1C[C@@H]2[C@H]([C@@H](O)C[C@@]3(C)[C@H]2CC[C@]3(O)C(=O)CO)[C@@]2(C)C=CC(=O)C=C12,16.0,0.1091695928361006,0.1266491021462469,0.08547691243343886,0.14485135674476624,0.08547691243343886,neutral
Fc1ccc(C(c2ccc(F)cc2)N2CCN(C/C=C/c3ccccc3)CC2)cc1,5.0,0.026041390131865,0.0124395464762328,0.00300060300086124,0.006733679911121726,0.00300060300086124,neutral
COc1cc2nccc(Oc3ccc(NC(=O)NC4CC4)c(Cl)c3)c2cc1C(N)=O,10.0,0.0958644876896549,0.0667871723984439,0.07024498344472584,0.07795650977641344,0.06866735175292749,base
CS(=O)(=O)Nc1ccc([N+](=O)[O-])cc1Oc1ccccc1,100.0,3.2310060352775576,0.8079342518608612,1.25285378861557,1.9231652840971947,1.25285378861557,acid
COc1nc2ccc(Br)cc2cc1[C@@H](c1ccccc1)[C@@](O)(CCN(C)C)c1cccc2ccccc12,400.0,3.8258332425760537,0.0297842284739891,0.299231051052006,1.4518178068101406,0.10607132665717746,base
CCCCCCCC(=O)N[C@H](CN1CCCC1)[C@H](O)c1ccc2c(c1)OCCO2,84.0,0.0108166538263919,0.5727060277209901,0.10596118241093948,0.03799323504790664,0.10596118241093948,neutral
N[C@@H](C(=O)N[C@@H]1C(=O)N2C(C(=O)O)=C(Cl)CS[C@H]12)c1ccccc1,500.0,16.585234396896535,10.516395807594405,17.03516301010313,15.490499325096607,17.03516301010313,acid
NS(=O)(=O)c1cc2c(cc1Cl)NCNS2(=O)=O,25.0,0.1468013283318649,0.1667189649518845,0.19644926604829427,0.19065868109464645,0.19644926604829427,acid
Cn1cc([S+](C)[O-])c(=O)c2ccc(F)cc21,100.0,1.294990347454374,1.9928214336850316,0.353350615794004,1.0136496275663376,0.7696158307029866,base
NS(=O)(=O)c1cc(C(=O)O)cc(N2CCCC2)c1Oc1ccccc1,6.0,0.3269174207655505,0.0797871094279286,0.06457604531957656,0.10272537544369698,0.06457604531957656,acid
CCCCCOC(=O)Nc1nc(=O)n([C@@H]2O[C@H](C)[C@@H](O)[C@H]2O)cc1F,150.0,0.257355903176904,2.1939760521242646,0.4919244524041164,0.341909215785563,0.4919244524041164,neutral
CCCCN(CCCC)CCC(O)c1cc2c(Cl)cc(Cl)cc2c2cc(C(F)(F)F)ccc12,500.0,0.3756394547967506,0.86190516739136,0.6942775287844342,0.44010087731294334,0.6942775287844342,neutral
COc1ccccc1OCCNCC(O)COc1cccc2[nH]c3ccccc3c12,50.0,0.0919130023446085,0.0989352934489712,0.07448000889425867,0.06771737243980169,0.08463108461183422,base
NS(=O)(=O)Nc1ncnc(OCCOc2ncc(Br)cn2)c1-c1ccc(Br)cc1,25.0,1.4143125538578805,0.1415926786412253,0.18148924800421712,0.6345911417156458,0.18148924800421712,acid
CCCCc1ncc(/C=C(\Cc2cccs2)C(=O)O)n1Cc1ccc(C(=O)O)cc1,100.0,0.4334651081690428,0.4910222412244858,1.1237822988910242,1.127210259437561,1.1237822988910242,acid
NS(=O)(=O)c1cc2c(cc1C(F)(F)F)NC(Cc1ccccc1)NS2(=O)=O,10.0,0.0574496736283157,0.1051663651784511,0.1549368319947478,0.09795516729354858,0.1549368319947478,acid
CCC(=O)O[C@](Cc1ccccc1)(c1ccccc1)[C@H](C)CN(C)C,65.0,0.0526032318398784,0.1114541050762238,0.04296749409479455,0.06330267293378711,0.04296749409479455,neutral
Nc1ccc(S(=O)(=O)c2ccc(N)cc2)cc1,100.0,1.710263137648707,1.5212358259616408,1.463737131371885,1.683305762708187,1.489337568126068,base
Nc1ccc(C(=O)O)c(O)c1,4000.0,46.52536942357362,60.59761296852435,58.097436315873225,34.48479250073433,58.097436315873225,acid
Nc1cc(N2CCCCC2)nc(N)[n+]1[O-],5.0,0.0361861852092756,0.0286059169788275,0.019607887324251463,0.028823281172662973,0.023240318985401846,base
Nc1cc(-c2ccncc2)c[nH]c1=O,75.0,0.9515513648773776,0.6637133027353168,0.8180961615278257,0.8796402253210545,0.7446181711704131,base
CCC/N=C1\S/C(=C\c2ccc(OC[C@H](O)CO)c(Cl)c2)C(=O)N1c1ccccc1C,10.0,0.0544011029299958,0.0393225738106285,0.028966876300240203,0.05690336227416992,0.028966876300240203,neutral
CCC1(C)CC(=O)NC1=O,500.0,12.724173843515342,6.070848615901898,7.29585600858664,8.354423567652702,7.29585600858664,neutral
N[C@@H]1[C@H]2CN(c3nc4c(cc3F)c(=O)c(C(=O)O)cn4-c3ccc(F)cc3F)C[C@@H]12,200.0,2.054507240191672,1.7973474703264372,4.380852217312054,3.6160755902528763,4.380852217312054,acid
CCC1=C(C)CN(C(=O)NCCc2ccc(S(=O)(=O)NC(=O)N[C@H]3CC[C@H](C)CC3)cc2)C1=O,1.0,0.0863851839148358,0.0117537264991795,0.02013008663530715,0.05557268485426903,0.02013008663530715,acid
CCC1=C[C@@H]2CN(C1)Cc1c([nH]c3ccccc13)[C@@](C(=O)OC)(c1cc3c(cc1OC)N(C)[C@H]1[C@@](O)(C(=O)OC)[C@H](OC(C)=O)[C@]4(CC)C=CCN5CC[C@]31[C@@H]54)C2,138.4,0.1381166173926946,0.2101210274996753,0.04140242440586772,0.10876147728413343,0.04140242440586772,neutral
CS(=O)(=O)c1ccc(C2=C(c3ccccc3)C(=O)OC2)cc1,25.0,0.2016307268250551,0.2859689854058164,0.3333643442771579,0.3372709034010768,0.3333643442771579,neutral
CCCCC(=O)N(Cc1ccc(-c2ccccc2-c2nn[nH]n2)cc1)[C@H](C(=O)O)C(C)C,80.0,1.6928832210167362,0.7858961913188424,0.34454558634477195,1.0257857292890549,0.34454558634477195,acid
N[C@@H](Cc1cc(I)c(Oc2cc(I)c(O)c(I)c2)c(I)c1)C(=O)O,0.6,0.0751556252053031,0.0039862030646779,0.009018105152784558,0.0208439938724041,0.009018105152784558,acid
C[C@@H](c1nc(-c2ccc(C#N)cc2)cs1)[C@](O)(Cn1cncn1)c1cc(F)ccc1F,400.0,3.8,0.7532869858576292,1.427139091754243,2.475847490131855,1.427139091754243,neutral
CCC[C@@H]1C[C@@H](C(=O)N[C@@H]([C@H]2O[C@H](SC)[C@H](O)[C@@H](O)[C@H]2O)[C@H](C)Cl)N(C)C1,600.0,5.530913125334731,6.197585965854632,2.1239165395186506,3.737235814332962,2.1239165395186506,neutral
CCC[C@H](NC(=O)[C@@H]1[C@H]2CCC[C@H]2CN1C(=O)[C@@H](NC(=O)[C@@H](NC(=O)c1cnccn1)C1CCCCC1)C(C)(C)C)C(=O)C(=O)NC1CC1,500.0,0.2126052680438563,1.894033819196012,0.5533044876663786,0.42564034811221063,0.9626197862142943,base
CCC[C@H](N[C@@H](C)C(=O)N1[C@H](C(=O)O)C[C@@H]2CCCC[C@@H]21)C(=O)O,4.0,0.0040150965119159,0.0463781550683219,0.02641382408637907,0.008961575105786324,0.02641382408637907,acid
CCC[C@H](N[C@@H](C)C(=O)N1[C@H](C(=O)O)C[C@@H]2CCCC[C@@H]21)C(=O)OCC,4.0,0.074036450482178,0.0254736392943564,0.010679127081673043,0.01702181249856949,0.010679127081673043,acid
C[C@@H]1O[C@@H]1P(=O)(O)O,3000.0,24.17105707245755,35.419120402195965,32.59226871740455,44.93392165750265,32.59226871740455,neutral
CCCc1nc(C(C)(C)O)c(C(=O)O)n1Cc1ccc(-c2ccccc2-c2nnn[nH]2)cc1,20.0,0.4554173909722815,0.3149016592910033,0.11842333543724098,0.21961959078907967,0.11842333543724098,acid
COc1ccc2c3c1O[C@H]1C[C@@H](O)C=C[C@@]31CCN(C)C2,8.0,0.0456201709773209,0.029988757836616,0.013716106859120952,0.02144511602818966,0.013716106859120952,neutral
CCCc1nc2c(C)cc(-c3nc4ccccc4n3C)cc2n1Cc1ccc(-c2ccccc2C(=O)O)cc1,80.0,0.4081421933591282,0.3991839401243546,0.9643065732894761,0.5924366042017937,0.9643065732894761,acid
NC(=O)c1cccc2cn(-c3ccc([C@@H]4CCCNC4)cc3)nc12,300.0,1.010296491135152,2.959515569664673,1.8128473711917232,2.1058229729533195,2.2602056993877797,base
CCN(C)C(=O)Oc1cccc([C@H](C)N(C)C)c1,6.0,0.0308841804165174,0.0360280262669799,0.01275606377825501,0.011098120361566544,0.01275606377825501,neutral
NC(=O)O[C@@H](Cn1ncnn1)c1ccccc1Cl,400.0,10.424250572583142,5.285757392263144,4.121681482469432,5.620353668928146,4.121681482469432,neutral
NC(=O)OC[C@H](N)Cc1ccccc1,300.0,1.756917755616352,2.6925994719333977,1.9459729011764488,1.030324841849506,2.25217702501444,base
NNC(=O)c1ccncc1,300.0,5.159651150998485,2.819184629762335,4.74374022190529,4.020591080188751,3.753376041232225,base
CCCNCC(O)COc1ccccc1C(=O)CCc1ccccc1,300.0,0.1477883689604835,1.453451176559003,0.8488817845120894,0.5635712295770645,1.0812999165725514,base
NCCCC(O)(P(=O)(O)O)P(=O)(O)O,70.0,0.0384179697537493,0.367557551514574,0.1002303469386421,0.06585865281522274,0.17986471998098477,base
CCCOc1ccc(S(=O)(=O)NCCC2CCCN2C)cc1-c1nc(=O)c2c([nH]1)c(CCC)nn2C,100.0,0.325521919384855,0.5182152122989974,0.6023865666952549,0.5963529925793409,0.6023865666952549,acid
NCC1(CC(=O)O)CCCCC1,400.0,3.850454518625041,4.267778581832034,5.8197734609118035,4.6125344932079315,5.8197734609118035,acid
NCC(CC(=O)O)c1ccc(Cl)cc1,10.0,0.1462942240828393,0.1154665556463189,0.1837345847821692,0.10433470830321312,0.1837345847821692,acid
CCCS(=O)(=O)Nc1ccc(F)c(C(=O)c2c[nH]c3ncc(-c4ccc(Cl)cc4)cc23)c1F,960.0,4.224926034855522,6.211943402800372,5.813924982387711,8.801321983337402,5.813924982387711,acid
COc1ccccc1OCC(O)COC(N)=O,1500.0,23.00338888077146,9.21465496185006,5.3116164300324975,6.407331442460418,5.3116164300324975,neutral
COc1ccc2nc([S+]([O-])Cc3ncc(C)c(OC)c3C)[nH]c2c1,40.0,0.9099287812790624,0.786149881636234,0.09774538068844603,0.5965149402618408,0.24976428828943195,base
COc1ccc2cc(CC(=O)O)ccc2c1,1000.0,22.394418947586026,30.65365597223293,38.18985785590947,23.030810058116913,38.18985785590947,acid
C[C@@H]1C[C@H]2[C@@H]3C[C@H](F)C4=CC(=O)C=C[C@]4(C)[C@H]3[C@@H](O)C[C@]2(C)[C@H]1C(=O)CO,20.0,0.1860806276859577,0.1523507633994228,0.028189438822321153,0.12435588054358959,0.028189438822321153,neutral
COc1ccc2c3c1O[C@H]1[C@@H](O)CC[C@H]4[C@@H](C2)N(C)CC[C@@]341,20.0,0.0592034602029307,0.0650051078082085,0.029662474843332162,0.026869620196521282,0.029662474843332162,neutral
NC(N)=NN=Cc1c(Cl)cccc1Cl,16.0,0.0025455844122715,0.0798107072658559,0.06513096640864086,0.020594412460923195,0.0713691721212893,base
CN1CCN(C(=O)OC2c3nccnc3C(=O)N2c2ccc(Cl)cn2)CC1,7.5,0.0496437307220156,0.0903665602928888,0.0273435156339619,0.04598639323376119,0.04682452516489525,base
CN1CCN(C(c2ccccc2)c2ccccc2)CC1,50.0,0.0174769047602829,0.1913278012987164,0.059548659497208854,0.04606898874044418,0.059548659497208854,neutral
CCOc1ncc(C)c2c1[C@H](c1ccc(C#N)cc1OC)C(C(N)=O)=C(C)N2,5.0,0.0435017241037639,0.0632884997083419,0.03177819613990824,0.037888993974775076,0.04332786035510628,base
COC(=O)[C@@H]1CC2=CC(=O)CC[C@]2(C)[C@@]23O[C@@H]2C[C@@]2(C)[C@@H](CC[C@@]24CCC(=O)O4)[C@H]13,100.0,1.7573736085420195,0.8531841455256557,0.1902930812948168,0.5520348437130451,0.1902930812948168,neutral
Cc1cccc(Nc2ccncc2S(=O)(=O)NC(=O)NC(C)C)c1,10.0,1.2793146602771346,0.0596855728294093,0.32676290975612093,0.6162548437714577,0.32676290975612093,acid
CN1CCN(c2ccc(C(=O)Nc3n[nH]c4ccc(Cc5cc(F)cc(F)c5)cc34)c(NC3CCOCC3)c2)CC1,600.0,1.2416799211552063,0.3289263432924766,0.7647901324841256,1.09057507943362,0.5231697771407272,base
CN1CCN2c3ccccc3Cc3ccccc3C2C1,60.0,0.0627381478846801,0.1879081364839203,0.03333755139253695,0.04473995533771813,0.03333755139253695,neutral
Cc1cccc(C)c1OCC(C)N,400.0,0.820121942152507,1.3884315635019455,1.2946474925287115,0.9859554469585419,1.3360396872078155,base
Cc1c(-c2ccc(O)cc2)n(Cc2ccc(OCCN3CCCCCC3)cc2)c2ccc(O)cc12,10.0,0.002,0.0172783890305227,0.0012972324307253147,0.0011870449816342443,0.0012972324307253147,acid
CN1CCN(CC(=O)N2c3ccccc3C(=O)Nc3cccnc32)CC1,50.0,0.043056997108484,0.7615215160830693,0.128297407161839,0.0602890329901129,0.28594125175954327,base
COCCCOc1cc(C[C@@H](C[C@H](N)[C@@H](O)C[C@H](C(=O)NCC(C)(C)C(N)=O)C(C)C)C(C)C)ccc1OC,600.0,0.5418302317146949,2.8285060221391483,0.5808261605030745,0.6422307109460235,1.1842028210307989,base
Cc1cn([C@H]2C[C@H](N=[N+]=[N-])[C@@H](CO)O2)c(=O)[nH]c1=O,200.0,1.0295009909660118,2.0286530017010747,1.1344486688779194,0.7993570528924465,1.1344486688779194,neutral
CN1C(=O)CN=C(c2ccccc2)c2cc(Cl)ccc21,10.0,0.2293948560887972,0.1361482687317554,0.0985220348063012,0.0988965854048729,0.0985220348063012,neutral
CN1C(=O)CN=C(c2ccccc2F)c2cc([N+](=O)[O-])ccc21,2.0,0.0117212627306105,0.0190790463798597,0.01825945444154948,0.020684609189629555,0.01825945444154948,neutral
CN1C(C(=O)Nc2ccccn2)=C(O)c2ccccc2S1(=O)=O,20.0,2.350106380570888,0.1842269919700142,0.7791226140013485,1.063787117600441,0.407185367506926,base
C[C@]12CC[C@@H]3c4ccc(OC(=O)N(CCCl)CCCl)cc4CC[C@H]3[C@@H]1CC[C@@H]2O,420.0,0.4533982673103196,0.8147048761491237,0.9994917700280407,0.6243396434001625,0.9994917700280407,neutral
Cc1[nH]c2ccccc2c1CCNCc1ccc(/C=C/C(=O)NO)cc1,30.0,0.0239478600296561,0.3828356419941285,0.035402118533347966,0.030504686292260885,0.10134085645926671,base
CN1CCC(C(=O)c2cccc(NC(=O)c3c(F)cc(F)cc3F)n2)CC1,50.0,0.0532432155302438,0.2373279712067952,0.267408059882957,0.16658238600939512,0.25342706165492535,base
Cc1ccccc1N1C(=O)c2cc(S(N)(=O)=O)c(Cl)cc2NC1C,2.0,0.0326003680960813,0.0190582816839317,0.014969472538405219,0.025505414232611656,0.014969472538405219,acid
COC(=O)C1=C(C)NC(C)=C(C(=O)OCC(C)C)C1c1ccccc1[N+](=O)[O-],10.0,0.0018334666618185,0.0224071686378111,0.0367158367172668,0.0068307836772874,0.0293997426337481,base
Cc1ccc(=O)n(-c2ccccc2)c1,400.0,11.903780911962384,6.002417256819288,4.230787807515809,5.359608307480812,4.230787807515809,neutral
Cc1ccc(/C(=C\CN2CCCC2)c2ccccn2)cc1,2.5,0.0068585712797929,0.0037387209223292,0.001966183342781026,0.004802755720447749,0.00262553963425975,base
Cc1ccc(-n2nccn2)c(C(=O)N2CCN(c3nc4cc(Cl)ccc4o3)CC[C@H]2C)c1,40.0,0.3723128100133006,0.4012575233312041,0.17615764527093658,0.35827934741973877,0.17615764527093658,neutral
CN[C@@H](C)[C@@H](O)c1ccccc1,100.0,0.2867490191787934,0.4966409338518393,0.3398648626139636,0.35775622818619013,0.40312299975396526,base
Cc1c(O)cccc1C(=O)N[C@@H](CSc1ccccc1)[C@H](O)CN1C[C@H]2CCCC[C@H]2C[C@H]1C(=O)NC(C)(C)C,1250.0,3.6573214242119874,0.2489737175328627,1.1711521066589514,1.2339501699898392,1.1711521066589514,acid
COC(=O)/C=C/C(=O)O,190.0,1.8040487798283065,8.43231514896797,2.965347971957119,2.6777813863009214,2.965347971957119,acid
CN[C@H]1CC[C@@H](c2ccc(Cl)c(Cl)c2)c2ccccc21,100.0,0.0224655291502336,0.2230361772367097,0.07862333166319137,0.037594063905999064,0.12569621042451812,base
Cc1cc(C)cc(OCC2CNC(=O)O2)c1,800.0,1.738339437509257,5.171699142205719,7.116231798739478,3.5578742623329163,7.116231798739478,neutral
CO/N=C1\CN(c2nc3c(cc2F)c(=O)c(C(=O)O)cn3C2CC2)CC1CN,320.0,1.7333205127730993,2.840962721643578,3.141238900907157,2.418915182352066,3.141238900907157,acid
Cc1cc2c(s1)Nc1ccccc1N=C2N1CCN(C)CC1,5.0,0.007633216884119,0.0246133121961523,0.0150566825203063,0.008446984575130045,0.018783548405308367,base
Cc1cc(Nc2ncc(Cl)c(=Nc3ccccc3S(=O)(=O)C(C)C)[nH]2)c(OC(C)C)cc1C1CCNCC1,750.0,0.2134994145191035,0.0416589763785021,1.1185748141205605,0.36937637196388096,0.3375847139493185,base
COC(=O)C1=C(C)NC(C)=C(C(=O)OC(C)C)C1c1cccc2nonc12,10.0,0.0095761526721329,0.0560390210729237,0.03179896864202287,0.02337434096261859,0.04103438340811977,base
COC(=O)N[C@H](C(=O)N1CCC[C@H]1c1ncc(-c2ccc(-c3ccc(-c4cnc([C@@H]5CCCN5C(=O)[C@@H](NC(=O)OC)C(C)C)[nH]4)cc3)cc2)[nH]1)C(C)C,60.0,1.2607127349241776,0.1356052431643401,0.021542721507963606,0.12210764922201633,0.04929918375758056,base
Cc1ccc(Sc2ccccc2N2CCNCC2)c(C)c1,40.0,0.0152577848982085,0.1339125796338114,0.034615932457723445,0.017023513792082667,0.06363139411838402,base
Cc1c(-c2ccccc2)oc2c(C(=O)O)cccc2c1=O,200.0,11.573223367152297,7.516635459452524,8.141464659906061,7.646374404430389,8.141464659906061,acid
CN1Cc2c(N)cccc2C(c2ccccc2)C1,100.0,0.0583410661541251,0.4797391841519677,0.1827735299527483,0.1281095901504159,0.28216598027050865,base
Cc1c(C)c2c(c(C)c1O)CCC(C)(COc1ccc(CC3SC(=O)NC3=O)cc1)O2,400.0,0.9612491872558332,1.4894732566710465,4.612264815842218,2.3731065914034843,4.612264815842218,acid
COC(=O)N[C@@H](C)CNc1nccc(-c2cn(C(C)C)nc2-c2cc(Cl)cc(NS(C)(=O)=O)c2F)n1,50.0,0.5167475205552514,0.1159048852571402,0.14567461723422856,0.1995339524000883,0.14567461723422856,acid
Cc1ccc(C(=O)c2cc(O)c(O)c([N+](=O)[O-])c2)cc1,200.0,5.992495306631453,4.981520201038282,1.1115293222915927,4.262682422995567,1.1115293222915927,acid
Cc1ccc(NC(=O)c2ccc(CN3CCN(C)CC3)cc2)cc1Nc1nccc(-c2cccnc2)n1,400.0,1.6214641531652805,0.0494693409563416,0.4276748181391491,1.089874655008316,0.1620181913541064,base
CNC(=O)c1ccc(-c2cnc3ncc(Cc4ccc5ncccc5c4)n3n2)cc1F,200.0,1.480675521510368,2.2544456649677667,5.611156235311792,2.2915618494153023,3.7226027719762333,base
COC(=O)CC[C@@H]1N=C(c2ccccn2)c2cc(Br)ccc2-n2c(C)cnc21,360.0,0.0729148133097795,0.2104203103685387,1.8985355455732784,0.6144363339990377,0.7055369260155024,base
Cc1c(F)c(N2CCNC(C)C2)cc2c1c(=O)c(C(=O)O)cn2C1CC1,600.0,1.6410667262485097,7.576810322082706,4.168422474945392,2.9708015732467175,4.168422474945392,acid
Cc1ccc(C)c(OCCCC(C)(C)C(=O)O)c1,900.0,46.21449988910408,13.270387501108011,9.499328010073247,11.943606846034527,9.499328010073247,acid
CNCCC=C1c2ccccc2CCc2ccccc21,25.0,0.0107983332047126,0.0880795228594095,0.025721754066159386,0.016659012180753052,0.04475680214624241,base
COC(=O)C1=C(C)NC(C)=C(C(=O)OCCN(C)Cc2ccccc2)C1c1cccc([N+](=O)[O-])c1,20.0,0.0292027395975103,0.0409376701375256,0.01824244152131408,0.026105064898729324,0.026245269369480177,base
CNCC[C@@H](Oc1ccccc1C)c1ccccc1,25.0,0.2238300734932641,0.0795591160179712,0.05484493747253079,0.07171932375058532,0.06483889086504666,base
CNC(=C[N+](=O)[O-])NCCSCc1csc(CN(C)C)n1,150.0,1.3537296628204614,0.8536900241023244,0.9257412553611487,1.0064046364277601,0.892594862809953,base
CO[C@]1(C(=O)N[C@@H](C)c2ccc(-n3cc(F)cn3)nc2)CC[C@H](c2nc(C)cc(Nc3cc(C)[nH]n3)n2)CC1,200.0,0.6333340350873305,0.3105622724223956,0.3661771281783451,0.5527688190340996,0.3400142204755656,base
CC[C@H]1OC(=O)[C@H](C)[C@@H](O[C@H]2C[C@@](C)(OC)[C@@H](O)[C@H](C)O2)[C@H](C)[C@@H](O[C@@H]2O[C@H](C)C[C@H](N(C)C)[C@H]2O)[C@](C)(OC)C[C@@H](C)C(=O)[C@H](C)[C@@H](O)[C@]1(C)O,250.0,0.8532760397432944,0.6280303426111878,2.4953640581561674,2.1571284160017967,2.4953640581561674,neutral
C[C@]12C=CC(=O)C=C1CC[C@@H]1[C@@H]2[C@@H](O)C[C@@]2(C)[C@H]1CC[C@]2(O)C(=O)CO,10.0,0.2598845897701516,0.0775487546136051,0.06544298985594803,0.10722450911998749,0.06544298985594803,neutral
CCc1c(Cl)c(O)c(Cl)c(O)c1C(=O)O[C@H]1[C@H](O)[C@H](OC)[C@H](OC/C2=C\C=C\C[C@H](O)/C(C)=C/[C@H](CC)[C@@H](O[C@@H]3OC(C)(C)[C@@H](OC(=O)C(C)C)[C@H](O)[C@@H]3O)/C(C)=C/C(C)=C/C[C@@H]([C@@H](C)O)OC2=O)O[C@@H]1C,200.0,0.006111464636239,0.0284070575814187,0.09312841084598017,0.007087105768732727,0.09312841084598017,acid
CCc1cc(C(N)=S)ccn1,250.0,2.047574174480622,1.5869986647372896,0.9241123938880198,1.2999967439100146,1.178713044560602,base
C[C@]12C=CC(=O)N[C@@H]1CC[C@@H]1[C@@H]2CC[C@]2(C)[C@@H](C(=O)Nc3cc(C(F)(F)F)ccc3C(F)(F)F)CC[C@@H]12,0.5,0.0028112630613302,0.0016359950072669,0.0008106006808330742,0.0017001921078190207,0.0008106006808330742,neutral
CO[C@H]1/C=C/O[C@@]2(C)Oc3c(C)c(O)c4c(O)c(c5c(nc6cc(C)ccn65)c4c3C2=O)NC(=O)/C(C)=C\C=C\[C@H](C)[C@H](O)[C@@H](C)[C@@H](O)[C@@H](C)[C@H](OC(C)=O)[C@@H]1C,400.0,0.0028472091598616,1.1396478419294094,2.6001231208617726,0.08083982393145561,2.6001231208617726,acid
CO[C@H]1/C=C/O[C@@]2(C)Oc3c(C)c(O)c4c(O)c(c(/C=N/N5CCN(C6CCCC6)CC5)c(O)c4c3C2=O)NC(=O)/C(C)=C\C=C\[C@H](C)[C@H](O)[C@@H](C)[C@@H](O)[C@@H](C)[C@H](OC(C)=O)[C@@H]1C,600.0,14.550601362143071,0.0321018056072777,1.5805627633823676,4.7549838200211525,1.5805627633823676,acid
CCc1nc(N)nc(N)c1-c1ccc(Cl)cc1,50.0,0.4020911090785271,0.4043752332054378,0.19163314540978255,0.2384211402386427,0.26817104987156754,base
Cc1nnc(C(C)C)n1[C@@H]1C[C@H]2CC[C@@H](C1)N2CC[C@H](NC(=O)C1CCC(F)(F)CC1)c1ccccc1,300.0,0.5045889416148555,0.020301204746916,0.453101295298449,0.5366256111301482,0.453101295298449,neutral
CCc1nn(CCCN2CCN(c3cccc(Cl)c3)CC2)c(=O)n1CCOc1ccccc1,200.0,0.4033360881448621,1.338241372256097,0.3661767261314101,0.3465762594714761,0.3661767261314101,neutral
CCn1c(=O)c(-c2cc(NC(=O)Nc3ccccc3)c(F)cc2Br)cc2cnc(NC)cc21,50.0,0.2899982758569436,0.0067271658074628,0.43496767659394014,0.6636395119130611,0.11882931540882956,base
CCn1cc(C(=O)O)c(=O)c2cc(F)c(N3CCN(C)CC3)cc21,400.0,4.374598267269807,2.013918276741314,3.9248697781977695,3.102390840649605,3.9248697781977695,acid
CCn1cc(C(=O)O)c(=O)c2cc(F)c(N3CCNC(C)C3)c(F)c21,100.0,1.0105444077327823,1.4688171103359564,1.111820236599358,1.0479463264346123,1.111820236599358,acid
CCc1ccc(CCOc2ccc(CC3SC(=O)NC3=O)cc2)nc1,15.0,0.5807550774638135,0.128308544680919,0.06033013988919003,0.19983986858278513,0.08472447636231804,base
COc1cc(N2CCC(N3CCN(C)CC3)CC2)ccc1Nc1ncc(Cl)c(Nc2ccccc2P(C)(C)=O)n1,180.0,0.761054314750268,0.3343235193923938,0.22890662275421972,0.3198650968261063,0.27144835574231774,base
CCOc1nc2cccc(C(=O)O)c2n1Cc1ccc(-c2ccccc2-c2nnn[nH]2)cc1,16.0,0.1444529612019082,0.2793068123336731,0.26568039160555307,0.24030405282974243,0.26568039160555307,acid
COc1cc(N)c(Cl)cc1C(=O)N[C@@H]1CCN(CCCOc2ccc(F)cc2)C[C@@H]1OC,20.0,0.0679271815991212,0.0870986273734022,0.028087362561753385,0.04797245375812054,0.04673972125671557,base
COc1c(C)c2c(c(O)c1C/C=C(\C)CCC(=O)O)C(=O)OC2,500.0,15.27225791383186,7.733268802108813,3.079539209799907,5.921913776546717,3.079539209799907,acid
Clc1ccccc1CN1CCc2sccc2C1,250.0,0.3608545413320997,0.3789379376606248,0.05165872408458691,0.19637367222458124,0.05165872408458691,neutral
Clc1ccc2nsnc2c1NC1=NCCN1,8.0,0.0054147206760829,0.0703041678616724,0.030398036466253824,0.019563300535082817,0.044330897602816444,base
Clc1ccc2c(c1)CCc1cccnc1C2=C1CCNCC1,10.0,0.0050795669106725,0.0228547740845514,0.00863858505414745,0.00787770957686007,0.013383911530135097,base
C[C@](N)(Cc1ccc(O)c(O)c1)C(=O)O,250.0,1.5020936322346887,5.454100055433728,2.625245913050526,1.6980157233774662,2.625245913050526,acid
Clc1ccc2c(c1)C(c1ccccc1)=NCc1nncn1-2,4.0,0.1620296639507716,0.0405210089737173,0.014999237138692613,0.03936798870563507,0.014999237138692613,neutral
COc1cc(C(=O)NS(=O)(=O)c2ccccc2C)ccc1Cc1cn(C)c2ccc(NC(=O)OC3CCCC3)cc12,20.0,0.597534936217122,0.0321565932657319,0.1534529175178957,0.5221380293369293,0.1534529175178957,acid
COc1c(C)c2c(c(O)c1C/C=C(\C)CCC(=O)OCCN1CCOCC1)C(=O)OC2,500.0,0.0029793959119257,3.926980405993002,2.093709092902807,0.033588894439162686,2.093709092902807,acid
CC[C@@H](CO)NC(=O)[C@@H]1C=C2c3cccc4[nH]cc(c34)C[C@H]2N(C)C1,0.12,0.0009652460826131,0.0007802170989711,6.200461501054737e-05,0.0002635123673826456,6.200461501054737e-05,neutral
CN(C)CCOC(c1ccccc1)c1ccccc1,25.0,0.0349987142620982,0.0445881661530055,0.03550677080588419,0.03497882280498743,0.03550677080588419,neutral
C[C@]12CCC(=O)C=C1[C@@H]1C[C@@H]1[C@H]1[C@@H]3[C@@H]4C[C@@H]4[C@@]4(CCC(=O)O4)[C@@]3(C)CC[C@@H]12,1.0,0.0113159179919262,0.0060611785018202,0.0010982860211993888,0.002946052234619856,0.0010982860211993888,neutral
CN(C)CCc1c[nH]c2ccc(C[C@H]3COC(=O)N3)cc12,2.5,0.0035411862419251,0.0149048954481019,0.01572447689501381,0.009435401298105717,0.01572447689501381,neutral
C[C@]12CCC3=C4CCC(=O)C=C4CC[C@H]3[C@@H]1CC[C@@]2(O)CC#N,2.0,0.0526414285520444,0.0139328648270816,0.007389896436378373,0.01291984785348177,0.007389896436378373,neutral
CN(C)c1cc(CNCC(C)(C)C)c(O)c2c1C[C@H]1C[C@H]3[C@H](N(C)C)C(O)=C(C(N)=O)C(=O)[C@@]3(O)C(O)=C1C2=O,300.0,0.5305657357952924,2.33076153025567,0.22108187223952744,0.6559350527822971,0.22108187223952744,acid
CN(C)c1ccc(O)c2c1C[C@H]1C[C@H]3[C@H](N(C)C)C(O)=C(C(N)=O)C(=O)[C@@]3(O)C(O)=C1C2=O,100.0,1.112854932145246,1.5839911008934089,0.34292294340208845,0.7520132232457399,0.34292294340208845,acid
Cc1cncc(CN2CCC(=C3c4ccc(Cl)cc4CCc4cccnc43)CC2)c1,40.0,0.0178122149099992,0.0030432505397725,0.04926837222807775,0.027626040391623974,0.016016645671794963,base
COCCc1ccc(OCC(O)CNC(C)C)cc1,50.0,0.0742874148157008,0.0542149669682042,0.09292119317533457,0.14657846186310053,0.07291498095214743,base
COCCOC(=O)C1=C(C)NC(C)=C(C(=O)OC(C)C)C1c1cccc([N+](=O)[O-])c1,60.0,0.0332705575546909,0.1776340246178711,0.25434873283923026,0.05105379852466285,0.21640786382919575,base
CN(CCOc1ccc(NS(C)(=O)=O)cc1)CCc1ccc(NS(C)(=O)=O)cc1,0.5,0.0019590814173994,0.0029078405732532,0.0026475132114518,0.002319627907127142,0.0026475132114518,acid
CCn1nc(C(=O)O)c(=O)c2cc3c(cc21)OCO3,500.0,15.688530842625129,23.209375028444168,10.779021716812892,12.259981594979763,10.779021716812892,acid
CO[C@H]1/C=C/O[C@@]2(C)Oc3c(C)c(O)c4c(O)c(c(/C=N/N5CCN(C)CC5)c(O)c4c3C2=O)NC(=O)/C(C)=C\C=C\[C@H](C)[C@H](O)[C@@H](C)[C@@H](O)[C@@H](C)[C@H](OC(C)=O)[C@@H]1C,600.0,11.529223737962589,0.1644699491466521,1.5377899420691656,4.300719313323498,1.5377899420691656,acid
CN(C)C(=O)C(CCN1CCC(O)(c2ccc(Cl)cc2)CC1)(c1ccccc1)c1ccccc1,8.0,0.0015927962832703,0.0133480829989442,0.010610424086476082,0.008046583272516727,0.010610424086476082,neutral
CO[C@@H]1[C@H](N(C)C(=O)c2ccccc2)C[C@H]2O[C@]1(C)n1c3ccccc3c3c4c(c5c6ccccc6n2c5c31)C(=O)NC4,50.0,1.6030375931961172,0.175081101952406,0.05455561523489241,0.4842801485210657,0.05455561523489241,neutral
C[C@]12CCC(=O)C=C1CC[C@@H]1[C@@H]2[C@@H](O)C[C@@]2(C)[C@H]1CC[C@]2(O)C(=O)CO,10.0,0.1866145760652152,0.1450139051894803,0.019069790272487893,0.07008920889347792,0.019069790272487893,neutral
CN(C)CC(Oc1ccccc1)Oc1ccccc1,500.0,0.7088501886858747,1.6532109083568485,1.5736198158608043,1.3394436100497842,1.5736198158608043,neutral
CN(C)CCOC(C)(c1ccccc1)c1ccccn1,25.0,0.1215138309000255,0.0943204146108286,0.06496648838409627,0.09648604318499565,0.07683369714996446,base
COCc1c(C(C)C)nc(C(C)C)c(/C=C/[C@@H](O)C[C@@H](O)CC(=O)O)c1-c1ccc(F)cc1,0.3,0.003624224054884,0.0020066401246122,0.0014160508238432897,0.001615592138841748,0.0014160508238432897,acid
Cc1ncc([N+](=O)[O-])n1CC(C)O,2000.0,41.02056801166945,30.881910188744293,16.918586099736387,17.459111288189888,16.918586099736387,neutral
Cc1ncc(OC[C@@]2(c3cccc(F)c3)C[C@H]2C(=O)Nc2ccc(F)cn2)c(C)n1,10.0,0.0356875328371127,0.044559615670051,0.06239373465881999,0.0721967127174139,0.05362300973638814,base
Cc1nc2n(c(=O)c1CCN1CCC(c3noc4cc(F)ccc34)CC1)CCCC2O,1.0,0.0079491508980519,0.0084846786396675,0.0016974048640662205,0.006245617289096117,0.0035016111970917066,base
Cc1nc2n(c(=O)c1CCN1CCC(c3noc4cc(F)ccc34)CC1)CCCC2,2.0,0.0197527618322096,0.0060920021190628,0.0018374631743009852,0.0078038861975073814,0.003151100645833701,base
CN(C)CCCOc1nn(Cc2ccccc2)c2ccccc12,50.0,0.5006136234662417,0.2905200953851475,0.10812697203706556,0.2430215710774064,0.10812697203706556,neutral
CN(C)CCC[C@@]1(c2ccc(F)cc2)OCc2cc(C#N)ccc21,10.0,0.0111806976526512,0.029055403922507,0.006238904219425923,0.009456665720790625,0.006238904219425923,neutral
O=C(O)Cc1ccccn1,16.0,0.4918190897067743,0.588427318930229,0.4065118631171124,0.5708628296852112,0.4065118631171124,acid
C=CC[C@@H]1/C=C(\C)C[C@H](C)C[C@H](OC)[C@H]2O[C@@](O)(C(=O)C(=O)N3CCCC[C@H]3C(=O)O[C@H](/C(C)=C/[C@@H]3CC[C@@H](O)[C@H](OC)C3)[C@H](C)[C@@H](O)CC1=O)[C@H](C)C[C@@H]2OC,5.0,0.0332578201330153,0.0103086265162282,0.008759884307121811,0.028933067806065083,0.008759884307121811,neutral
Oc1ncnc2[nH]ncc12,200.0,2.064663943599539,3.4673379088997174,0.9644388596434332,0.9528775699436665,1.7153366267589423,base
C=CC(=O)N1CCC([C@@H]2CCNc3c(C(N)=O)c(-c4ccc(Oc5ccccc5)cc4)nn32)CC1,320.0,0.5100470566526191,0.88436984928687,0.8188706349002577,0.7253847271203995,0.8477224430972312,base
Oc1ccc2c3c1O[C@H]1[C@@H](O)CC[C@@]4(O)[C@@H](C2)N(CC2CCC2)CC[C@]314,45.0,0.0128203549092839,0.2326766865401326,0.032701169787750756,0.03041604591999203,0.032701169787750756,acid
CC(C(=O)O)c1cccc(C(=O)c2ccccc2)c1,100.0,10.395672176439575,3.859570015970356,4.102314982360309,8.829870074987411,4.102314982360309,acid
C=CCOc1ccccc1OCC(O)CNC(C)C,80.0,0.454597624278878,0.2422474988527521,0.050718909000351975,0.13332688249647617,0.10250855992322334,base
CC(C)COc1ccc(CNC(=O)N(Cc2ccc(F)cc2)C2CCN(C)CC2)cc1,100.0,0.0540749479888792,0.1941154522169034,0.35400824434166944,0.21887354087084532,0.35400824434166944,neutral
CC(=O)Nc1ccc(O)cc1,1000.0,12.886038956948711,14.244469606393375,6.187661623906716,10.097811929881573,6.187661623906716,acid
CC(C(=O)O)c1ccc2oc(-c3ccc(Cl)cc3)nc2c1,100.0,13.0,2.0689825219114453,7.0941156772895715,8.57660248875618,7.0941156772895715,acid
C=CC(=O)N1CCN(c2nc(=O)n(-c3c(C)ccnc3C(C)C)c3nc(-c4c(O)cccc4F)c(F)cc23)[C@@H](C)C1,960.0,6.30987321584198,0.0793310500004181,1.6980891231086175,4.581187963485718,0.5288420766114572,base
O=C(O)CNC(=O)C1C(=O)N(C2CCCCC2)C(=O)N(C2CCCCC2)C1=O,100.0,2.25984291489475,4.43964150466442,1.4721435257675888,1.490319613367319,1.4721435257675888,acid
O=C(NC1CCN(CCCCC2(C(=O)NCC(F)(F)F)c3ccccc3-c3ccccc32)CC1)c1ccccc1-c1ccc(C(F)(F)F)cc1,60.0,0.0069041654093742,0.0063035187741188,0.08560105550788487,0.016791398520581424,0.08560105550788487,neutral
Oc1ccc2c(c1)CC[C@H](c1ccccc1)[C@@H]2c1ccc(OCCN2CCCC2)cc1,0.25,0.0001933907960581,0.0005249541032731,4.153621205743036e-05,0.00015891200746409595,4.153621205743036e-05,acid
O=C(c1ccc(NS(=O)(=O)c2cccc3cccnc23)cc1)N1CCN(CC2CC2)CC1,120.0,2.372030775517046,0.495329873540816,0.8552431785578134,1.4312057197093964,0.8552431785578134,acid
O=C(O)CCc1nc(-c2ccccc2)c(-c2ccccc2)o1,1200.0,90.77444574328172,17.763604234763704,25.99688634266819,46.7354491353035,25.99688634266819,acid
CC(C)NCC(O)COc1ccc(COCCOC(C)C)cc1,10.0,0.0363141845564512,0.0287560671611866,0.012754236860817213,0.018333035986870527,0.018388158268515094,base
O=C(c1ccc(OCCN2CCCCC2)cc1)c1c(-c2ccc(O)cc2)sc2cc(O)ccc12,60.0,0.0003046309242345,0.0092429200616201,0.03044648587900341,0.0019527911354089156,0.03044648587900341,acid
CC(C)C(=O)Nc1ccc([N+](=O)[O-])c(C(F)(F)F)c1,250.0,0.0283019433961698,5.428474820572482,1.1328206576268443,0.31912807025946677,1.1328206576268443,neutral
Nc1nc(/C(=C/CC(=O)O)C(=O)N[C@@H]2C(=O)N3C(C(=O)O)=CCS[C@H]23)cs1,200.0,10.689246933250253,3.448440004709932,1.3818663770266602,3.7174690514802933,1.3818663770266602,acid
CC(=O)N[C@@H](CS)C(=O)O,600.0,2.801996611346987,27.14688762779161,6.21257319113824,7.340989261865616,6.21257319113824,acid
C=C1C[C@@H]2[C@H](CC[C@]3(C)C(=O)CC[C@@H]23)[C@@]2(C)C=CC(=O)C=C12,25.0,0.0128506731341202,0.0990221877433232,0.04681252682889114,0.02686156949494034,0.04681252682889114,neutral
CC(C)(C(=O)O)c1ccc(C(O)CCCN2CCC(C(O)(c3ccccc3)c3ccccc3)CC2)cc1,60.0,0.2049609718946512,0.0029147889103173,0.11122255337397538,0.07644606521353126,0.11122255337397538,acid
O=C1NCCN1CCN1CCC(c2cn(-c3ccc(F)cc3)c3ccc(Cl)cc23)CC1,4.0,0.0024722459424579,0.0161726175686372,0.005940753482195139,0.005218497011810541,0.005940753482195139,neutral
O=C(O)[C@@H]1C[C@@H](C2CCCCC2)CN1C(=O)CP(=O)(O)CCCCc1ccccc1,10.0,0.15500129031721,0.0519383832135207,0.02056492077999325,0.04577954299747944,0.02056492077999325,acid
CC(C)NCC(O)COc1ccc(CC(N)=O)cc1,50.0,0.3192616481821768,0.2647327847583964,0.17537693056514939,0.21809041500091553,0.21108060645683902,base
CC(C)(C(=O)O)c1ccc(C(=O)CCCN2CCC(OC(c3ccccc3)c3ccccc3)CC2)cc1,20.0,0.1188333749415541,0.001628432090586,0.029556167927204308,0.037108820397406816,0.029556167927204308,acid
OC(CNCC(O)C1CCc2cc(F)ccc2O1)C1CCc2cc(F)ccc2O1,5.0,0.0015194735930578,0.0225635133155902,0.006374888744112021,0.003156958846375346,0.011258822205840152,base
Nc1nc2ccc(OC(F)(F)F)cc2s1,100.0,0.369783720571904,0.6338645372472503,0.25478183480341726,0.28829979710280895,0.38396448703409186,base
Nc1ncnc2c1ncn2CCOCP(=O)(O)O,10.0,0.023883048381645,0.0806545238959602,0.051857555441404,0.019627923611551523,0.06326005301431196,base
CC(=O)O[C@]1(C(C)=O)CC[C@H]2[C@@H]3C=C(C)C4=CC(=O)CC[C@]4(C)[C@H]3CC[C@@]21C,800.0,0.1967935466421599,6.6237724331400285,1.6122442116087206,0.8330104872584343,1.6122442116087206,neutral
O=C(O)CNC(=O)c1ncc(-c2cccc(Cl)c2)cc1O,450.0,49.69708240933264,21.23965380566057,15.40653611960983,18.984023295342922,15.40653611960983,acid
O=C1CN2Cc3c(ccc(Cl)c3Cl)N=C2N1,2.0,0.0113176322612108,0.0285130139578831,0.016754709584906102,0.018778275698423386,0.016754709584906102,neutral
Nc1nnc(-c2cccc(Cl)c2Cl)c(N)n1,200.0,2.675556016980396,1.3559750558281811,0.6131722225344797,0.8781371638178825,0.8763621761130546,base
O=c1nc[nH]c2c1ncn2[C@H]1CC[C@@H](CO)O1,375.0,2.247696153842863,4.607319180705949,4.807229024524915,3.703157650306821,4.807229024524915,neutral
CC1(C)CCC(CN2CCN(c3ccc(C(=O)NS(=O)(=O)c4ccc(NCC5CCOCC5)c([N+](=O)[O-])c4)c(Oc4cnc5[nH]ccc5c4)c3)CC2)=C(c2ccc(Cl)cc2)C1,100.0,0.1726267650163206,0.0890064103282741,0.09746018435313718,0.13373623369261622,0.09746018435313718,acid
C=CCN1CC[C@]23c4c5ccc(O)c4O[C@H]2[C@@H](OCCOCCOCCOCCOCCOCCOCCOC)CC[C@@]3(O)[C@H]1C5,25.0,0.039949217764557,0.0998770282071922,0.012363928886305624,0.03907877835445106,0.012363928886305624,acid
O=C(O)COC(=O)Cc1ccccc1Nc1c(Cl)cccc1Cl,100.0,9.572585857541313,0.2705719024365309,1.4187855032524341,2.6370393112301826,1.4187855032524341,acid
CC1(C)CCC(C)(C)c2cc(Cn3cccn3)c(/C=C/c3ccc(C(=O)O)cc3)cc21,10.0,0.0790771774913597,0.046372390780829,0.08449263370828207,0.08153754286468029,0.08449263370828207,acid
O=C1CN=C(c2ccccc2F)c2cc(Cl)ccc2N1,30.0,0.0282703024391321,0.3690129869374287,0.36306775935485275,0.30009948648512363,0.36306775935485275,neutral
O=C1CN=C(c2ccccc2)c2cc(Cl)ccc2N1,15.0,0.2616772821625905,0.2134915303522911,0.3260963235137299,0.2286436641588807,0.3260963235137299,neutral
O=C(NC(Cc1cc(=O)[nH]c2ccccc12)C(=O)O)c1ccc(Cl)cc1,100.0,0.2183690186358861,3.529964458577592,3.7425464985491685,1.8250340595841408,3.7425464985491685,acid
CC(C)C[C@H]1C(=O)N2CCC[C@H]2[C@]2(O)O[C@](NC(=O)[C@@H]3C[C@@H]4c5cccc6[nH]cc(c56)C[C@H]4N(C)C3)(C(C)C)C(=O)N12,20.0,0.0002698147512646,0.0456470744416903,0.007920250839020385,0.0003970270336139947,0.007920250839020385,neutral
C=CC(=O)Nc1cc(Nc2ncc(C(=O)OC(C)C)c(-c3cn(C)c4ccccc34)n2)c(OC)cc1N(C)CCN(C)C,160.0,0.0544034925349466,0.0764888196815946,0.27534055344027775,0.11685987003147602,0.15472043623307527,base
CC1(C)S[C@@H]2[C@H](NC(=O)[C@H](N)c3ccc(O)cc3)C(=O)N2[C@H]1C(=O)O,3000.0,27.733733971465146,41.89486140313191,34.19123793511603,29.584466479718685,34.19123793511603,acid
CC(C)NC(=O)COc1cccc(-c2nc(Nc3ccc4[nH]ncc4c3)c3ccccc3n2)c1,200.0,1.829562789302406,0.060890904727417,0.8852674342033606,1.1619139462709427,0.29299768131284565,base
CC(C)NC(=N)NC(=N)Nc1ccc(Cl)cc1,200.0,0.1881781071219498,0.9843944186415112,0.875925257183753,0.36553924437612295,0.9231727813298748,base
CC(C(=O)O)c1ccc(-c2ccccc2)c(F)c1,100.0,13.37609808576477,2.905508213774926,8.215443422004181,8.517834544181824,8.215443422004181,acid
C=CC(=O)Nc1cc(Nc2nccc(-n3cc(CN(C)C)c(-c4ccccc4)n3)n2)c(OC)cc1N1CCOCC1,240.0,0.3860854265573877,0.4431130451905065,0.4304362860053548,0.38258152082562447,0.43609531656854933,base
Nc1nc2c(ncn2COC(CO)CO)c(=O)[nH]1,900.0,6.3990624313253885,3.64579521786217,2.3148061677907483,2.30339749250561,2.839811861884488,base
O=C1CCc2cc(OCCCCc3nnnn3C3CCCCC3)ccc2N1,100.0,0.6446898479113813,0.6561796072550552,0.30045430753007035,0.4463498014956713,0.30045430753007035,neutral
CC(=O)c1c(C)c2cnc(Nc3ccc(N4CCNCC4)cn3)nc2n(C2CCCC2)c1=O,125.0,0.0513560123062529,1.1711612170948669,0.3670429012852526,0.12372413766570389,0.6186881004052361,base
O=c1[nH]c2ccccc2n1CCN1CCN(c2cccc(C(F)(F)F)c2)CC1,100.0,0.4386397154841316,0.7843018684425764,0.28501899230103933,0.34489287063479424,0.44946724970558566,base
O=C1CCc2ccc(OCCCCN3CCN(c4cccc(Cl)c4Cl)CC3)cc2N1,5.0,0.0196484096048509,0.0194379880640018,0.004179028343562033,0.007448160322383046,0.004179028343562033,neutral
CC1(C)S[C@@H]2[C@H](NC(=O)C3(N)CCCCC3)C(=O)N2[C@H]1C(=O)O,250.0,5.405034689990435,3.235818539132379,3.618416023825365,3.1235557980835438,3.618416023825365,acid
OC(c1cc(C(F)(F)F)nc2c(C(F)(F)F)cccc12)C1CCCCN1,750.0,1.1207122735118056,0.0290270669420465,0.39200857219891405,0.7726712501607835,0.13141361866297643,base
O=C(C1CCCCC1)N1CC(=O)N2CCc3ccccc3C2C1,1800.0,0.4508972445025584,7.462098916567983,4.543200071177376,2.8625691309571266,4.543200071177376,neutral
CC(C)N(CCCCOCC(=O)NS(C)(=O)=O)c1cnc(-c2ccccc2)c(-c2ccccc2)n1,0.4,0.0058893123537472,0.0015265054095959,0.0010419673857226862,0.002882092259824276,0.0010419673857226862,acid
O=c1[nH]c2ccccc2n1C1CCN(CCCC(c2ccc(F)cc2)c2ccc(F)cc2)CC1,6.0,0.0050079936102195,0.0076472258185504,0.013354591061941649,0.004747242433950305,0.010391388650827272,base
CC(C)(NC(=O)C1=C(O)[C@@H]2Oc3c(O)ccc4c3[C@@]23CCN(CC2CC2)[C@H](C4)[C@]3(O)C1)c1nc(-c2ccccc2)no1,0.2,0.0030309899372977,0.0006489591283067,0.00024125279403984916,0.0006007130257785321,0.00024125279403984916,acid
C#C[C@]1(O)CC[C@H]2[C@@H]3[C@H](C)CC4=C(CC[C@@H](O)C4)[C@H]3CC[C@@]21C,2.5,0.0137608865993438,0.0061418551000805,0.001863821971558482,0.005733689176850021,0.001863821971558482,neutral
O=C(O)CCCN1CCC(OC(c2ccc(Cl)cc2)c2ccccn2)CC1,10.0,0.0886123016290627,0.118257657565916,0.025177973105411918,0.0464434502646327,0.025177973105411918,acid
C#C[C@]1(O)CC[C@H]2[C@@H]3[C@H](C)CC4=C(CCC(=O)C4)[C@H]3CC[C@@]21C,2.5,0.0014696938456699,0.0087700797142461,0.010271395008834984,0.007048832485452294,0.010271395008834984,neutral
O=C(Nc1c(Cl)cncc1Cl)c1ccc(OC(F)F)c(OCC2CC2)c1,0.5,0.010240849574132,0.0020972132898863,0.004782796924281444,0.005229705013334751,0.0033003822156490743,base
O=C1Nc2ccc(Cl)cc2C(c2ccccc2)=NC1O,15.0,0.3241978408317982,0.187048473968503,0.2912814693675365,0.24683243595063686,0.2912814693675365,neutral
O=C(O)c1cc(/N=N/c2ccc(S(=O)(=O)Nc3ccccn3)cc2)ccc1O,500.0,4.949060921023301,6.772035694330903,10.010601928027969,8.087118156254292,10.010601928027969,acid
C#C[C@]1(O)CC[C@H]2[C@@H]3CCC4=CC(=O)CC[C@@H]4[C@H]3CC[C@@]21CC,0.75,0.0110620251310508,0.0032791966208949,0.0014426289506874266,0.005233453586697578,0.0014426289506874266,neutral
O=C(Nc1c(Cl)c[n+]([O-])cc1Cl)c1ccc(OC(F)F)c(OCC2CC2)c1,0.5,0.0135011110653901,0.0035593094626086,0.002928673212557217,0.006119215860962868,0.003197301491987853,base
CC(C)(O)CNc1nc(Nc2ccnc(C(F)(F)F)c2)nc(-c2cccc(C(F)(F)F)n2)n1,50.0,0.4651859843116514,0.0938991411361136,0.12797122657981908,0.18905529286712408,0.11132930859202687,base
CC#C[C@]1(O)CC[C@H]2[C@@H]3CCC4=CC(=O)CCC4=C3[C@@H](c3ccc(N(C)C)cc3)C[C@@]21C,75.0,1.4391837964624254,1.122221346207381,0.22187831736324815,0.37762701977044344,0.22187831736324815,neutral
Nc1ccn([C@H]2CC[C@@H](CO)O2)c(=O)n1,1.5,0.0225619148123558,0.014114758153747,0.016237632821994603,0.014019048772752285,0.015245460345281155,base
CC(C)(C)NCC(O)COc1cccc2c1C[C@H](O)[C@H](O)C2,80.0,0.141830462172271,0.3967515777829451,0.2144742258525426,0.18710756674408913,0.28287183518266396,base
CC(C)(O)C(=O)Nc1ccc([N+](=O)[O-])c(C(F)(F)F)c1,250.0,1.183934119788766,3.587252321947496,1.8219452762872208,1.1567154433578253,1.8219452762872208,neutral
CC(C)OC(=O)[C@H](C)N[P@](=O)(CO[C@H](C)Cn1cnc2c(N)ncnc21)Oc1ccccc1,25.0,0.2769173125682105,0.0537182370798929,0.05118464243463306,0.075562484562397,0.052309625256562554,base
O=C1[C@@H]2[C@H]3CC[C@H](C3)[C@@H]2C(=O)N1C[C@@H]1CCCC[C@H]1CN1CCN(c2nsc3ccccc23)CC1,40.0,0.0523299149626674,0.2219163931822616,0.04297058158855992,0.031240261159837246,0.04297058158855992,neutral
CC(C)(C)c1nc(-c2cccc(NS(=O)(=O)c3c(F)cccc3F)c2F)c(-c2ccnc(N)n2)s1,150.0,2.468625771557933,0.1809781719761351,2.612814639107448,2.7747790329158306,2.612814639107448,acid
CC(=O)C[C@@H](c1ccccc1)c1c(O)c2ccccc2oc1=O,25.0,1.550677271388215,1.691120598027115,0.390917374152332,1.0824891738593578,0.390917374152332,acid
CC(C)Oc1ccc(-c2nc(-c3cccc4c3CC[C@@H]4NCCO)no2)cc1C#N,1.0,0.0001643167672515,0.0030384717964566,0.0016248357622592414,0.0007603021222166717,0.002153476081036397,base
CCC(=O)C(CC(C)N(C)C)(c1ccccc1)c1ccccc1,10.0,0.0359165699921359,0.0396078229630417,0.0262244949104947,0.02786578144878149,0.0262244949104947,neutral
CC(C)(C)c1ccc(C(O)CCCN2CCC(C(O)(c3ccccc3)c3ccccc3)CC2)cc1,60.0,0.0017549928774784,0.0747019059332777,0.08666743343807412,0.009373465727549046,0.08666743343807412,neutral
CC(C)NC[C@@H](O)c1ccc(NS(C)(=O)=O)cc1,100.0,0.8533350455711989,0.4600136226799063,0.5360550886966972,0.5319436080753803,0.5360550886966972,acid
CC1Cc2ccccc2N1NC(=O)c1ccc(Cl)c(S(N)(=O)=O)c1,5.0,0.2464812366083877,0.0643147513372574,0.05920366155507348,0.07644382771104574,0.05920366155507348,acid
CC(C)Nc1nc2cc(Cl)c(Cl)cc2n1[C@H]1O[C@@H](CO)[C@H](O)[C@@H]1O,100.0,3.616738862566663,0.5304474925496521,0.32272081010716075,0.6688104942440987,0.4035932688595192,base
C/C(O)=C(\C#N)C(=O)Nc1ccc(C(F)(F)F)cc1,20.0,1.939071942966532,0.2416896100628771,0.2270531731074384,0.5348314717411995,0.2270531731074384,neutral
CC(=O)C[C@H](c1ccccc1)c1c(O)c2ccccc2oc1=O,25.0,1.573353107220372,1.691120598027115,0.390917374152332,1.0824891738593578,0.390917374152332,acid
OCCOc1ccc(/C(=C(/CCCl)c2ccccc2)c2ccccc2)cc1,60.0,0.6468437214660123,0.1127285723379058,0.15997107294289467,0.3250794857740402,0.15997107294289467,neutral
C#C[C@]1(O)CC[C@H]2[C@@H]3[C@H](C)CC4=C(CC[C@H](O)C4)[C@H]3CC[C@@]21C,2.5,0.0037849702772941,0.0061418551000805,0.001863821971558482,0.005733689176850021,0.001863821971558482,neutral
CC(C)(C)NC(=O)[C@@H]1C[C@@H]2CCCC[C@@H]2CN1C[C@@H](O)[C@H](Cc1ccccc1)NC(=O)[C@H](CC(N)=O)NC(=O)c1ccc2ccccc2n1,600.0,0.0090884542140014,0.9377596545981703,0.7359474019860879,0.0685640552546829,0.8207424983089414,base
C1N2CN3CN1CN(C2)C3,1000.0,30.246652707365826,7.838250255599271,2.3448910613782474,9.334511123597622,2.3448910613782474,neutral
O=C(O[C@H]1CN2CCC1CC2)N1CCc2ccccc2[C@@H]1c1ccccc1,10.0,0.0133925352342265,0.0299544406218955,0.01836046139313379,0.013704681769013405,0.01836046139313379,neutral
O=C(O)[C@H](CCc1ccccc1)N[C@H]1CCCN2CCC[C@@H](C(=O)O)N2C1=O,5.0,0.1014695028074938,0.0419670272747597,0.047168736470922776,0.050119487568736076,0.047168736470922776,acid
O=C(O)c1cc(-c2ccc(F)cc2F)ccc1O,250.0,36.31859028101174,20.40636558166772,3.201694458143079,7.666603196412325,3.201694458143079,acid
C1COC(NC(C2CC2)C2CC2)=N1,1.0,0.0033678628238097,0.0059539771433423,0.004200887812078534,0.0040069944225251675,0.004914743074106233,base
c1cnc2cc3c(cc2n1)C1CNCC3C1,1.0,0.0055342569510278,0.0051934120289629,0.001933809411733818,0.003410165198147297,0.0030163467765495174,base
O=C1Nc2ccc(Cl)cc2C(c2ccccc2Cl)=NC1O,2.0,0.0221269066975029,0.0194536288622763,0.02251417558195237,0.024142470210790634,0.02251417558195237,neutral
CC#CC(=O)N1CCC[C@H]1c1nc(-c2ccc(C(=O)Nc3ccccn3)cc2)c2c(N)nccn12,100.0,0.538641921873892,0.5312289487506339,0.3196164585904417,0.5079548340290785,0.40171939906775816,base
CC(C)n1c(/C=C/C(O)CC(O)CC(=O)O)c(-c2ccc(F)cc2)c2ccccc21,40.0,0.3134677016855166,0.3766440765628229,0.17027897580154008,0.5218744650483131,0.17027897580154008,acid
O=C(NCCO[N+](=O)[O-])c1cccnc1,5.0,0.0609261848469112,0.0898854163584397,0.012806905686102234,0.04571449011564255,0.030778997595086274,base
CC#CCn1c(N2CCC[C@@H](N)C2)nc2c1c(=O)n(Cc1nc(C)c3ccccc3n1)c(=O)n2C,10.0,0.0104079969254415,0.062593611403993,0.0589201590201635,0.019312971271574497,0.06054574882305298,base
O=P(O)(O)C(O)(Cc1cccnc1)P(=O)(O)O,30.0,0.0049477267507411,0.3731350951373147,0.10989914338818244,0.025386601919308305,0.1904963300484411,base
O=C1Cc2cc(CCN3CCN(c4nsc5ccccc45)CC3)c(Cl)cc2N1,80.0,0.084,0.5125264547224894,0.11296382824536796,0.07836990058422089,0.11296382824536796,neutral
Cc1c(O)c(=O)ccn1C,3500.0,54.38999999999998,49.19539971753241,58.7222689137968,49.907257314771414,54.22600094009485,base
Cc1c(Cl)c(C)[n+]([O-])c(Cl)c1-c1noc(-c2cc(O)c(O)c([N+](=O)[O-])c2)n1,10.0,0.131,0.133262570224724,0.23525074621021896,0.19921252503991127,0.18216323854214866,base
Cc1c(NC=O)c(=O)n(-c2ccccc2)n1C,750.0,1.61,8.968443670296917,4.136210655067931,3.0035865493118763,4.136210655067931,neutral
Cc1c(C(=O)NN2CCCCC2)nn(-c2ccc(Cl)cc2Cl)c1-c1ccc(Cl)cc1,20.0,0.21223,0.0394953589818652,0.049712195602276625,0.1259399577975273,0.049712195602276625,neutral
Cc1c(N)c(=O)n(-c2ccccc2)n1C,1500.0,2.32,14.140675273994551,15.487171511544046,12.02385127544403,14.86607181750504,base
Cc1c(Cl)cccc1Nc1ccccc1C(=O)O,100.0,1.98,0.1397597235692935,2.072743139914784,2.960778959095478,2.072743139914784,acid
Cc1cc(OCCN(C)C)c(C(C)C)cc1O,120.0,3.026,0.4089473543995788,0.3225563023855885,0.800693929195404,0.3225563023855885,acid
O=C1NC2=Nc3ccc(Cl)c(Cl)c3CN2C1O,2.0,0.00503,0.0222657966991496,0.012484201177781755,0.012670048512518406,0.012484201177781755,neutral
Cc1cc(OCC(O)CNC(C)C)c(C)c(C)c1O,40.0,0.022,0.1229430167034967,0.08386984311513661,0.08512263186275959,0.08386984311513661,acid
Cc1cc(C)nc(NS(=O)(=O)c2ccc(N)cc2)n1,850.0,40.11999999999998,14.865686215507974,24.05501117643786,38.07849455624819,24.05501117643786,acid
Cc1cc(NS(=O)(=O)c2ccc(N)cc2)no1,1200.0,94.42,19.464196439728063,49.402264542277685,56.774671375751495,49.402264542277685,acid
Cc1cc(NC(=O)C2=C(O)c3ccccc3S(=O)(=O)N2C)no1,200.0,12.2,1.768727986857474,8.231274764788814,10.569126904010773,8.231274764788814,neutral
Cc1cc2nc3c(=O)[nH]c(=O)nc-3n(C[C@H](O)[C@H](O)[C@H](O)CO)c2cc1C,60.0,0.116,0.571559182449338,0.08298227622744099,0.13010937720537186,0.19775136127810958,base
Cc1cc(/C=C/C#N)cc(C)c1Nc1ccnc(Nc2ccc(C#N)cc2)n1,75.0,0.17,0.0206828187685883,0.268924437783968,0.24151207180693746,0.09076190779272891,base
Cc1cc(C#N)cc(C)c1Oc1nc(Nc2ccc(C#N)cc2)nc(N)c1Br,100.0,0.089,0.0355781438852517,0.4419024159869275,0.22312435321509838,0.15038375106238272,base
O=C(O[C@@H]1C[C@@H]2C[C@H]3C[C@H](C1)N2CC3=O)c1c[nH]c2ccccc12,200.0,0.5781000000000001,2.3828088054052445,0.23610704124651474,0.29811293352395296,0.23610704124651474,neutral
Cc1ccn(-c2cc(Cl)ccc2[C@@H](Oc2cc(-c3ccc(C[C@H](N)C(=O)O)cc3)nc(N)n2)C(F)(F)F)n1,500.0,0.61,0.1268251753952737,2.045931440509339,0.27594834682531655,2.045931440509339,acid
Cc1ccccc1C(OCCN(C)C)c1ccccc1,100.0,0.14688,0.1787226210791601,0.15796268816819434,0.13016610173508525,0.15796268816819434,neutral
Cc1cccc(CN2CCN(C(c3ccccc3)c3ccc(Cl)cc3)CC2)c1,25.0,0.0800699999999999,0.0663988782205644,0.015139831205379149,0.050768337678164244,0.015139831205379149,neutral
O=C(O[C@H]1C[C@H]2CC[C@@H](C1)[N+]21CCCC1)C(O)(c1ccccc1)c1ccccc1,60.0,0.014,0.2917604710078272,0.09147280673095592,0.033504272578284144,0.09147280673095592,neutral
O=C(Oc1ccccc1C(=O)O)c1ccccc1O,1500.0,30.799999999999997,43.30284732407349,21.474925008928327,32.874271273612976,21.474925008928327,acid
O=C(O)c1ccccc1O,1500.0,85.99999999999997,52.85903505520597,40.72310975588292,39.11415673792362,40.72310975588292,acid
Cc1cn2nc(-c3cc(=O)n4cc(N5CCNC6(CC6)C5)ccc4n3)cc(C)c2n1,0.6,0.00288,0.0060103795212184,0.0030985972976853263,0.003548893053084612,0.004174905783151839,base
Cc1cn[nH]c1,490.0,12.315899999999996,5.575733677354004,2.9302371869788333,4.495516698807478,2.9302371869788333,neutral
Cc1ccsc1C(=CCCN1CCC[C@@H](C(=O)O)C1)c1sccc1C,2.0,0.0434,0.0061662861104364,0.005339821502224894,0.013241766951978207,0.005339821502224894,acid
Cc1cn([C@@H]2C[C@@H](O)[C@H](CO)O2)c(=O)[nH]c1=O,200.0,1.8,1.0823873195756777,1.1699833530164567,1.574244163930416,1.1699833530164567,neutral
O=C(O)c1cnccn1,1890.0,4.5,74.97096298614588,65.42380239149456,31.05807887390256,65.42380239149456,acid
Cc1ccc(C(=O)c2ccc(CC(=O)O)n2C)cc1,81.5,13.0,5.132897633824071,1.4594239586609348,2.3346966449171305,1.4594239586609348,acid
O=C1CC[C@@]2(O)[C@H]3Cc4ccc(O)c5c4[C@@]2(CCN3CC2CC2)[C@H]1O5,100.0,0.01827,0.6325868848568564,0.13641104889972233,0.061627477407455444,0.13641104889972233,acid
Cc1ccc(Cl)c(Nc2ccccc2C(=O)O)c1Cl,300.0,15.099999999999996,0.0310761820205497,7.691765681186855,9.393167495727539,7.691765681186855,acid
O=C1CN=C(c2ccccc2)c2cc(Cl)ccc2N1CC(F)(F)F,20.0,0.03034,0.1539111194179284,0.21024635272053016,0.10151977650821209,0.21024635272053016,neutral
Cc1ccc(/C(=C\CN2CCCC2)c2cccc(/C=C/C(=O)O)n2)cc1,4.0,0.073,0.0200598184062549,0.015641619905453756,0.04260818660259247,0.015641619905453756,acid
O=C1CN(/N=C/c2ccc([N+](=O)[O-])o2)C(=O)N1,100.0,0.875,2.283298320874848,0.8824709281420772,1.23820248991251,0.8824709281420772,neutral
O=C1CN(/N=C/c2ccc(-c3ccc([N+](=O)[O-])cc3)o2)C(=O)N1,100.0,2.72,1.2969922004520449,1.0699177682809418,1.1610529385507107,1.0699177682809418,neutral
O=C1C(CC[S+]([O-])c2ccccc2)C(=O)N(c2ccccc2)N1c1ccccc1,400.0,29.89999999999999,1.0628046464120149,7.161686546218993,13.20302039384842,7.161686546218993,neutral
Cc1ccc(N(CC2=NCCN2)c2cccc(O)c2)cc1,60.0,0.06705,0.330440686585162,0.20550146752343817,0.11358673917129636,0.20550146752343817,acid
Cc1cccc(C)c1NC(=O)C(C)N,600.0,3.2,4.136848800620282,2.1597061750846023,3.1440862454473972,2.893466177250591,base
Cc1ccc(NC(=O)[C@H]2CCCN(C(=O)c3c(C)cccc3F)[C@H]2c2ccc(NC3CCCC3)cc2)cc1C(F)(F)F,1.0,0.002,0.0020654793908352,0.0031966717134654294,0.0021143259946256876,0.002626293813485846,base
O=C1CCCC(=O)C1C(=O)c1ccc(C(F)(F)F)cc1[N+](=O)[O-],70.0,7.810000000000002,0.8657704860126323,0.19697060942290262,0.5687154270708561,0.19697060942290262,neutral
O=C1CC(=O)N(c2ccccc2)c2cc(Cl)ccc2N1,20.0,0.082,0.275128656433998,0.3480487820503448,0.2714458666741848,0.3480487820503448,neutral
Cc1ccc(Nc2c(F)cccc2Cl)c(CC(=O)O)c1,200.0,3.998,0.1425582505400678,9.209624799524734,7.189768552780151,9.209624799524734,acid
Cc1ccc(Nc2nccc(N(C)c3ccc4c(C)n(C)nc4c3)n2)cc1S(N)(=O)=O,200.0,15.400000000000004,8.363520915231886,1.245320677354255,4.479331895709038,1.245320677354255,acid
Cc1ccc(S(=O)(=O)NC(=O)NN2CCCCCC2)cc1,250.0,25.399999999999995,4.627093119430128,10.029985472084206,10.854246094822884,10.029985472084206,acid
C[C@H](CCC(=O)O)[C@H]1CC[C@H]2[C@@H]3[C@@H](O)C[C@@H]4C[C@H](O)CC[C@]4(C)[C@H]3CC[C@]12C,150.0,1.33477,0.996923499542631,0.7751534288949646,1.4378251042217016,0.7751534288949646,acid
[2H]C([2H])([2H])NC(=O)c1nnc(NC(=O)C2CC2)cc1Nc1cccc(-c2ncn(C)n2)c1OC,40.0,0.4100000000000001,0.2116535481364633,0.22807136516671428,0.29329385608434677,0.22053139170233044,base
C[C@H](COc1ccccc1)N[C@H](C)[C@@H](O)c1ccc(O)cc1,30.0,0.04582,0.0763260700337988,0.029658327126413152,0.0461514329072088,0.029658327126413152,acid
C[C@H](CS)C(=O)N1C[C@@H](Sc2ccccc2)C[C@H]1C(=O)O,10.0,0.097,0.409506256823538,0.07921406135732527,0.09175591170787811,0.07921406135732527,acid
C[C@H](CSC(=O)c1ccccc1)C(=O)N1C[C@@H](Sc2ccccc2)C[C@H]1C(=O)O,60.0,0.09116,0.3148368722236819,0.23500393265897263,0.27803647331893444,0.23500393265897263,acid
C[C@H](Cc1cc2c(c(C(N)=O)c1)N(CCCO)CC2)NCCOc1ccccc1OCC(F)(F)F,4.0,0.0267,0.0269210745497788,0.012275764147213666,0.014482244849205017,0.01747906794199896,base
C[C@H](C(=O)O)c1cccc(Oc2ccccc2)c1,600.0,35.2,10.889643667223485,38.92439387503365,34.69097837805748,38.92439387503365,acid
c1ccc([C@H]2CN3CCSC3=N2)cc1,350.0,1.53,1.5818712085486255,0.627347520762543,0.5645432975143194,0.627347520762543,neutral
[2H]C([2H])([2H])Oc1cc2c(cc1OC([2H])([2H])[2H])[C@@H]1CC(=O)[C@@H](CC(C)C)CN1CC2,25.0,0.0002699999999999,0.1313024816681475,0.04667757018550689,0.0017434964320273139,0.04667757018550689,neutral
C[C@@]1(O)CC[C@H]2[C@H](CC[C@@H]3[C@@H]2CC[C@]2(C)[C@@H](C(=O)Cn4cc(C#N)cn4)CC[C@@H]32)C1,30.0,0.0183,0.1720771287287795,0.15612459806079512,0.09774569654837251,0.15612459806079512,neutral
C[C@H](NCc1ccc(OCc2cccc(F)c2)cc1)C(N)=O,63.0,0.4093,0.3284699074866573,0.2809874357863318,0.2987600681371987,0.3014399508277027,base
Oc1ccc2c(c1)N=C(N1CCNCC1)c1cc(Cl)ccc1O2,50.0,0.0580399999999999,0.2950212679443866,0.051156812449080144,0.03627151600085199,0.051156812449080144,acid
Oc1ccc(C2CNCCc3c2cc(O)c(O)c3Cl)cc1,100.0,0.0633,0.7470379627679535,0.18956696257055153,0.11021146783605218,0.18956696257055153,acid
C[C@H](N[C@@H](CCc1ccccc1)C(=O)O)C(=O)N1CC2(C[C@H]1C(=O)O)SCCS2,3.0,0.025,0.0236331514479493,0.014590895662642284,0.02261150535196066,0.014590895662642284,acid
Oc1cc(Cl)ccc1Oc1ccc(Cl)cc1Cl,4.0,0.2101,0.0163361099977095,0.0043552487395895345,0.01615825481712818,0.0043552487395895345,acid
OCc1cc([C@@H](O)CNCCCCCCOCCOCc2c(Cl)cccc2Cl)ccc1O,0.5,4.400000000000004e-05,0.000581903382335,0.0004567337716987237,0.00012324294948484749,0.0004567337716987237,acid
OCC(Cl)(Cl)Cl,1500.0,15.83682,9.290954184788376,7.534083644977462,16.805355437099934,7.534083644977462,neutral
C[C@H](Cc1ccccc1)NCCC(c1ccccc1)c1ccccc1,200.0,0.0507,0.3515565708578183,0.17332478982139318,0.06390167982317507,0.2382710200533467,base
C[C@H](N)Cc1ccccc1,30.0,0.0322,0.1428994344880504,0.11421676650549889,0.063368312548846,0.12633251821934482,base
Oc1ccc2c(c1)Oc1ccc(Cl)cc1C(N1CCNCC1)=N2,50.0,0.01947,0.2976819793279183,0.051156812449080144,0.03627151600085199,0.051156812449080144,acid
C(=C/c1ccccc1)\CN1CCN(C(c2ccccc2)c2ccccc2)CC1,25.0,0.03539,0.0601375486938692,0.012380338458313031,0.03727138100657612,0.012380338458313031,neutral
C[C@@H]1CCO[C@H]2Cn3cc(C(=O)NCc4ccc(F)cc4F)c(=O)c(O)c3C(=O)N12,2.0,0.231,0.0194551498966553,0.030087426801359576,0.05661635845899582,0.024727336404439502,base
C[C@@H](NCCc1ccc(O)cc1)[C@@H](O)c1ccc(O)cc1,10.0,0.0041,0.0343241163566596,0.015103069729875322,0.009901262819766998,0.015103069729875322,acid
C/C=C1\[C@H]2C=C(C)C[C@]1(N)c1ccc(=O)[nH]c1C2,0.99,0.0084,0.0070852296671452,0.006923896246610911,0.005435275537893176,0.006996036600629688,base
C/C=C/C[C@@H](C)[C@@H](O)[C@H]1C(=O)N[C@@H](CC)C(=O)N(C)CC(=O)N(C)[C@@H](CC(C)C)C(=O)N[C@@H](C(C)C)C(=O)N(C)[C@@H](CC(C)C)C(=O)N[C@@H](C)C(=O)N[C@H](C)C(=O)N(C)[C@@H](CC(C)C)C(=O)N(C)[C@@H](CC(C)C)C(=O)N(C)[C@@H](C(C)C)C(=O)N1C,372.5,1.22,1.0577064746092153,0.09236132556070843,0.5905604461440817,0.09236132556070843,neutral
C[C@@H]1C[C@H]2[C@@H]3CCC4=CC(=O)C=C[C@]4(C)[C@@]3(F)[C@@H](O)C[C@]2(C)[C@@]1(O)C(=O)CO,0.75,0.009,0.0092852331185738,0.001803714840089035,0.004052045987918973,0.001803714840089035,neutral
C#C[C@]1(O)CC[C@H]2[C@@H]3CCC4=CC(=O)CC[C@@H]4[C@H]3C(=C)C[C@@]21CC,0.15,0.00129,0.0005512209252319,0.0002883786790532265,0.0007178817875683307,0.0002883786790532265,neutral
C[C@@H]1CN(C(=O)c2ccc(NC(=O)c3cc(O[C@H](C)c4c(Cl)ccc(F)c4Cl)c(N)nn3)cc2)C[C@H](C)N1,225.0,0.264,0.3243319051334875,0.21986256728179077,0.2820191642967984,0.2618958188861894,base
C[C@@H]1CN([C@H]2CC[C@](C#N)(c3ccc(F)cc3)CC2)CC[C@]1(C(=O)O)c1ccccc1,0.5,0.0074,0.0018686309295482,0.002966752936530778,0.005388809368014336,0.002966752936530778,acid
C#C[C@]1(O)CC[C@H]2[C@@H]3CCC4=Cc5oncc5C[C@]4(C)[C@H]3CC[C@@]21C,400.0,0.0696,1.1018674061161264,0.6501694788574087,0.37744934670627117,0.6501694788574087,neutral
C[C@@H]1C[C@H]2[C@@H]3CCC4=CC(=O)C=C[C@]4(C)C3=CC[C@]2(C)[C@@]1(O)C(=O)CO,7.0,0.0131,0.0779345692244579,0.044875028783420916,0.031844424083828926,0.044875028783420916,neutral
C[C@]12CCC(=O)C=C1CC[C@H]1[C@@H]3CC[C@](O)(C(=O)CO)[C@@]3(C)C[C@H](O)[C@@]12F,0.1,0.00124,0.0013775739468914,0.0009797678838458143,0.00133048202842474,0.0009797678838458143,neutral
O=[N+]([O-])O[C@H]1CO[C@H]2[C@@H]1OC[C@H]2O[N+](=O)[O-],120.0,0.0237,0.7094075553862416,0.27040918001527653,0.11494477512314916,0.27040918001527653,neutral
C[C@]12CC[C@@H]3c4ccc(O)cc4CC[C@H]3[C@@H]1[C@@H](O)[C@@H](O)[C@@H]2O,1.0,0.00055,0.0053465954666113,0.002139165091090715,0.0012424762826412916,0.002139165091090715,acid
O=[N+]([O-])OCC(CO[N+](=O)[O-])O[N+](=O)[O-],13.0,0.00042,0.0707101188364109,0.03391608958473209,0.005841114354552701,0.03391608958473209,neutral
C[C@]12C=CC(=O)C=C1CC[C@H]1[C@@H]3C[C@@H](O)[C@](O)(C(=O)CO)[C@@]3(C)C[C@H](O)[C@@]12F,5.0,0.0105,0.0676600288850522,0.0159216002097851,0.018974486738443375,0.0159216002097851,neutral
O=c1[nH]c(=O)n([C@H]2C[C@H](O)[C@@H](CO)O2)cc1/C=C/Br,125.0,1.82,2.0038237472846587,0.8136602142575396,1.007178914733231,0.8136602142575396,neutral
C[C@]12CCC(=O)C=C1C=C[C@@H]1[C@@H]2CC[C@@]2(C)[C@H]1CC[C@@]2(O)CCC(=O)O,100.0,4.126,1.502865322138867,0.9708787021438913,1.1771670542657375,0.9708787021438913,acid
O=c1[nH]c(=O)c2cn[nH]c2[nH]1,200.0,4.10705,8.249851608416801,1.2093341284697618,2.2952865809202194,1.2093341284697618,neutral
C[C@]12CCC(=O)C=C1CC[C@@H]1[C@@H]2C(=O)C[C@@]2(C)[C@H]1CC[C@]2(O)C(=O)CO,5.0,0.0157399999999999,0.0761043657825664,0.03498772251501153,0.032932814210653305,0.03498772251501153,neutral
C[C@]12CCC(=O)C=C1CC[C@@H]1[C@@H]2CC[C@@]2(C)[C@H]1CC[C@]2(C)O,10.0,0.02057,0.0373358642214911,0.01832629345122075,0.030117828864604235,0.01832629345122075,neutral
Cc1[nH]c(=O)c(C#N)cc1-c1ccncc1,2.13,0.0406,0.0363245843758859,0.01494242361448464,0.023897310057654976,0.022285473636275723,base
O=C1c2cccc3c2[C@H](CCC3)CN1[C@@H]1CN2CCC1CC2,0.25,0.00067,0.0011048573201579,0.00021175080216112347,0.0002722115605138242,0.00021175080216112347,neutral
O=P1(NCCCl)OCCCN1CCCl,2595.0,52.2178,28.38187749121488,23.8591140293572,26.139446133747697,25.79754487209511,base
O=P(O)(O)C(Sc1ccc(Cl)cc1)P(=O)(O)O,400.0,3.0,7.0612591526558495,5.476479426838536,3.70362289249897,5.476479426838536,neutral
C[C@]12COC(=O)C[C@@H]1CC[C@@H]1[C@@H]2CC[C@@]2(C)[C@H]1CC[C@]2(C)O,10.0,0.4066,0.0602951968973628,0.04708523070446821,0.09452721104025841,0.04708523070446821,neutral
C[N+](C)(C)CC(=O)[O-],3500.0,110.00197,20.985700081101243,36.792021015261604,46.477853786200285,36.792021015261604,neutral
C[N+](C)([O-])CCC=C1c2ccccc2CCc2ccccc21,50.0,0.4838,0.1086370410891778,0.04115406218652174,0.13107577105984092,0.04115406218652174,neutral
C[N+]1(C)CCC(=C(c2ccccc2)c2ccccc2)CC1,250.0,0.04085,0.6501566490538374,0.2071341013973449,0.11574816016945988,0.2071341013973449,neutral
C[S+](CC[C@H](N)C(=O)[O-])C[C@H]1O[C@@H](n2cnc3c(N)ncnc32)[C@H](O)[C@@H]1O,500.0,0.93737,2.748938987061032,1.4769881585564995,1.3181325048208237,1.9533571328785424,base
OC(CCN1CCCCC1)(c1ccccc1)C1CCCCC1,4.0,0.00668,0.0099089698350809,0.006786466842745189,0.006714617367833853,0.006786466842745189,neutral
C[C@H]1C[C@H]2[C@@H]3CCC4=CC(=O)C=C[C@]4(C)[C@@]3(F)[C@@H](O)C[C@]2(C)[C@@]1(O)C(=O)CO,2.0,0.0247,0.0247606216495303,0.004809906240237426,0.010805455967783928,0.004809906240237426,neutral
C[C@H]1O[C@@H](O[C@H]2[C@@H](O)C[C@H](O[C@H]3[C@@H](O)C[C@H](O[C@H]4CC[C@@]5(C)[C@H](CC[C@@H]6[C@@H]5CC[C@]5(C)[C@@H](C7=CC(=O)OC7)CC[C@]65O)C4)O[C@@H]3C)O[C@@H]2C)C[C@H](O)[C@@H]1O,0.56,0.0301,0.0013765734947146,0.0011977812033968592,0.006371696963906289,0.0011977812033968592,neutral
OC(CCN1CCCCC1)(c1ccccc1)C1CC2C=CC1C2,4.0,0.00393,0.0117600459055366,0.002680733011413753,0.004652811214327812,0.002680733011413753,neutral
OC1(c2ccc(Cl)cc2)c2ccccc2C2=NCCN21,2.0,0.00507,0.011714056957862,0.009655471194294796,0.003775180783122778,0.009655471194294796,neutral
C[C@H](N[C@@H](CCc1ccccc1)C(=O)O)C(=O)N1[C@H](C(=O)O)C[C@H]2CCCC[C@@H]21,1.0,0.00107,0.0079278181698134,0.004264972066564733,0.0014894816558808088,0.004264972066564733,acid
C[C@H](O)[C@H](O)[C@H]1CNc2nc(N)[nH]c(=O)c2N1,730.0,0.0840999999999999,2.802455416192545,3.395803607168646,0.9167779481504112,3.1146613335056417,base
C[C@]1(COc2ccc(N3CCC(Oc4ccc(OC(F)(F)F)cc4)CC3)cc2)Cn2cc([N+](=O)[O-])nc2O1,25.0,0.136,0.1006793581495389,0.03056601900164548,0.08561733993701637,0.03056601900164548,neutral
C[C@]1(O)CC[C@H]2[C@@H]3CCC4=CC(=O)CC[C@]4(C)[C@@]3(F)[C@@H](O)C[C@@]21C,10.0,0.08,0.0712493927345824,0.06734760749847317,0.08698169142007828,0.06734760749847317,neutral
C[C@]12C/C(=C/O)C(=O)C[C@@H]1CC[C@@H]1[C@@H]2CC[C@@]2(C)[C@H]1CC[C@]2(C)O,50.0,0.0188,0.1173697776204694,0.2716592499585821,0.12509271036833525,0.2716592499585821,neutral
O=c1c(O)c(-c2ccc(O)c(O)c2)oc2cc(O)cc(O)c12,16.0,0.0235,0.3134664966267587,0.10036007758073744,0.038311783224344254,0.10036007758073744,acid
C[C@]12C=CC(=O)C=C1CC[C@@H]1[C@@H]2C(=O)C[C@@]2(C)[C@H]1CC[C@]2(O)C(=O)CO,10.0,0.0244999999999999,0.1517645891042099,0.046024354805873746,0.059844800271093845,0.046024354805873746,neutral
O=c1[nH]c2cc(Cl)ccc2o1,400.0,7.15,5.593249196295728,3.3627840427595688,4.999987408518791,3.3627840427595688,neutral
O=c1[nH]c(=O)n([C@H]2C[C@H](O)[C@@H](CO)O2)cc1C(F)(F)F,60.55,0.096,0.3290529275203863,0.3287641436112756,0.43436557692475614,0.3287641436112756,neutral
OC(CCN1CCCC1)(c1ccccc1)C1CCCCC1,10.0,0.116,0.0290153259723707,0.01123014171527889,0.02141893608495593,0.01123014171527889,neutral
O=c1oc2ccccc2c(O)c1Cc1c(O)c2ccccc2oc1=O,600.0,39.28,15.325326486159032,6.679465296741171,17.35277809202671,6.679465296741171,acid
C[C@H]1O[C@H](O[C@H]2[C@H](O)[C@@H](O)[C@@H](O[C@@H]([C@H](O)[C@@H](O)C=O)[C@H](O)CO)O[C@@H]2CO)[C@H](O)[C@@H](O)[C@@H]1N[C@H]1C=C(CO)[C@@H](O)[C@H](O)[C@H]1O,300.0,0.011,0.959395474207697,0.2827748057527397,0.02468125821906142,0.4899946536370885,base
C[C@H]1[C@@H](O)O[C@@H]2O[C@]3(C)CC[C@H]4[C@H](C)CC[C@@H]1[C@]24OO3,103.0,0.181,0.5536021564488238,0.3810692958585658,0.14714819146320224,0.3810692958585658,neutral
C[C@H]1[C@H](NC(=O)/C(=N\OC(C)(C)C(=O)O)c2csc(N)n2)C(=O)N1S(=O)(=O)O,500.0,0.14,3.0755858043520243,4.91560662683873,1.5506456838920712,4.91560662683873,acid
C[C@H]1[C@H](OC(=O)CCC(=O)O)O[C@@H]2O[C@@]3(C)CC[C@H]4[C@H](C)CC[C@@H]1[C@@]24OO3,200.0,0.11,5.569015264086223,1.511614503783371,0.2874100115150213,1.511614503783371,acid
C[C@H]1c2cccc(O)c2C(=O)C2=C(O)[C@]3(O)C(=O)C(C(N)=O)=C(O)[C@@H](N(C)C)[C@@H]3[C@@H](O)[C@@H]21,100.0,1.6133,0.9835484119509108,0.27402513086717756,0.8698632940649986,0.27402513086717756,acid
NC(=O)c1cn(Cc2c(F)cccc2F)nn1,1200.0,4.166,23.357337898515564,10.208993999382852,11.468112096190453,10.208993999382852,neutral
NC(=O)c1cnccn1,1890.0,38.7,41.23967777854008,35.92517608985602,25.682789934799075,38.226212219778944,base
NC(=O)c1ncn([C@@H]2O[C@H](CO)[C@@H](O)[C@H]2O)n1,600.0,0.782,4.201750609446654,3.131420165565286,1.9267824478447437,3.131420165565286,neutral
NC(N)=NCC1COC2(CCCCC2)O1,25.0,0.042,0.1204711318432019,0.09837591330203489,0.11025603162124753,0.10776709431399985,base
Nc1nc2c(c(=O)[nH]1)N(C=O)C(CNc1ccc(C(=O)N[C@@H](CCC(=O)O)C(=O)O)cc1)CN2,75.0,0.64,0.4097691134597716,0.37257520618415213,0.550112861674279,0.37257520618415213,acid
NC(=O)c1ccc2c(c1O)[C@]13CCN(CC4CC4)[C@H](C2)[C@]1(O)CCC(=O)C3,11.0,0.0252,0.1055573386065073,0.02671536009095592,0.02323227934539318,0.02671536009095592,acid
NC(=O)c1ccccc1O,1500.0,30.899999999999995,22.302557572729835,21.379585123393912,22.996986284852028,21.379585123393912,acid
NC(=O)c1cccnc1,187.5,3.3,3.109481817897575,2.46560366667048,2.222401206381619,2.7369534231026598,base
Nc1nc(=S)c2[nH]cnc2[nH]1,40.0,0.00836,0.3013170953270086,0.15138021576115301,0.0716304499655962,0.20634726332912626,base
Nc1nc(=O)n([C@@H]2CS[C@H](CO)O2)cc1F,200.0,2.26839,1.6381505395078522,1.3158113523368538,1.817045733332634,1.4521641469663484,base
NCCCCCC(=O)O,500.0,16.355,3.33506590123486,7.350422611805979,6.664242595434189,7.350422611805979,acid
NCCCCN(Cc1nc2ccccc2[nH]1)[C@H]1CCCc2cccnc21,50.0,0.159,0.172618533762189,0.047365686892805285,0.08380325161851943,0.08476068393693523,base
NCCCC(=O)O,2000.0,0.68853,10.535900607830218,36.393377032933415,20.055264234542847,36.393377032933415,acid
NC1(C(=O)N[C@@H](CCO)c2ccc(Cl)cc2)CCN(c2ncnc3[nH]ccc23)CC1,80.0,0.121,0.6125258727744518,0.29914372304992226,0.24876095354557037,0.41299038325994203,base
Nc1nc(N)c2nc(-c3ccccc3)c(N)nc2n1,100.0,0.118,1.1095579238800943,0.3955084889865461,0.14733506832271814,0.6291485294612762,base
Nc1nc(F)nc2c1ncn2[C@@H]1O[C@H](CO)[C@@H](O)[C@@H]1O,74.0,0.2790000000000001,0.2828112078330095,0.4291413136548783,0.2575191524811089,0.35571621039337264,base
Nc1nc(Cl)nc2c1ncn2[C@H]1C[C@H](O)[C@@H](CO)O1,10.0,0.0255,0.0725567864631897,0.026800919862713827,0.03425693837925792,0.04195536009470231,base
NC1=NC(=O)C(c2ccccc2)O1,50.0,0.995,0.5926814041353058,0.8543461647808457,0.7260148413479328,0.724716611911637,base
NCC(=O)CCC(=O)O,100.0,4.65,0.297292585959738,1.4179445583502215,1.511711347848177,1.4179445583502215,acid
NC(=O)CN1CCCC1=O,800.0,14.53,14.83129050607286,6.518196249793712,10.617133975028992,6.518196249793712,neutral
O=C(NCCN1CCOCC1)c1ccc(Cl)cc1,150.0,2.109,1.283078512114884,0.5421125226071514,0.6820075213909149,0.5421125226071514,neutral
NC(=O)C[S@@+]([O-])C(c1ccccc1)c1ccccc1,50.0,1.3,1.2026434226498244,0.5095345411725886,0.9445661678910255,0.5095345411725886,neutral
NC(=O)N1CCC(CC(=O)N2CCC([C@H]3c4ncc(Br)cc4CCc4cc(Cl)cc(Br)c43)CC2)CC1,100.0,0.323,0.401108536854537,0.11759214259470928,0.21119443699717522,0.20425651807666695,base
O=C(NCCNCC(O)COc1ccc(O)cc1)N1CCOCC1,200.0,0.146,2.058472908284463,0.3911167816155732,0.21125776693224907,0.3911167816155732,acid
NC(=O)C(c1ccccc1)(c1ccccc1)[C@@H]1CCN(CCc2ccc3c(c2)CCO3)C1,20.0,0.00381,0.0673280331100915,0.07058590755702168,0.016161755193024874,0.07058590755702168,neutral
O=C(CCCN1CCC(O)(c2ccc(Br)cc2)CC1)c1ccc(F)cc1,10.0,0.00451,0.0250718683000858,0.016570989061400802,0.007018797332420945,0.016570989061400802,neutral
O=C(CCCCCCC(=O)Nc1ccccc1)NO,400.0,0.31719,3.1263244396311856,2.17693267892265,2.5923367589712143,2.17693267892265,neutral
O=C(/C=C\n1cnc(-c2cc(C(F)(F)F)cc(C(F)(F)F)c2)n1)NNc1cnccn1,100.0,0.6930000000000001,1.0930751252912303,1.5116582248398935,1.3195166364312172,1.3064475878443254,base
NC(=O)N1c2ccccc2CC(O)c2ccccc21,300.0,2.33,3.3129281466968314,1.7806401402529983,2.005112310871482,1.7806401402529983,neutral
NC(=O)N1c2ccccc2C[C@@H](O)c2ccccc21,300.0,0.76287,3.3129281466968314,1.7806401402529983,2.005112310871482,1.7806401402529983,neutral
O=C(NC1CCN(CCc2c[nH]c3ccccc23)CC1)c1ccccc1,50.0,0.02671,0.1890781155655481,0.19019195129996727,0.10738970013335347,0.19019195129996727,neutral
O=C(Cn1ccnc1[N+](=O)[O-])NCc1ccccc1,100.0,2.2,3.4979760049583075,2.223977036268801,3.011000156402588,2.223977036268801,neutral
O=C(CCCN1CCC(n2c(O)nc3ccccc32)CC1)c1ccc(F)cc1,6.0,0.0072999999999999,0.0292411056367336,0.006555884501887075,0.005173675948753953,0.006555884501887075,acid
O=C(CCCN1CCC(O)(c2ccc(Cl)cc2)CC1)c1ccc(F)cc1,5.0,0.00129,0.0213207351839259,0.00913042234082868,0.0040767251630313694,0.00913042234082868,neutral
NC(=O)NO,2000.0,60.36866,19.39128146908411,15.64226123343403,29.359078034758568,15.64226123343403,neutral
NC(=O)OCC(COC(N)=O)c1ccccc1,600.0,0.0088999999999999,6.377870927822313,6.217100669939693,0.5418273853138089,6.217100669939693,neutral
NC(=O)OCC(O)COc1ccc(Cl)cc1,250.0,3.43,2.6658233133154083,1.1026511087180724,1.5970971435308456,1.1026511087180724,neutral
N[C@@H]1CONC1=O,250.0,19.42,1.1576008897435568,3.113619070864005,4.3585882522165775,1.9947914432077167,base
N[C@@H]1C[C@H]1c1ccccc1,20.0,0.0143,0.105885820809438,0.052036028021217075,0.05274374037981033,0.07163813808688559,base
Nc1ccn(C[C@@H](CO)OCP(=O)(O)O)c(=O)n1,140.0,0.0311,0.5363608711475734,0.5445802762534951,0.12561501935124397,0.5408660711067055,base
Nc1ccncc1N,30.0,0.0255,0.2066694861346748,0.12423805213780792,0.10632369434460998,0.15621200633810287,base
N[C@@H](CSCC(=O)O)C(=O)O,750.0,6.89,3.24263360319072,7.952090849967641,6.7273147869855165,7.952090849967641,acid
N[C@@H](Cc1c[nH]c2ccccc12)C(=O)O,700.0,24.999999999999996,7.085174749010953,3.3416895099798802,10.374004021286964,3.3416895099798802,acid
N[C@@H](Cc1ccc(O)c(O)c1)C(=O)O,250.0,1.077,2.740693975616228,2.364240469821336,1.445039757527411,2.364240469821336,acid
N[C@@H](Cc1ccc(N(CCCl)CCCl)cc1)C(=O)O,5.0,0.0521299999999999,0.050506619580654,0.0386277104261841,0.043405075557529926,0.0386277104261841,acid
Nc1ccc(/N=N/c2ccccc2)c(N)n1,200.0,0.065,1.109861186531048,0.5502135496801084,0.20539886318147182,0.7545067046962852,base
Nc1ccc(O)c(C(=O)O)c1,1200.0,0.857,19.341527109018436,15.311269480211807,7.680109888315201,15.311269480211807,acid
Nc1cccc2c1CN(C1CCC(=O)NC1=O)C2=O,400.0,4.586,4.296749901881858,4.366645697298812,3.476283699274063,4.335052980484343,base
N[C@H](C(=O)O)[C@H](O)c1ccc(O)c(O)c1,200.0,0.965,1.632937549566556,2.1653968900588914,0.9751333855092525,2.1653968900588914,acid
N[C@H]1C[C@@H]1c1ccccc1,20.0,0.0561,0.105885820809438,0.052036028021217075,0.05274374037981033,0.07163813808688559,base
Nc1c2c(nc3ccccc13)CCCC2,25.0,0.0093899999999999,0.1276427395652699,0.08158023318938977,0.051094574155285954,0.09978608200694418,base
Nc1c2c(nc3ccccc13)CCCC2O,40.0,0.0322999999999999,0.1883835166896546,0.12967501289295752,0.09356827475130558,0.1534052666435514,base
Nc1nc(=O)c2ncn(CCC(CO)CO)c2[nH]1,250.0,1.59,0.995492425865269,0.7959371140934876,1.0160686215385795,0.8802385770186121,base
NNc1nncc2ccccc12,25.0,0.16733,0.2161015827071941,0.0684651137679765,0.11128261685371399,0.11484291573385613,base
Nc1nc(-n2cc(C(=O)O)c(=O)c3cc(F)c(N4CC(O)C4)c(Cl)c32)c(F)cc1F,50.0,0.949,0.4200077115503562,0.8289218366127018,1.0955489240586758,0.8289218366127018,acid
Nc1nc(=O)c2nc(CNc3ccc(C(=O)N[C@@H](CCC(=O)O)C(=O)O)cc3)cnc2[nH]1,2.3,0.133,0.0356652900177073,0.023922068271726354,0.032279205136001105,0.023922068271726354,acid
NCCCC[C@H](N[C@@H](CCc1ccccc1)C(=O)O)C(=O)N1CCC[C@H]1C(=O)O,10.0,0.051,0.052637098130146,0.05742542947076209,0.04374436102807522,0.05742542947076209,acid
NCCNCCNCCN,600.0,0.866,1.9386753215662405,0.9348649511328055,0.9904388571158051,1.2980432699385178,base
NCCS,1200.0,4.87601,5.715974891381306,5.337508801944179,8.556297048926353,5.504614032311355,base
NCCS(=O)(=O)O,4000.0,84.16999999999994,15.70480471444801,42.9595311182344,55.60961365699768,27.31475982182647,base
NC[C@H]1CC[C@H](C(=O)O)CC1,1000.0,6.999999999999999,9.74948197835947,7.780216598691438,8.175874128937721,7.780216598691438,acid
NNCCc1ccccc1,15.0,0.01014,0.1003227658231533,0.08248916761139445,0.038455682806670666,0.09008408677106115,base
NNc1nnc(NN)c2ccccc12,20.0,0.04662,0.1924425353931614,0.058284371676132804,0.05492007825523615,0.09976751315539287,base
N[C@@H](C(=O)N[C@@H]1C(=O)N2C(C(=O)O)=C(Cl)CC[C@H]12)c1ccccc1,200.0,9.009999999999998,3.9776238854406976,4.470205814989925,4.918897524476051,4.470205814989925,acid
NS(=O)(=O)c1cc(C2(O)NC(=O)c3ccccc32)ccc1Cl,25.0,1.952,0.3725131305854524,0.4895826071212775,0.8213790133595467,0.4895826071212775,acid
NS(=O)(=O)c1cc(Cl)c(Cl)c(S(N)(=O)=O)c1,25.0,0.298,0.4184205243918362,0.3500975443354081,0.3626077901571989,0.3500975443354081,acid
NS(=O)(=O)c1cc2c(cc1Cl)NC=NS2(=O)=O,500.0,0.513,6.5250091711440605,5.267057172320918,2.6863282546401024,5.267057172320918,acid
NS(=O)(=O)c1cc2c(cc1Cl)NC(C(Cl)Cl)NS2(=O)=O,4.0,0.03879,0.0420433628294629,0.024514594427866156,0.02888258546590805,0.024514594427866156,acid
Cc1ncc2n1-c1ccc(Cl)cc1C(c1ccccc1F)=NC2,8.0,0.0442,0.0256245869338484,0.03068694975148526,0.025215789675712585,0.03068694975148526,neutral
Cc1nnc(C(=O)NC(C)(C)c2nc(C(=O)NCc3ccc(F)cc3)c(O)c(=O)n2C)o1,10.0,0.25777,0.1535049070383222,0.09765357748071384,0.1482799369841814,0.11969706602641945,base
N=C(N)NC(=O)Cc1c(Cl)cccc1Cl,3.0,0.0055,0.0205296975410047,0.04636141369153901,0.020420499611645937,0.032133521082721196,base
Cc1noc(NS(=O)(=O)c2ccc(N)cc2)c1C,1000.0,90.0,17.190302230635357,21.768954762333788,57.72543326020241,21.768954762333788,acid
Cc1nsc(-c2nnc3n2CCN(C(=O)c2ccc(F)cc2)[C@@H]3C)n1,12.0,0.0775,0.1434534361385377,0.08782074764482575,0.07185761444270611,0.08782074764482575,neutral
Cc1onc(-c2c(Cl)cccc2Cl)c1C(=O)N[C@@H]1C(=O)N2[C@@H]1SC(C)(C)[C@@H]2C(=O)O,500.0,24.28,6.74802314932163,5.175405226071435,9.830725379288197,5.175405226071435,acid
O=C(O)CSCC(=O)NC1CCSC1=O,600.0,2.506,21.418169897681544,10.27705526462572,7.2541214525699615,10.27705526462572,acid
Cc1onc(-c2c(F)cccc2Cl)c1C(=O)N[C@@H]1C(=O)N2[C@@H]1SC(C)(C)[C@@H]2C(=O)O,750.0,34.499999999999986,16.13465979455476,8.212489640771313,15.232182573527098,8.212489640771313,acid
O=C(O)COc1nn(Cc2ccccc2)c2ccccc12,500.0,41.9,21.22713428036336,18.84698547830315,20.174069330096245,18.84698547830315,acid
O=C(O)C[C@H]1CCc2c1[nH]c1ccc(OCc3ccc(C4CCCC4)c(C(F)(F)F)c3)cc21,5.0,0.102,0.0195791262370141,0.009692335172276075,0.027857592795044184,0.009692335172276075,acid
O=C(O)C[C@H](O)C[C@H](O)/C=C/c1c(C2CC2)nc2ccccc2c1-c1ccc(F)cc1,4.0,0.23291,0.0378814372297965,0.01804548458273134,0.0688774362206459,0.01804548458273134,acid
O=C(O)c1cccc(-c2noc(-c3ccccc3F)n2)c1,1448.0,45.70000000000001,54.53865519196554,24.235702601364714,51.89361348748207,24.235702601364714,acid
Cc1n[nH]c(C)c1CCCOc1cc(C(=O)O)ccc1F,50.0,2.11,1.1511928797145825,0.4793447921901663,0.9284291416406631,0.4793447921901663,acid
Cc1cnc(C(=O)N[C@H]2CCCCC/C=C\[C@@H]3C[C@@]3(C(=O)NS(=O)(=O)C3CC3)NC(=O)[C@@H]3C[C@@H](Oc4nc5ccccc5c5ccccc45)CN3C2=O)cn1,300.0,0.12,0.927681188663896,0.4288486953116652,0.2951348084025085,0.4288486953116652,acid
Cc1ncc(C[n+]2csc(CCO)c2C)c(N)n1,50.0,0.00937,0.3887012701319573,0.2646850530626522,0.048570139915682375,0.31465045296921823,base
O=C(O)c1ccc2nc(-c3cc(Cl)cc(Cl)c3)oc2c1,400.0,20.36,5.021117696015644,7.639589497906714,10.51185429096222,7.639589497906714,acid
O=C(O)c1cc(O)c2c(c1)C(=O)c1cccc(O)c1C2=O,50.0,3.2,2.0951634185481587,0.9153739724595091,2.442390099167824,0.9153739724595091,acid
O=C(O)[C@H](c1ccccc1Cl)N1CCc2sccc2C1,75.0,2.6088600000000004,0.4957429388554116,0.7845440064105654,1.4448751229792833,0.7845440064105654,acid
O=C(O)c1cc(/N=N/c2ccc(O)c(C(=O)O)c2)ccc1O,4000.0,9.67174,112.92584654324568,38.7370311402979,25.3202673047781,38.7370311402979,acid
Cc1nc(NC(=O)N2CCC[C@H]2C(N)=O)sc1-c1ccnc(C(C)(C)C(F)(F)F)c1,400.0,1.32,0.7541211272349394,2.345637335375838,1.736733317375183,1.4076412164818162,base
Cn1ncnc1[C@H]1c2n[nH]c(=O)c3cc(F)cc(c23)N[C@@H]1c1ccc(F)cc1,1.0,0.0077,0.0124781386960468,0.011470594545987294,0.01045495830476284,0.01191350838316559,base
O=C(O)CCCC[C@@H]1CCSS1,200.0,3.7817,7.56228637625594,1.3442824322192528,2.427850291132927,1.3442824322192528,acid
O=C(O)CCC(=O)c1ccc(-c2ccccc2)cc1,600.0,3.83,18.816220963358774,16.13462958293044,14.074619114398956,16.13462958293044,acid
FC(F)(F)c1ccc(CNc2ccc(Cc3c[nH]c4ncc(Cl)cc34)cn2)cn1,400.0,4.657,0.0584295332349232,1.759351666883964,2.006591111421585,0.5231379379846064,base
O=C(O)CCCc1ccc(N(CCCl)CCCl)cc1,40.0,1.4,0.2508318154854178,0.30739179278574774,0.5419488251209259,0.30739179278574774,acid
Cn1c(Cn2ccc(C(F)(F)F)c(Oc3cc(Cl)cc(C#N)c3)c2=O)n[nH]c1=O,300.0,1.62692,3.997993724857026,3.9861435751358316,2.8368174098432064,3.9861435751358316,neutral
O=C(O)CCCO,3960.0,79.99999999999997,224.49343998898965,87.170337215188,54.894666373729706,87.170337215188,acid
Cn1cc(-c2cc3c(N4CCN(c5ncc([C@@](C)(N)c6ccc(F)cc6)cn5)CC4)ncnn3c2)cn1,300.0,0.492,1.17570500830128,0.5029235660315327,0.45795219484716654,0.7369879009729827,base
Cn1cc[nH]c1=S,10.0,0.24599,0.086830888864763,0.03298223101804887,0.09065837599337101,0.05098676140503207,base
O=C(Nc1nc(-c2cc(Cl)cs2)c(N2CCN(C3CCCCC3)CC2)s1)c1cnc(N2CCC(C(=O)O)CC2)c(Cl)c1,3.0,0.0171,0.0023156802425329,0.013951213196491912,0.013690683525055647,0.013951213196491912,acid
N#Cc1c(N2C[C@@H]3NCCO[C@H]3C2)c(F)cc2c(=O)c(C(=O)O)cn(C3CC3)c12,50.0,0.44,0.5404087278354367,0.4265601206907349,0.47768112272024155,0.4265601206907349,acid
O=C(Nc1ccc(C[C@@H]2CC[C@H]([C@H](O)c3ccccc3)N2)cc1)[C@@H]1CCc2nccc(=O)n21,75.0,0.1327,0.7865590030834119,0.4363594718074013,0.38123916601762176,0.5688444326587164,base
O=C(NN1C(=O)[C@@H]2[C@@H]3C=C[C@@H]([C@H]4C[C@@H]34)[C@@H]2C1=O)c1ccc(C(F)(F)F)cc1,2000.0,2.553,14.450931070596267,8.428847804410571,9.54995397478342,8.428847804410571,neutral
N#CC(CCN1CCC(C(=O)O)(c2ccccc2)CC1)(c1ccccc1)c1ccccc1,5.0,0.0401,0.0183017930599964,0.019378910646930578,0.022277510724961758,0.019378910646930578,acid
O=C(Nc1ncc([N+](=O)[O-])s1)c1ccccc1O,4000.0,41.99999999999999,76.1182222835461,95.34855588951527,71.26915454864502,95.34855588951527,acid
Clc1ccc2c(c1)C(N1CCNCC1)=Nc1ccccc1O2,150.0,0.07322,0.7437875345618777,0.2565624557190719,0.18966191564686596,0.4141982027565108,base
Cc1onc(-c2ccccc2Cl)c1C(=O)N[C@@H]1C(=O)N2[C@@H]1SC(C)(C)[C@@H]2C(=O)O,250.0,4.8,5.417661699991148,2.5207838006591228,4.940819460898638,2.5207838006591228,acid
Clc1ccc(COC(Cn2ccnc2)c2ccc(Cl)cc2Cl)cc1,250.0,2.1,0.7760389213204267,0.24603628850200715,0.8303356589749455,0.24603628850200715,neutral
Clc1ccc2c(N3CCN(CCCN4CCN(c5ccnc6cc(Cl)ccc56)CC4)CC3)ccnc2c1,500.0,0.0351,0.0244917398684774,0.18826959932903806,0.07230251503642648,0.07519482383642642,base
Cn1c(CNc2ccc(C(=N)N)cc2)nc2cc(C(=O)N(CCC(=O)O)c3ccccn3)ccc21,10.0,0.0083,0.0652142615252972,0.06319448906125075,0.01674860017374158,0.06319448906125075,acid
O=C(O)CN1C(=O)[C@@H](N[C@@H](CCc2ccccc2)C(=O)O)CCc2ccccc21,10.0,0.19505,0.0563718282876647,0.09098181004310006,0.15768444165587425,0.09098181004310006,acid
O=C(O)CCCc1ccccc1,5000.0,217.99999999999997,142.0060300712135,67.81055868862626,101.53467766940594,67.81055868862626,acid
Clc1ccccc1C(c1ccccc1)(c1ccccc1)n1ccnc1,1000.0,0.80349,4.526945896635705,3.871686300109765,2.1020695567131042,3.871686300109765,neutral
Cn1c(=O)c2[nH]cnc2n(C)c1=O,250.0,6.499999999999999,4.691860203076911,2.2839760323179115,2.7457813266664743,3.157807317646285,base
Cn1c(=O)c2c(ncn2C)n(C)c1=O,100.0,1.5,1.5507470230451568,0.8770313112616903,0.7963704876601696,0.8770313112616903,neutral
Cn1c(=O)cc(N2CCC[C@@H](N)C2)n(Cc2ccccc2C#N)c1=O,800.0,6.993999999999999,8.76841855038732,5.194134797702408,5.688508972525597,6.57425948164095,base
Cn1c(=O)c2c(ncn2CC(O)CO)n(C)c1=O,1000.0,15.619999999999996,5.619291878885271,8.12520608178452,7.578181568533182,8.12520608178452,acid
CC1=C(CC(=O)O)c2cc(F)ccc2C1=Cc1ccc(S(C)(=O)=O)cc1,200.0,3.56,4.804324293474072,13.096896105958711,9.392351657152176,13.096896105958711,acid
CC1=C[C@H](O)CC(C)(C)[C@H]1/C=C/C(C)=C/C=C/C(C)=C/C=C/C=C(C)/C=C/C=C(C)/C=C/C1=C(C)C[C@@H](O)CC1(C)C,19.91,0.42098,0.0187102453997817,0.027090672827948536,0.08870534845162183,0.027090672827948536,neutral
CC1=NN(c2ccccc2)C(=O)C1,30.0,0.208,0.6616919799270026,0.34643050644614437,0.20054294262081385,0.34643050644614437,neutral
C1CCC(C(CC2CCCCN2)C2CCCCC2)CC1,300.0,0.09944,1.424978100365728,0.21571901684961114,0.24635880254209042,0.5044897225851427,base
CC1=NS(=O)(=O)c2cc(Cl)ccc2N1,100.0,4.989999999999999,2.069894931119153,1.13381527365167,1.5445073135197163,1.4865345316325882,base
CC1=N[C@]2(C(=O)CO)[C@@H](C[C@H]3[C@@H]4CCC5=CC(=O)C=C[C@]5(C)[C@H]4[C@@H](O)C[C@@]32C)O1,3.0,0.0103999999999999,0.0230672188606661,0.023331310602993014,0.019247797317802906,0.023331310602993014,neutral
CC1CS(=O)(=O)CCN1/N=C/c1ccc([N+](=O)[O-])o1,862.5,0.751,9.51097543687853,3.8500377744365726,2.8709586389595643,3.8500377744365726,neutral
CC12CC3CC(C)(C1)CC(N)(C3)C2,10.0,0.0116,0.0485126039865783,0.02895916475568428,0.023701710160821676,0.03652724196001241,base
CC1=C(/C=C/C(C)=C/C=C/C(C)=C/C=C/C=C(C)/C=C/C=C(C)/C=C/C2=C(C)CCCC2(C)C)C(C)(C)CCC1,30.0,0.1627,0.0518135294990481,0.04607245146155011,0.08573568658903241,0.04607245146155011,neutral
CC1=C(/C=C/C(C)=C/C=C/C(C)=C\C(=O)O)C(C)(C)CCC1,40.0,0.314,0.1873868615434963,0.19408625195751295,0.25054823607206345,0.19408625195751295,acid
CC1=C(/C=C/C(C)=C\C=C\C(C)=C\C(=O)O)C(C)(C)CCC1,5.0,0.0247,0.0295083054087632,0.024260781494689118,0.03131852950900793,0.024260781494689118,acid
CC1=C(C(=O)O)N2C(=O)[C@@H](NC(=O)[C@H](N)C3=CCC=CC3)[C@H]2SC1,250.0,9.4,6.809544070633778,4.424423670589348,7.2172158397734165,4.424423670589348,acid
CC1=C(C(=O)O)N2C(=O)[C@@H](NC(=O)[C@H](N)c3ccccc3)[C@H]2SC1,250.0,12.000000000000002,4.906648529022506,5.516468721013099,7.180225569754839,5.516468721013099,acid
CC1=C(CC(=O)O)c2cc(F)ccc2/C1=C\c1ccc([S+](C)[O-])cc1,150.0,3.8,2.3914492599082844,8.008983383723322,6.998319737613201,8.008983383723322,acid
CCC(COC(=O)c1cc(OC)c(OC)c(OC)c1)(NC)c1ccccc1,125.0,0.9489,0.2485260479994866,0.4562061168235824,0.46569883124902844,0.3471010827623894,base
CCC(COC(=O)c1cc(OC)c(OC)c(OC)c1)(c1ccccc1)N(C)C,125.0,0.01814,0.2802399761425228,0.1820502230296789,0.0595888304815162,0.1820502230296789,neutral
CCC(c1ccccc1)c1c(O)c2ccccc2oc1=O,16.1,1.7,0.2898807286446482,0.1841058552917872,0.4159937005490065,0.1841058552917872,acid
CCC1(CC)C(=O)NCC(C)C1=O,300.0,5.449999999999999,2.178114589524855,3.938404915004547,4.14261007681489,3.938404915004547,neutral
CCC1(c2ccc(N)cc2)CCC(=O)NC1=O,500.0,5.909999999999999,2.640308995317441,3.4239466433530894,3.5170805640518665,3.0460321540088793,base
CCC(=O)N(c1ccccc1)C1(COC)CCN(CCn2nnn(CC)c2=O)CC1,1.5,0.016,0.023887339395203,0.003658178657896454,0.005284398794174194,0.003658178657896454,neutral
CCC(=O)N1CC[C@H](Nc2ncnc3c2CN(c2cnc(OC)c(C(F)(F)F)c2)CC3)C1,400.0,13.51395,2.789437833227514,4.754566667702754,6.751646846532822,3.7401888129018186,base
CCC(CO)NC(=O)[C@@H]1C=C2c3cccc4c3c(cn4C)C[C@H]2N(C)C1,2.0,0.00177,0.0118039224682753,0.00276427246330531,0.004931766539812088,0.00276427246330531,neutral
CCC(=O)O[C@]1(C(=O)CO)[C@@H](C)C[C@H]2[C@@H]3CCC4=CC(=O)C=C[C@]4(C)[C@@]3(Cl)[C@@H](O)C[C@@]21C,4.0,0.0007,0.018294181118447,0.007126453824912846,0.0022917320020496845,0.007126453824912846,neutral
CCC(CC)O[C@@H]1C=C(C(=O)O)C[C@H](N)[C@H]1NC(C)=O,20.0,0.0679,0.1362149644141971,0.09822426956763684,0.07860854268074036,0.09822426956763684,acid
CC(C)n1nccc1-c1ncccc1COc1cccc(O)c1C=O,1000.0,2.21,1.2683301668390117,5.596434861478934,2.5054635480046272,2.8694974572846506,base
CC(CN(C)C)CN1c2ccccc2CCc2ccccc21,75.0,0.0224,0.2040998644197795,0.03246108406034282,0.03587824976420961,0.03246108406034282,neutral
CC(CN(C)C)CN1c2ccccc2Sc2ccccc21,20.0,0.00455,0.0366089012784119,0.0081231603434109,0.0074038124876096845,0.0081231603434109,neutral
CC(N)C(O)c1ccccc1,25.0,0.11312,0.1209300504568071,0.13061179028353462,0.08733439608477056,0.1261626247275621,base
CC(N/C(=N/c1ccncc1)NC#N)C(C)(C)C,12.5,0.0298,0.0630430441924014,0.0701933301198075,0.03686280979309231,0.06688048978538466,base
CC(Oc1c(Cl)cccc1Cl)C1=NCCN1,0.36,0.00082,0.0013874784591774,0.0009067867789665246,0.000620362339541316,0.0010980690756505313,base
CC(CN1c2ccccc2Sc2ccccc21)N(C)C,50.0,0.0193,0.1174857465080337,0.02673371641933761,0.022181008534971625,0.02673371641933761,neutral
CC(C)[C@H]1CC[C@H](C(=O)N[C@H](Cc2ccccc2)C(=O)O)CC1,30.0,1.5,0.9263306428123887,0.31815506211121464,0.3495668526738882,0.31815506211121464,acid
CC(C)[N+](C)(CCOC(=O)C1c2ccccc2Oc2ccccc21)C(C)C,30.0,0.02709,0.0771953109099679,0.05128562449258129,0.017130752094089985,0.05128562449258129,neutral
CC(C)c1nc(CN(C)C(=O)N[C@@H](CCN2CCOCC2)C(=O)N[C@H](CC[C@H](Cc2ccccc2)NC(=O)OCc2cncs2)Cc2ccccc2)cs1,50.0,0.0616,0.0377947936478399,0.022123267622774962,0.04078721976839006,0.022123267622774962,neutral
CC(C)c1nc(CN(C)C(=O)N[C@H](C(=O)N[C@@H](Cc2ccccc2)C[C@H](O)[C@H](Cc2ccccc2)NC(=O)OCc2cncs2)C(C)C)cs1,400.0,5.103999999999999,0.318351820438824,0.4861081687453136,0.990047212690115,0.4861081687453136,neutral
CC(C)n1c(=O)cc(N[C@@H](C)c2ccccc2)[nH]c1=O,15.0,0.3954,0.0896786670891445,0.12236078590878104,0.15126806683838367,0.1063930739421856,base
CC1(C)O[C@@H]2[C@@H](CO[C@@]3(COS(N)(=O)=O)OC(C)(C)O[C@@H]23)O1,800.0,18.379999999999995,11.948228555877,6.125933871352285,7.546918839216232,6.125933871352285,acid
CC1(C)S[C@@H]2[C@H](N=CN3CCCCCC3)C(=O)N2[C@H]1C(=O)O,200.0,2.829,2.0040224527354376,1.7838529913619283,0.8289750665426254,1.7838529913619283,acid
CC1(C)S[C@@H]2[C@H](NC(=O)COc3ccccc3)C(=O)N2[C@H]1C(=O)O,400.0,5.14,13.34658371949076,3.7238476489752252,5.287916958332062,3.7238476489752252,acid
CC1(C)S[C@@H]2[C@H](NC(=O)[C@H](N)c3ccccc3)C(=O)N2[C@H]1C(=O)O,394.0,7.1000000000000005,5.201181397940573,7.055866640680077,6.414276372641325,7.055866640680077,acid
CC(S)C(=O)NCC(=O)O,500.0,3.2639599999999995,20.95765235369625,8.509702931609684,5.602077580988407,8.509702931609684,acid
CC(c1cc2ccccc2s1)N(O)C(N)=O,200.0,1.4400000000000002,1.5153244558452696,1.611032423836145,1.6095234081149101,1.611032423836145,neutral
CC(c1ccc(Cl)c(Cl)c1)N1N=C(N)CC1=O,40.0,0.27,0.2280459797177705,0.2818918061522747,0.26843853294849396,0.2562450223989056,base
CC1(C)CC[C@]2(NC(=O)C(C)(F)F)CC[C@]3(C)[C@H](C(=O)C=C4[C@@]5(C)C=C(C#N)C(=O)C(C)(C)[C@@H]5CC[C@]43C)[C@@H]2C1,150.0,0.03241,0.0105257187459099,0.23271376322733256,0.1711767283268273,0.23271376322733256,neutral
CC1(C)NC(=O)N(c2ccc([N+](=O)[O-])c(C(F)(F)F)c2)C1=O,100.0,0.8,1.2693443081313602,0.44986566471902306,0.5758513696491718,0.44986566471902306,neutral
CC1(C)OC(=O)NC1=O,65.3,3.3200000000000003,1.1990323250761206,0.7988434444895534,1.1121297122910618,0.7988434444895534,neutral
CC1(C)CC(=O)N(CCCCN2CCN(c3ncccn3)CC2)C(=O)C1,20.0,0.01873,0.2516773647852017,0.056195442869610354,0.014424178516492248,0.11033555276222433,base
CCC1(c2ccccc2)C(=O)NC(=O)NC1=O,0.1,0.0026,0.0011658049160638,0.0012197743918111806,0.0014459270052611828,0.0012197743918111806,neutral
CCCc1cc(=O)[nH]c(=S)[nH]1,50.0,1.62,0.6509125647101597,0.41079596260073625,0.5631483159959316,0.41079596260073625,neutral
CCCN1C[C@H](CSC)C[C@@H]2c3cccc4[nH]cc(c34)C[C@H]21,0.15,3.8000000000000016e-05,0.0003835585481193,7.009622128248177e-05,2.9385915695456788e-05,7.009622128248177e-05,neutral
CCCN[C@H]1CCc2nc(N)sc2C1,0.25,0.00073,0.0013103749715646,0.0005663550807962145,0.0007393122650682926,0.000826089031378132,base
CCCOC(C(=O)OC1CCN(C)CC1)(c1ccccc1)c1ccccc1,10.0,0.0527999999999999,0.0633920039524852,0.01660169298073531,0.0320166302844882,0.01660169298073531,neutral
CCCSc1ccc2nc(NC(=O)OC)[nH]c2c1,400.0,0.0153,1.2153335612837295,0.7872226331019394,0.1162385568022728,0.9571205380131469,base
CCCS(=O)(=O)N[C@H]1C[C@@H](N(C)c2ncnc3[nH]ccc23)C1,3.0,0.0171,0.0216068595512863,0.025050285067120016,0.018792954739183187,0.025050285067120016,acid
CCN(CC)C(=O)/C(C#N)=C/c1cc(O)c(O)c([N+](=O)[O-])c1,200.0,1.808,4.182956266277996,1.6637068394966117,2.02206838876009,1.6637068394966117,acid
CCN(CC)C(=O)N1CCN(C)CC1,150.0,0.5,1.4151190787693728,0.8583518360965052,0.47938706120476127,0.8583518360965052,neutral
CCN(CC)C(=O)[C@@]1(c2ccccc2)C[C@H]1CN,25.0,0.0477,0.194849905940691,0.16028978139745098,0.12320152018219233,0.17501017551613046,base
CCN(CC)C(=S)SSC(=S)N(CC)CC,250.0,0.38,1.1023476569884578,0.15746695132136088,0.19663582497742027,0.15746695132136088,neutral
CCN(CC)CC(=O)Nc1c(C)cccc1C,66.5,0.127,0.5443948384012531,0.09144726087227026,0.20694073487538844,0.09144726087227026,neutral
CCN(CC)CCN1C(=O)CN=C(c2ccccc2F)c2cc(Cl)ccc21,30.0,0.0021,0.1134832561621286,0.04354806335969441,0.02033193886745721,0.04354806335969441,neutral
CCN(CC)Cc1cc(Nc2ccnc3cc(Cl)ccc23)ccc1O,200.0,0.016,0.0108756203733011,0.18282193128213278,0.03787968889810145,0.05907329330929486,base
CCCn1c(=O)[nH]c(=O)c2[nH]cnc21,152.0,2.04,1.9446372296064929,1.418964103368799,1.6327911242842674,1.6351652274683366,base
CCCCC1=NC2(CCCC2)C(=O)N1Cc1ccc(-c2ccccc2S(=O)(=O)Nc2noc(C)c2C)c(COCC)c1,400.0,6.969999999999998,0.9921750576168772,1.5881164585002696,3.897949308156967,1.5881164585002696,acid
CCCCC1C(=O)N(c2ccccc2)N(c2ccccc2)C1=O,100.0,14.169999999999996,0.698696015108956,0.6145996924013253,1.1480305343866348,0.6145996924013253,neutral
CCCCCCC(C)(C)c1cc(O)c2c(c1)OC(C)(C)[C@@H]1CCC(=O)C[C@@H]21,2.0,0.002,0.0059134238959857,0.0034291396644734557,0.0026930596213787794,0.0034291396644734557,acid
CCC1(c2ccccc2)C(=O)NCNC1=O,500.0,8.97032,4.76764309692692,4.263180549565445,5.360294133424759,4.263180549565445,neutral
CCCC(C)(COC(N)=O)COC(=O)NC(C)C,350.0,2.31647,3.714404398079248,0.6358325626358123,1.3586664223112166,0.6358325626358123,neutral
CCCC(C)(COC(N)=O)COC(N)=O,400.0,7.669999999999999,5.570613167760937,0.7816694958787272,2.147800661623478,0.7816694958787272,neutral
CCCC(CCC)C(=O)O,500.0,62.22000000000001,21.984639305399774,6.798358483279442,14.206581749022007,6.798358483279442,acid
CCCCC1(CC)C(=O)NC(=O)NC1=O,200.0,3.5000000000000004,2.141893218654307,1.6546302538479016,1.8435638397932053,1.6546302538479016,neutral
CCCCC1(CCCC)CN(c2ccccc2)c2cc(SC)c(OCC(=O)N[C@@H](C(=O)N[C@@H](CC)C(=O)O)c3ccc(O)cc3)cc2S(=O)(=O)N1,7.2,0.00047,0.0072499114163274,0.012311563929944737,0.0012374404817819596,0.012311563929944737,acid
CCCCC1(CCCC)CS(=O)(=O)c2ccc(N(C)C)cc2[C@@H](c2ccc(OCc3ccc(C[N+]45CCN(CC4)CC5)cc3)cc2)[C@H]1O,30.0,0.00165,0.036780778284152,0.021114303325061534,0.006957620935281739,0.021114303325061534,neutral
CCCCNc1cc(C(=O)O)cc(S(N)(=O)=O)c1Oc1ccccc1,1.0,0.0309,0.0097858995174119,0.0058766006231069975,0.012468869797885418,0.0058766006231069975,acid
CCCCNc1ccc(C(=O)OCCOCCOCCOCCOCCOCCOCCOCCOCCOC)cc1,100.0,1.063,0.3041890271976976,0.0495999298128426,0.3397648688405752,0.11218354997642256,base
CCCC[N+]1(C)[C@@H]2C[C@@H](OC(=O)[C@H](CO)c3ccccc3)C[C@H]1[C@@H]1O[C@@H]12,10.0,6.199999999999998e-05,0.0703513880677457,0.007386832835608032,0.00047465364332310855,0.007386832835608032,neutral
CCCCc1oc2ccc(NS(C)(=O)=O)cc2c1C(=O)c1ccc(OCCCN(CCCC)CCCC)cc1,400.0,0.0258,0.0224785666041416,0.5763971618110397,0.14705730136483908,0.5763971618110397,acid
CCCCc1oc2ccccc2c1C(=O)c1cc(I)c(OCCN(CC)CC)c(I)c1,200.0,0.17028,0.0088365416705677,0.07665957057892565,0.05513119976967573,0.07665957057892565,neutral
CCCN(CCC)CCc1cccc2c1CC(=O)N2,1.0,0.00156,0.0044961065787764,0.0014974557710680332,0.0020515609066933393,0.0014974557710680332,neutral
CCCCCCCCc1ccc(CCC(N)(CO)CO)cc1,1.0,0.00065,0.003106149281077,0.0012158917047362689,0.0014476040378212929,0.0018543522618906063,base
CCCCCCO[C@@H](C)c1cccc(-c2csc(NC(=O)c3cc(Cl)c(/C=C(\C)C(=O)O)c(Cl)c3)n2)c1OC,0.75,0.0192,0.0019608089890144,0.0011752056944030937,0.003784154076129198,0.0011752056944030937,acid
CCCCCN(C)CCC(O)(P(=O)(O)O)P(=O)(O)O,50.0,0.0243,0.4603612989211567,0.09116303282927796,0.04081096267327666,0.09116303282927796,neutral
CCCCC[C@H](O)CC[C@@H]1[C@H]2Cc3cccc(OCC(=O)O)c3C[C@H]2C[C@H]1O,1.0,0.00049,0.0084914278030656,0.006342436201182708,0.0014981530839577317,0.006342436201182708,acid
CCCCCc1cc(O)c2c(c1)OC(C)(C)[C@@H]1CCC(C)=C[C@@H]21,5.0,0.00219,0.0152214353110832,0.0035403791887683687,0.003944218915421516,0.0035403791887683687,acid
CCCCN1C[C@H](O)[C@@H](O)[C@H](O)[C@H]1CO,100.0,1.328,0.3723472743875345,0.2844023882181079,0.566784804686904,0.2844023882181079,neutral
C=C[C@]1(C)C[C@@H](OC(=O)CS[C@@H]2CC[C@@H](N)C[C@H]2O)[C@]2(C)C(C)CC[C@]3(CCC(=O)[C@H]32)[C@@H](C)[C@@H]1O,600.0,1.5599999999999998,2.489755903665142,1.9679851704223625,2.208210015669465,2.187673714725506,base
CC(=O)CC(c1ccc([N+](=O)[O-])cc1)c1c(O)c2ccccc2oc1=O,4.0,0.18697,0.1709985056017638,0.060653104968338534,0.13865739107131958,0.060653104968338534,acid
CC(=O)CC(c1ccccc1)c1c(O)c2ccccc2oc1=O,2.0,0.19,0.1352896478421691,0.03127338993218656,0.08659913390874863,0.03127338993218656,acid
C=CCN1C[C@H](C(=O)N(CCCN(C)C)C(=O)NCC)C[C@@H]2c3cccc4[nH]cc(c34)C[C@H]21,0.5,3.3e-05,0.0019027205035963,0.00045535554661180633,4.7095098125282675e-05,0.00045535554661180633,neutral
C=CCNc1nc(NCC=C)nc(N2CCN(C(c3ccc(F)cc3)c3ccc(F)cc3)CC2)n1,25.0,0.0389,0.0576178247602087,0.04286116328061544,0.0437431939644739,0.04896500023429085,base
C=C[C@@H]1C[C@]1(NC(=O)[C@@H]1C[C@@H](Oc2ncc(OC)c3ccc(Cl)cc23)CN1C(=O)[C@@H](NC(=O)OC(C)(C)C)C(C)(C)C)C(=O)NS(=O)(=O)C1CC1,10.0,0.00096,0.0220200295691665,0.012387372365869518,0.0037851286469958723,0.012387372365869518,acid
CC(=O)O[C@H]1C[C@@]2(C)[C@@H](C[C@@H](O)[C@H]3[C@@]4(C)CC[C@@H](O)[C@@H](C)[C@@H]4CC[C@@]32C)/C1=C(\CCC=C(C)C)C(=O)O,550.0,32.599999999999994,1.8966919528304176,2.612179167874929,9.164031222462654,2.612179167874929,acid
CC(=O)O[C@]1(C(C)=O)CC[C@H]2[C@@H]3C=C(Cl)C4=CC(=O)[C@@H]5C[C@@H]5[C@]4(C)[C@H]3CC[C@@]21C,2.0,0.0111799999999999,0.0129243801094703,0.002496631464222464,0.0019084246596321464,0.002496631464222464,neutral
CC(=O)Oc1cc(C(F)(F)F)ccc1C(=O)O,300.0,5.005,11.191566646246876,4.058064501257341,4.2488099075853825,4.058064501257341,acid
CC(=O)Oc1ccccc1C(=O)O,75.0,0.971,2.120150825747751,1.242168677167964,1.5723110642284155,1.242168677167964,acid
CC(=O)S[C@@H]1CC2=CC(=O)CC[C@]2(C)[C@H]2CC[C@@]3(C)[C@@H](CC[C@@]34CCC(=O)O4)[C@H]12,100.0,0.0474,0.0258548860889799,0.2895485672486669,0.13912065187469125,0.2895485672486669,neutral
CC(=O)[C@H]1CC[C@H]2[C@@H]3C=CC4=CC(=O)CC[C@@]4(C)[C@@H]3CC[C@]12C,10.0,0.00313,0.0468747480939832,0.01837827043745122,0.009980859467759728,0.01837827043745122,neutral
CC(=O)CCCCn1c(=O)c2c(ncn2C)n(C)c1=O,100.0,0.2720000000000001,1.890301192008388,0.7120210108211765,0.6195248104631901,0.7120210108211765,neutral
CC(=O)O[C@H](CC(=O)[O-])C[N+](C)(C)C,500.0,1.188,3.5070201720359475,3.0967943243114844,1.9368731882423162,3.0967943243114844,neutral
CC(=O)Nc1c(C)n(C)n(-c2ccccc2)c1=O,750.0,2.1,7.42881395823741,9.120301742665111,8.121602470055223,9.120301742665111,neutral
CC(=O)Nc1cccc(-n2c(=O)n(C3CC3)c(=O)c3c(Nc4ccc(I)cc4F)n(C)c(=O)c(C)c32)c1,2.0,0.0088999999999999,0.0055535760414939,0.0017589196820349917,0.006359598133713007,0.0029508221173935854,base
C=C(C)[C@@H]1CCC(C)=C[C@H]1c1c(O)cc(CCCCC)cc1O,200.0,0.153,0.4653431438789994,0.21027936567417446,0.2503940602764487,0.21027936567417446,acid
C=C(F)C(=O)N1CCN(c2nc(OC[C@@H]3CCCN3C)nc3c2CCN(c2cccc4cccc(Cl)c24)C3)C[C@@H]1CC#N,600.0,0.984,0.0508695158065544,0.6241599963195518,0.6830745376646519,0.2128845874992583,base
C=C/C=C/C[C@@H](C)[C@@H](O)[C@H]1C(=O)N[C@@H](CC)C(=O)N(C)CC(=O)N(C)[C@@H](CC(C)C)C(=O)N[C@@H](C(C)C)C(=O)N(C)[C@@H](CC(C)C)C(=O)N[C@@H](C)C(=O)N[C@H](C)C(=O)N(C)[C@@H](CC(C)C)C(=O)N(C)[C@@H](CC(C)C)C(=O)N(C)[C@@H](C(C)C)C(=O)N1C,18.07,0.032,0.0880479000850843,0.004604026546532328,0.026373180699301883,0.004604026546532328,neutral
C#CC1(O)CCC2C3CCC4=CC(=O)CCC4C3CCC21CC,0.3,0.0105,0.0013116786483579,0.0005770515802749706,0.002093381434679031,0.0005770515802749706,neutral
C#CC1(OC(N)=O)CCCCC1,1000.0,5.900000000000001,16.938069584854006,4.559084179675316,7.036169525235891,4.559084179675316,neutral
OCCN(CCO)c1nc(N2CCCCC2)c2nc(N(CCO)CCO)nc(N3CCCCC3)c2n1,25.0,0.375,0.136541953004208,0.05579624950929078,0.12208280386403203,0.08346463603911426,base
OCCN1CCN(CC/C=C2/c3ccccc3Sc3ccc(Cl)cc32)CC1,10.0,0.00441,0.0215681085267422,0.004850968419790456,0.0048221176257357,0.004850968419790456,neutral
OCCN1CCN(CCCN2c3ccccc3Sc3ccc(C(F)(F)F)cc32)CC1,12.0,0.0023,0.028851056880269,0.005907047493504349,0.0027910014032386243,0.005907047493504349,neutral
OCCN1C[C@H](O)[C@@H](O)[C@H](O)[C@H]1CO,50.0,1.297,0.1907130665257985,0.18781435036624033,0.35113333724439144,0.18781435036624033,neutral
OC[C@H]1NC[C@H](O)[C@@H](O)[C@H]1O,25.0,0.2105,0.0878044581174362,0.1385321674505027,0.17723580822348595,0.11283278329323998,base
C=CC(=O)Nc1cc(Nc2nccc(-c3cn(C)c4ccccc34)n2)c(OC)cc1N(C)CCN(C)C,80.0,0.05896,0.1149359419247629,0.15987222106119325,0.09477339684963226,0.13780985995680795,base
C=CC(N)CCC(=O)O,500.0,17.999999999999996,5.802858812205535,9.240354444728649,8.734846487641335,9.240354444728649,acid
C=CC1=C(C(=O)O)N2C(=O)[C@@H](NC(=O)/C(=N\O)c3csc(N)n3)[C@H]2SC1,100.0,0.88,2.419032575788179,0.9285430585762016,1.0773436166346073,0.9285430585762016,acid
C=C1CC[C@@]2(O)[C@H]3Cc4ccc(O)c5c4[C@@]2(CCN3CC2CC2)[C@H]1O5,18.06,0.0165,0.0670986118292145,0.010388201212163032,0.01266109199495986,0.010388201212163032,acid
C=CCC1(C(C)CCC)C(=O)NC(=O)NC1=O,244.2,2.01,1.8736883340233133,1.719076082741974,2.4674299160018562,1.719076082741974,neutral
C=C1CC[C@H](O)C/C1=C/C=C1\CCC[C@]2(C)[C@@H]([C@H](C)CCCC(C)(C)O)CC[C@@H]12,0.9,0.0231,0.0014030371547956,0.0024735060253297985,0.009325769171118737,0.0024735060253297985,neutral
C=CC(=O)N1CCC[C@@H](n2nc(-c3ccc(Oc4ccccc4)cc3)c3c(N)ncnc32)C1,140.0,0.00866,0.3025675444101801,1.0644346849431399,0.09175110841169953,0.6043458066427363,base
C=CC(=O)N1C[C@H](Nc2ncnc3[nH]ccc23)CC[C@@H]1C,50.0,0.2971,0.4391133172222333,0.10818931742049144,0.15977139119058847,0.2032173965291115,base
CC(C)C[C@H](CN)CC(=O)O,50.0,1.61,0.3088036159260526,0.7814936000817192,0.791050773113966,0.7814936000817192,acid
CC(C)C[C@H]1C(=O)N2CCC[C@H]2[C@]2(O)O[C@](NC(=O)[C@@H]3C=C4c5cccc6[nH]c(Br)c(c56)C[C@H]4N(C)C3)(C(C)C)C(=O)N12,5.0,0.00069,0.0144379263107062,0.0011527511255797437,0.0009657355258241296,0.0011527511255797437,neutral
CC(C)Cc1ccc(C(C)C(=O)O)cc1,292.6,31.000000000000004,13.945617032368208,14.258975377030417,14.354287303984167,14.258975377030417,acid
CC(C)Cc1ccc([C@H](C)C(=O)O)cc1,400.0,26.5,19.06441152714878,19.49278930557815,19.623085856437683,19.49278930557815,acid
CC(C)N(CCC(C(N)=O)(c1ccccc1)c1ccccn1)C(C)C,92.0,2.4,0.6966436888270084,0.5145657015195149,0.8592890277504921,0.5897219288218098,base
CC(C)N(CCCCOCC(=O)O)c1cnc(-c2ccccc2)c(-c2ccccc2)n1,0.1,0.00199,0.0002807074070559,0.0004705442900689266,0.0014344249852001668,0.0004705442900689266,acid
CC(C)=CCC/C(C)=C/CC/C(C)=C/CC[C@]1(C)CCc2cc(O)cc(C)c2O1,200.0,1.8181,0.4204997600184732,0.2656806184361564,0.6900591775774956,0.2656806184361564,acid
CC(C)=CCN1CCC2(C)c3cc(O)ccc3CC1C2C,100.0,0.045,0.1538007588779211,0.11442603438274826,0.07295407122001052,0.11442603438274826,acid
CC(C)CN(C[C@@H](O)[C@H](Cc1ccccc1)NC(=O)O[C@H]1CCOC1)S(=O)(=O)c1ccc(N)cc1,150.0,2.0,0.9502934970886232,0.2342898237430762,0.669948267750442,0.43994701452192003,base
CC(C)NCC(O)COc1cccc2ccccc12,224.0,0.16,0.1543116074213103,0.7763059710942449,0.3924277275800705,0.3752299344511493,base
CC(C)NCC1CCc2cc(CO)c([N+](=O)[O-])cc2N1,1000.0,1.85713,8.937476668489502,3.1110042898520347,2.6134024374186993,5.001981140911643,base
CC(C)[C@@H](C)/C=C/[C@@H](C)[C@H]1CC[C@H]2/C(=C/C=C3\C[C@@H](O)CC[C@@H]3C)CCC[C@]12C,1.0,0.0217999999999999,0.0023147073109533,0.008036120920589312,0.014000684954226017,0.008036120920589312,neutral
CC(C)[C@@H](C)[C@@]1(C)CC[C@]2(C)[C@H]3CC[C@@H]4[C@@]5(COC[C@@]4(C)[C@@H](OC[C@](C)(N)C(C)(C)C)[C@H](n4ncnc4-c4ccncc4)C5)C3=CC[C@@]2(C)[C@@H]1C(=O)O,300.0,0.29169,0.0595652457437642,0.4239356367187297,0.32247741473838687,0.4239356367187297,acid
CC(C)[C@@]1(NC(=O)[C@@H]2C[C@@H]3c4cccc5[nH]cc(c45)C[C@H]3N(C)C2)O[C@@]2(O)[C@@H]3CCCN3C(=O)[C@H](Cc3ccccc3)N2C1=O,18.0,0.00028,0.0674820868847802,0.015451119578366609,0.0004587488292600028,0.015451119578366609,neutral
CC(C)N(CCNC(=O)CN1CCCC1=O)C(C)C,400.0,2.7099999999999995,2.699311217717548,1.562910518247244,2.92052011936903,1.562910518247244,neutral
CC(C)N=c1cc2n(-c3ccc(Cl)cc3)c3ccccc3nc-2cc1Nc1ccc(Cl)cc1,200.0,0.21871,0.033095495030889,0.42104470638925207,0.22634242195636034,0.14266135894536788,base
CC(C)NCC(O)COc1ccc(CCOCC2CC2)cc1,10.0,0.0216,0.0243697377064829,0.02308982943931571,0.019456378649920225,0.02365725130855983,base
CC(C)(C(=O)c1cccnc1)c1cccnc1,750.0,3.7,5.648022625821408,4.7255285058483425,4.924255656078458,5.1203671837498685,base
CC(C)(C)C(=O)OCOC(=O)[C@@H]1N2C(=O)[C@@H](N=CN3CCCCCC3)[C@H]2SC1(C)C,200.0,0.0001099999999999,1.5504836625168192,0.76183647488856,0.0033617681765463203,0.76183647488856,neutral
CC(C)(C)C(O)/C=C/c1ccc2c(c1)OCO2,1000.0,6.6000000000000005,1.5405616083608211,2.0502369496512607,3.092347178608179,2.0502369496512607,neutral
CC(C)(C)NC(=O)N[C@H](C(=O)N1C[C@H]2[C@@H]([C@H]1C(=O)NC(CC1CCC1)C(=O)C(N)=O)C2(C)C)C(C)(C)C,400.0,0.5570000000000002,1.9490616372397251,0.4200377319415299,0.6266876123845577,0.4200377319415299,neutral
CC(C)(C)NC(=O)[C@@H]1CN(Cc2cccnc2)CCN1C[C@@H](O)C[C@@H](Cc1ccccc1)C(=O)N[C@H]1c2ccccc2C[C@H]1O,400.0,2.7498400000000003,1.9686220057230737,0.24464474312271114,0.7174268830567598,0.6252702841931468,base
CC(C)(C)NCC(O)COc1cccc2c1CCC(=O)N2,20.0,0.0459,0.1251556553407911,0.07894136106488289,0.07272315677255392,0.09713377129253177,base
CC(C(=O)O)c1ccc(C(=O)c2ccccc2)s1,300.0,40.1,11.513208844043811,14.068521377771583,29.13471758365631,14.068521377771583,acid
CC(C(=O)O)c1ccc(C(=O)c2cccs2)cc1,200.0,18.949999999999992,8.24372489604016,20.455438474291302,18.43123286962509,20.455438474291302,acid
CC(C(=O)O)c1ccc2c(c1)[nH]c1ccc(Cl)cc12,100.0,10.199999999999998,1.8877954379458064,6.948269037485004,8.242453634738922,6.948269037485004,acid
CC(C(=O)O)c1cccc(Oc2ccccc2)c1,60.0,6.199999999999999,1.251186107214023,3.892439387503365,3.469097837805748,3.892439387503365,acid
CC(C)(N)C(=O)N[C@H](Cc1c[nH]c2ccccc12)C(=O)N[C@H](Cc1c[nH]c2ccccc12)NC=O,71.4,0.0131,0.7202853434457847,0.06738695115735216,0.02127691732021049,0.19246073347411263,base
CC(C)(Oc1ccc(C(=O)c2ccc(Cl)cc2)cc1)C(=O)O,67.0,4.09,1.373711456970645,1.44144455984406,3.2499186657369137,1.44144455984406,acid
CC(C)(Oc1ccc(C2CC2(Cl)Cl)cc1)C(=O)O,100.0,23.999999999999996,1.9274664615458457,1.4275676121383192,2.09557693451643,1.4275676121383192,acid
CC(C)(Oc1ccc(CCNC(=O)c2ccc(Cl)cc2)cc1)C(=O)O,200.0,7.390000000000001,3.787619351125744,3.22259852633354,5.244474112987518,3.22259852633354,acid
CC(C)(C)NC[C@H](O)COc1ccccc1C1CCCC1,40.0,0.24547,0.0826064228092653,0.05190277292177716,0.06560934707522392,0.06397510768428127,base
CC(C)(C)[C@@H]1NC(=O)O[C@@H]2CCC[C@H]2OC/C=C/C(F)(F)c2nc3ccccc3nc2O[C@@H]2C[C@@H](C(=O)N[C@]3(C(=O)NS(=O)(=O)C4(C)CC4)C[C@H]3C(F)F)N(C2)C1=O,200.0,0.0645,0.4664083757690087,0.10607455958329867,0.08460381650365889,0.10607455958329867,acid
CC(C)(C)c1cc(C(C)(C)C)c(NC(=O)c2c[nH]c3ccccc3c2=O)cc1O,150.0,0.9944,0.5296453154495179,0.9980701566575193,0.5675062886439264,0.9980701566575193,acid
CC(C)(C)c1ccc(C(=O)CCCN2CCC(OC(c3ccccc3)c3ccccc3)CC2)cc1,10.0,0.00068,0.0011459120488013,0.011916598981611754,0.002413880138192326,0.011916598981611754,neutral
CC(C)(CCCCCC(O)CCCCCC(C)(C)C(=O)O)C(=O)O,2.5,0.106,0.0188433447269903,0.012029576864083116,0.02014618832617998,0.012029576864083116,acid
COC(=O)N[C@H](C(=O)N1CCC[C@H]1c1ncc(-c2ccc3c(c2)O[C@@H](c2ccccc2)n2c-3cc3cc(-c4cnc([C@@H]5CCCN5C(=O)[C@@H](NC(=O)OC)C(C)C)[nH]4)ccc32)[nH]1)C(C)C,50.0,0.10673,0.0066980329398089,0.30931701860870214,0.14956932282075286,0.08747081198325563,base
COC(=O)N[C@H](C(=O)N[C@@H](Cc1ccccc1)[C@@H](O)CN(Cc1ccc(-c2ccccn2)cc1)NC(=O)[C@@H](NC(=O)OC)C(C)(C)C)C(C)(C)C,400.0,2.25558,0.3511217735657002,0.42231266424476643,1.5705188736319542,0.38864649065813367,base
COC(=O)Nc1c(N)nc(-c2nn(Cc3ccccc3F)c3ncc(F)cc23)nc1N,1.25,0.062,0.0075260424506029,0.0064893475794417345,0.01791655202396214,0.006936902151116992,base
COC(=O)[C@H]1[C@@H](OC(=O)c2ccccc2)C[C@@H]2CC[C@H]1N2C,100.0,0.1149999999999999,0.6309843417753498,0.45030152522094774,0.19939732737839222,0.45030152522094774,neutral
COC(=O)Nc1nc2ccc(C(=O)c3ccccc3)cc2[nH]1,1000.0,0.031,4.71356065019775,13.605049692153493,0.6144323269836605,8.443882234121423,base
COC(=O)C1=C(C)NC(C)=C(C(=O)OCCN2CCN(C(c3ccccc3)c3ccccc3)CC2)C1c1cccc([N+](=O)[O-])c1,10.0,0.00351,0.0163578329950434,0.00144939080900005,0.002036053774645552,0.00418336822622001,base
COC(=O)N[C@H](C(=O)N1CCC[C@H]1c1nc2cc([C@H]3CC[C@H](c4cc5nc([C@@H]6CCCN6C(=O)[C@@H](NC(=O)OC)[C@@H](C)OC)[nH]c5cc4F)N3c3cc(F)c(N4CCC(c5ccc(F)cc5)CC4)c(F)c3)c(F)cc2[nH]1)[C@@H](C)OC,1.5,0.0001,0.0041392381378422,0.0017090303114133032,0.000344889318512287,0.002544641213316957,base
CONC(=O)Nc1ccc(-c2sc3c(c2CN(C)C)c(=O)n(-c2ccc(OC)nn2)c(=O)n3Cc2c(F)cccc2F)cc1,360.0,0.194,2.858698945289004,0.24915031473852295,0.31079279724508524,0.24915031473852295,neutral
CO[C@@H]1[C@@H](O[C@@H]2O[C@H](C)[C@@H](O[C@H]3C[C@@](C)(O)[C@@H](O)[C@H](C)O3)[C@H](N(C)C)[C@H]2O)[C@@H](CC=O)C[C@@H](C)[C@@H](O[C@H]2CC[C@H](N(C)C)[C@@H](C)O2)/C=C/C=C/C[C@@H](C)OC(=O)C[C@H]1O,1000.0,0.96,1.5314584324843816,1.0182696657291166,0.9048286592587829,1.0182696657291166,neutral
COC(=O)[C@H]1[C@H]2C[C@@H]3c4[nH]c5ccccc5c4CCN3C[C@H]2C[C@@H](OC(=O)c2cc(OC)c(OC)c(OC)c2)[C@@H]1OC,0.25,0.00017,0.0003954821344233,0.00036105503584240363,0.00019988782878499478,0.00036105503584240363,neutral
CO[C@H]1O[C@@H]2O[C@@]3(C)CC[C@H]4[C@H](C)CC[C@@H]([C@H]1C)[C@@]24OO3,100.0,0.042,0.5122191072264503,0.22756651284188883,0.08124907035380602,0.22756651284188883,neutral
COC(=O)c1ccc2c(c1)NC(=O)/C2=C(\Nc1ccc(N(C)C(=O)CN2CCN(C)CC2)cc1)c1ccccc1,50.0,0.00419,0.1056446459280004,0.25172813607862,0.01722280721878633,0.17031144723088995,base
COC12C[C@@H](CO)CN(C)C1Cc1c[nH]c3cccc2c13,30.0,0.03285,0.0928293088634351,0.0746948533216902,0.0455288530793041,0.0746948533216902,neutral
COC1=C(OC)C(=O)C(CCCCCCCCCCO)=C(C)C1=O,150.0,1.631,1.3597257998360066,0.8446899345256099,0.9548826841637492,0.8446899345256099,acid
COC1=CC(=O)C[C@@H](C)[C@]12Oc1c(Cl)c(OC)cc(OC)c1C2=O,125.0,1.1,1.9059532563731345,0.7807240406202677,0.7933626766316593,0.7807240406202677,acid
COC[C@H]1C[C@@H](c2ncc(-c3ccc4c(c3)COc3cc5c(ccc6nc([C@@H]7CC[C@H](C)N7C(=O)[C@@H](NC(=O)OC)C(C)C)[nH]c65)cc3-4)[nH]2)N(C(=O)[C@H](NC(=O)OC)c2ccccc2)C1,5.0,0.0224,0.0035286524087273,0.004879723190191815,0.010831048712134361,0.004217366546269586,base
CNCC[C@H](Oc1cccc2ccccc12)c1cccs1,30.0,0.03182,0.019650812087262,0.04697115841184082,0.03795848577283323,0.03173426362684126,base
CNCCc1c[nH]c2ccc(C[C@H]3COC(=O)N3)cc12,2.5,0.002,0.0127090092657536,0.005817814466443365,0.004216637171339244,0.008269289383595498,base
CNC[C@H](O)c1cccc(O)c1,20.0,0.00296,0.0713341589636299,0.043607721674648596,0.026339883916079998,0.043607721674648596,acid
CNNCc1ccc(C(=O)NC(C)C)cc1,300.0,0.561,1.7330952483808235,2.592507565870895,1.7444349825382233,2.1627987608096277,base
CNC(=O)c1cc(Oc2ccc(NC(=O)Nc3ccc(Cl)c(C(F)(F)F)c3)c(F)c2)ccn1,40.0,0.59914,0.1309263284580801,0.6401722674321644,0.434747077524662,0.31341906894794896,base
CNC(=O)c1cc(Oc2ccc(NC(=O)Nc3ccc(Cl)c(C(F)(F)F)c3)cc2)ccn1,50.0,0.46,0.1708875833644143,0.8564264437986102,0.5294724833220243,0.4146668010242642,base
CNC(=O)c1ccc(N2C(=S)N(c3cnc(C#N)c(C(F)(F)F)c3)C(=O)C23CCC3)cc1F,240.0,3.25,1.2811976672622023,2.004472824015996,2.9115354269742966,1.6388052916100595,base
CNC1(c2ccccc2Cl)CCCCC1=O,35.35,0.044,0.1555906231309659,0.250148757165259,0.099384512193501,0.20202337924355043,base
CNC1=Nc2ccc(Cl)cc2C(c2ccccc2)=[N+]([O-])C1,50.0,3.12,0.8830305395740254,0.44889285007355273,0.7122589740902185,0.6086498988527783,base
CNCCC(Oc1ccc(C(F)(F)F)cc1)c1ccccc1,20.0,0.02256,0.0116158406086268,0.037972653639755584,0.03876863745972514,0.022283418215760038,base
CNCCCC12CCC(c3ccccc31)c1ccccc12,75.0,0.02307,0.1470976791939868,0.08213253864516484,0.028734951774822548,0.10675937067294226,base
CNCCCC1c2ccccc2C=Cc2ccccc21,30.0,0.01374,0.0980729072769679,0.008017695096181618,0.014014466141816229,0.023493873965063243,base
CO/N=C1\C[C@]2(C[C@@H]3C[C@@H](C/C=C(\C)C[C@@H](C)/C=C/C=C4\CO[C@@H]5[C@H](O)C(C)=C[C@@H](C(=O)O3)[C@]45O)O2)O[C@H](/C(C)=C/C(C)C)[C@H]1C,3.0,0.0224,0.0054633529151072,0.006173816395850731,0.011006977641955018,0.006173816395850731,neutral
COC(=O)C1=C(C#N)NC(C)=C(C(=O)OC(C)C)C1c1cccc([N+](=O)[O-])c1,2.0,0.00148,0.0069913888198508,0.010360670178599856,0.002788223559036851,0.008679942971257515,base
COC(=O)C1=C(C)NC(C)=C(C(=O)OC(C)(C)CN(C)CCC(c2ccccc2)c2ccccc2)C1c1cccc([N+](=O)[O-])c1,10.0,0.003,0.0079316285677843,0.006748821231712999,0.00182178700924851,0.007257523055102527,base
COC(=O)C1=C(C)NC(C)=C(C(=O)OC(C)(C)CN(C)CCC(c2ccccc2)c2ccccc2)[C@@H]1c1cccc([N+](=O)[O-])c1,20.0,0.00168,0.0120221008195979,0.013497642463425998,0.00364357401849702,0.01281247469277506,base
COC(=O)C1=C(C)NC(C)=C(C(=O)OC(C)(C)CN(C)CCC(c2ccccc2)c2ccccc2)[C@H]1c1cccc([N+](=O)[O-])c1,20.0,0.00207,0.0120221008195979,0.013497642463425998,0.00364357401849702,0.01281247469277506,base
CN[C@@H](C)[C@H](O)c1ccccc1,50.0,0.1378,0.2483204669272431,0.1699324313069818,0.17887811409309506,0.20156149987746605,base
CN[C@]1(c2ccccc2Cl)CCCCC1=O,14.0,0.0083,0.061620048764739,0.09906881471891443,0.039360202848911285,0.08000925910635662,base
CNc1c(C)n(C)n(-c2ccccc2)c1=O,750.0,10.6,9.461863736563004,5.519584600584567,6.429062923416495,7.034577636852063,base
CO/N=C(\C(=O)N[C@@H]1C(=O)N2C(C(=O)O)=C(/C=C\c3scnc3C)CS[C@H]12)c1csc(N)n1,200.0,2.3000000000000003,1.5837713602475183,1.6478668601574245,1.7257018014788628,1.6478668601574245,acid
COc1ccc2c3c1O[C@H]1C(=O)CC[C@H]4[C@@H](C2)N(C)CC[C@]314,90.0,0.0606,0.4801398121925744,0.11261560918352186,0.08443255035672337,0.11261560918352186,neutral
COc1ccc2cc(CCC(C)=O)ccc2c1,500.0,0.56,1.219071197231895,1.4142384279760118,1.0697945253923535,1.4142384279760118,neutral
COc1ccc2cc([C@H](C)C(=O)O)ccc2c1,250.0,44.29999999999999,12.361793139796298,6.494560974049544,12.10837159305811,6.494560974049544,acid
COc1cccc(-c2c(C)n(Cc3c(F)cccc3C(F)(F)F)c(=O)n(C[C@H](NCCCC(=O)O)c3ccccc3)c2=O)c1F,25.0,0.0554999999999999,0.0043208629906371,0.07721875921036857,0.10212257038801908,0.07721875921036857,acid
COc1cccc(C2(O)CCCCC2CN(C)C)c1,100.0,0.29,0.3116776764924515,0.1163973258218374,0.18838749965652823,0.1163973258218374,neutral
COc1ccc(CNc2nc(N3CCC[C@H]3CO)ncc2C(=O)NCc2ncccn2)cc1Cl,50.0,1.206,0.8559845746954929,0.24756354690247742,0.4492310807108879,0.43265064480423404,base
COc1ccc(Cc2nccc3cc(OC)c(OC)cc23)cc1OC,80.0,0.1815,0.2396427253332349,0.15109405130212022,0.14165744185447693,0.18594733732616125,base
COc1ccc(OC)c(C(O)CN)c1,2.5,0.00565,0.0124577197457335,0.005983157294951439,0.005044778226874769,0.008322601141737114,base
COc1ccc(OC)c(C(O)CNC(=O)CN)c1,2.5,0.01165,0.0131331574558944,0.007491286233262347,0.0060135312378406525,0.00964433157661452,base
COc1ccc2[nH]cc(CCNC(C)=O)c2c1,2.0,0.00217,0.0150806443095074,0.004096048425927248,0.003685142146423459,0.004096048425927248,neutral
COc1ccc2c(c1)c(CC(=O)OCC(=O)O)c(C)n2C(=O)c1ccc(Cl)cc1,60.0,0.245,1.2664584929356215,0.7691011199353336,0.43058336712419987,0.7691011199353336,acid
COc1ccc2c(c1OC)C(=O)O[C@@H]2[C@H]1c2c(cc3c(c2OC)OCO3)CCN1C,100.0,0.129,0.4233702824252769,0.18470789231818427,0.16822466859593987,0.18470789231818427,neutral
COc1ccc2c3c1O[C@H]1C(=O)CC[C@@]4(O)[C@@H](C2)N(C)CC[C@]314,5.0,0.01,0.0290074889267345,0.007574611489902551,0.004896599566563964,0.007574611489902551,neutral
CSc1ccc(OCc2ncc([N+](=O)[O-])n2C)cc1,200.0,0.139,2.346438417901225,1.1735470914283925,0.40454077534377575,1.1735470914283925,neutral
CSc1ccc2c(c1)N(CCC1CCCCN1C)c1ccccc1S2,25.0,0.11083,0.0313843172012268,0.012809209756313068,0.030279174097813666,0.012809209756313068,neutral
COc1cccc(N2CCN(C3=Nc4c(F)cccc4[C@H](CC(=O)O)N3c3cc(C(F)(F)F)ccc3OC)CC2)c1,240.0,11.0,0.0129710704932515,0.23754487320381068,2.531607672572136,0.23754487320381068,acid
C[C@@H](C(=O)O)c1cccc(Oc2ccccc2)c1,600.0,10.8,10.889643667223485,38.92439387503365,34.69097837805748,38.92439387503365,acid
C[C@@H](CO)NC(=O)[C@@H]1C=C2c3cccc4[nH]cc(c34)C[C@H]2N(C)C1,0.2,0.00104,0.0013258283023208,0.00011823326322250646,0.0006360701750963927,0.00011823326322250646,neutral
C[C@@H](Cc1ccccc1)NC(=O)[C@@H](N)CCCCN,30.0,0.0156999999999999,0.148060081818518,0.12821023434694165,0.06657661870121956,0.13679007100043145,base
C[C@@H](Cc1ccccc1)NCCC(c1ccccc1)c1ccccc1,200.0,0.0092,0.3515565708578183,0.17332478982139318,0.06390167982317507,0.2382710200533467,base
COc1ccccc1Oc1c(NS(=O)(=O)c2ccc(C(C)(C)C)cc2)nc(-c2ncccn2)nc1OCCO,3.0,0.0386799999999999,0.0682029842041379,0.03492386593129389,0.037282115779817104,0.03492386593129389,acid
CS(=O)(=O)CCNCc1ccc(-c2ccc3ncnc(Nc4ccc(OCc5cccc(F)c5)c(Cl)c4)c3c2)o1,100.0,0.1149999999999999,0.0047295758578499,0.09548704806414125,0.11398626957088709,0.029994120909985704,base
CS(=O)(=O)OCCCCOS(C)(=O)=O,2.0,0.0322,0.0271819868208992,0.013693869439073613,0.013412527740001678,0.013693869439073613,neutral
CS(=O)(=O)c1ccc(C(=O)Nc2ccc(Cl)c(-c3ccccn3)c2)c(Cl)c1,150.0,2.47727,0.3013079583619338,2.4216332436022663,2.4937779642641544,0.9480131786619698,base
CSc1ccc(/C=C2/C(C)=C(CC(=O)O)c3cc(F)ccc32)cc1,150.0,2.6,0.9155085537177944,6.561445113832146,4.862579517066479,6.561445113832146,acid
COc1cc(Nc2c(C#N)cnc3cc(OCCCN4CCN(C)CC4)c(OC)cc23)c(Cl)cc1Cl,200.0,0.0169,0.5320382108967782,0.08728349150548806,0.03740753163583577,0.1968733502011202,base
COc1cc(Nc2ncc(F)c(Nc3ccc4c(n3)NC(=O)C(C)(C)O4)n2)cc(OC)c1OC,150.0,0.313,0.581746096687214,0.6432837831534429,0.6929042749106884,0.6148249694273616,base
COc1cc(OC)cc(N(CCNC(C)C)c2ccc3ncc(-c4cnn(C)c4)nc3c2)c1,4.0,0.138,0.0123757393713942,0.0029849569087390788,0.013367513194680214,0.005660736713711089,base
COc1cc([C@@H]2c3cc4c(cc3[C@@H](O[C@@H]3O[C@@H]5CO[C@@H](C)O[C@H]5[C@H](O)[C@H]3O)[C@H]3COC(=O)[C@H]23)OCO4)cc(OC)c1O,100.0,3.0,0.6249558003357316,0.4130558321249699,0.9127086028456688,0.4130558321249699,acid
COc1cc2c(cc1OC)CN(C(=O)[C@H](C)N[C@@H](CCc1ccccc1)C(=O)O)[C@H](C(=O)O)C2,15.0,0.0184,0.2028282184819885,0.06135338432477675,0.08279826957732439,0.06135338432477675,acid
COc1cc2c(cc1OC)[C@H]1C[C@@H](OC(=O)[C@@H](N)C(C)C)[C@H](CC(C)C)CN1CC2,1.0,0.00294,0.003187046334527,0.00019347842253204366,0.0006681213271804154,0.0005968294299289205,base
COc1c2occc2cc2ccc(=O)oc12,40.0,0.178,0.5246737274713498,0.3528041315065624,0.2834627218544483,0.3528041315065624,neutral
COc1cc(Br)c(C[N+]2(CCOCCC3CCC4CC3C4(C)C)CCOCC2)cc1OC,50.0,0.00171,0.0630945570821847,0.08679154932807738,0.011062583507737145,0.08679154932807738,neutral
COc1cc(C(C)=O)ccc1OCCCN1CCC(c2noc3cc(F)ccc23)CC1,4.0,0.00324,0.0312387903866641,0.008541205709461132,0.004349487833678722,0.008541205709461132,neutral
COc1cc(C(C)C)c(Oc2cnc(N)nc2N)cc1S(N)(=O)=O,10.0,0.0715,0.0863399895111388,0.059008756385749886,0.09735360741615295,0.059008756385749886,acid
COc1cc(C)c(/C=C/C(C)=C/C=C/C(C)=C/C(=O)O)c(C)c1C,50.0,0.245,0.2294159997879668,0.5034785729509325,0.21582539193332195,0.5034785729509325,acid
COc1cc(C)c(/C=C/C(C)=C/C=C/C(C)=C\C(=O)O)c(C)c1C,50.0,0.0206,0.2294159997879668,0.5034785729509325,0.21582539193332195,0.5034785729509325,acid
COc1cc(C)c2c(Oc3cccc(C(F)(F)F)c3)c(OC)cc(NC(C)CCCN)c2n1,200.0,0.13818,0.0200902321654255,0.2580283481018547,0.27864822186529636,0.08727715252008655,base
COc1ccc(-c2cc(=S)ss2)cc1,75.0,0.00096,0.2843769582247721,0.10971193314011267,0.01370508070976939,0.10971193314011267,neutral
COc1ccc(-c2sc3cc(O)ccc3c2Oc2ccc(OCCN3CCCCC3)cc2)cc1,10.0,0.0008,0.0172285158126787,0.0012676210288767994,0.00089333436335437,0.0012676210288767994,acid
COc1ccc(C(=O)Nc2ccccc2CCC2CCCCN2C)cc1,25.0,0.0608,0.0394305181604239,0.05972501607386406,0.07836325094103813,0.05972501607386406,neutral
COc1ccc(CC(C)NCC(O)c2ccc(O)c(NC=O)c2)cc1,0.17,9.399999999999995e-05,0.0008264688945441,0.00010374725805358141,8.756317431107164e-05,0.00010374725805358141,acid
COc1ccc(CCN2CCC(Nc3nc4ccccc4n3Cc3ccc(F)cc3)CC2)cc1,10.0,0.00074,0.0132004749540215,0.010887261144456015,0.003250732843298465,0.011873275716113865,base
COc1ccc(CCO[C@@H]2CCCC[C@H]2N2CC[C@@H](O)C2)cc1OC,240.0,0.4812,0.970180345231796,0.5469562604308829,0.5646315403282642,0.5469562604308829,neutral
COc1cc2nc(N(C)CCCNC(=O)C3CCCO3)nc(N)c2cc1OC,1.0,0.0026,0.0078294062024285,0.003582196368399196,0.00428491085767746,0.005092841211226963,base
CCS(=O)(=O)N1CC(CC#N)(n2cc(-c3ncnc4[nH]ccc34)cn2)C1,2.0,0.0246,0.0194741086955395,0.015191299418879332,0.01523300539702177,0.016987642914663596,base
CC[C@@H](CO)NCCN[C@@H](CC)CO,1200.0,2.9320000000000004,4.9204629340216455,6.718351030073492,4.787616245448589,5.839789118593415,base
CCOc1ccc(/C=C2\NCCc3cc(OCC)c(OCC)cc32)cc1OCC,40.0,0.12185,0.1281012463745076,0.05257665116573065,0.09873279370367527,0.0784937569403082,base
CCOc1ccccc1OC(c1ccccc1)C1CNCCO1,3.0,0.092,0.0202290919179683,0.013081998240052538,0.03188146557658911,0.01591695989450676,base
CCOc1ccccc1OCC1CNCCO1,100.0,1.5922999999999998,0.5412620243639857,0.5626822483236151,0.866489764302969,0.5529402042812989,base
CC[C@H](OC(C)=O)C(C[C@H](C)N(C)C)(c1ccccc1)c1ccccc1,40.0,0.063,0.110769277032022,0.08151998533862087,0.07394917774945498,0.08151998533862087,neutral
CC[C@H]1[C@@H]2C[C@H]3[C@@H]4N(C)c5ccccc5[C@]45C[C@@H](C2[C@H]5O)N3[C@@H]1O,50.0,0.018,0.2631571405249759,0.08134537078554353,0.05678829038515687,0.08134537078554353,neutral
CC[C@]12C=CCN3CC[C@@]4(c5cc([C@@]6(C(=O)OC)C[C@@H]7C[C@@H](C(C)(F)F)C[N@](Cc8c6[nH]c6ccccc86)C7)c(OC)cc5N(C)[C@H]4[C@@](O)(C(=O)OC)[C@@H]1OC(C)=O)[C@@H]32,207.6,0.235,0.2973864350792,0.05536503434540853,0.18920940994285046,0.05536503434540853,neutral
CC[N+](C)(C)Cc1ccccc1Br,100.0,0.0357,0.3039809432238323,0.13301968367115008,0.08497347589582205,0.13301968367115008,neutral
CC[N+](C)(CC)CCOC(=O)C1c2ccccc2Oc2ccccc21,100.0,0.0251,0.2785472597202629,0.17686039725096137,0.05557734984904528,0.17686039725096137,neutral
CC[C@@H](c1cccc(O)c1)[C@@H](C)CN(C)C,86.0,0.0733999999999999,0.2838143376884585,0.12725447100494908,0.07994440163020045,0.12725447100494908,acid
CC[C@@H]1/C=C(\C)C[C@H](C)C[C@H](OC)[C@H]2O[C@@](O)(C(=O)C(=O)N3CCCC[C@H]3C(=O)O[C@H](/C(C)=C/[C@@H]3CC[C@H](Cl)[C@H](OC)C3)[C@H](C)[C@@H](O)CC1=O)[C@H](C)C[C@@H]2OC,15.0,0.0412,0.013049509857983,0.043716590561690756,0.1130536780692637,0.043716590561690756,neutral
CC[C@H](C)C(=O)O[C@H]1C[C@@H](C)C=C2C=C[C@H](C)[C@H](CC[C@@H](O)C[C@@H](O)CC(=O)O)[C@H]21,80.0,0.00466,1.226341989569944,0.06583760760481684,0.009508947841823101,0.06583760760481684,acid
CC[C@H](C)C(=O)O[C@H]1C[C@@H](C)C=C2C=C[C@H](C)[C@H](CC[C@@H]3C[C@@H](O)CC(=O)O3)[C@H]21,80.0,0.0060699999999999,0.0545901916037773,0.02195538406976748,0.009834953816607594,0.02195538406976748,neutral
CCNC(C)Cc1cccc(C(F)(F)F)c1,58.0,0.0624,0.2300872116082275,0.06376692741791756,0.051456570508889854,0.11360021062571518,base
CCNCC(O)c1cccc(O)c1,20.0,0.0185,0.0679147040474035,0.02044159424782473,0.011734884465113282,0.02044159424782473,acid
CCNCCc1ccc(CN(CC)c2cc(OC)ccc2[C@@H]2CCc3cc(O)ccc3C2)cc1,1.0,6.000000000000007e-05,0.0013313733166932,0.00016966874990993823,8.595371764386073e-05,0.00016966874990993823,acid
CCNCc1cc(Nc2ccnc3cc(Cl)ccc23)ccc1O,200.0,0.051,0.0542656514173898,0.2708042086446139,0.08436755160801113,0.13137016173646,base
CCN[C@@H](C)Cc1cccc(C(F)(F)F)c1,30.0,0.0273,0.1190106266947889,0.03298289349202633,0.0266154675045982,0.058758729634185686,base
CCOC(=O)C1(c2ccccc2)CCN(CCC(C#N)(c2ccccc2)c2ccccc2)CC1,5.0,0.0095,0.0161283146894191,0.0015604063408538543,0.004496110486797988,0.0015604063408538543,neutral
CCOC(=O)C1=C(C)NC(C)=C(C(=O)OC)C1c1cccc(Cl)c1Cl,5.0,0.00553,0.0132045020230116,0.014106235382629874,0.005027414299547672,0.013693076418095137,base
CCN(CC)Cc1ccc2cc(COC(=O)Nc3ccc(C(=O)NO)cc3)ccc2c1,50.0,0.0529999999999999,0.160502149086744,0.13830604759579287,0.08356261532753706,0.13830604759579287,neutral
CCN(CCO)CCCC(C)Nc1ccnc2cc(Cl)ccc12,155.0,0.046,0.0748825738970812,0.14702479605762755,0.08533680200343952,0.10852659211966414,base
CCN1C(=O)N[C@@H](c2ccccc2)C1=O,1000.0,29.879999999999995,8.106719841585772,18.275015249777372,15.530241653323174,18.275015249777372,neutral
CCN1C(=O)N[C@H](c2ccccc2)C1=O,1000.0,26.07,8.106719841585772,18.275015249777372,15.530241653323174,18.275015249777372,neutral
CCN1CCCC1CNC(=O)c1cc(S(=O)(=O)CC)c(N)cc1OC,200.0,0.671,1.611123550241484,1.8086670473346746,1.1908459477126598,1.716940420636282,base
CCN1CCCC1CNC(=O)c1cc(S(=O)(=O)CC)ccc1OC,50.0,0.33,0.895647801721837,0.5093531725772072,0.3394925966858864,0.5093531725772072,neutral
CCN1CCCC1CNC(=O)c1cc(S(N)(=O)=O)ccc1OC,100.0,0.0884,1.0202334792728156,1.169567016782844,0.4793840926140547,1.169567016782844,acid
CCN1CCC[C@H]1CNC(=O)c1c(OC)ccc(Br)c1OC,20.0,0.40469,0.203027040040699,0.06681449057337101,0.11128340847790241,0.06681449057337101,neutral
CCN1CCN(Cc2ccc(Nc3ncc(F)c(-c4cc(F)c5nc(C)n(C(C)C)c5c4)n3)nc2)CC1,200.0,0.102,0.4265652274387959,0.1342241246771588,0.1445097615942359,0.2258396914117991,base
CCOC(=O)[C@H](CCc1ccccc1)N[C@@H](C)C(=O)N1Cc2ccccc2C[C@H]1C(=O)O,40.0,0.579,0.4583787390864422,0.12923077395860705,0.28466319665312767,0.12923077395860705,acid
CCOC(=O)[C@H](CCc1ccccc1)N[C@@H](C)C(=O)N1[C@H](C(=O)O)C[C@H]2CCCC[C@@H]21,1.0,0.00157,0.0026600739640583,0.0032822340612030008,0.0031972385477274656,0.0032822340612030008,acid
CCOC(=O)[C@H](CCc1ccccc1)N[C@H]1CCCN2CCC[C@@H](C(=O)O)N2C1=O,0.5,0.017,0.0015884491998836,0.002480090433586241,0.004749871790409088,0.002480090433586241,acid
CCOC(=O)c1ncn2c1CN(C)C(=O)c1cc(F)ccc1-2,30.0,0.24683,0.5263908572226432,0.12163374002237055,0.1745756110176444,0.12163374002237055,neutral
CCOCCn1c(N2CCCN(C)CC2)nc2ccccc21,2.0,0.002,0.0099363578979041,0.0021061995528625014,0.0020373936276882887,0.0021061995528625014,neutral
CCO[C@H](COc1ccc(C(F)(F)F)cc1)CSc1ccc(OCC(=O)O)c(C)c1,10.0,0.0719,0.0716195431903592,0.1541050455904814,0.0797143392264843,0.1541050455904814,acid
CCO[C@H]1CCN(Cc2c(OC)cc(C)c3[nH]ccc23)[C@H](c2ccc(C(=O)O)cc2)C1,100.0,2.132,0.023808615131805,0.2546467563062263,0.7442754227668047,0.2546467563062263,acid
CCOC(=O)[C@H](CCc1ccccc1)N[C@H]1CCc2ccccc2N(CC(=O)O)C1=O,10.0,0.13541,0.0228677600034804,0.0469197537719046,0.10359923355281353,0.0469197537719046,acid
CCOC(=O)C1=C[C@@H](OC(CC)CC)[C@H](NC(C)=O)[C@@H](N)C1,20.0,0.0115,0.0730769354467708,0.0892867761886603,0.030663951765745878,0.08158946310686721,base
CCOC(=O)[C@@H](N)Cc1ccc(-c2cc(O[C@H](c3ccc(Cl)cc3-n3ccc(C)n3)C(F)(F)F)nc(N)n2)cc1,500.0,0.0044,0.0396509044502251,1.528597676191038,0.053201332775643095,0.44111029267110674,base
CCOC(=O)[C@H](CCc1ccccc1)N[C@@H](C)C(=O)N1Cc2cc(OC)c(OC)cc2C[C@H]1C(=O)O,15.0,0.0782,0.1668008054607615,0.03728725800035429,0.06574035622179508,0.03728725800035429,acid
CN1C(=O)OC(C)(C)C1=O,65.3,1.04,1.0245768195772145,0.6466898333752681,0.9828880020417272,0.6466898333752681,neutral
CN1C(C(=O)Nc2ccccn2)=C(O)c2sccc2S1(=O)=O,10.0,1.5,0.0917903003315355,0.49463752643360537,0.5302783474326134,0.23180160558983703,base
CN1CCC(=C2c3ccccc3CC(=O)c3sccc32)CC1,2.0,0.0002699999999999,0.0063675647484631,0.0023690358721579216,0.001023370074108243,0.0023690358721579216,neutral
CN1CCC(=C2c3ccccc3CCc3cccnc32)CC1,2.0,0.0014,0.0054239133674609,0.0017491498361123514,0.0018663284135982394,0.002910687577996373,base
CN1CCC(COc2cnc(-c3cccc(Cn4nc(-c5cccc(C#N)c5)ccc4=O)c3)nc2)CC1,500.0,0.487,0.6021125992272311,1.1476957563025276,1.0634249774739146,0.8585383480344487,base
CN1CCCC(n2nc(Cc3ccc(Cl)cc3)c3ccccc3c2=O)CC1,2.0,0.00102,0.0086365773612019,0.0035824939492648004,0.0027610601391643286,0.0035824939492648004,neutral
CN1CCCCC1CCN1c2ccccc2Sc2ccc(S(C)(=O)=O)cc21,25.0,0.03171,0.1214473931460075,0.08009049765952767,0.07776485872454941,0.08009049765952767,neutral
CN1CCC(=C2c3ccccc3C=Cc3ccccc32)CC1,8.0,0.03,0.0302501207223446,0.003996969279944398,0.006081502418965101,0.003996969279944398,neutral
CN(Cc1cc(Br)cc(Br)c1N)C1CCCCC1,8.0,0.0246,0.0174945604580332,0.007595278371453307,0.010087525472044945,0.011056187585815395,base
CN(Cc1cnc2nc(N)nc(N)c2n1)c1ccc(C(=O)N[C@@H](CCC(=O)O)C(=O)O)cc1,5.0,0.0919,0.0463619248937831,0.08098214107345941,0.07941300980746746,0.08098214107345941,acid
CN1C(=O)C(O)N=C(c2ccccc2Cl)c2cc(Cl)ccc21,1.0,0.00565,0.011163961697238,0.014449267425120076,0.011712745763361454,0.014449267425120076,neutral
CN1C(=O)CC(C)(c2ccccc2)C1=O,300.0,1.62808,2.5573972464578087,2.672978203673089,2.042796788737178,2.672978203673089,neutral
CN1C(=O)CCS(=O)(=O)C1c1ccc(Cl)cc1,200.0,2.75,1.5541454487059354,0.6122610001836986,1.0795406065881252,0.6122610001836986,neutral
CN1CCN(CCCN2c3ccccc3Sc3ccc(Cl)cc32)CC1,5.0,0.00026,0.01431743854388,0.0017079145790931363,0.0008854115003487095,0.0017079145790931363,neutral
CN1CCOC(c2ccccc2)c2ccccc2C1,20.0,0.01229,0.0698494999836683,0.020731725282526415,0.025471250992268324,0.020731725282526415,neutral
CN1CC[C@]23c4c5ccc(O)c4O[C@H]2C(=O)CC[C@@]3(O)[C@H]1C5,5.0,0.0011,0.0383749621620976,0.007285575716474423,0.0038186434539966285,0.007285575716474423,acid
CN1CC[C@]23c4c5ccc(O)c4O[C@H]2C(=O)CC[C@H]3[C@H]1C5,4.0,0.01295,0.0200354190644763,0.004925430963680366,0.006215761881321669,0.004925430963680366,acid
CN1CC[C@]23c4c5ccc(OCCN6CCOCC6)c4O[C@H]2[C@@H](O)C=C[C@H]3[C@H]1C5,60.0,0.0312,0.2767746128569257,0.048225964429125134,0.05043893703259528,0.048225964429125134,neutral
CN1C[C@H](C(=O)N[C@]2(C)O[C@@]3(O)[C@@H]4CCCN4C(=O)[C@H](Cc4ccccc4)N3C2=O)C=C2c3cccc4[nH]cc(c34)C[C@H]21,2.0,0.00036,0.0116850912925199,0.000557226289407579,0.0005554411327466369,0.000557226289407579,neutral
CN1[C@@H]2CC[C@H]1C[C@@H](OC(=O)c1c[nH]c3ccccc13)C2,5.0,0.00346,0.0200307593424348,0.004329648100632999,0.005702474736608565,0.004329648100632999,neutral
CN1[C@@H]2C[C@@H](OC(=O)[C@H](CO)c3ccccc3)C[C@H]1[C@@H]1O[C@@H]12,0.4,0.00049,0.0040830527815413,0.00022733234481772105,0.00036167046055197717,0.00022733234481772105,neutral
CN1CCCCC1CCN1c2ccccc2Sc2ccc([S+](C)[O-])cc21,25.0,0.16854,0.0906860748594838,0.028764947454441626,0.07686344906687737,0.028764947454441626,neutral
CN1CCCN=C1/C=C/c1cccs1,750.0,0.0375599999999999,2.906185750073673,1.0212608101240002,0.19171702297171578,1.0212608101240002,neutral
CN1CCC[C@@H]1CCO[C@](C)(c1ccccc1)c1ccc(Cl)cc1,2.0,0.0011499999999999,0.0040603874211229,0.003291760539837458,0.001911034109070897,0.003291760539837458,neutral
CN1CCN(C(=O)O[C@H]2c3nccnc3C(=O)N2c2ccc(Cl)cn2)CC1,1.5,0.01808,0.0180733120587115,0.0054687031267923805,0.009197278646752238,0.009364905033010231,base
CN1CCN(CC/C=C2/c3ccccc3Sc3ccc(S(=O)(=O)N(C)C)cc32)CC1,20.0,0.0272,0.164173157962375,0.03708700903482924,0.016460649203509092,0.03708700903482924,neutral
CN(C)C(=O)N[C@H]1CC[C@H](CCN2CCN(c3cccc(Cl)c3Cl)CC2)CC1,1.5,0.00088,0.005046204352481,0.002990011004855507,0.0019731480279006064,0.002990011004855507,neutral
CN(C)C(=O)Oc1ccc[n+](C)c1,120.0,0.052,1.464773631172026,0.4462854386061654,0.15878005418926477,0.7618750040067815,base
CN(C)C(=O)Oc1cccc([N+](C)(C)C)c1,30.0,0.00575,0.2544786138688804,0.07526536295429369,0.027372316690161824,0.07526536295429369,neutral
CN(C)C(=O)c1cc2cnc(Nc3ccc(N4CCNCC4)cn3)nc2n1C1CCCC1,400.0,0.3169999999999999,3.404156853645929,0.4834457867821879,0.5131331272423267,1.1635782164549788,base
CN(C)C/C=C(/c1ccc(Br)cc1)c1cccnc1,100.0,0.09825,0.0967882793854377,0.23905211682784389,0.12692958116531372,0.15914433096828431,base
CN(C)CC/C=C1/c2ccccc2COc2ccc(CC(=O)O)cc21,5.0,0.06998,0.031115118556989,0.061153923176140115,0.06133605260401964,0.061153923176140115,acid
CN(C)CCC(c1ccc(Br)cc1)c1ccccn1,9.46,0.01123,0.0228945131295943,0.01782058627847825,0.020484718838706614,0.019947396889161965,base
CN(C)CCC(c1ccc(Cl)cc1)c1ccccn1,8.0,0.01736,0.0280522301847106,0.013172059645871731,0.01799442060291767,0.018509507191643296,base
CN(C)CCC(c1ccccc1)c1ccccn1,30.5,0.2235,0.1330566773390708,0.04809096820947223,0.08515904867090285,0.07602412665438388,base
CCc1cc2c(cc1N1CCC(N3CCOCC3)CC1)C(C)(C)c1[nH]c3cc(C#N)ccc3c1C2=O,600.0,0.103,2.033098481556832,1.4653889001351956,0.5832971655763686,1.4653889001351956,neutral
CCc1cc2c(s1)N(C)C(=O)CN=C2c1ccccc1Cl,5.0,0.1788,0.0357451321706774,0.009665066799811375,0.031277688685804605,0.009665066799811375,neutral
CCn1c(=O)c2c(nc(/C=C/c3ccc(OC)c(OC)c3)n2C)n(CC)c1=O,40.0,0.1811,0.2792843841364236,0.1874252133415258,0.23587454110383987,0.1874252133415258,neutral
CCn1cc(C(=O)O)c(=O)c2cc(F)c(N3CCNCC3)nc21,200.0,1.22,2.6182467166378247,2.929179111943797,1.4599522575736046,2.929179111943797,acid
CCn1cc(C(=O)O)c(=O)c2ccc(-c3ccncc3)cc21,300.0,4.53,16.39196030432467,6.676969292044391,7.612671889364719,6.676969292044391,acid
CCn1cc(C(=O)O)c(=O)c2ccc(C)nc21,1000.0,30.600000000000005,47.91720761625744,19.071287386190516,21.424857899546623,19.071287386190516,acid
CN(C)S(=O)(=O)c1ccc2c(c1)N(CCCN1CCC(CCO)CC1)c1ccccc1S2,10.0,0.01,0.0431327101756793,0.007931793253776541,0.006775222718715668,0.007931793253776541,neutral
CN(C)[C@@H]1C(O)=C(C(=O)NCNCCCC[C@H](N)C(=O)O)C(=O)[C@@]2(O)C(O)=C3C(=O)c4c(O)cccc4[C@@](C)(O)[C@H]3C[C@@H]12,300.0,2.13,2.4804250860756327,0.05451193290935253,0.7676491281017661,0.05451193290935253,acid
CN(C)[C@@H]1C(O)=C(C(N)=O)C(=O)[C@@]2(O)C(O)=C3C(=O)c4c(O)cccc4[C@@](C)(O)[C@H]3C[C@@H]12,300.0,2.5,3.488187031012768,1.2105717861498886,2.5805418379604816,1.2105717861498886,acid
CN(C)CCC=C1c2ccccc2C=Cc2ccccc21,2.5,0.0021,0.0069728956391292,0.0018441410152333095,0.0014329947589430958,0.0018441410152333095,neutral
CN(C)c1ccc2nc3ccc(N(C)C)cc3[s+]c2c1,500.0,3.5715100000000004,0.1252734124710663,0.6080299630717179,0.9782869601622224,0.29867250764176345,base
CN(C)c1nc(N(C)C)nc(N(C)C)n1,200.0,0.277,1.7515134457989454,0.6631033169755312,0.6553277373313904,1.0266105528869915,base
CN(C/C=C/C#CC(C)(C)C)Cc1cccc2ccccc12,125.0,0.5650000000000002,0.3126177691068896,0.033721835024041226,0.12228482228238136,0.033721835024041226,neutral
CN(CC(=O)O)C(=N)N,5000.0,102.09999999999997,11.659932534097932,74.31830922128353,68.24050564318895,74.31830922128353,acid
CN(CCN1CCC(OC(=O)Nc2ccccc2-c2ccccc2)CC1)C(=O)c1ccc(CN2CCC(C(N)=O)CC2)cc1,0.2,0.00013,0.0003154870519549,0.00019212851338613147,0.0001748611219227314,0.00019212851338613147,neutral
CN(CCO)CC(O)Cn1cnc2c1c(=O)n(C)c(=O)n2C,150.0,0.615,0.4754461426970442,0.7736968887195161,0.6193323992192745,0.7736968887195161,neutral
CN(C)CCC=C1c2ccccc2CCc2ccccc21,10.0,0.00596,0.0180149838720253,0.004667766320096956,0.0059208739548921585,0.004667766320096956,neutral
CN(C)CCC=C1c2ccccc2COc2ccccc21,3.0,0.00059,0.0056646358198597,0.0027899832973103797,0.0017683346522971988,0.0027899832973103797,neutral
CN(C)CCCN1c2ccccc2Sc2ccc(Cl)cc21,25.0,0.00431,0.0778966084640636,0.011433820967562241,0.010947821283480152,0.011433820967562241,neutral
CN(C)CCOC1=Cc2ccccc2Sc2ccc(Cl)cc21,25.0,0.0059,0.062648724590171,0.01524511100444106,0.011646868370007724,0.01524511100444106,neutral
CN(C)CCOc1ccc(/C(=C(/CCCl)c2ccccc2)c2ccccc2)cc1,120.0,0.63,0.1463208631711886,0.14229314842322235,0.22632539737969637,0.14229314842322235,neutral
