canonical_smiles,name,log_vdss,ik14
O=C1[O][Pt]2(<-[NH2][C@@H]3CCCC[C@H]3[NH2]->2)[O]C1=O,Oxaliplatin,-0.2028467382843445,
C#Cc1cccc(Nc2ncnc3cc(OCCOC)c(OCCOC)cc23)c1,Erlotinib,0.5203899448766429,AAKJLRGGTJKAMG
CN1C(=O)CN=C(c2ccccc2)c2cc(Cl)ccc21,Diazepam,-0.045757490560675115,AAOVKJBEBIDNHE
C[C@]12CCC(=O)C=C1CC[C@H]1[C@@H]3CC[C@](O)(C(=O)CO)[C@@]3(C)C[C@H](O)[C@@]12F,Fludrocortisone,0.08432088570003587,AAXVEMMRQDVLJB
COc1cc2c(cc1OC)CC(=O)N(CCCN(C)C[C@H]1Cc3cc(OC)c(OC)cc31)CC2,Ivabradine,0.1549019599857432,ACRHBAYQBXXRTO
COC1=C(OC)C(=O)C(C/C=C(\C)CC/C=C(\C)CC/C=C(\C)CC/C=C(\C)CC/C=C(\C)CC/C=C(\C)CC/C=C(\C)CC/C=C(\C)CC/C=C(\C)CCC=C(C)C)=C(C)C1=O,Ubidecarenone,1.3096301674258988,ACTIUHUUMQJHFO
CO[C@@H]1[C@@H](O[C@@H]2O[C@H](C)[C@@H](O[C@H]3C[C@@](C)(O)[C@@H](O)[C@H](C)O3)[C@H](N(C)C)[C@H]2O)[C@@H](CC=O)C[C@@H](C)[C@@H](O[C@H]2CC[C@H](N(C)C)[C@@H](C)O2)/C=C/C=C/C[C@@H](C)OC(=O)C[C@H]1O,Spiramycin,0.6320232147054056,ACTOXUHEUCPTEW
CCCCC(=O)N(Cc1ccc(-c2ccccc2-c2nn[nH]n2)cc1)[C@H](C(=O)O)C(C)C,Valsartan,-0.6146491186359829,ACWBQPMHZXGDFX
Cn1cnc2c(F)c(Nc3ccc(Br)cc3F)c(C(=O)NOCCO)cc21,Binimetinib,0.11868978733129842,ACWZRVQXLIRSDF
NC1CC1c1ccccc1,Tranylcypromine,0.5314789170422551,AELCINSCMGFISI
CCc1cc(C(N)=S)ccn1,Ethionamide,0.1257135708582609,AEOCXXJPGCBFJA
CC[C@@H](CO)NCCN[C@@H](CC)CO,Ethambutol,0.03685693132534364,AEUTYOVWOVBAKS
Cn1c(=O)oc2ccc(-c3ccc(C[C@@H](C#N)NC(=O)[C@@H]4CNCCCO4)cc3)cc21,Brensocatib,0.2947810463869797,AEXFXNFMSAAELR
CSc1ccc(C(=O)/C=C/c2cc(C)c(OC(C)(C)C(=O)O)c(C)c2)cc1,Elafibranor,1.8298549080343085,AFLFKFHDSCQHOL
[89Sr+2].[Cl-].[Cl-],Strontium chloride Sr-89,-0.01902323731343038,AHBGXTDRMVNFER
CN(C)[C@@H]1C(O)=C(C(=O)NCNCCCC[C@H](N)C(=O)O)C(=O)[C@@]2(O)C(O)=C3C(=O)c4c(O)cccc4[C@@](C)(O)[C@H]3C[C@@H]12,Lymecycline,0.17609125905568124,AHEVKYYGXVEWNO
CC(=O)c1c(C)c2cnc(Nc3ccc(N4CCNCC4)cn3)nc2n(C2CCCC2)c1=O,Palbociclib,1.5670263661590604,AHJRHEGDXFFMBM
CN1CCC(COc2cnc(-c3cccc(Cn4nc(-c5cccc(C#N)c5)ccc4=O)c3)nc2)CC1,Tepotinib,-0.2653144433974467,AHYMHWXQRWRBKT
COc1cc(N2CCC(N3CCN(C)CC3)CC2)ccc1Nc1ncc(Cl)c(Nc2ccccc2P(C)(C)=O)n1,Brigatinib,0.33959339080334194,AILRADAXUVEEIR
CCCCCCCN(CC)CCCC(O)c1ccc(NS(C)(=O)=O)cc1,Ibutilide,1.0413926851582251,ALOBUEHUHMBRLE
O=C(NCC(O)CO)c1c(I)c(C(=O)NCC(O)CO)c(I)c(N(CCO)C(=O)CO)c1I,Ioversol,-0.585026652029182,AMDBBAQNWSUWGN
CNS(=O)(=O)CCc1ccc2[nH]cc(C3CCN(C)CC3)c2c1,Naratriptan,0.3853508813640171,AMKVXSZCKVJAGH
C[N+]1(C)CCC(OC(=O)C(O)(c2ccccc2)C2CCCC2)C1,Glycopyrronium,0.1903316981702915,ANGKOCUUWGHLCE
CC(=O)N[C@H](CSSC[C@H](N)C(=O)O)C(=O)N[C@H](C)C(=O)N[C@H](CCCNC(=N)N)C(=O)N[C@H](CCCNC(=N)N)C(=O)N[C@H](CCCNC(=N)N)C(=O)N[C@H](C)C(=O)N[C@H](CCCNC(=N)N)C(N)=O,Etelcalcetide,1.0558150277234122,ANIAZGVDEUQPRI
O=c1cccc2n1C[C@@H]1CNC[C@H]2C1,Cytisine,0.7923916894982539,ANJTVLIZGCUXLD
O=C1OC(OC(=O)c2cccnc2Nc2cccc(C(F)(F)F)c2)c2ccccc21,Talniflumate,-0.9208187539523752,ANMLJLFWUCQGKZ
CC[C@@H](C(N)=O)N1C[C@H](C=C(F)F)CC1=O,Seletracetam,-0.22184874961635637,ANWPENAPCIFDSZ
COc1cccc2c1C(=O)c1c(O)c3c(c(O)c1C2=O)C[C@@](O)(C(=O)CO)C[C@@H]3O[C@H]1C[C@H](N)[C@@H](O)[C@H](C)O1,Epirubicin,1.3222192947339193,AOJJSUZBOXZQNB
CC(C)NCC(O)COc1cccc2ccccc12,Propranolol,0.6020599913279624,AQHHHDLHHXJYJD
CCNC(=O)CCC/C=C\C[C@@H]1[C@@H](/C=C/[C@@H](O)CCc2ccccc2)[C@H](O)C[C@@H]1O,Bimatoprost,-0.17392519729917355,AQOKCDNYWBIDND
C=CCOc1ccc(CC(=O)O)cc1Cl,Alclofenac,-1.0,ARHWPKZXBHOEEE
Cc1cn2nc(-c3cc(=O)n4cc(N5CCNC6(CC6)C5)ccc4n3)cc(C)c2n1,Risdiplam,0.7993405494535817,ASKZRYGFUPSJPN
O=C(O[C@H]1C[N+]2(CCCOc3ccccc3)CCC1CC2)C(O)(c1cccs1)c1cccs1,Aclidinium,0.6320232147054056,ASMXXROZKSBQIH
Cc1c(Cl)c(C)[n+]([O-])c(Cl)c1-c1noc(-c2cc(O)c(O)c([N+](=O)[O-])c2)n1,Opicapone,-0.38270004211530073,ASOADIZOVZTJSR
COc1ccc2c3c1O[C@H]1C[C@@H](O)C=C[C@@]31CCN(C)C2,Galantamine,0.3979400086720376,ASUTZQLVASHGKV
C[C@@H](O[C@H]1OCCN(Cc2n[nH]c(=O)[nH]2)[C@H]1c1ccc(F)cc1)c1cc(C(F)(F)F)cc(C(F)(F)F)c1,Aprepitant,0.0,ATALOFNDEOCMKK
CC(=O)[C@H]1CC[C@H]2[C@@H]3CC[C@H]4C[C@H](O)CC[C@]4(C)[C@H]3CC[C@]12C,Brexanolone,0.47712125471966244,AURFZBICLPNKBZ
N[C@@H](Cc1cc(I)c(Oc2ccc(O)c(I)c2)c(I)c1)C(=O)O,Liothyronine,-0.8239087409443188,AUYYCJSJGJYCDS
C[C@@H](O)[C@H]1C(=O)N2C(C(=O)O)=C(S[C@@H]3CN[C@H](CNS(N)(=O)=O)C3)[C@H](C)[C@H]12,Doripenem,-0.619788758288394,AVAACINZEOAHHE
C[N+](C)(C)CCOC(=O)CCC(=O)OCC[N+](C)(C)C,Succinylcholine,-2.2518119729937998,AXOIZCJOOAYSMI
CC(C)(NC(=O)C1=C(O)[C@@H]2Oc3c(O)ccc4c3[C@@]23CCN(CC2CC2)[C@H](C4)[C@]3(O)C1)c1nc(-c2ccccc2)no1,Naldemedine,0.3452336581560347,AXQACEQYCPKDMV
COC(=O)N[C@H](C(=O)N[C@@H](Cc1ccccc1)[C@@H](O)CN(Cc1ccc(-c2ccccn2)cc1)NC(=O)[C@@H](NC(=O)OC)C(C)(C)C)C(C)(C)C,Atazanavir,0.10086266356331174,AXRYRYVKAWYZBR
CC(C)C[C@H](CN)CC(=O)O,Pregabalin,-0.3010299956639812,AYXYPKUFHZROOJ
C[C@]12CCC3=C4CCC(=O)C=C4CC[C@H]3[C@@H]1CC[C@@]2(O)CC#N,Dienogest,-0.24303804868629447,AZFLJNIPTRTECV
C=CC(=O)Nc1cc(Nc2ncc(C(=O)OC(C)C)c(-c3cn(C)c4ccccc34)n2)c(OC)cc1N(C)CCN(C)C,Mobocertinib,0.8616197423225019,AZSRSNUQCUDCGG
CCC[C@H](NC(=O)[C@@H]1[C@H]2CCC[C@H]2CN1C(=O)[C@@H](NC(=O)[C@@H](NC(=O)c1cnccn1)C1CCCCC1)C(C)(C)C)C(=O)C(=O)NC1CC1,Telaprevir,0.5563025007672873,BBAWEDCPNXPBQM
C[C@@H](c1ncncc1F)[C@](O)(Cn1cncn1)c1ccc(F)cc1F,Voriconazole,0.6627578316815741,BCEHBSKCWLPMDN
CN(C)CCCN1c2ccccc2CCc2ccccc21,Imipramine,1.1760912590556813,BCGWQEUPMDMJNV
C#C[C@]1(O)CC[C@H]2[C@@H]3CCc4cc(O)ccc4[C@H]3CC[C@@]21C,Ethinylestradiol,0.9509903886664116,BFPYWIDHMRZLRN
CC(C)(C)c1nc(-c2cccc(NS(=O)(=O)c3c(F)cccc3F)c2F)c(-c2ccnc(N)n2)s1,Dabrafenib,0.0018572850055671019,BFSMGDJOXZAERB
CCN1CCCC1CNC(=O)c1cc(S(N)(=O)=O)ccc1OC,Sulpiride,0.43456890403419873,BGRJTUBHPOOWDU
C=C/C=C/C[C@@H](C)[C@@H](O)[C@H]1C(=O)N[C@@H](CC)C(=O)N(C)CC(=O)N(C)[C@@H](CC(C)C)C(=O)N[C@@H](C(C)C)C(=O)N(C)[C@@H](CC(C)C)C(=O)N[C@@H](C)C(=O)N[C@H](C)C(=O)N(C)[C@@H](CC(C)C)C(=O)N(C)[C@@H](CC(C)C)C(=O)N(C)[C@@H](C(C)C)C(=O)N1C,Voclosporin,0.3424226808222063,BICRTLVBTLFLRD
CC1=C[C@@H]2CN(C(=O)N2OS(=O)(=O)O)[C@@H]1C(N)=O,Durlobactam,-0.3636554115119518,BISPBXFUKNXOQY
C[C@H]1[C@@H](O)O[C@@H]2O[C@@]3(C)CC[C@H]4[C@H](C)CC[C@@H]1[C@@]24OO3,Artenimol,-0.09636748391576232,BJDCWCLMFKKGEE
C#C[C@]1(O)CC[C@H]2[C@@H]3CCC4=CC(=O)CCC4=C3C=C[C@@]21CC,Gestrinone,-0.01902323731343038,BJJXHLWLUDYTGC
CC(=O)O.CC(=O)O.CCNC(=O)[C@@H]1CCCN1C(=O)[C@H](CCCNC(=N)N)NC(=O)[C@H](CC(C)C)NC(=O)[C@@H](Cc1cn(Cc2ccccc2)cn1)NC(=O)[C@H](Cc1ccc(O)cc1)NC(=O)[C@H](CO)NC(=O)[C@H](Cc1c[nH]c2ccccc12)NC(=O)[C@H](Cc1c[nH]cn1)NC(=O)[C@@H]1CCC(=O)N1,Histrelin,-0.07868519290185734,BKEMVGVBBDMHKL
CC(C)C[C@H](NC(=O)[C@@H](COC(C)(C)C)NC(=O)[C@H](Cc1ccc(O)cc1)NC(=O)[C@H](CO)NC(=O)[C@H](Cc1c[nH]c2ccccc12)NC(=O)[C@H](Cc1cnc[nH]1)NC(=O)[C@@H]1CCC(=O)N1)C(=O)N[C@@H](CCCN=C(N)N)C(=O)N1CCC[C@H]1C(=O)NNC(N)=O,Goserelin,-0.2006594505464183,BLCLNMBMMGCOAS
CC(C)(C)NC[C@H](O)COc1nsnc1N1CCOCC1,Timolol,0.17609125905568124,BLJRIMJGRPQVNF
CC(C)C[C@H](NC(=O)[C@H](CCc1ccccc1)NC(=O)CN1CCOCC1)C(=O)N[C@@H](Cc1ccccc1)C(=O)N[C@@H](CC(C)C)C(=O)[C@@]1(C)CO1,Carfilzomib,-0.3979400086720376,BLMPQMFVWMYDKT
COc1ccc2cc(CCC(C)=O)ccc2c1,Nabumetone,-0.8239087409443188,BLXXJMDCKKHMKV
COc1cc(F)c(-n2c(=O)[nH]c3csc(C(=O)O)c3c2=O)cc1OCc1c(OC)ccc(F)c1F,Linzagolix,-0.801068130067791,BMAAMIIYNNPHAB
CO[C@@H]1[C@H](N(C)C(=O)c2ccccc2)C[C@H]2O[C@]1(C)n1c3ccccc3c3c4c(c5c6ccccc6n2c5c31)C(=O)NC4,Midostaurin,0.13353890837021754,BMGQWWVMWDBQGC
CO[C@H]1C(=O)[C@]2(C)[C@@H](OC)C[C@H]3OC[C@@]3(OC(C)=O)[C@H]2[C@H](OC(=O)c2ccccc2)[C@]2(O)C[C@H](OC(=O)[C@H](O)[C@@H](NC(=O)OC(C)(C)C)c3ccccc3)C(C)=C1C2(C)C,Cabazitaxel,1.0914157024646365,BMQGVNUXMIRLCK
CC(C)[C@@H](C)[C@@]1(C)CC[C@]2(C)[C@H]3CC[C@@H]4[C@@]5(COC[C@@]4(C)[C@@H](OC[C@](C)(N)C(C)(C)C)[C@H](n4ncnc4-c4ccncc4)C5)C3=CC[C@@]2(C)[C@@H]1C(=O)O,Ibrexafungerp,0.9330532103693868,BODYFEUFKHPRCK
O=C(O)c1ccc(-n2nc(-c3ccccc3O)nc2-c2ccccc2O)cc1,Deferasirox,-0.6876412718800312,BOFQWVMAQOTZIW
C[C@H](/C=C/[C@H](C)C(C)(C)O)[C@H]1CC[C@H]2/C(=C/C=C3C[C@@H](O)C[C@H](O)C3)CCC[C@]12C,Paricalcitol,-0.3565473235138126,BPKAHTKRCLCHEA
CC1(C)S[C@@H]2[C@H](NC(=O)COc3ccccc3)C(=O)N2[C@H]1C(=O)O,Phenoxymethylpenicillin,-0.29609477798846906,BPLBGHOLXOTWMN
CS(=O)(=O)c1ccc(C(=O)Nc2ccc(Cl)c(-c3ccccn3)c2)c(Cl)c1,Vismodegib,-0.42021640338318983,BPQMGSKTAYIVFO
CC(C)c1nc(N(C)S(C)(=O)=O)nc(-c2ccc(F)cc2)c1/C=C/[C@@H](O)C[C@@H](O)CC(=O)O,Rosuvastatin,0.28200675835055083,BPRHUIZQVSMCRT
COc1ccc2c3c1O[C@H]1C(=O)CC[C@@]4(O)[C@@H](C2)N(C)CC[C@]314,Oxycodone,0.414973347970818,BRUQQQPBMZOVGD
O=C(c1ccc(F)c(F)c1Nc1ccc(I)cc1F)N1CC(O)([C@@H]2CCCCN2)C1,Cobimetinib,1.061237001790834,BSMCAPRUBJMWDF
CCOc1ncc(C)c2c1[C@H](c1ccc(C#N)cc1OC)C(C(N)=O)=C(C)N2,Finerenone,-0.12411229586051775,BTBHLEZXCOBLCY
C=CC(=O)Nc1cc(Nc2nccc(Nc3cc(Cl)c(F)cc3C(C)(C)O)n2)c(OC)cc1N1CC[C@@H](N(C)C)C1,Sunvozertinib,1.4804176233488913,BTMKEDDEMKKSEF
CC12CC3CC(C)(C1)CC(N)(C3)C2,Memantine,1.0,BUGYDGFZZOZRHP
C[C@@]1(C(=O)N[C@@H](CCC(=O)O)C(=O)O)CCCN1C(=O)CN,Trofinetide,0.05799194697768673,BUSXWGRAOZQTEY
COC(=O)N[C@H](C(=O)N1CCC[C@H]1c1ncc(-c2ccc3c(c2)O[C@@H](c2ccccc2)n2c-3cc3cc(-c4cnc([C@@H]5CCCN5C(=O)[C@@H](NC(=O)OC)C(C)C)[nH]4)ccc32)[nH]1)C(C)C,Elbasvir,0.9874108726919795,BVAZQCUMNICBAQ
Clc1ccc(COC(Cn2ccnc2)c2ccc(Cl)cc2Cl)c(Cl)c1,Miconazole,0.8920946026904804,BYBLEWFAAKGYCD
O=C(O)COc1nn(Cc2ccccc2)c2ccccc12,Bendazac,-0.7958800173440752,BYFMCKSPFYVMOU
[2H]C([2H])([2H])NC(=O)c1nnc(NC(=O)C2CC2)cc1Nc1cccc(-c2ncn(C)n2)c1OC,Deucravacitinib,0.3010299956639812,BZZKEPGENYLQSC
O=C(c1ccccc1Cl)c1cccnc1-c1nnn(Cc2cc(C(F)(F)F)cc(C(F)(F)F)c2)c1-c1ccncc1,Tradipitant,1.4462708104373259,CAVRKWRKTNINFF
CO[C@H]1C[C@@H]2CC[C@@H](C)[C@@](O)(O2)C(=O)C(=O)N2CCCC[C@H]2C(=O)O[C@H]([C@H](C)C[C@@H]2CC[C@@H](OC(=O)C(C)(CO)CO)[C@H](OC)C2)CC(=O)[C@H](C)/C=C(\C)[C@@H](O)[C@@H](OC)C(=O)[C@H](C)C[C@H](C)/C=C/C=C/C=C/1C,Temsirolimus,0.3904304068932921,CBPNZQVSJQDFBE
C=CC(=O)N1C[C@H](Nc2ncnc3[nH]ccc23)CC[C@@H]1C,Ritlecitinib,0.11394335230683679,CBRJPFGIXUFMTM
O[C@H]1[C@H](O)[C@@H](O)[C@H](O)[C@@H](O)[C@H]1O,Inositol,-0.2911543619518211,CDAISMWEOUEBRE
CCn1c(=O)c(-c2cc(NC(=O)Nc3ccccc3)c(F)cc2Br)cc2cnc(NC)cc21,Ripretinib,0.6420403354629297,CEFJVGZHQAGLHS
O=C1CCc2ccc(OCCCCN3CCN(c4cccc(Cl)c4Cl)CC3)cc2N1,Aripiprazole,0.6901960800285137,CEUORZQYGODEFX
O=C1/C(=C2\Nc3ccc(S(=O)(=O)O)cc3C2=O)Nc2ccc(S(=O)(=O)O)cc21,Indigotindisulfonic acid,-0.8157142623290472,CFZXDJWFRVEWSR
COc1ccc(Oc2cc(N(C)CCOc3ccc(CC4SC(=O)NC4=O)cc3)ncn2)cc1,Lobeglitazone,-0.6335770427740273,CHHXEZSCHQVSRE
O=C1CN=C(c2ccccc2Cl)c2cc(Cl)ccc2N1,Delorazepam,2.146128035678238,CHIFCDOIPRCHCF
O=[N+]([O-])[O-].O=[N+]([O-])[O-].O=[N+]([O-])[O-].[Ga+3],Gallium nitrate,0.10380372095595687,CHPZKNULDCNCBW
C[C@](N)(Cc1ccc(O)c(O)c1)C(=O)O,Methyldopa,-0.24795155218056153,CJCSPKMFHVPWAR
C=C1C[C@H]2[C@@H]3CCC4=CC(=O)CC[C@@H]4[C@H]3CC[C@]2(C)[C@@]1(OC(C)=O)C(C)=O,Segesterone acetate,1.2922560713564761,CKFBRGLGTWAVLG
COC(=O)N[C@@H](C)CNc1nccc(-c2cn(C(C)C)nc2-c2cc(Cl)cc(NS(C)(=O)=O)c2F)n1,Encorafenib,0.3697458080334411,CMJCXYNUCSMDBY
O=P1(N(CCCl)CCCl)NCCCO1,Cyclophosphamide,-0.146128035678238,CMSMOCZEIVJLDB
COc1ccc2cc([C@H](C)C(=O)O)ccc2c1,Naproxen,-0.7958800173440752,CMWTZPSULFXXJA
CN(C)CCCOc1nn(Cc2ccccc2)c2ccccc12,Benzydamine,-0.8450980400142568,CNBGNNVCVSKAQZ
CCCCS(=O)(=O)N[C@@H](Cc1ccc(OCCCCC2CCNCC2)cc1)C(=O)O,Tirofiban,-0.22184874961635637,COKMIXFXJJXBQG
COc1ccc(CC(C)(C)NC[C@H](O)c2cc(O)cc3c2OCC(=O)N3)cc1,Olodaterol,1.2002249387724007,COUYJEVMBVSIHV
O=C1c2cccc3c2[C@H](CCC3)CN1[C@@H]1CN2CCC1CC2,Palonosetron,0.919078092376074,CPZBLNMUGSZIPR
O=C(NN1C(=O)[C@@H]2[C@@H]3C=C[C@@H]([C@H]4C[C@@H]34)[C@@H]2C1=O)c1ccc(C(F)(F)F)cc1,Tecovirimat,0.7381007339543659,CSKDFZIMJXRJGH
COc1cc2c(cc1OC)-c1c/c(=N\c3c(C)cc(C)cc3C)n(CCNC(N)=O)c(=O)n1CC2,Ensifentrine,1.5862657241447304,CSOBIBXVIYAXFM
NC(=O)N1c2ccccc2CC(=O)c2ccccc21,Oxcarbazepine,-0.15490195998574322,CTRLABGOLIVAIY
C=CC(=O)N(C)CCOc1c(N)ncnc1-c1cc(F)cc(NC(=O)c2ccc(C3CC3)cc2F)c1C,Remibrutinib,1.2476226046698424,CUABMPOJOBCXJI
Cc1cccc([C@H](C)c2c[nH]cn2)c1C,Dexmedetomidine,0.22678396729186856,CUHVIMMYOGQXCV
Cc1ccc(Nc2nccc(N(C)c3ccc4c(C)n(C)nc4c3)n2)cc1S(N)(=O)=O,Pazopanib,-0.7997750612275994,CUIHSIWYWATEQL
O=C(Cn1ccnc1[N+](=O)[O-])NCc1ccccc1,Benznidazole,-0.25192277653615425,CULUWZNBISUWAS
CCN(CC)CCOC(=O)C1(C2CCCCC2)CCCCC1,Dicyclomine,0.5622928644564748,CURUTKGFNZGFSE
Cc1nc(COP(=O)(O)O)cc(CN(CCN(CC(=O)[O-])Cc2cc(COP(=O)(O)O)nc(C)c2O)CC(=O)[O-])c1O.[Mn+2],Mangafodipir,-0.5086383061657274,CXFKOLCMCRBYPL
CN1C(=O)CC(=O)N(c2ccccc2)c2cc(Cl)ccc21,Clobazam,0.1549019599857432,CXOXHMZGEKVPMT
CN(C)[C@@H]1C(O)=C(C(N)=O)C(=O)[C@@]2(O)C(O)=C3C(=O)c4c(O)ccc(Cl)c4[C@@](C)(O)[C@H]3C[C@@H]12,Chlortetracycline,0.1549019599857432,CYDMQBQPVICBEU
COC(=O)CC[C@@H]1N=C(c2ccccn2)c2cc(Br)ccc2-n2c(C)cnc21,Remimazolam,-0.060480747381381476,CYHWMBVXXDIZNZ
Cn1cnc2c(F)c(Nc3ccc(Br)cc3Cl)c(C(=O)NOCCO)cc21,Selumetinib,0.04699656267622358,CYOHGALHFOKKQC
CCCCCc1cc(O)c2c(c1)OC(C)(C)[C@@H]1CCC(C)=C[C@@H]21,Dronabinol,1.0,CYQFCXCEBYINGO
Nc1nc(=O)c2c([nH]1)N[C@@H]1O[C@@H]3COP(=O)(O)O[C@@H]3C(O)(O)[C@@H]1N2,Fosdenopterin,-0.5228787452803376,CZAKJJUNKNPTTO
OCc1cc([C@@H](O)CNCCCCCCOCCOCc2c(Cl)cccc2Cl)ccc1O,Vilanterol,0.37238590419964945,DAFYYTQWSAWIGS
CN(C)CC[C@@H](c1ccc(Cl)cc1)c1ccccn1.O=C(O)/C=C\C(=O)O,Dexchlorpheniramine maleate,0.6614069923906152,DBAKFASWICGISY
CC(C)(C)NC(=O)[C@H]1CC[C@H]2[C@@H]3CC[C@H]4NC(=O)C=C[C@]4(C)[C@H]3CC[C@]12C,Finasteride,0.03571555226653449,DBEPLOCGEIEOCV
CCNC(C)Cc1cccc(C(F)(F)F)c1,Fenfluramine,1.0755469613925308,DBGIVFWFUFKIQN
CC(C)(O/N=C(\C(=O)N[C@@H]1C(=O)N2C(C(=O)[O-])=C(C[N+]3(CCNC(=O)c4ccc(O)c(O)c4Cl)CCCC3)CS[C@H]12)c1csc(N)n1)C(=O)O,Cefiderocol,-0.5898255349109508,DBPPRLRVDVJOCL
CC(O)(P(=O)(O)O)P(=O)(O)O,Etidronic acid,-0.09691001300805639,DBVJJBKOTRCVKF
C[C@@H](c1nc(-c2ccc(C#N)cc2)cs1)[C@](O)(Cn1cncn1)c1cc(F)ccc1F,Isavuconazole,0.8081144737610869,DDFOUSQFMYRUQK
CCCCCCCCCCCC(=O)OCN1C(=O)CCc2ccc(OCCCCN3CCN(c4cccc(Cl)c4Cl)CC3)cc21,Aripiprazole lauroxil,0.583036754014532,DDINXHAORAAYAD
Cc1ncc2n1-c1ccc(Cl)cc1C(c1ccccc1F)=NC2,Midazolam,0.21218760440395779,DDLIGBOFAVUZHB
C[C@@H]1[C@H](c2ccccc2)C[C@H](NC(=O)c2cnc3c(c2)C[C@@]2(C3)C(=O)Nc3ncccc32)C(=O)N1CC(F)(F)F,Ubrogepant,0.6989700043360189,DDOOFTLHJSMHLN
CC(C)[C@@]1(NC(=O)[C@@H]2C[C@@H]3c4cccc5[nH]cc(c45)C[C@H]3N(C)C2)O[C@@]2(O)[C@@H]3CCCN3C(=O)[C@H](Cc3ccccc3)N2C1=O,Dihydroergocristine,1.7160033436347992,DEQITUUQPICUMR
O=C(/C=C\n1cnc(-c2cc(C(F)(F)F)cc(C(F)(F)F)c2)n1)NNc1cnccn1,Selinexor,0.38021124171160603,DEVSOMFAQLZNKR
COCC(=O)Nc1c(I)c(C(=O)NCC(O)CO)c(I)c(C(=O)N(C)CC(O)CO)c1I,Iopromide,-0.640978057358332,DGAIEPBNLOQYER
O=C1CN=C(c2ccccc2Cl)c2cc([N+](=O)[O-])ccc2N1,Clonazepam,0.47712125471966244,DGBIGWXXNGSACT
O=S(O)(O)=S,Thiosulfuric acid,-0.6382721639824072,DHCDFWKWKRSZHF
CC(C)(N)Cc1ccccc1,Phentermine,0.6989700043360189,DHHVAGZRUROJKS
NC(=O)N1CCC(CC(=O)N2CCC([C@H]3c4ncc(Br)cc4CCc4cc(Cl)cc(Br)c43)CC2)CC1,Lonafarnib,0.1434609168643587,DHMTURDWPRKSOA
O=c1[nH]c(=O)n(C2CCCO2)cc1F.O=c1cc[nH]c(=O)[nH]1,Tegafur-uracil,-0.07424602837211264,DHMYGZIEILLVNR
CC1(C)C[C@@H]1C(=O)N/C(=C\CCCCSC[C@H](N)C(=O)O)C(=O)O,Cilastatin,-0.541901982593768,DHSUYTOATWAVLW
O=C1Nc2ccc(Cl)cc2C(c2ccccc2Cl)=NC1O,Lorazepam,0.11394335230683679,DIWRORZWFLOCLC
O=C(NCC1CCCCN1)c1cc(OCC(F)(F)F)ccc1OCC(F)(F)F,Flecainide,0.9637878273455552,DJBNUMBKLMJRSA
O=C(Nc1ccc(C[C@@H]2CC[C@H]([C@H](O)c3ccccc3)N2)cc1)[C@@H]1CCc2nccc(=O)n21,Vibegron,1.954518164467242,DJXRIQMCROIRCZ
O=P(O)(O)C(Sc1ccc(Cl)cc1)P(=O)(O)O,Tiludronic acid,-0.36797678529459443,DKJJVAGXPKPDRL
NS(=O)(=O)Nc1ncnc(OCCOc2ncc(Br)cn2)c1-c1ccc(Br)cc1,Aprocitentan,-0.5440680443502757,DKULOVKANLVDEA
C[C@H](C(=O)O)c1cccc(C(=O)c2ccccc2)c1,Dexketoprofen,-0.6020599913279624,DKYWVDODHFEZIM
CCOC(=O)O[C@]1(C(=O)OCCl)CC[C@H]2[C@@H]3CCC4=CC(=O)C=C[C@]4(C)[C@H]3[C@@H](O)C[C@@]21C,Loteprednol etabonate,0.568201724066995,DMKSVUSAATWOCU
COc1ccsc1CNCC[C@@]1(c2ccccn2)CCOC2(CCCC2)C1,Oliceridine,0.23408320603336796,DMNOVGJWPASQDL
CCC(=O)O[C@@H]1CC(=O)O[C@H](C)C/C=C/C=C/[C@H](O)[C@H](C)C[C@H](CC=O)[C@H](O[C@@H]2O[C@H](C)[C@@H](O[C@H]3C[C@@](C)(O)[C@@H](OC(=O)CC)[C@H](C)O3)[C@H](N(C)C)[C@H]2O)[C@H]1OC,Midecamycin,0.8864907251724818,DMUAPQTXSSNEDD
CCCCCCCCCC(=O)N[C@@H](Cc1c[nH]c2ccccc12)C(=O)N[C@H](CC(N)=O)C(=O)N[C@@H](CC(=O)O)C(=O)N[C@@H]1C(=O)NCC(=O)N[C@@H](CCCN)C(=O)N[C@@H](CC(=O)O)C(=O)N[C@H](C)C(=O)N[C@@H](CC(=O)O)C(=O)NCC(=O)N[C@H](CO)C(=O)N[C@@H]([C@H](C)CC(=O)O)C(=O)N[C@@H](CC(=O)c2ccccc2N)C(=O)O[C@@H]1C,Daptomycin,-1.0,DOAKLVKFURWEDJ
CN(C/C=C/C#CC(C)(C)C)Cc1cccc2ccccc12,Terbinafine,1.2201080880400552,DOMXUEMWDBAQBQ
CC(O)CN1CCN(CC(=O)[O-])CCN(CC(=O)[O-])CCN(CC(=O)[O-])CC1.[Gd+3],Gadoteridol,-0.6882461389442457,DPNNNPAKRZOSMO
FC(F)OC(F)C(F)(F)F,Desflurane,-0.2132485778544388,DPYMFVXJLLWWEU
O=C1CC[C@@]2(O)[C@H]3Cc4ccc(O)c5c4[C@@]2(CCN3CC2CC2)[C@H]1O5,Naltrexone,1.2852357284807492,DQCKKXVULJGBQN
CCC1(c2ccccc2)C(=O)NCNC1=O,Primidone,-0.18708664335714442,DQMZLTXERSFNPB
CN(CCO)CC(O)Cn1cnc2c1c(=O)n(C)c(=O)n2C,Xanthinol,-0.03151705144606486,DSFGXPJYDCSWTA
CC1(C)[C@H]2CC[C@]1(C)C(=O)C2,(S)-camphor,0.47712125471966244,DSSYKIVIOFKYAU
C=CC(=O)Nc1cc(Nc2nccc(-c3cn(C)c4ccccc34)n2)c(OC)cc1N(C)CCN(C)C,Osimertinib,1.1177446411869856,DUYJMQONPNNFPI
Cc1cc(F)ccc1-c1cc(N2C[C@H]3COCCN3C[C@H]2CO)ncc1N(C)C(=O)C(C)(C)c1cc(C(F)(F)F)cc(C(F)(F)F)c1,Elinzanetant,0.2916225271421499,DWRIJNIPBUFCQS
Cn1cc(-c2cc3c(N4CCN(c5ncc([C@@](C)(N)c6ccc(F)cc6)cn5)CC4)ncnn3c2)cn1,Avapritinib,1.234083206033368,DWYRIWUZIJHQKQ
Nc1nc(-n2cc(C(=O)O)c(=O)c3cc(F)c(N4CC(O)C4)c(Cl)c32)c(F)cc1F,Delafloxacin,-0.1638568026386696,DYDCPNMLZGFQTM
CN(C)c1ccc(O)c2c1C[C@H]1C[C@H]3[C@H](N(C)C)C(O)=C(C(N)=O)C(=O)[C@@]3(O)C(O)=C1C2=O,Minocycline,0.21559980033935483,DYKFCLLONBREIL
CC(C)(O)CNc1nc(Nc2ccnc(C(F)(F)F)c2)nc(-c2cccc(C(F)(F)F)n2)n1,Enasidenib,-0.09846384107667808,DYLUUSLLRIQKOE
CCOc1cc(CC(=O)N[C@@H](CC(C)C)c2ccccc2N2CCCCC2)ccc1C(=O)O,Repaglinide,-0.3537363461799842,FAEKWTJYAYMJKF
[Cl-].[Na+],Sodium chloride,-0.1938200260161128,FAPWRFPIFSIZLT
CCCN[C@H]1CCc2nc(N)sc2C1,Pramipexole,0.853871964321762,FASDKYOPVNHBLU
CC(=O)OCC(=O)[C@@]12N=C(C)O[C@@H]1C[C@H]1[C@@H]3CCC4=CC(=O)C=C[C@]4(C)[C@H]3[C@@H](O)C[C@@]12C,Deflazacort,0.4645321274116419,FBHSPRKOSMHSIF
O=C(O[C@H]1CN2CCC1CC2)N1CCc2ccccc2[C@@H]1c1ccccc1,Solifenacin,0.9330532103693868,FBOUYBDGKBSUES
CN(Cc1cnc2nc(N)nc(N)c2n1)c1ccc(C(=O)N[C@@H](CCC(=O)O)C(=O)O)cc1,Methotrexate,0.0,FBOZXECLQNJBKD
OC[C@@H](O)[C@@H](O)[C@H](O)[C@H](O)CO,Mannitol,-0.3098039199714864,FBPFZTCFMRRESA
O=C1[C@H]2CCCC[C@H]2C(=O)N1CCCCN1CCN(c2nsc3ccccc23)CC1,Perospirone,1.3937005226996602,FBVFZWUMDDXLLG
O=C(O)c1cc(O)c2c(c1)C(=O)c1cccc(O)c1C2=O,Rhein,-0.06694678963061322,FCDLCPWAQCPTKC
O=C(c1cc(Cc2n[nH]c(=O)c3ccccc23)ccc1F)N1CCN(C(=O)C2CC2)CC1,Olaparib,0.35355904694016577,FDLYAMZZIXQODN
Cc1nccn1CC1CCc2c(c3ccccc3n2C)C1=O,Ondansetron,0.3590219426416679,FELGMEQIXOGIFQ
O=C(O)CSc1nnc(Br)n1-c1ccc(C2CC2)c2ccccc12,Lesinurad,-0.5440680443502757,FGQFOYHRJSUHMR
COC[C@H]1C[C@@H](c2ncc(-c3ccc4c(c3)COc3cc5c(ccc6nc([C@@H]7CC[C@H](C)N7C(=O)[C@@H](NC(=O)OC)C(C)C)[nH]c65)cc3-4)[nH]2)N(C(=O)[C@H](NC(=O)OC)c2ccccc2)C1,Velpatasvir,0.17609125905568124,FHCUMDQMBHQXKK
CN1CCC(=C2c3ccccc3CCc3sccc32)CC1,Pizotifen,1.0755469613925308,FIADGNVRKBPQEU
C[C@H]1[C@H](OC(=O)CCC(=O)O)O[C@@H]2O[C@@]3(C)CC[C@H]4[C@H](C)CC[C@@H]1[C@@]24OO3,Artesunate,-0.009407468521831273,FIHJKUPKCHIPAT
C[C@H]1CNC(=O)c2cnn3ccc(nc23)N[C@H](C)c2cc(F)ccc2O1,Repotrectinib,0.7903857068006553,FIKPXCOQUIZNHB
C[C@@H](OC[C@@]1(c2ccccc2)CC[C@]2(CCC(=O)N2)CN1)c1cc(C(F)(F)F)cc(C(F)(F)F)c1,Rolapitant,0.8176597916673173,FIVSJYGQAIEMOC
CC(C)n1c(/C=C/C(O)CC(O)CC(=O)O)c(-c2ccc(F)cc2)c2ccccc21,Fluvastatin,-0.45593195564972444,FJLGEFLZQAZZCD
CCCCCCCC(=O)N[C@H](CN1CCCC1)[C@H](O)c1ccc2c(c1)OCCO2,Eliglustat,1.0765884354693454,FJZZPCZKBUKGGU
CC1(C)[C@H](C(=O)O)N2C(=O)C[C@H]2S1(=O)=O,Sulbactam,-0.632910435610299,FKENQMMABCRJMK
COC(=O)N[C@H](C(=O)N1CCC[C@H]1c1ncc(-c2ccc(-c3ccc(-c4cnc([C@@H]5CCCN5C(=O)[C@@H](NC(=O)OC)C(C)C)[nH]4)cc3)cc2)[nH]1)C(C)C,Daclatasvir,-0.1730001820785394,FKRSSPOQAMALKA
CC(=O)/N=c1/sc(S(N)(=O)=O)nn1C,Methazolamide,-0.48337020399666397,FLOSMHQXBMRNHR
C[C@@H]([C@H](O)c1ccccc1)N(C)C,DL-Methylephedrine,0.43933269383026263,FMCGSUUBYTWNDP
Nc1nc(N)c2nc(-c3ccccc3)c(N)nc2n1,Triamterene,0.17318626841227405,FNYLWPVRPXGIIP
Cn1c(=O)c2[nH]cnc2n(C)c1=O.Cn1c(=O)c2[nH]cnc2n(C)c1=O.NCCN,Aminophylline,-0.3010299956639812,FQPFAHBPWDRTLU
CCN(C(=O)c1cc(F)ccc1Oc1cncnc1N1CC2(CCN(C[C@H]3CC[C@H](NS(=O)(=O)CC)CC3)CC2)C1)C(C)C,Revumenib,0.04699656267622358,FRVSRBKUQZKTOW
COc1ccc2c(c1)c(CC(=O)OCC(=O)O)c(C)n2C(=O)c1ccc(Cl)cc1,Acemetacin,-0.22184874961635637,FSQKKOOTNAMONP
O=C(C1CCCCC1)N1CC(=O)N2CCc3ccccc3C2C1,Praziquantel,2.0411105841532406,FSVJFNAIGNNGKK
CCOC(=O)Nc1ccc2c(c1)N(C(=O)CCN1CCOCC1)c1ccccc1S2,Moricizine,0.6320232147054056,FUBVWMNBEHXPSU
OC(c1ccccc1)(c1ccccc1)C12CC[N+](CCOCc3ccccc3)(CC1)CC2,Umeclidinium,0.08940041122931092,FVTWTVQXNAJTQP
CC(C)n1nccc1-c1ncccc1COc1cccc(O)c1C=O,Voxelotor,0.6838186602633979,FWCVZAQENIZVMY
CC(C)(F)C[C@H](N[C@@H](c1ccc(-c2ccc(S(C)(=O)=O)cc2)cc1)C(F)(F)F)C(=O)NC1(C#N)CC1,Odanacatib,0.1549019599857432,FWIVDMJALNEADT
CNC(=O)c1ccc(Nc2ncc(C(F)(F)F)c(NCc3nccnc3N(C)S(C)(=O)=O)n2)cc1,Defactinib,1.3480265583402047,FWLMVFUGMHIOAA
CC(C)C[C@@H](NC(=O)[C@@H](Cc1ccccc1)NC(=O)[C@H](N)Cc1ccccc1)C(=O)N[C@H](CCCCN)C(=O)N1CCC(N)(C(=O)O)CC1,Difelikefalin,-0.623423042943488,FWMNVWWHGCHHJJ
COc1cccc(N2CCN(C3=Nc4c(F)cccc4[C@H](CC(=O)O)N3c3cc(C(F)(F)F)ccc3OC)CC2)c1,Letermovir,-0.18708664335714442,FWYSMLBETOMXAG
COc1ccc(F)cc1C(=O)NCc1ccc(-c2nn([C@@H](C)C(F)(F)F)c(N)c2C(N)=O)cc1,Pirtobrutinib,-0.3292241963025778,FWZAWAUZXYCBKZ
O.O.O.OC[C@H]1O[C@@](CO)(O[C@H]2O[C@H](CO)[C@@H](O)[C@H](O)[C@H]2O)[C@@H](O)[C@@H]1O.[Fe+3].[Fe+3].[Fe+3].[Fe+3].[Fe+3].[Na+].[Na+].[O-2].[O-2].[O-2].[O-2].[O-2].[O-2].[O-2].[O-2].[OH-],Iron sucrose,-0.9817751798938009,FWZTTZUKDVJDCM
CN(CCN1CCC(OC(=O)Nc2ccccc2-c2ccccc2)CC1)C(=O)c1ccc(CN2CCC(C(N)=O)CC2)cc1,Revefenacin,0.493358453590348,FYDWDCIFZSGNBU
CCCCCOC(=O)Nc1nc(=O)n([C@@H]2O[C@H](C)[C@@H](O)[C@H]2O)cc1F,Capecitabine,0.42441490420365946,GAGWJHPBXLXJQN
CCC1=C[C@@H]2CN(C1)Cc1c([nH]c3ccccc13)[C@@](C(=O)OC)(c1cc3c(cc1OC)N(C)[C@H]1[C@@](O)(C(=O)OC)[C@H](OC(C)=O)[C@]4(CC)C=CCN5CC[C@]31[C@@H]54)C2,Vinorelbine,1.515211304327802,GBABOYUKABKIAF
CN1CCN(C(=O)O[C@H]2c3nccnc3C(=O)N2c2ccc(Cl)cn2)CC1,Eszopiclone,0.108661651718972,GBBSUAFBMRNDJC
[Cl-].[Tl+],Thallous chloride,0.8129133566428556,GBECUEIQVRDUKB
CO[C@]1(C(=O)N[C@@H](C)c2ccc(-n3cc(F)cn3)nc2)CC[C@H](c2nc(C)cc(Nc3cc(C)[nH]n3)n2)CC1,Pralsetinib,0.5128368069861969,GBLBJPZSROAGMF
COc1cc(CC2c3c(cc(OC)c(OC)c3OC)CC[N+]2(C)CCCOC(=O)CCC(=O)OCCC[N+]2(C)CCc3cc(OC)c(OC)c(OC)c3C2Cc2cc(OC)c(OC)c(OC)c2)cc(OC)c1OC,Doxacurium,-0.5686362358410126,GBLRQXKSCRCLBZ
C#C[C@]1(O)CC[C@H]2[C@@H]3CCC4=CC(=O)CC[C@@H]4[C@H]3C(=C)C[C@@]21CC,Etonogestrel,0.458098017406232,GCKFUYQCUCGESZ
CCCN1C[C@@H](NS(=O)(=O)N(CC)CC)C[C@@H]2Cc3c(O)cccc3C[C@H]21,Quinagolide,0.1549019599857432,GDFGTRDCCWFXTG
CC1=NS(=O)(=O)c2cc(Cl)ccc2N1,Diazoxide,-0.6777807052660807,GDLBFKVLRPITMI
CCCCCCC(C)(C)c1cc(O)c2c(c1)OC(C)(C)[C@@H]1CCC(=O)C[C@@H]21,Nabilone,1.0969100130080565,GECBBEABIDMGGL
COc1cc2c(cc1OC)[C@H]1C[C@@H](OC(=O)[C@@H](N)C(C)C)[C@H](CC(C)C)CN1CC2,Valbenazine,0.11868978733129842,GEJDGVNQKABXKG
NC(=O)O[C@@H](Cn1ncnn1)c1ccccc1Cl,Cenobamate,-0.146128035678238,GFHAXPJGXSQLPT
C[C@]12C=CC(=O)C=C1CC[C@H]1[C@@H]3C[C@@H](O)[C@](O)(C(=O)CO)[C@@]3(C)C[C@H](O)[C@@]12F,Triamcinolone,0.292256071356476,GFNANZIMVAIWHM
O=C([O-])CN1CCN(CC(=O)[O-])CCN(CC(=O)O)CCN(CC(=O)[O-])CC1.[Gd+3],Gadoteric acid,-0.6757175447023074,GFSTXYOTEVLASN
CCC(=O)N(c1ccccc1)C1(COC)CCN(CCc2cccs2)CC1,Sufentanil,-0.6989700043360187,GGCSSNBKKAUURC
C=C1c2c(Cl)ccc(O)c2C(=O)C2=C(O)[C@]3(O)C(=O)C(C(N)=O)=C(O)[C@@H](N(C)C)[C@@H]3[C@@H](O)[C@H]12,Meclocycline,0.23768733030219327,GGQJXCQBBONZFX
CC(C)OC(=O)CCC/C=C\C[C@@H]1[C@@H](CC[C@@H](O)CCc2ccccc2)[C@H](O)C[C@@H]1O,Latanoprost,-0.7958800173440752,GGXICVAJURFBLW
CC(=O)OCC(CCn1cnc2cnc(N)nc21)COC(C)=O,Famciclovir,0.03342375548694973,GGXKWVWZWMLJEH
N#Cc1cccc(-c2ccc3ncc(-c4cc(F)cc(F)c4)c(N4CCC(N)CC4)c3c2)c1O,Paltusotine,0.4973246408079494,GHILNKWBALQPDP
CCOc1nc2cccc(C(=O)OC(C)OC(=O)OC3CCCCC3)c2n1Cc1ccc(-c2ccccc2-c2nnn[nH]2)cc1,Candesartan cilexetil,-0.8860566476931633,GHOSNRCGJFBJIB
OCc1cc(C(O)CNCCCCCCOCCCCc2ccccc2)ccc1O,Salmeterol,0.4028752263475498,GIIZNNXWQWCKIB
CN1[C@@H]2CC[C@H]1C[C@@H](OC(c1ccccc1)c1ccccc1)C2,Benzatropine,1.3222192947339193,GIJXKZJWITVLHI
CCN(CC)C(=O)C1(c2ccccc2)CC1CN,Milnacipran,0.7933625260186301,GJJFMKBJSRMPLA
COc1ccccc1Oc1c(NS(=O)(=O)c2ccc(C(C)(C)C)cc2)nc(-c2ncccn2)nc1OCCO,Bosentan,-0.5898255349109508,GJPICJJJRGTNOD
COc1cc(Nc2ncc(F)c(Nc3ccc4c(n3)N(COP(=O)(O)O)C(=O)C(C)(C)O4)n2)cc(OC)c1OC,Fostamatinib,0.7569619513137056,GKDRMWXFWHEQQT
CC(C)NC(=O)COc1cccc(-c2nc(Nc3ccc4[nH]ncc4c3)c3ccccc3n2)c1,Belumosudil,0.4197197829952796,GKHIVNAUVKXIIY
C[C@@H]1CN(C(=O)c2ccc(NC(=O)c3cc(O[C@H](C)c4c(Cl)ccc(F)c4Cl)c(N)nn3)cc2)C[C@H](C)N1,Ensartinib,1.0122344564170116,GLYMPHUVMRFTFV
CCC1(c2ccccc2)NC(=O)N(C)C1=O,Mephenytoin,0.14612803567823798,GMHKMTDVRCWUDX
C=C1/C(=C\C=C2/CCC[C@]3(C)[C@@H]([C@H](C)CCCC(C)(C)O)CC[C@@H]23)C[C@@H](O)C[C@@H]1O,Calcitriol,-0.3098039199714864,GMRQFYUYWCNGIN
NC(=O)CN1CCCC1=O,Piracetam,-0.22184874961635637,GMZVRMREEHBGGF
O=C1OC2(c3ccc(O)cc3Oc3cc(O)ccc32)c2ccccc21,Fluorescein,-0.3010299956639812,GNBHRKFJIUUOQI
O=C(CCC(C(=O)[O-])N1CCN(C(CCC(=O)NCC(O)CO)C(=O)[O-])Cc2cccc(n2)CN(C(CCC(=O)NCC(O)CO)C(=O)[O-])CC1)NCC(O)CO.[Gd+3],Gadopiclenol,-0.7311546877074201,GNRQMLROZPOLDG
COc1ccccc1OCC(O)COC(N)=O,Methocarbamol,-0.13757044389399103,GNXFOGHNGIVQEH
O=c1c(-c2ccccc2)coc2ccccc12,Isoflavone,0.6815642529962076,GOMNOOKGLZYEJT
Nc1cccc2c1CN(C1CCC(=O)NC1=O)C2=O,Lenalidomide,0.034571165617796655,GOTYRUGSSMKFNF
CN1CC[C@]23c4c5ccc(OCCN6CCOCC6)c4O[C@H]2[C@@H](O)C=C[C@H]3[C@H]1C5,Pholcodine,0.578147833922551,GPFAJKDEDBRFOS
CCCS(=O)(=O)Nc1ccc(F)c(C(=O)c2c[nH]c3ncc(-c4ccc(Cl)cc4)cc23)c1F,Vemurafenib,0.1802078252505134,GPXBXXGIAQBQNI
Cc1nnc(C(C)C)n1[C@@H]1C[C@H]2CC[C@@H](C1)N2CC[C@H](NC(=O)C1CCC(F)(F)CC1)c1ccccc1,Maraviroc,0.4427036899159692,GSNHKUDZZFZSJB
CCN1CCC[C@H]1CNC(=O)c1c(OC)ccc(Br)c1OC,Remoxipride,-0.19869431379118732,GUJRSXAPGDDABA
CC(=O)O[C@H]1C[C@@H]2CC[C@@H]3[C@H](CC[C@@]4(C)[C@H]3C[C@H]([N+]3(C)CCCCC3)[C@@H]4OC(C)=O)[C@@]2(C)C[C@@H]1[N+]1(C)CCCCC1,Pancuronium,-0.5841922723644567,GVEAYVLWDAFXET
CC(=O)Oc1ccc2c3c1O[C@H]1[C@@H](OC(C)=O)C=C[C@H]4[C@@H](C2)N(C)CC[C@@]341,Diamorphine,0.5440680443502757,GVGLGOZIDCSQPN
Cc1c(C)c2c(c(C)c1O)CC[C@@](C)(CCC[C@H](C)CCC[C@H](C)CCCC(C)C)O2,Vitamin E,-0.38721614328026455,GVJHHUAWPYXKBD
Oc1ccc2c(c1)CC[C@H](c1ccccc1)[C@@H]2c1ccc(OCCN2CCCC2)cc1,Lasofoxifene,1.2852357284807492,GXESHMAMLJKROZ
NC[C@H]1CC[C@H](C(=O)O)CC1,Tranexamic acid,-0.744727494896694,GYDJEQRTZSCIOI
Cc1ccccc1C(=O)Nc1ccc(C(=O)N2CCC[C@@H](O)c3cc(Cl)ccc32)c(C)c1,Tolvaptan,0.47712125471966244,GYHCTFXIZSNGJT
CCc1nc(C(N)=O)c(Nc2ccc(N3CCC(N4CCN(C)CC4)CC3)c(OC)c2)nc1NC1CCOCC1,Gilteritinib,1.1931245983544616,GYQYAJJFPNQOOW
Cc1cc(OP(=O)([O-])[O-])c2ccccc2c1OP(=O)([O-])[O-].[Na+].[Na+].[Na+].[Na+],Kappadione,-0.3560822570957457,GZBACHSOZNEZOG
O=C[C@H](O)[C@@H](O)[C@H](O)[C@H](O)CO,D-glucose,-0.8197921747494866,GZCGUPFRVQAUEE
COc1ccc(-c2cc(=O)c3c(O)cc(O[C@@H]4O[C@H](CO[C@@H]5O[C@@H](C)[C@H](O)[C@@H](O)[C@H]5O)[C@@H](O)[C@H](O)[C@H]4O)cc3o2)cc1O,Diosmin,-0.05200643983767665,GZSOSUNBTXMUFQ
O=C(c1ccc(OCCN2CCCCC2)cc1)c1c(-c2ccc(O)cc2)sc2cc(O)ccc12,Raloxifene,3.370698092575577,GZUITABIAKMVPG
C[C@@]1(O)CC[C@H]2[C@H](CC[C@@H]3[C@@H]2CC[C@]2(C)[C@@H](C(=O)Cn4cc(C#N)cn4)CC[C@@H]32)C1,Zuranolone,0.853871964321762,HARRKNSQXBRBGZ
CN1CCN(c2ccc(C(=O)Nc3n[nH]c4ccc(Cc5cc(F)cc(F)c5)cc34)c(NC3CCOCC3)c2)CC1,Entrectinib,0.8960535588375282,HAYYBYPASCDWEQ
COCCNC(=O)CN(CCN(CCN(CC(=O)[O-])CC(=O)NCCOC)CC(=O)[O-])CC(=O)[O-].[Gd+3],Gadoversetamide,-0.790484985457369,HBEAOBRDTOXWRZ
Cc1cn([C@H]2C[C@H](N=[N+]=[N-])[C@@H](CO)O2)c(=O)[nH]c1=O,Zidovudine,0.2041199826559248,HBOMLICNUCNMMY
CCN1C(=O)N(c2c(F)c(OC)cc(OC)c2F)Cc2cnc3[nH]c(CN4CCOCC4)cc3c21,Pemigatinib,0.5259698222574795,HCDMJFOHIXMBOV
CC(=O)N[C@@H](CCCN=C(N)N)C(=O)N[C@H]1CSSC[C@@H](C(N)=O)NC(=O)[C@H](Cc2c[nH]c3ccccc23)NC(=O)[C@H](CCCN=C(N)N)NC(=O)[C@@H](Cc2ccccc2)NC(=O)[C@H](Cc2cnc[nH]2)NC(=O)[C@@H](C)NC1=O,Setmelanotide,-0.1575690787996225,HDHDTKMUACZDAA
CN(C)CCOC1=Cc2ccccc2Sc2ccc(Cl)cc21,Zotepine,2.037426497940624,HDOZVRUNCMBHFH
CC(C)Cc1ccc(C(C)C(=O)O)cc1,Ibuprofen,-1.0,HEFNNWSXXWATRW
Cc1ccc(C)c(OCCCC(C)(C)C(=O)O)c1,Gemfibrozil,-0.09691001300805639,HEMJJKBWTPKOJG
C[C@@H](N)COc1ccc(-c2cnc3cc/c(=N/[C@H](C)c4cccc(F)c4)[nH]n23)cc1,Taletrectinib,2.147013447772693,HEVHTYMYEMEBPX
Cc1oc(=O)oc1COC(=O)N1CC[C@@H](N2CC/C(=C\C3=C(C(=O)O)N4C(=O)[C@@H](NC(=O)/C(=N\O)c5nsc(N)n5)[C@H]4SC3)C2=O)C1,Ceftobiprole medocaril,-0.5898255349109508,HFTSMHTWUFCYMJ
CN1CCc2nc(C(=O)N[C@@H]3C[C@@H](C(=O)N(C)C)CC[C@@H]3NC(=O)C(=O)Nc3ccc(Cl)cn3)sc2C1,Edoxaban,0.1842857376709528,HGVDHZBSSITLCT
CC#CCC(C)[C@H](O)/C=C/[C@@H]1[C@H]2C/C(=C/CCCC(=O)O)C[C@H]2C[C@H]1O,Iloprost,-0.12493873660829995,HIFJCPQKFCZDDL
CNC(=O)c1ccc(N2C(=S)N(c3cnc(C#N)c(C(F)(F)F)c3)C(=O)C23CCC3)cc1F,Apalutamide,0.5958110420509609,HJBWBFZLDZWPHF
CCS(=O)(=O)CCn1c([N+](=O)[O-])cnc1C,Tinidazole,-0.146128035678238,HJLSLZFTEKNLFI
CO[C@H]1/C=C/O[C@@]2(C)Oc3c(C)c(O)c4c(O)c(cc(O)c4c3C2=O)NC(=O)/C(C)=C\C=C\[C@H](C)[C@H](O)[C@@H](C)[C@@H](O)[C@@H](C)[C@H](OC(C)=O)[C@@H]1C,Rifamycin,0.16264973798648308,HJYYPODYNSCCOU
CN(C)[C@@H]1C(O)=C(C(N)=O)C(=O)[C@@]2(O)C(O)=C3C(=O)c4c(O)c(NC(=O)CN5CCCC5)cc(F)c4C[C@H]3C[C@@H]12,Eravacycline,0.6614069923906152,HLFSMUUOKPBTSM
COc1cc(C(C)C)c(Oc2cnc(N)nc2N)cc1S(N)(=O)=O,Gefapixant,0.28135807341754754,HLWURFKMDLAKOD
CNCc1ccc(-c2[nH]c3cc(F)cc4c3c2CCNC4=O)cc1,Rucaparib,1.516629796003336,HMABYWSNWIZPAG
NS(=O)(=O)c1cc(-c2nn[nH]n2)c(NCc2cccs2)cc1Cl,Azosemide,-0.5816987086802545,HMEDEBAJARCKCT
CN1CCN2c3c(cccc31)[C@@H]1CN(CCCC(=O)c3ccc(F)cc3)CC[C@@H]12,Lumateperone,0.6127838567197355,HOIIHACBCFLJET
O=P1(NCCCl)OCCCN1CCCl,Ifosfamide,-0.1938200260161128,HOMGKSMUEGBAAB
C[C@]12CC[C@H]3[C@@H](CCC4=CC(=O)CC[C@@]43C)[C@@H]1CC[C@@H]2OC(=O)CCC1CCCC1,Testosterone cypionate,0.0,HPFVBGJFAYZEBE
CC[C@@H](C(N)=O)N1CCCC1=O,Levetiracetam,-0.22184874961635637,HPHUVLMMVZITSG
N#Cc1ccc(C(c2ccc(C#N)cc2)n2cncn2)cc1,Letrozole,0.27184160653649897,HPJKCIUCZWXJDR
COc1c(C)c2c(c(O)c1C/C=C(\C)CCC(=O)O)C(=O)OC2,Mycophenolic acid,-0.1127042801912883,HPNSFSBZBAHARI
O=C([O-])CC(O)(CC(=O)[O-])C(=O)[O-].[Na+].[Na+].[Na+],Sodium citrate,-0.2540334329877576,HRXKRNGNAMMEHJ
COc1ccccc1OCC(O)CO,Guaifenesin,0.21935994921266166,HSRJKNPTNIJEKV
COc1ccc([C@@H]2Sc3ccccc3N(CCN(C)C)C(=O)[C@@H]2OC(C)=O)cc1,Diltiazem,0.639201799332529,HSUGRBWQSSZJOP
CCOC(=O)C1=C(COCCN)NC(C)=C(C(=O)OC)C1c1ccccc1Cl,Amlodipine,1.3222192947339193,HTIQEAQVCYTUBX
CCN(C(C)=O)c1cccc(-c2ccnc3c(C#N)cnn23)c1,Zaleplon,0.14612803567823798,HUNXMJYCHXQEGX
CO/N=C(\C(=O)N[C@@H]1C(=O)N2C(C(=O)[O-])=C(C[N+]3(C)CCCC3)CS[C@H]12)c1csc(N)n1,Cefepime,-0.5228787452803376,HVFLCNVBZFFHBT
Cn1ncnc1[C@H]1c2n[nH]c(=O)c3cc(F)cc(c23)N[C@@H]1c1ccc(F)cc1,Talazoparib,0.7781512503836436,HWGQMRYQVZSGDQ
C1=C/COCc2cc(ccc2OCCN2CCCC2)Nc2nccc(n2)-c2cccc(c2)COC/1,Pacritinib,0.5147374423256311,HWXVIOGONBBTBY
NC(=O)C(c1ccccc1)(c1ccccc1)[C@@H]1CCN(CCc2ccc3c(c2)CCO3)C1,Darifenacin,0.36708956438970103,HXGBXQDTNZMWGS
CCc1ccc(CCOc2ccc(CC3SC(=O)NC3=O)cc2)nc1,Pioglitazone,-0.2006594505464183,HYAFETHFCAUJAY
COC(=O)C[C@](O)(CCCC(C)(C)O)C(=O)O[C@@H]1C(OC)=C[C@]23CCCN2CCc2cc4c(cc2[C@H]13)OCO4,Omacetaxine mepesuccinate,0.30412107264112304,HYFHYPWGAURHIV
CC(C)(CCCCCC(O)CCCCCC(C)(C)C(=O)O)C(=O)O,Bempedoic acid,-0.5898255349109508,HYHMLYSLQUKXKP
COC(=O)C1=C(C)NC(C)=C(C(=O)OC)C1c1ccccc1[N+](=O)[O-],Nifedipine,-0.15801519540988615,HYIMSNHJOBLJNT
CNC(=O)CN(CCN(CCN(CC(=O)[O-])CC(=O)NC)CC(=O)[O-])CC(=O)[O-].[Gd+3],Gadodiamide,-0.6989700043360187,HZHFFEYYPYZMNU
Cc1ccccc1-c1cc(N2CC[N+](C)(COP(=O)([O-])O)CC2)ncc1N(C)C(=O)C(C)(C)c1cc(C(F)(F)F)cc(C(F)(F)F)c1,Fosnetupitant,0.03571555226653449,HZIYEEMJNBKMJH
CCc1nc2c(C)nc(C)cc2n1-c1ccc(CCNC(=O)NS(=O)(=O)c2ccc(C)cc2)cc1,Grapiprant,-0.03715731879875755,HZVLFTCYCLXTGV
O=C(O)[C@H]1/C(=C/CO)O[C@@H]2CC(=O)N21,Clavulanic acid,-0.765916793966632,HZZVJAQRINQKSD
OCCN1C[C@H](O)[C@@H](O)[C@H](O)[C@H]1CO,Miglitol,-0.744727494896694,IBAQFPQHRJAVAV
CC(C)(C)C(O)/C=C/c1ccc2c(c1)OCO2,Stiripentol,0.012837224705172217,IBLNKMRFIPWSOY
CCC(=O)N(c1ccccc1)C1(COC)CCN(CCn2nnn(CC)c2=O)CC1,Alfentanil,-0.15490195998574322,IDBPHNDTYPBSNI
O[C@@](Cn1cnnn1)(c1ccc(F)cc1F)C(F)(F)c1ccc(-c2ccc(OCC(F)(F)F)cc2)cn1,Oteseconazole,0.7812423273607855,IDUYJRXRDSPPRC
CSc1nc2[nH]nc([N+](=O)[O-])c(=O)n2n1,Triazavirin,1.921686475483602,IDVQGNMSSHPZSJ
C#CCN(c1nc(-c2cc(C)c(OC)cc2Cl)c(C)s1)[C@@H](CC1CC1)c1ccc(C)c(F)c1,Crinecerfont,1.0853415547524432,IEAKXXNRGSLYTQ
COc1cc2nc(N3CCN(C(=O)c4ccco4)CC3)nc(N)c2cc1OC,Prazosin,-0.22184874961635637,IENZQIKPVFGBNW
Oc1ccc2c(c1)[C@@]13CCCC[C@@]1(O)[C@@H](C2)N(CC1CCC1)CC3,Butorphanol,1.1096267509648061,IFKLAQQSCNILHL
CC[C@H](Nc1ncnc2[nH]cnc12)c1nc2cccc(F)c2c(=O)n1-c1ccccc1,Idelalisib,-0.48337020399666397,IFSDAJWBUCMOAH
O=P(O)(O)C(O)(Cc1cccnc1)P(=O)(O)O,Risedronic acid,1.1398790864012365,IIDJRNMFWXDHID
CCCCCNC(=N)N/N=C/c1c[nH]c2ccc(OC)cc12,Tegaserod,0.7207497786592608,IKBKZGMPCYNSLU
CCOc1cc([C@@H](CS(C)(=O)=O)N2C(=O)c3cccc(NC(C)=O)c3C2=O)ccc1OC,Apremilast,0.0944212126043617,IMOZEMNVLZVGJZ
Cc1cc(C)cc(OCC2CNC(=O)O2)c1,Metaxalone,1.0579919469776868,IMWZZHHPURKASS
N=C(N)NC(=O)Cc1c(Cl)cccc1Cl,Guanfacine,0.7993405494535817,INJOMKTZOLKMBF
O=C(O)C[C@@H]1CC[C@H](NC(=O)Cc2cccs2)B(O)O1,Vaborbactam,-0.5755850957963405,IOOWNWLVCOUUEX
CCc1nc(-c2ccc3c(c2)CC[C@H]3NC(=O)c2cnn(C)c2)no1,Aficamten,0.6504462975321916,IOVAZWDIRCRMTM
O=C(O)c1cc(O)c2c(c1)C(C1c3cc(C(=O)O)cc(O)c3C(=O)c3c(OC4OC(CO)C(O)C(O)C4O)cccc31)c1cccc(OC3OC(CO)C(O)C(O)C3O)c1C2=O,Sennosides,-0.09582563171583648,IPQVTOJGNYVQEO
COc1ccnc(CS(=O)c2nc3ccc(OC(F)F)cc3[nH]2)c1OC,Pantoprazole,-0.4721860370441502,IQPSEEYGBUAQFF
CCn1c(=O)c2c(nc(/C=C/c3ccc(OC)c(OC)c3)n2C)n(CC)c1=O,Istradefylline,0.9007571551594721,IQVRBWUUXZMOPW
Nc1nc2c(ncn2COC(CO)CO)c(=O)[nH]1,Ganciclovir,-0.13076828026902382,IRSCQMHQWWYFCW
CCN(C)[C@@H](C)[C@H](O)c1ccccc1,Etafedrine,0.47712125471966244,IRVLBORJKFZWMI
Cc1ccc(=O)n(-c2ccccc2)c1,Pirfenidone,0.006160308704818433,ISWRGOKTTBVCFA
COCCc1ccc(OCC(O)CNC(C)C)cc1,Metoprolol,0.6232492903979004,IUBSYMUCCVWXPE
CCCS(=O)(=O)N[C@H]1C[C@@H](N(C)c2ncnc3[nH]ccc23)C1,Abrocitinib,0.1549019599857432,IUEWXNHSKRWHDY
CC(C)Oc1ccc(-c2nn([C@@H](C)c3oc4ccc(F)cc4c(=O)c3-c3cccc(F)c3)c3ncnc(N)c23)cc1F,Umbralisib,0.6490565540041859,IUVCFHHAEHNCFT
CCN1CCN(C(=O)N[C@@H](C(=O)N[C@@H]2C(=O)N3[C@@H]2SC(C)(C)[C@@H]3C(=O)O)c2ccccc2)C(=O)C1=O,Piperacillin,-0.9956786262173574,IVBHGBMCVLDMKU
CN(CCOc1ccc(NS(C)(=O)=O)cc1)CCc1ccc(NS(C)(=O)=O)cc1,Dofetilide,0.47712125471966244,IXTMWRCNAAVVAI
CCCCc1oc2ccccc2c1C(=O)c1cc(I)c(OCCN(CC)CC)c(I)c1,Amiodarone,1.121067167467729,IYIKLHRQXLHMJQ
CCc1nn(CCCN2CCN(c3cccc(Cl)c3)CC2)c(=O)n1CC,Etoperidone,-0.3372421683184259,IZBNNCFOBMGTQX
OCCN(CCO)c1nc(N2CCCCC2)c2nc(N(CCO)CCO)nc(N3CCCCC3)c2n1,Dipyridamole,0.24303804868629444,IZEKFCXSFNUWAM
O=C([O-])CN(CCN(CC(=O)[O-])CC(=O)O)CCN(CC(=O)[O-])CC(=O)O.[Gd+3],Gadopentetic acid,-0.575118363368933,IZOOGPBRAOKZFK
CN1CC[C@]23CCCC[C@H]2[C@H]1Cc1ccc(O)cc13,Levorphanol,1.0606978403536118,JAQUASYNZVUNQP
CN(C)CC/C=C1/c2ccccc2COc2ccc(CC(=O)O)cc21,Olopatadine,0.2814554379470223,JBIMVDZLSHOPLA
CCOC(=O)N1CCC(=C2c3ccc(Cl)cc3CCc3cccnc32)CC1,Loratadine,2.0791812460476247,JCCNYMKQOSZNPW
C[C@]12C=CC(=O)C=C1CC[C@@H]1[C@@H]2[C@@H](O)C[C@@]2(C)[C@H]1CC[C@]2(O)C(=O)COP(=O)(O)O,Prednisolone phosphate,-0.3372421683184259,JDOZJEUDSLGTLU
NC1(C(=O)N[C@@H](CCO)c2ccc(Cl)cc2)CCN(c2ncnc3[nH]ccc23)CC1,Capivasertib,1.08278537031645,JDUBGYFRJFOXQC
CCCCCCCCCCCCCCCC(=O)N[C@@H](CCC(=O)NCCOCCOCCOCCOCCOCCOCCOCCOCCOCCOCCOCCOCCOCCOCCOCCOCCOCCOCCOCCOCCOCCOCCOCCOCCC(=O)NCCCC[C@H](NC(=O)[C@@H](NC(=O)[C@@H]1CCCN1C(=O)[C@H](Cc1ccc(O)cc1)NC(=O)[C@H](CCC(=O)O)NC(=O)[C@H](Cc1c[nH]c2ncccc12)NC(=O)[C@H](Cc1ccc(O)cc1)NC(=O)[C@@H](NC(=O)[C@H](CC(=O)O)N(C)C(=O)[C@@H]1CC(=O)NCCCC[C@H](NC(C)=O)C(=O)N[C@@H](C(C)C)C(=O)N[C@@H](CCC(=O)O)C(=O)N[C@@H](CCCNC(=N)N)C(=O)N[C@@H](Cc2ccccc2)C(=O)N1)C(C)(C)C)C1CCCCC1)C(=O)O)C(=O)O,Zilucoplan,-1.2997909235484328,JDXCOXKBIGBZSK
CN(C)c1cc(CNCC(C)(C)C)c(O)c2c1C[C@H]1C[C@H]3[C@H](N(C)C)C(O)=C(C(N)=O)C(=O)[C@@]3(O)C(O)=C1C2=O,Omadacycline,0.5631419252975928,JEECQCWWSTZDCK
CC(=O)N(c1onc(C)c1C)S(=O)(=O)c1ccc(N)cc1,Acetyl sulfisoxazole,-1.5440680443502757,JFNWFXVFBDDWCX
CCCNS(=O)(=O)Nc1ncnc(OCCOc2ncc(Br)cn2)c1-c1ccc(Br)cc1,Macitentan,-0.146128035678238,JGCMEBMXRHSZKX
O=C(O)CNC(=O)c1ncc(-c2cccc(Cl)c2)cc1O,Vadadustat,-0.7806400507873383,JGRXMPYUTJLTKT
CC1(C)S[C@@H]2[C@H](NC(=O)Cc3ccccc3)C(=O)N2[C@H]1C(=O)O,Benzylpenicillin,-0.22184874961635637,JGSARLDLIJGVTE
FC(F)(F)c1ccc(CNc2ccc(Cc3c[nH]c4ncc(Cl)cc34)cn2)cn1,Pexidartinib,0.4267435665222421,JGWRKYUXBBNENE
Cn1c(N)c(NC(=O)NCCN)c[n+]1CC1=C(C(=O)[O-])N2C(=O)[C@@H](NC(=O)/C(=N\OC(C)(C)C(=O)O)c3nsc(N)n3)[C@H]2SC1,Ceftolozane,-0.7147642715192507,JHFNIHVVXRKLEF
CN1c2ccccc2C(NCCCCCCC(=O)O)c2ccc(Cl)cc2S1(=O)=O,Tianeptine,-0.09691001300805639,JICJBGPOMZQUBB
Cc1cc(C[C@@H](NC(=O)N2CCC(c3cc4ccccc4[nH]c3=O)CC2)C(=O)N2CCN(C3CCN(C)CC3)CC2)cc2cn[nH]c12,Zavegepant,1.4038555754814508,JJVAPHYEOZSKJZ
Cc1cc(NS(=O)(=O)c2ccc(N)cc2)no1,Sulfamethoxazole,-0.7311546877074201,JLKIGFTWXXRPMT
CCN(CC)C(=O)Nc1ccc(OCC(O)CNC(C)(C)C)c(C(C)=O)c1,Celiprolol,0.6532125137753437,JOATXPAWOHTVSZ
CCCCCCOc1nsnc1C1=CCCN(C)C1,Xanomeline,1.0579919469776868,JOLJIIDDOBNFHW
Cc1cnc(Nc2ccc(OCCN3CCCC3)cc2)nc1Nc1cccc(S(=O)(=O)NC(C)(C)C)c1,Fedratinib,1.4028752263475497,JOOXLOJCABQBSG
CO[C@H]1/C=C/O[C@@]2(C)Oc3c(C)c(O)c4c(O)c(c(/C=N/N5CCN(C)CC5)c(O)c4c3C2=O)NC(=O)/C(C)=C\C=C\[C@H](C)[C@H](O)[C@@H](C)[C@@H](O)[C@@H](C)[C@H](OC(C)=O)[C@@H]1C,Rifampin,-0.1938200260161128,JQXXHWHPUNPDRT
CCN(CC)C(=O)/C(C#N)=C/c1cc(O)c(O)c([N+](=O)[O-])c1,Entacapone,-0.5440680443502757,JRURYQJSLYLRLN
CCOC(=O)[C@H](CCc1ccccc1)N[C@@H](C)C(=O)N1Cc2ccccc2C[C@H]1C(=O)O,Quinapril,-0.7020832397601617,JSDRRTOADPPCHY
OC[C@H](O)[C@@H](O)[C@H](O)[C@H](O)CO[C@H]1O[C@H](CO[C@H]2O[C@H](CO)[C@@H](O)[C@H](O)[C@H]2O)[C@@H](O)[C@H](O)[C@H]1O.[Fe+3],Ferric derisomaltose,-1.3679767852945943,JTQTXQSGPZRXJF
COC(=O)[C@@H]1CC2=CC(=O)CC[C@]2(C)[C@@]23O[C@@H]2C[C@@]2(C)[C@@H](CC[C@@]24CCC(=O)O4)[C@H]13,Eplerenone,0.10914446942506809,JUKPWJGBANNWMW
CN(C)CCC=C1c2ccccc2C=Cc2ccccc21,Cyclobenzaprine,0.3192548157701803,JURKNVYFZMSNLP
C[C@@H](O)[C@H]1C(=O)N2C(C(=O)O)=C(S[C@@H]3CN[C@H](C(=O)Nc4cccc(C(=O)O)c4)C3)[C@H](C)[C@H]12,Ertapenem,-0.9208187539523752,JUZNIMUFDBIJCM
C[N@+]1(CC2CC2)CC[C@]23c4c5ccc(O)c4O[C@H]2C(=O)CC[C@@]3(O)[C@H]1C5,Methylnaltrexone,0.04139268515822508,JVLBPIPGETUEET
CO[C@@]1(NC(=O)C(C(=O)O)c2ccc(O)cc2)C(=O)N2C(C(=O)O)=C(CSc3nnnn3C)CO[C@@H]21,Latamoxef,-0.915168479929669,JWCSIUVGFCSJCK
CCCNCC(O)COc1ccccc1C(=O)CCc1ccccc1,Propafenone,0.5563025007672873,JWHAUXFOSRPERK
CCO[C@H](COc1ccc(C(F)(F)F)cc1)CSc1ccc(OCC(=O)O)c(C)c1,Seladelpar,0.27940618482002544,JWHYSEDOYMYMNM
C[C@]12C=CC(=O)N[C@@H]1CC[C@@H]1[C@@H]2CC[C@]2(C)[C@@H](C(=O)Nc3cc(C(F)(F)F)ccc3C(F)(F)F)CC[C@@H]12,Dutasteride,0.853871964321762,JWJOTENAMICLJG
CCOc1cc2ncc(C#N)c(Nc3ccc(OCc4ccccn4)c(Cl)c3)c2cc1NC(=O)/C=C/CN(C)C,Neratinib,1.9633155113861114,JWNPDZNEKVCWMY
CC(C)NCC(O)c1ccc(O)c(O)c1,Isoprenaline,-0.6655462488490691,JWZZKOKVBUJMES
C[C@]12CCC(=O)C=C1CC[C@@H]1[C@@H]2[C@@H](O)C[C@@]2(C)[C@H]1CC[C@]2(O)C(=O)CO,Hydrocortisone,-0.2449967843228661,JYGXADMDTFJGBT
Cc1ccc(-n2nccn2)c(C(=O)N2CCN(c3nc4cc(Cl)ccc4o3)CC[C@H]2C)c1,Suvorexant,-0.15490195998574322,JYTNQNCOQXFQPK
NS(=O)(=O)c1cc2c(cc1Cl)NCNS2(=O)=O,Hydrochlorothiazide,0.3996737214810381,JZUFKLXOESDKRF
CO[C@H]1O[C@H](COS(=O)(=O)O)[C@@H](O[C@@H]2O[C@@H](C(=O)O)[C@@H](O[C@H]3O[C@H](COS(=O)(=O)O)[C@@H](O[C@@H]4O[C@H](C(=O)O)[C@@H](O[C@H]5O[C@H](COS(=O)(=O)O)[C@@H](O)[C@H](O)[C@H]5NS(=O)(=O)O)[C@H](O)[C@H]4O)[C@H](OS(=O)(=O)O)[C@H]3NS(=O)(=O)O)[C@H](O)[C@H]2OS(=O)(=O)O)[C@H](O)[C@H]1NS(=O)(=O)O,Fondaparinux,-0.8037053548560318,KANJSNBRCNMZMV
CCCCC[C@H](O)/C=C/[C@@H]1[C@H]2C/C(=C/CCCC(=O)O)O[C@H]2C[C@H]1O,Epoprostenol,-0.4473317838878068,KAQKFAOMNZTLHT
Nc1ccc(O)c(C(=O)O)c1,Mesalazine,-0.5898255349109508,KBOPZPXVLCULAV
CCc1cc2c(cc1N1CCC(N3CCOCC3)CC1)C(C)(C)c1[nH]c3cc(C#N)ccc3c1C2=O,Alectinib,1.758695664122706,KDGFLJKFZUIJMX
CCC[C@@H]1C[C@@H](C(=O)N[C@@H]([C@H]2O[C@H](SC)[C@H](O)[C@@H](O)[C@H]2O)[C@H](C)Cl)N(C)C1,Clindamycin,0.02413367971671937,KDLRVYVGXIQJDK
C=CC(=O)N1CC[C@H](n2nc(C#Cc3cc(OC)cc(OC)c3)c3c(N)ncnc32)C1,Futibatinib,-0.025554104472388168,KEIPNCCJPRMIAX
CCCN(CCc1cccs1)[C@H]1CCc2c(O)cccc2C1,Rotigotine,1.9242792860618816,KFQYTPMOWPVWEJ
OB(O)O,Boric acid,-0.47495519296315475,KGBXLFKZBHKPEV
COCc1nn(Cc2ccc(Cn3ccccc3=O)cc2)cc1C(=O)NCc1nccc(OC)c1F,Sebetralstat,0.0006199779524017855,KGMPDQIYDKKXRD
CC(=O)Oc1ccc(C(c2ccc(OC(C)=O)cc2)c2ccccn2)cc1,Bisacodyl,0.41258053485492774,KHOITXIGCFIULA
CCc1cc(/C(C)=N/OCc2ccc(C3CCCCC3)c(C(F)(F)F)c2)ccc1CN1CC(C(=O)O)C1,Siponimod,0.24832364514797822,KIHYPELVXPAIDH
CC1(C)O[C@@H]2[C@@H](CO[C@@]3(COS(N)(=O)=O)OC(C)(C)O[C@@H]23)O1,Topiramate,-0.15490195998574322,KJADKKWYZYXHBB
CC(C)Nc1nc2cc(Cl)c(Cl)cc2n1[C@H]1O[C@@H](CO)[C@H](O)[C@@H]1O,Maribavir,-0.4089353929735008,KJFBVJALEQWJBS
CCCCCCCCc1ccc(CCC(N)(CO)CO)cc1,Fingolimod,1.234083206033368,KKGQTZUTZRNORY
CO/N=C(\C(=O)N[C@@H]1C(=O)N2C(C(=O)O)=C(/C=C\c3scnc3C)CS[C@H]12)c1csc(N)n1,Cefditoren,-0.8766150914603217,KMIPKYQIOVAHOP
OC(CNCC(O)C1CCc2cc(F)ccc2O1)C1CCc2cc(F)ccc2O1,Nebivolol,0.6185112963892097,KOHIRBRYDXPAMZ
Cc1ncc([N+](=O)[O-])n1CC(C)O,Secnidazole,-0.22184874961635637,KPQZUUQMTUIKBP
C=C[C@]1(C)C[C@@H](OC(=O)CS[C@@H]2CC[C@@H](N)C[C@H]2O)[C@]2(C)C(C)CC[C@]3(CCC(=O)[C@H]32)[C@@H](C)[C@@H]1O,Lefamulin,0.08990511143939793,KPVIXBKIJXZQJX
NCC(CC(=O)O)c1ccc(Cl)cc1,Baclofen,-0.15490195998574322,KPYSYYIEGFHWSV
[18F-],Fluoride ion F-18,-0.22184874961635637,KRHYYFGTRYWZRS
CN(C)CCC=C1c2ccccc2CCc2ccccc21,Amitriptyline,1.2041199826559248,KRMDCWKBEZIMAB
N[C@@H]1c2cccnc2[C@H](OC(=O)N2CCC(n3c(=O)[nH]c4ncccc43)CC2)CC[C@H]1c1cccc(F)c1F,Rimegepant,0.23408320603336796,KRNAOFGYEFKHPB
CCCCCCOC(=O)/N=C(/N)c1ccc(NCc2nc3cc(C(=O)N(CCC(=O)OCC)c4ccccn4)ccc3n2C)cc1,Dabigatran etexilate,0.0,KSGXQBZTULBEEQ
CC(Oc1c(Cl)cccc1Cl)C1=NCCN1,Lofexidine,0.6320232147054056,KSMAGQUYOIHWFS
C[C@@H](Oc1cc(-c2cnn(C3CCNCC3)c2)cnc1N)c1c(Cl)ccc(F)c1Cl,Crizotinib,1.403365677536775,KTEIFNKAUNYNJU
Cc1ccc(NC(=O)c2ccc(CN3CCN(C)CC3)cc2)cc1Nc1nccc(-c2cccnc2)n1,Imatinib,0.6247239759639062,KTUFNOKKBVMGRW
CO[C@H]1/C=C\C=C(/C)C(=O)NC2=CC(=O)C(NCCN(C)C)=C(C[C@@H](C)C[C@H](OC)[C@H](O)[C@@H](C)/C=C(\C)[C@@H]1OC(N)=O)C2=O,Alvespimycin,0.7403626894942439,KUFRQPKVAWMTJO
CCC(=O)OCC(=O)[C@@]1(OC(=O)CC)[C@@H](C)C[C@H]2[C@@H]3CCC4=CC(=O)C=C[C@]4(C)[C@@]3(Cl)[C@@H](O)C[C@@]21C,Beclomethasone dipropionate,-0.5440680443502757,KUVIULQEHSCUHY
Cc1cc2c(s1)Nc1ccccc1N=C2N1CCN(C)CC1,Olanzapine,1.1549019599857433,KVWDHTXUZHCGIO
CN[C@@H](C)[C@@H](O)c1ccccc1,Pseudoephedrine,0.47918636623930366,KWGRBVOPPLSCSI
C[N+](C)(C)CC(=O)[O-],Betaine,0.11394335230683679,KWIUHFFTVRNATP
CC(N)Cc1ccccc1,Amphetamine,0.5234982813381117,KWTSXDURSIMDCE
CC[C@@H](c1cccc(O)c1)[C@@H](C)CN(C)C,Tapentadol,0.8872957198087117,KWTWDQCKEHXFFR
CC1CNc2c(cccc2S(=O)(=O)N[C@@H](CCCNC(=N)N)C(=O)N2CC[C@@H](C)C[C@@H]2C(=O)O)C1,Argatroban,-0.7594507517174003,KXNPVXPOPUZYGB
CN(C)CC(c1ccc(O)cc1)C1(O)CCCCC1,Desvenlafaxine,0.5314789170422551,KYYIDSXMWOZKMP
O=C(NCCO[N+](=O)[O-])c1cccnc1,Nicorandil,0.07918124604762482,LBHIOVVIQHSOQN
COc1cc(C)c2c(Oc3cccc(C(F)(F)F)c3)c(OC)cc(NC(C)CCCN)c2n1,Tafenoquine,0.9030899869919435,LBHLFPGPEGDCJG
CC(C)(/C=C(\C#N)C(=O)N1CCC[C@@H](n2nc(-c3ccc(Oc4ccccc4)cc3F)c3c(N)ncnc32)C1)N1CCN(C2COC2)CC1,Rilzabrutinib,0.3280882283980172,LCFFREMLXLZNHE
NC(=O)N[C@@H](CCC(=O)O)C(=O)O,Carglumic acid,1.5792935143960207,LCQLHJZYVOQKHU
COC(=O)/C=C/C(=O)OC,Dimethyl fumarate,0.0182248201061991,LDCRTTXIJACKKU
CC(C)OC(=O)[C@H](C)N[P@](=O)(CO[C@H](C)Cn1cnc2c(N)ncnc21)Oc1ccccc1,Tenofovir alafenamide,0.1549019599857432,LDEKQSIMHVQZJK
CCCCN1CCCC[C@H]1C(=O)Nc1c(C)cccc1C,Levobupivacaine,-0.019607010134825957,LEBVLXFERQHONN
COc1c(O[C@@H]2O[C@H](CO)[C@@H](O)[C@H](O)[C@H]2O)cc2c(c1OC)-c1ccc(SC)c(=O)cc1[C@@H](NC(C)=O)CC2,Thiocolchicoside,-0.21467016498923297,LEQAKWQJCITZNK
C[N+]1(C)[C@@H]2C[C@@H](OC(=O)C(O)(c3cccs3)c3cccs3)C[C@H]1[C@@H]1O[C@@H]12,Tiotropium,1.505149978319906,LERNTVKEWCAPOY
CC(C)(C)NC(=O)N[C@H](C(=O)N1C[C@H]2[C@@H]([C@H]1C(=O)NC(CC1CCC1)C(=O)C(N)=O)C2(C)C)C(C)(C)C,Boceprevir,1.0425192603214792,LHHCSNFAOIFYRV
CC(C)(C)[C@H](NC(=O)C(F)(F)F)C(=O)N1C[C@H]2[C@@H]([C@H]1C(=O)N[C@H](C#N)C[C@@H]1CCNC1=O)C2(C)C,Nirmatrelvir,0.17484864166458552,LIENCHBZNNMNKG
CNC(=O)c1ccc(-c2cnc3ncc(Cc4ccc5ncccc5c4)n3n2)cc1F,Capmatinib,0.3697458080334411,LIOLIMKSCNQPLV
O=C(O)CCC(=O)OC[C@@H](NC(=O)C(Cl)Cl)[C@H](O)c1ccc([N+](=O)[O-])cc1,Chloramphenicol succinate,0.21748394421390627,LIRCDOVJWUGTMW
CC(=O)Nc1cccc(-n2c(=O)n(C3CC3)c(=O)c3c(Nc4ccc(I)cc4F)n(C)c(=O)c(C)c32)c1,Trametinib,0.485315733334934,LIRYPHYGHXZJBZ
CC[C@H]1OC(=O)[C@H](C)C(=O)[C@H](C)[C@@H](O[C@@H]2O[C@H](C)C[C@H](N(C)C)[C@H]2O)[C@](C)(OC)C[C@@H](C)C(=O)[C@H](C)[C@H]2N(CCCCn3cnc(-c4cccnc4)c3)C(=O)O[C@]12C,Telithromycin,0.4623979978989561,LJVAJPDWBABPEJ
NCC[C@H](O)C(=O)N[C@@H]1C[C@H](N)[C@@H](O[C@H]2O[C@H](CN)[C@@H](O)[C@H](O)[C@H]2O)[C@H](O)[C@H]1O[C@H]1O[C@H](CO)[C@@H](O)[C@H](N)[C@H]1O,Amikacin,-0.4648867983026508,LKCWBDHBTVXHDL
COc1ccc2c3c1O[C@H]1C(=O)CC[C@H]4[C@@H](C2)N(C)CC[C@]314,Hydrocodone,0.7591280130702133,LLPOLZWFYMWNKH
CNS(=O)(=O)Nc1nccc(Cc2c(C)c3ccc(Oc4ncccn4)cc3oc2=O)c1F,Avutometinib,-0.4471580313422192,LMMJFBMMJUMSJS
O=C(CCCN1CCC(O)(c2ccc(Cl)cc2)CC1)c1ccc(F)cc1,Haloperidol,1.1931245983544616,LNEPOXFFQSENCJ
CCCCCOc1ccc(-c2ccc(-c3ccc(/C(O)=N/[C@H]4C[C@@H](O)[C@@H](OCC[N+](C)(C)C)/N=C(/O)[C@@H]5[C@@H](O)[C@@H](C)CN5C(=O)[C@H]([C@@H](C)O)/N=C(/O)[C@H]([C@H](O)[C@@H](O)c5ccc(O)cc5)/N=C(/O)[C@@H]5C[C@@H](O)CN5C(=O)[C@H]([C@@H](C)O)/N=C\4O)cc3)cc2)cc1,Rezafungin,-0.01902323731343038,LNFCWEXGZIEGJW
Cc1onc(-c2ccccc2)c1-c1ccc(S(N)(=O)=O)cc1,Valdecoxib,0.08940041122931092,LNPDTQAFDNKSHK
CS(=O)(=O)c1ccc(Oc2cc(F)cc(C#N)c2)c2c1[C@H](O)[C@H](F)[C@@H]2F,Belzutifan,0.26884531229257996,LOMMPXLFBTZENJ
CCC/N=C1\S/C(=C\c2ccc(OC[C@H](O)CO)c(Cl)c2)C(=O)N1c1ccccc1C,Ponesimod,0.3590219426416679,LPAUOXUZGSBGDU
CC1(C)[C@@H](O[C@H]2O[C@H](C(=O)O)[C@@H](O)[C@H](O)[C@H]2O[C@@H]2O[C@H](C(=O)O)[C@@H](O)[C@H](O)[C@H]2O)CC[C@]2(C)[C@H]3C(=O)C=C4[C@@H]5C[C@@](C)(C(=O)O)CC[C@]5(C)CC[C@@]4(C)[C@]3(C)CC[C@@H]12,Glycyrrhizic acid,-1.2967086218813386,LPLVUJXQOOQHMX
C[C@]1(Cn2ccnn2)[C@H](C(=O)O)N2C(=O)C[C@H]2S1(=O)=O,Tazobactam,-0.585026652029182,LPQZKKCYTLCDGQ
CC1(C)CCC(CN2CCN(c3ccc(C(=O)NS(=O)(=O)c4ccc(NCC5CCOCC5)c([N+](=O)[O-])c4)c(Oc4cnc5[nH]ccc5c4)c3)CC2)=C(c2ccc(Cl)cc2)C1,Venetoclax,0.6614069923906152,LQBVNQSMGBZMKD
CC(=O)OCC(=O)[C@@]1(O)CC[C@H]2[C@@H]3CCC4=CC(=O)C=C[C@]4(C)[C@H]3[C@@H](O)C[C@@]21C,Prednisolone acetate,-0.15490195998574322,LRJOMUJRLNCICJ
CC1(C)S[C@@H]2[C@H](NC(=O)[C@H](N)c3ccc(O)cc3)C(=O)N2[C@H]1C(=O)O,Amoxicillin,-0.4026182709498083,LSQZJLSUYDQPKJ
CC#CCn1c(N2CCC[C@@H](N)C2)nc2c1c(=O)n(Cc1nc(C)c3ccccc3n1)c(=O)n2C,Linagliptin,1.2002249387724007,LTXREWYXXSTFRX
OCCOc1ccc(/C(=C(/CCCl)c2ccccc2)c2ccccc2)cc1,Ospemifene,0.8061799739838872,LUMKNAVTFCDUIE
CN1C[C@H](C(=O)N[C@]2(C)O[C@@]3(O)[C@@H]4CCCN4C(=O)[C@H](Cc4ccccc4)N3C2=O)C[C@@H]2c3cccc4[nH]cc(c34)C[C@H]21,Dihydroergotamine,1.0579919469776868,LUZRJRNZXALNLM
Cc1c(N(C)CS(=O)(=O)O)c(=O)n(-c2ccccc2)n1C,Metamizole,0.06069784035361165,LVWZTYCIRDMTEY
COc1cc2ncnc(Nc3ccc(F)c(Cl)c3)c2cc1NC(=O)/C=C/CN1CCCCC1,Dacomitinib,1.5378190950732742,LVXJQMNHJWSHET
CCCCCCCCCCCCCCCC(=O)NCC(O)COP(=O)(S)OCC1OC(n2cc(C)c(=O)[nH]c2=O)CC1NP(=O)(S)OCC1OC(n2cnc3c(N)ncnc32)CC1NP(=O)(S)OCC1OC(n2cnc3c(=O)[nH]c(N)nc32)CC1NP(=O)(S)OCC1OC(n2cnc3c(=O)[nH]c(N)nc32)CC1NP(=O)(S)OCC1OC(n2cnc3c(=O)[nH]c(N)nc32)CC1NP(=O)(S)OCC1OC(n2cc(C)c(=O)[nH]c2=O)CC1NP(=O)(S)OCC1OC(n2cc(C)c(=O)[nH]c2=O)CC1NP(=O)(S)OCC1OC(n2cnc3c(N)ncnc32)CC1NP(=O)(S)OCC1OC(n2cnc3c(=O)[nH]c(N)nc32)CC1NP(=O)(S)OCC1OC(n2cnc3c(N)ncnc32)CC1NP(=O)(S)OCC1OC(n2ccc(N)nc2=O)CC1NP(=O)(S)OCC1OC(n2cnc3c(N)ncnc32)CC1NP(=O)(S)OCC1OC(n2cnc3c(N)ncnc32)CC1N,Imetelstat,-0.6958789273588769,LVZYXEALRXBLJZ
OC[C@H]1NC[C@H](O)[C@@H](O)[C@H]1O,Migalastat,0.2787536009528289,LXBIFEVIBLOUGU
CNC(=O)c1cnn(-c2nc(N)c3ncn([C@@H]4O[C@H](CO)[C@@H](O)[C@H]4O)c3n2)c1,Regadenoson,-0.7844001996606451,LZPZPHGJDAGEJZ
O=C(NC1CCN(CCCCC2(C(=O)NCC(F)(F)F)c3ccccc3-c3ccccc32)CC1)c1ccccc1-c1ccc(C(F)(F)F)cc1,Lomitapide,1.2661644736448083,MBBCVAKAJPKAKM
CN1CCCC(n2nc(Cc3ccc(Cl)cc3)c3ccccc3c2=O)CC1,Azelastine,1.1613680022349748,MBUVEWMHONZEQD
CC1=C(C/C=C(\C)CCC[C@H](C)CCC[C@H](C)CCCC(C)C)C(=O)c2ccccc2C1=O,Phylloquinone,-0.5440680443502757,MBWXNTAXLNYFJB
Nc1nc(NC2CC2)c2ncn([C@H]3C=C[C@@H](CO)C3)c2n1,Abacavir,-0.06550154875643228,MCGSCOLBFJQGHM
CCOc1ccc(Cc2cc([C@]34OC[C@](CO)(O3)[C@@H](O)[C@H](O)[C@H]4O)ccc2Cl)cc1,Ertugliflozin,0.48794598980923043,MCIACXAZCBVDEE
CCOC(=O)[C@@H](N)Cc1ccc(-c2cc(O[C@H](c3ccc(Cl)cc3-n3ccc(C)n3)C(F)(F)F)nc(N)n2)cc1,Telotristat ethyl,0.7864471878200525,MDSQOJYHHZBZKA
CC(C)NCC(O)COc1ccc(CC(N)=O)cc1,Atenolol,0.20605448243312446,METKIMKYRPQLGS
C[C@]12CCC(=O)C=C1[C@@H]1C[C@@H]1[C@H]1[C@@H]3[C@@H]4C[C@@H]4[C@@]4(CCC(=O)O4)[C@@]3(C)CC[C@@H]12,Drospirenone,0.5965970956264602,METQSPRSQINEEU
CC(=O)N[C@H](Cc1ccc2ccccc2c1)C(=O)N[C@H](Cc1ccc(Cl)cc1)C(=O)N[C@H](Cc1cccnc1)C(=O)N[C@@H](CO)C(=O)N[C@@H](Cc1ccc(NC(=O)[C@@H]2CC(=O)NC(=O)N2)cc1)C(=O)N[C@H](Cc1ccc(NC(N)=O)cc1)C(=O)N[C@@H](CC(C)C)C(=O)N[C@@H](CCCCNC(C)C)C(=O)N1CCC[C@H]1C(=O)N[C@H](C)C(N)=O,Degarelix,-0.7881931886777842,MEUCPCLKGZSHTA
N[C@@H](CC(=O)N1CCn2c(nnc2C(F)(F)F)C1)Cc1cc(F)c(F)cc1F,Sitagliptin,0.45156715024727434,MFFMDFFZMYYVKS
O=C(O[C@H]1[C@H](OC(=O)c2cccnc2)[C@@H](OC(=O)c2cccnc2)[C@H](OC(=O)c2cccnc2)[C@@H](OC(=O)c2cccnc2)[C@H]1OC(=O)c1cccnc1)c1cccnc1,Inositol nicotinate,0.02160271602824219,MFZCIDXOLLEMOO
C[C@@H]1C[C@H]2[C@@H]3C[C@H](F)C4=CC(=O)C=C[C@]4(C)[C@@]3(F)[C@@H](O)C[C@]2(C)[C@@]1(O)C(=O)SCF,Fluticasone,0.6232492903979004,MGNNYOODZCAHBA
Cc1ccc(C(=O)c2cc(O)c(O)c([N+](=O)[O-])c2)cc1,Tolcapone,-0.890855530574932,MIQPIUSUKVNLNT
CSc1ccc(OCc2ncc([N+](=O)[O-])n2C)cc1,Fexinidazole,1.6630274960689424,MIWWSGDADVMLTG
CCC1(c2ccccc2)C(=O)NC(=O)NC1=O.CN[C@@H](C)CC1CCCCC1,Barbexaclone,-0.10790539730951958,MJCBWPMBFCUHBP
Cc1c(OCC(F)(F)F)ccnc1CS(=O)c1nc2ccccc2[nH]1,Lansoprazole,-0.32048902867916607,MJIHNNLFOKEZEW
CC(C)(CO)c1cc2cc(NC(=O)C3(c4ccc5c(c4)OC(F)(F)O5)CC3)c(F)cc2n1C[C@@H](O)CO,Tezacaftor,0.5878712508601489,MJUVRTYWUMPBTR
COc1cc2c(cc1OC)C1CC(=O)C(CC(C)C)CN1CC2,Tetrabenazine,0.797117326908003,MKJIEFSOBYUXJB
Nc1nc(=O)c2ncn(COCCO)c2[nH]1,Acyclovir,-0.22184874961635637,MKUXAQIIEYXACX
COc1ccc2c(c1)[C@]13CCCC[C@@H]1[C@H](C2)N(C)CC3,Dextromethorphan,0.7671558660821804,MKXZASYAUGDDCJ
O=C(Nc1c(Cl)cncc1Cl)c1ccc(OC(F)F)c(OCC2CC2)c1,Roflumilast,0.4623979978989561,MNDBXUUTURYVHR
O=C(O)COC(=O)Cc1ccccc1Nc1c(Cl)cccc1Cl,Aceclofenac,-0.4471580313422192,MNIPYSSQXLZQLJ
CCCCN(CCCC)C(=O)CN1C[C@H](c2ccc3c(c2)OCO3)[C@@H](C(=O)O)[C@@H]1c1ccc(OC)cc1,Atrasentan,1.2267839672918686,MOTJMGVDPWRKOC
O=[N+]([O-])O[C@H]1CO[C@H]2[C@@H]1OC[C@H]2O[N+](=O)[O-],Isosorbide dinitrate,0.47712125471966244,MOYKHGMNXAOIAT
CCCCCN(C)CCC(O)(P(=O)(O)O)P(=O)(O)O,Ibandronate,0.7207497786592608,MPBVHIBUJCELCL
O=C([O-])[C@H](O)[C@@H](O)[C@H](O)[C@H](O)CO.OC[C@H]1O[C@@](CO)(O[C@H]2O[C@H](CO)[C@@H](O)[C@H](O)[C@H]2O)[C@@H](O)[C@@H]1O.OC[C@H]1O[C@@](CO)(O[C@H]2O[C@H](CO)[C@@H](O)[C@H](O)[C@H]2O)[C@@H](O)[C@@H]1O.OC[C@H]1O[C@@](CO)(O[C@H]2O[C@H](CO)[C@@H](O)[C@H](O)[C@H]2O)[C@@H](O)[C@@H]1O.OC[C@H]1O[C@@](CO)(O[C@H]2O[C@H](CO)[C@@H](O)[C@H](O)[C@H]2O)[C@@H](O)[C@@H]1O.OC[C@H]1O[C@@](CO)(O[C@H]2O[C@H](CO)[C@@H](O)[C@H](O)[C@H]2O)[C@@H](O)[C@@H]1O.[Fe+3].[Fe+3].[Na+].[O-2].[O-2].[O-2],Sodium ferric gluconate complex,-1.6409780573583321,MQBDAEHWGRMADS
CC(C)(Oc1ccc(C(=O)c2ccc(Cl)cc2)cc1)C(=O)O,Fenofibric acid,-0.4057653461839942,MQOBSOSZFYZQOK
N[C@H]1C(O)O[C@H](CO)[C@@H](O)[C@@H]1O,Glucosamine,1.187520720836463,MSWZFWKMSRAUBD
CCC[C@@H]1CC(=O)N([C@@H](CC)C(N)=O)C1,Brivaracetam,-0.3010299956639812,MSYKRHVOOPPJKU
Cc1ncc(OC[C@@]2(c3cccc(F)c3)C[C@H]2C(=O)Nc2ccc(F)cn2)c(C)n1,Lemborexant,1.4493681861473362,MUGXRYIUWFITCP
C[C@]12CC[C@H]3[C@@H](CCC4=CC(=O)CC[C@@]43C)[C@@H]1CC[C@@H]2O,Testosterone,0.05994188806195468,MUMGGOZAMZWBJJ
Cc1nn(C)cc1S(=O)(=O)NC(=O)c1ccc(-n2ccc(OCC(C)(C)C(F)(F)F)n2)nc1N1C[C@@H](C)CC1(C)C,Elexacaftor,-0.11512375431470116,MVRHVFSOIWFBTE
O=C1Cc2cc(CCN3CCN(c4nsc5ccccc45)CC3)c(Cl)cc2N1,Ziprasidone,0.17609125905568124,MVWVFYHBGMAFLY
CCC(=O)N1CC[C@H](Nc2ncnc3c2CN(c2cnc(OC)c(C(F)(F)F)c2)CC3)C1,Leniolisib,-0.39025318000574666,MWKYMZXCGYXLPL
CC(c1cc2ccccc2s1)N(O)C(N)=O,Zileuton,0.07918124604762482,MWLSOWXNZPKENC
CC(C)C[C@H](NC(=O)CNC(=O)c1cc(Cl)ccc1Cl)B(O)O,Ixazomib,0.8897017895745901,MXAYKZJJDUDWDS
C[C@@H](O)[C@H](NC(=O)[C@@H]1CSSC[C@H](NC(=O)[C@@H](Cc2ccccc2)NC(=O)CN2CCN(CC(=O)[O-])CCN(CC(=O)[O-])CCN(CC(=O)[O-])CC2)C(=O)N[C@@H](Cc2ccc(O)cc2)C(=O)N[C@H](Cc2c[nH]c3ccccc23)C(=O)N[C@@H](CCCCN)C(=O)N[C@@H]([C@@H](C)O)C(=O)N1)C(=O)O.[177Lu+3],Lutetium Lu 177 dotatate,0.8176597916673173,MXDPZUIOZWKRAA
O=C([O-])CN(CCN(CC(=O)[O-])CC(=O)[O-])CCN(CC(=O)O)C(COCc1ccccc1)C(=O)O.[Gd+3],Gadobenic acid,-0.8013429130455774,MXZROTBGJUUXID
[Ca+2].[N-]=C=[N-],Calcium carbimide,-0.1938200260161128,MYFXBBAEXORJNB
CN[C@H](CC(C)C)C(=O)N[C@H]1C(=O)N[C@@H](CC(N)=O)C(=O)N[C@H]2C(=O)N[C@H]3C(=O)N[C@H](C(=O)N[C@H](C(=O)O)c4cc(O)cc(O)c4-c4cc3ccc4O)[C@H](O)c3ccc(c(Cl)c3)Oc3cc2cc(c3O[C@@H]2O[C@H](CO)[C@@H](O)[C@H](O)[C@H]2O[C@H]2C[C@](C)(N)[C@H](O)[C@H](C)O2)Oc2ccc(cc2Cl)[C@H]1O,Vancomycin,-0.15490195998574322,MYPYJXKWCTUITO
CC[C@H]1c2cc3[n-]c(c(CC(=O)OC)c4nc(cc5[n-]c(cc(n2)[C@@H]1C)c(C(C)=O)c5C)[C@@H](C)[C@@H]4CCC(=O)O)c(C(=O)NCCS(=O)(=O)O)c3C.[Pd+2],Padeliporfin,-0.7657358756212107,MZRDSGWDVDESRC
COc1ccc(-n2nccn2)c(C(=O)N2CCC[C@@]2(C)c2nc3c(C)c(Cl)ccc3[nH]2)c1,Daridorexant,-0.3537363461799842,NBGABHGMJVIVBW
CCC(CC)C(=O)OCOC(=O)C1=C(S[C@H]2CC[S@@+]([O-])C2)S[C@@H]2[C@@H]([C@@H](C)O)C(=O)N12,Sulopenem etzadroxil,0.28200675835055083,NBPVNGWRLGHULH
CC(=O)N(CC(O)CN(C(C)=O)c1c(I)c(C(=O)NCC(O)CO)c(I)c(C(=O)NCC(O)CO)c1I)c1c(I)c(C(=O)NCC(O)CO)c(I)c(C(=O)NCC(O)CO)c1I,Iodixanol,-0.585026652029182,NBQNWMBBSKPBAY
COc1c(-c2ccc3cc(NS(C)(=O)=O)ccc3c2)cc(-n2ccc(=O)[nH]c2=O)cc1C(C)(C)C,Dasabuvir,0.3280882283980172,NBRBXGKOEOGLOI
CC(C)c1nc(CN(C)C(=O)N[C@H](C(=O)N[C@@H](Cc2ccccc2)C[C@H](O)[C@H](Cc2ccccc2)NC(=O)OCc2cncs2)C(C)C)cs1,Ritonavir,-0.38721614328026455,NCDNCNXCDXHOMX
O=C(O)c1cc(/N=N/c2ccc(S(=O)(=O)Nc3ccccn3)cc2)ccc1O,Sulfasalazine,-0.9700367766225568,NCEXYHBECQHGNR
O=C(/C=C/c1cccc(S(=O)(=O)Nc2ccccc2)c1)NO,Belinostat,0.766625267993085,NCNRHFGMJRPRSK
CC(C)(C)NCC(O)c1ccc(O)c(CO)c1,Albuterol,-0.2653144433974467,NDAUXUAQIAJITI
NC(=O)[C@@H]1CC[C@@H]2CN1C(=O)N2OS(=O)(=O)O,Avibactam,-0.49874506556361825,NDCUAPJVLWFHHB
CC1Cc2ccccc2N1NC(=O)c1ccc(Cl)c(S(N)(=O)=O)c1,Indapamide,-0.4471580313422192,NDDAHWYSQHTHNT
C[C@H](NCc1ccc(OCc2cccc(F)c2)cc1)C(N)=O,Safinamide,0.25527250510330607,NEMGRZFTLSKBAP
C[C@H](Nc1ccc(C#N)n(C)c1=O)c1cc2cc(Cl)ccc2[nH]c1=O,Olutasidenib,0.6586926430429243,NEQYWYXGTJDAKR
CN(C)CCOC(c1ccccc1)c1ccccc1.Cn1c(=O)c2nc(Cl)[nH]c2n(C)c1=O,Dimenhydrinate,0.5440680443502757,NFLLKCVHYJRNRH
N=C(N)NCCC[C@@H](NC(=O)[C@@H]1CCCN1C(=O)[C@@H]1CSSCCC(=O)N[C@@H](Cc2ccc(O)cc2)C(=O)N[C@@H](Cc2ccccc2)C(=O)N[C@@H](CCC(N)=O)C(=O)N[C@@H](CC(N)=O)C(=O)N1)C(=O)NCC(N)=O,Desmopressin,-0.585026652029182,NFLWUMRGJYTJIN
Cc1cccc(Nc2ccncc2S(=O)(=O)NC(=O)NC(C)C)c1,Torasemide,-0.6989700043360187,NGBFQHCMQULJNZ
OCCN1CCN(CC/C=C2/c3ccccc3Sc3ccc(C(F)(F)F)cc32)CC1,Flupentixol,1.14921911265538,NJMYODHXAKYRHW
NC[C@H]1O[C@H](O[C@H]2[C@H](O)[C@@H](O[C@H]3O[C@H](CO)[C@@H](O)[C@H](N)[C@H]3O)[C@H](N)C[C@@H]2N)[C@H](N)C[C@@H]1O,Tobramycin,0.08483152007033098,NLVFBUXFDBBNBW
CC[C@]12C=CCN3CC[C@@]4(c5cc([C@@]6(C(=O)OC)C[C@@H]7C[C@@H](C(C)(F)F)C[N@](Cc8c6[nH]c6ccccc86)C7)c(OC)cc5N(C)[C@H]4[C@@](O)(C(=O)OC)[C@@H]1OC(C)=O)[C@@H]32,Vinflunine,1.5440680443502757,NMDYYWFGPIMTKO
Clc1ccc(CCCOCCCN2CCCCC2)cc1,Pitolisant,1.6059204121412005,NNACHAUCXXVJSP
CCN(CC)CC(=O)Nc1c(C)cccc1C,Lidocaine,0.04139268515822508,NNJVILVZKWQKPM
CO/N=C(\C(=O)N[C@@H]1C(=O)N2C(C(=O)O)=CCS[C@H]12)c1csc(N)n1,Ceftizoxime,-0.3979400086720376,NNULBSISHYWZJU
Cc1ccnc2c1NC(=O)c1cccnc1N2C1CC1,Nevirapine,0.08278537031645007,NQDJXKOVJZTUJA
CSc1nc2cc(Oc3cccc(Cl)c3Cl)c(Cl)cc2[nH]1,Triclabendazole,0.0,NQPDXQQQCQDHHW
CCN(c1cc(-c2ccc(CN3CCOCC3)cc2)cc(C(=O)NCc2c(C)cc(C)[nH]c2=O)c1C)C1CCOCC1,Tazemetostat,1.2448070714251411,NSQSAUGJQHDYNO
N[C@]1(C(=O)O)C[C@@H]([18F])C1,Fluciclovine (18F),-1.858326305748012,NTEDWGYJNHZKQW
CC(=O)N(CC(O)CO)c1c(I)c(C(=O)NCC(O)CO)c(I)c(C(=O)NCC(O)CO)c1I,Iohexol,-0.22221081256513248,NTHXOOBQLCIOLC
CCN1CCCC1CNC(=O)c1cc(S(=O)(=O)CC)c(N)cc1OC,Amisulpride,0.7634279935629373,NTJOBXMMWNYJFB
O=C1CN(/N=C/c2ccc([N+](=O)[O-])o2)C(=O)N1,Nitrofurantoin,-0.3372421683184259,NXFQHRVNIOXGAQ
C=CC(=O)N1CCN(c2nc(=O)n(-c3c(C)ccnc3C(C)C)c3nc(-c4c(O)cccc4F)c(F)cc23)[C@@H](C)C1,Sotorasib,0.4791844152834358,NXQKSXLFSAEQCZ
O=C(Nc1cnn2ccc(N3CCC[C@@H]3c3cc(F)ccc3F)nc12)N1CC[C@H](O)C1,Larotrectinib,-0.1638568026386696,NYNZQNWKBKUAII
C=C[C@@H]1C[C@]1(NC(=O)[C@@H]1C[C@@H]2CN1C(=O)[C@H](C(C)(C)C)NC(=O)O[C@@H]1C[C@H]1CCCCCc1nc3ccc(OC)cc3nc1O2)C(=O)NS(=O)(=O)C1CC1,Grazoprevir,1.2518119729937995,OBMNJSNZOWALQB
OC[C@H]1O[C@@H](c2ccc(Cl)c(Cc3ccc(O[C@H]4CCOC4)cc3)c2)[C@H](O)[C@@H](O)[C@@H]1O,Empagliflozin,0.022958321808784727,OBWASQILIWPZMG
CN(C)CCC=C1c2ccccc2COc2ccccc21,Doxepin,1.3010299956639813,ODQWQRRAPPTVAG
CCCSc1nc(N[C@@H]2C[C@H]2c2ccc(F)c(F)c2)c2nnn([C@@H]3C[C@H](OCCO)[C@@H](O)[C@H]3O)c2n1,Ticagrelor,0.0993846321359118,OEKWJQXRCDYSHL
CC(C)[C@H]1CC[C@H](C(=O)N[C@H](Cc2ccccc2)C(=O)O)CC1,Nateglinide,-0.8450980400142568,OELFLUMRDSZNSF
CC(C)[N+]1(C)[C@@H]2CC[C@H]1C[C@@H](OC(=O)C(CO)c1ccccc1)C2,Ipratropium,0.6627578316815741,OEXHQOGQTVQTAT
CCOC(=O)c1ncn2c1CN(C)C(=O)c1cc(F)ccc1-2,Flumazenil,0.0,OFBIFZUFASYYRE
CCCC(C)(COC(N)=O)COC(=O)NC(C)C,Carisoprodol,0.04727486738417947,OFZCIYFFPZCNJE
O=C(Nc1nc(-c2cc(Cl)cs2)c(N2CCN(C3CCCCC3)CC2)s1)c1cnc(N2CCC(C(=O)O)CC2)c(Cl)c1,Avatrombopag,0.4101744650890493,OFZJKCQENFPZBH
COc1ccccc1OCCNCC(O)COc1cccc2[nH]c3ccccc3c12,Carvedilol,0.24303804868629444,OGHNVEJMJSYVRP
C#CCC(Cc1cnc2nc(N)nc(N)c2n1)c1ccc(C(=O)N[C@@H](CCC(=O)O)C(=O)O)cc1,Pralatrexate,0.17609125905568124,OGSBUKJUDHAQEA
NCCCC(O)(P(=O)(O)O)P(=O)(O)O,Alendronic acid,-0.3979400086720376,OGSPWJRAVKPPFI
C/C=C1\NC(=O)[C@H]2CSSCC/C=C/[C@H](CC(=O)N[C@H](C(C)C)C(=O)N2)OC(=O)[C@H](C(C)C)NC1=O,Romidepsin,-0.19673802903332527,OHRURASPPZQGQM
C[C@]12C=CC(=O)C=C1CC[C@@H]1[C@@H]2[C@@H](O)C[C@@]2(C)[C@H]1CC[C@]2(O)C(=O)CO,Prednisolone,-0.37823041966014737,OIGNJSKKLXVSLS
CC[C@H](C)[C@H](NC(=O)[C@H](CCC(=O)O)NC(=O)[C@H](CCC(=O)O)NC(=O)[C@H](Cc1ccccc1)NC(=O)[C@H](CC(=O)O)NC(=O)CNC(=O)[C@H](CC(N)=O)NC(=O)CNC(=O)CNC(=O)CNC(=O)CNC(=O)[C@@H]1CCCN1C(=O)[C@H](CCCNC(=N)N)NC(=O)[C@@H]1CCCN1C(=O)[C@H](N)Cc1ccccc1)C(=O)N1CCC[C@H]1C(=O)N[C@@H](CCC(=O)O)C(=O)N[C@@H](CCC(=O)O)C(=O)N[C@@H](Cc1ccc(O)cc1)C(=O)N[C@@H](CC(C)C)C(=O)O,Bivalirudin,-0.6989700043360187,OIRCOABEOLEUMC
CN(Cc1cc(Br)cc(Br)c1N)C1CCCCC1,Bromhexine,1.2787536009528289,OJGDCBLYJGHCIH
CCCCC(C)(O)C/C=C/[C@H]1[C@H](O)CC(=O)[C@@H]1CCCCCCC(=O)OC,Misoprostol,1.1335389083702174,OJLOPKGSLYJEMD
CCC[C@@H]1C[C@@H](C(=O)N[C@@H]([C@H]2O[C@H](SC)[C@H](O)[C@@H](O)[C@H]2O)[C@@H](C)O)N(C)C1,Lincomycin,0.17650467601398537,OJMMVQQUTAEWLP
C=CC1=C(C(=O)O)N2C(=O)[C@@H](NC(=O)/C(=N\OCC(=O)O)c3csc(N)n3)[C@H]2SC1,Cefixime,-1.0,OKBVVJOGVLARMR
COc1cc(OC)cc(N(CCNC(C)C)c2ccc3ncc(-c4cnn(C)c4)nc3c2)c1,Erdafitinib,-0.38270004211530073,OLAHOMJCDNXHFI
CC(=O)Nc1c(I)c(C(=O)O)c(I)c(C(=O)NCCO)c1I,Ioxitalamic acid,-0.712198270069774,OLAOYPRJVHUHCF
CC(C)c1cccc(C(C)C)c1O,Propofol,1.7781512503836436,OLBCVFGFOZPWHH
O=C1[C@H](CC[C@H](O)c2ccc(F)cc2)[C@@H](c2ccc(O)cc2)N1c1ccc(F)cc1,Ezetimibe,0.18631042423736732,OLNTVTPDXPETLC
CCOc1ccc(/C=C2\NCCc3cc(OCC)c(OCC)cc32)cc1OCC,Drotaverine,0.44045926899351695,OMFNSKIUKYOYRG
CCCCCCCCCCCCOCCOCCOCCOCCOCCOCCOCCOCCOCCO,Polidocanol,0.06871581236945988,ONJQDTZCDSESIW
CCCCCCCCCCNCCN[C@@]1(C)C[C@H](O[C@H]2[C@H](Oc3c4cc5cc3Oc3ccc(cc3Cl)[C@@H](O)[C@@H](NC(=O)[C@@H](CC(C)C)NC)C(=O)N[C@@H](CC(N)=O)C(=O)N[C@H]5C(=O)N[C@H]3C(=O)N[C@H](C(=O)N[C@H](C(=O)O)c5cc(O)c(CNCP(=O)(O)O)c(O)c5-c5cc3ccc5O)[C@H](O)c3ccc(c(Cl)c3)O4)O[C@H](CO)[C@@H](O)[C@@H]2O)O[C@@H](C)[C@H]1O,Telavancin,-0.8538719643217619,ONUMZHGUFYIKPM
Cc1ccc(O)c([C@H](CCN(C(C)C)C(C)C)c2ccccc2)c1,Tolterodine,0.2079804034691629,OOGJQPCLVADCPB
CC(C)(O/N=C(\C(=O)N[C@@H]1C(=O)N2C(C(=O)[O-])=C(C[n+]3ccccc3)CS[C@H]12)c1csc(N)n1)C(=O)O,Ceftazidime,-0.5440680443502757,ORFOPKXBNMVMKC
CC(C)(O)C(Cl)(Cl)Cl,Chlorobutanol,0.5222578810117622,OSASVXMJTNOKOY
Cc1cc(O)cc(C)c1Cl,Chloroxylenol,-0.49388169467491483,OSDLLIBGSJNGJE
C[C@]12CCC(=O)C(O)=C1CC[C@@H]1[C@@H]2CC[C@]2(C)C(=O)CC[C@@H]12,Formestane,0.25527250510330607,OSVMTWJCGUFAOD
Nc1ccncc1N,Amifampridine,0.4471580313422192,OYTKINVCDFNREN
O=C(O[C@H]1C[C@H]2CC[C@@H](C1)[N+]21CCCC1)C(O)(c1ccccc1)c1ccccc1,Trospium,0.8799964810672122,OYYDSUSKLWTMMQ
CSCCNc1nc(SCCC(F)(F)F)nc2c1ncn2[C@@H]1O[C@H](COP(=O)(O)OP(=O)(O)C(Cl)(Cl)P(=O)(O)O)[C@@H](O)[C@H]1O,Cangrelor,-1.2540334329877576,PAEBIVWUMLRPSK
Nc1nc(CC(=O)Nc2ccc(CCNC[C@H](O)c3ccccc3)cc2)cs1,Mirabegron,1.3776184311333264,PBAPPPCECJKMCM
CC(C)C[C@H]1C(=O)N2CCC[C@H]2[C@]2(O)O[C@](NC(=O)[C@@H]3C[C@@H]4c5cccc6[nH]cc(c56)C[C@H]4N(C)C3)(C(C)C)C(=O)N12,Dihydro-alpha-ergocryptine,-0.8015785797685004,PBUNVLRHZGSROC
NC(=O)c1cccc2cn(-c3ccc([C@@H]4CCCNC4)cc3)nc12,Niraparib,0.02413367971671937,PCHKPVIQAHNQLW
CCOC(=O)Nc1ccc(NCc2ccc(F)cc2)cc1N,Ezogabine,0.9395192526186185,PCOBBVZJEWWZFR
CCOc1ccc(C[C@@H](CN(CCN(CC(=O)[O-])CC(=O)[O-])CC(=O)[O-])N(CC(=O)O)CC(=O)O)cc1.[Gd+3],Gadoxetic acid,-0.6777807052660807,PCZHWPSNPWAQNF
CN1CCN(c2ccc(Nc3ncc4cc5n(c4n3)C3(CCCCC3)CNC5=O)nc2)CC1,Trilaciclib,1.2079804034691628,PDGKHKMBHVFCMG
CCC(=O)O[C@H]1CC[C@H]2[C@@H]3CCC4=CC(=O)CC[C@]4(C)[C@H]3CC[C@]12C,Testosterone propionate,1.9890046156985368,PDMMFKSKQVNJMI
CC1(C)C(/C=C/C2=C(Oc3ccc(C[C@H](NC(=O)c4ccc(NCc5cnc6nc(N)[nH]c(=O)c6n5)cc4)C(=O)O)cc3)/C(=C/C=C3/N(CCCCS(=O)(=O)O)c4ccc(S(=O)(=O)O)cc4C3(C)C)CCC2)=[N+](CCCCS(=O)(=O)O)c2ccc(S(=O)(=O)[O-])cc21,Pafolacianine,-0.612101929622103,PDXNSXLPXJFETD
C=C(F)C(=O)N1CCN(c2nc(OC[C@@H]3CCCN3C)nc3c2CCN(c2cccc4cccc(Cl)c24)C3)C[C@@H]1CC#N,Adagrasib,1.1289528627786205,PEMUGDMSUDYLHU
CC[C@H]1OC(=O)[C@H](C)C(=O)[C@H](C)[C@@H](O[C@@H]2O[C@H](C)C[C@H](N(C)C)[C@H]2O)[C@](C)(OCC=Cc2cnc3ccccc3c2)C[C@@H](C)C(=O)[C@H](C)[C@H]2NC(=O)O[C@@]21C,Cethromycin,1.3111481503830877,PENDGIOBPJLVBT
NCCNc1ccc(NCCN)c2c1C(=O)c1ccncc1C2=O,Pixantrone,1.294466226161593,PEZPMAYDXJQYRV
C[N+](C)(C)C[C@H](O)CC(=O)[O-],Levocarnitine,-0.9938396912951816,PHIQHXFUZVPYII
CN(C)CC/C=C1\c2ccccc2CSc2ccccc21,Dosulepin,1.6532125137753437,PHTUQLWOUWZIMZ
CNCCC=C1c2ccccc2CCc2ccccc21,Nortriptyline,1.3222192947339193,PHVGLTMQBUFIQQ
CC(=O)c1nn(CC(=O)N2C[C@H](F)C[C@H]2C(=O)Nc2cccc(Br)n2)c2ccc(-c3cnc(C)nc3)cc12,Danicopan,0.7514990556122034,PIBARDGJJAGJAJ
COC(=O)N[C@H](C(=O)N1CCC[C@H]1C(=O)Nc1ccc([C@@H]2CC[C@@H](c3ccc(NC(=O)[C@@H]4CCCN4C(=O)[C@@H](NC(=O)OC)C(C)C)cc3)N2c2ccc(C(C)(C)C)cc2)cc1)C(C)C,Ombitasvir,0.3929480631145386,PIDFDZJZLOTZTM
CCCCCOc1ccc(-c2cc(-c3ccc(C(=O)N[C@H]4C[C@@H](O)[C@@H](O)NC(=O)[C@@H]5[C@@H](O)[C@@H](C)CN5C(=O)[C@H]([C@H](O)CC(N)=O)NC(=O)[C@H]([C@H](O)[C@@H](O)c5ccc(O)c(OS(=O)(=O)O)c5)NC(=O)[C@@H]5C[C@@H](O)CN5C(=O)[C@H]([C@@H](C)O)NC4=O)cc3)no2)cc1,Micafungin,-0.4089353929735008,PIEUQSKUWLMALL
NCCN,Ethylenediamine,-0.8761483590329142,PIICEJLVQHRZGT
C=CC(N)CCC(=O)O,Vigabatrin,0.04139268515822508,PJDFLNIOAUIZSL
CCC(=O)N(c1ccccc1)C1CCN(CCc2ccccc2)CC1,Fentanyl,0.7403626894942439,PJMPHNIQZUBGLI
CC(=O)CC(c1ccccc1)c1c(O)c2ccccc2oc1=O,Warfarin,-0.8307717531976975,PJVWKTKQMONHTI
C/C=C/C[C@@H](C)[C@@H](O)[C@H]1C(=O)N[C@@H](CC)C(=O)N(C)CC(=O)N(C)[C@@H](CC(C)C)C(=O)N[C@@H](C(C)C)C(=O)N(C)[C@@H](CC(C)C)C(=O)N[C@@H](C)C(=O)N[C@H](C)C(=O)N(C)[C@@H](CC(C)C)C(=O)N(C)[C@@H](CC(C)C)C(=O)N(C)[C@@H](C(C)C)C(=O)N1C,Cyclosporine,0.7781512503836436,PMATZTZNYRCHOR
Cn1cc[nH]c1=S,Methimazole,-0.5440680443502757,PMRYVIKBURPHAH
Cc1nc2n(c(=O)c1CCN1CCC(c3noc4cc(F)ccc34)CC1)CCCC2O,Paliperidone,0.8424309212003775,PMXMIIMHBWHSKN
C[C@H](Cc1cc2c(c(C(N)=O)c1)N(CCCO)CC2)NCCOc1ccccc1OCC(F)(F)F,Silodosin,-0.15049284108068808,PNCPYILNMDWPEY
NC(=O)c1cn(Cc2c(F)cccc2F)nn1,Rufinamide,-0.146128035678238,POGQSBRIGCQNEG
Cc1nsc(-c2nnc3n2CCN(C(=O)c2ccc(F)cc2)[C@@H]3C)n1,Fezolinetant,0.43136376415898736,PPSNFPASKFYPMN
CON(C)Cc1ccc(O)c2c1C[C@H]1C[C@H]3[C@H](N(C)C)C(O)=C(C(N)=O)C(=O)[C@@]3(O)C(O)=C1C2=O,Sarecycline,0.11584815571957463,PQJQFLNBMSCUSH
O=C1[C@@H]2[C@H]3CC[C@H](C3)[C@@H]2C(=O)N1C[C@@H]1CCCC[C@H]1CN1CCN(c2nsc3ccccc23)CC1,Lurasidone,1.9453982369528526,PQXKDMSYBGKCJA
CC(=O)O[C@]1(C(C)=O)CC[C@H]2[C@@H]3C[C@H](C)C4=CC(=O)CC[C@]4(C)[C@H]3CC[C@@]21C,Medroxyprogesterone acetate,-0.5440680443502757,PSGAAPLEWMOORI
Nc1nc(Cl)nc2c1ncn2[C@H]1C[C@H](O)[C@@H](CO)O1,Cladribine,0.9542425094393249,PTOAARAWEBMLNO
CCC(=O)NC[C@@H]1C[C@H]1c1cccc2c1CCO2,Tasimelteon,0.25527250510330607,PTOIAAWZLUQTIO
CC(C)C1NC(=O)C(CCCCN)NC(=O)C(Cc2c[nH]c3ccccc23)NC(=O)C(Cc2ccc(O)cc2)NC(=O)C(NC(=O)C(N)Cc2ccc3ccccc3c2)CSSCC(C(=O)NC(C(N)=O)C(C)O)NC1=O,Lanreotide,-0.6661210927210874,PUDHBTGHUJUUFI
Cc1ccc(NC(=O)[C@H]2CCCN(C(=O)c3c(C)cccc3F)[C@H]2c2ccc(NC3CCCC3)cc2)cc1C(F)(F)F,Avacopan,0.6927210550590173,PUKBOVABABRILL
[2H]C([2H])([2H])C(c1cc(C(C)(C)C)c(NC(=O)c2c[nH]c3ccccc3c2=O)cc1O)(C([2H])([2H])[2H])C([2H])([2H])[2H],Deutivacaftor,0.3562990843061946,PURKAOJPTOLRMP
Cc1ccc(/C(=C\CN2CCCC2)c2cccc(/C=C/C(=O)O)n2)cc1,Acrivastine,-0.3372421683184259,PWACSDKDOHSSQD
CC(=O)N[C@@H](CS)C(=O)O,Acetylcysteine,-0.3279021420642826,PWKSKIMOESPYIA
CN1CCC[C@@H]1Cc1c[nH]c2ccc(CCS(=O)(=O)c3ccccc3)cc12,Eletriptan,0.2947810463869797,PWVXXGRKLHYWKM
CC(CN1c2ccccc2Sc2ccccc21)N(C)C,Promethazine,1.4771212547196624,PWWVAXIEGOYWEE
O=C[C@H](O)[C@@H](O)[C@H](O)CO,Xylose,-0.6575773191777937,PYMYPHUHKUWMLA
CCOC(=O)[C@H](C)C[C@@H](Cc1ccc(-c2ccccc2)cc1)NC(=O)CCC(=O)O,Sacubitril,0.1677391846909154,PYNXFZCZUAOOQC
Nc1nnc(-c2cccc(Cl)c2Cl)c(N)n1,Lamotrigine,0.04139268515822508,PYZRQGJRPPTADH
O=c1ccc2ncc(=O)n3c2n1C[C@H]3CN1CCC(NCc2cc3c(cn2)OCCC3)CC1,Gepotidacin,0.3926969532596658,PZFAZQUREQIODZ
Cc1[nH]c(=O)c(C#N)cc1-c1ccncc1,Milrinone,-0.42021640338318983,PZRHRDRVRGEVNW
CCN1CCN(c2ccc(Nc3cc(N(C)C(=O)Nc4c(Cl)c(OC)cc(OC)c4Cl)ncn3)cc2)CC1,Infigratinib,1.359021942641668,QADPYRIHXKWUSV
Cc1c(O)cccc1C(=O)N[C@@H](CSc1ccccc1)[C@H](O)CN1C[C@H]2CCCC[C@H]2C[C@H]1C(=O)NC(C)(C)C,Nelfinavir,0.6532125137753437,QAGYKUNXZHXKMR
Cn1nnc(-c2ccc(-c3ccc(N4C[C@H](COP(=O)(O)O)OC4=O)cc3F)cn2)n1,Tedizolid phosphate,0.05799194697768673,QCGUSIANLFXSGE
C[C@@H](Nc1nc(N[C@H](C)C(F)(F)F)nc(-c2cccc(Cl)n2)n1)C(F)(F)F,Vorasidenib,1.1233849085396783,QCZAWDGAVJMPTA
CC1=NN(c2ccccc2)C(=O)C1,Edaravone,-0.0450686807701225,QELUYTUMUWHWMC
N#C[C@@H]1C[C@@H]2C[C@@H]2N1C(=O)[C@@H](N)C12CC3CC(CC(O)(C3)C1)C2,Saxagliptin,0.33387890727891256,QGJUIPDUBHWZPV
CC(=O)O[C@H]1Cc2ccccc2N(C(N)=O)c2ccccc21,Eslicarbazepine acetate,-0.05763756549584182,QIALRBLEEWJACW
C[C@@H]1[C@H](c2c(F)ccc(F)c2F)C[C@H](NC(=O)c2cnc3c(c2)C[C@@]2(C3)C(=O)Nc3ncccc32)C(=O)N1CC(F)(F)F,Atogepant,0.6202848114341615,QIVUCLWGARAQIO
CCOc1nc2cccc(C(=O)OCc3oc(=O)oc3C)c2n1Cc1ccc(-c2ccccc2-c2noc(=O)[nH]2)cc1,Azilsartan medoxomil,-0.640978057358332,QJFSABGVXDWMIW
C=CC[C@@H]1/C=C(\C)C[C@H](C)C[C@H](OC)[C@H]2O[C@@](O)(C(=O)C(=O)N3CCCC[C@H]3C(=O)O[C@H](/C(C)=C/[C@@H]3CC[C@@H](O)[C@H](OC)C3)[C@H](C)[C@@H](O)CC1=O)[C@H](C)C[C@@H]2OC,Tacrolimus,0.414973347970818,QJJXYPPXXYFBGM
CCOc1ccc(Cc2cc([C@@H]3O[C@H](SC)[C@@H](O)[C@H](O)[C@H]3O)ccc2Cl)cc1,Sotagliflozin,2.1276600438892825,QKDRXGFQVGOQKS
CC1(C)CC(=O)N(CCCCN2CCN(c3ncccn3)CC2)C(=O)C1,Gepirone,0.13033376849500614,QOIGKGMMAGJZNZ
O=C(O)CN(CCN(CC(=O)O)CC(=O)O)CCN(CC(=O)O)CC(=O)O,Pentetic acid,-0.6146491186359829,QPCDCPDFJACHGM
O=C(O)c1cc(/N=N/c2ccc(O)c(C(=O)O)c2)ccc1O,Olsalazine,-1.146128035678238,QQBDLJCYGRGAKP
N=C1CCCN1Cc1[nH]c(=O)[nH]c(=O)c1Cl,Tipiracil,0.677346193492063,QQHMKNYGKVVGCZ
C#Cc1cccc(Nc2ncnc3cc4c(cc23)OCCOCCOCCO4)c1,Icotinib,0.21559980033935483,QQLKULDARVNMAL
CCN(CC)CC(=O)Oc1ccc(NC(C)=O)cc1,Propacetamol,0.11058971029924898,QTGAJCQTLIRCFL
COc1nc2ccc(Br)cc2cc1[C@@H](c1ccccc1)[C@@](O)(CCN(C)C)c1cccc2ccccc12,Bedaquiline,0.3697458080334411,QUIJNHUBAXPXFS
CC(C)c1cccc(C(C)C)c1OCOP(=O)(O)O,Fospropofol,-0.4814860601221125,QVNNONOFASOXQV
CC(C)(C)NC(=O)[C@@H]1C[C@@H]2CCCC[C@@H]2CN1C[C@@H](O)[C@H](Cc1ccccc1)NC(=O)[C@H](CC(N)=O)NC(=O)c1ccc2ccccc2n1,Saquinavir,1.0,QWAXKHKRTORLEM
O=C1CC2(CCCC2)CC(=O)N1CCCCN1CCN(c2ncccn2)CC1,Buspirone,0.724275869600789,QWCRAEMEVRGPNT
CN1C(C(=O)Nc2ccccn2)=C(O)c2ccccc2S1(=O)=O,Piroxicam,-0.8538719643217619,QYSPLQLAKJAUJT
C=C1CC[C@H](O)C/C1=C/C=C1\CCC[C@]2(C)[C@@H]([C@H](C)CCCC(C)C)CC[C@@H]12,Cholecalciferol,0.5296503059958471,QYSXJUFSXHHAJI
COC(=O)Nc1c(N)nc(-c2nn(Cc3ccccc3F)c3ncc(F)cc23)nc1N,Vericiguat,-0.2016453635280694,QZFHIXARHDBPBY
CCc1cc2c(cc1CC)CC(NC[C@H](O)c1ccc(O)c3[nH]c(=O)ccc13)C2,Indacaterol,0.7124091618914011,QZZUEBNBZAPZLX
Cc1nc2n(c(=O)c1CCN1CCC(c3noc4cc(F)ccc34)CC1)CCCC2,Risperidone,0.17609125905568124,RAPZEAPATHNIPO
COC1=C(C(=O)O)N2C(=O)[C@@H](NC(=O)[C@H](N)C3=CCC=CC3)[C@H]2SC1,Cefroxadine,-0.6690067809585756,RDMOROXKXONCAL
CCO[C@H]1CCN(Cc2c(OC)cc(C)c3[nH]ccc23)[C@H](c2ccc(C(=O)O)cc2)C1,Iptacopan,0.614294447744974,RENRQMCACQEWFC
CCN(CC)CCNC(=O)c1ccc(N)cc1,Procainamide,0.3010299956639812,REQCZEXYDRLIBE
OC(Cn1cncn1)(Cn1cncn1)c1ccc(F)cc1F,Fluconazole,-0.2540334329877576,RFHAOTPXVQNOHP
C[C@@H]1CCO[C@H]2Cn3cc(C(=O)NCc4ccc(F)cc4F)c(=O)c(O)c3C(=O)N12,Dolutegravir,-0.6045487917316571,RHWKPHLQXYSBKR
CN(C)C(=O)c1cc2cnc(Nc3ccc(N4CCNCC4)cn3)nc2n1C1CCCC1,Ribociclib,1.1923284579263669,RHXHGRAEPCAFML
Cc1cn[nH]c1,Fomepizole,-0.09151498112135023,RIKMMFOAQPJVMX
CNC(=O)c1ccccc1Sc1ccc2c(/C=C/c3ccccn3)n[nH]c2c1,Axitinib,0.3590219426416679,RITAVMQDGBJQJZ
CC1(C)CC[C@]2(NC(=O)C(C)(F)F)CC[C@]3(C)[C@H](C(=O)C=C4[C@@]5(C)C=C(C#N)C(=O)C(C)(C)[C@@H]5CC[C@]43C)[C@@H]2C1,Omaveloxolone,2.0218387777173827,RJCWBNBKOKFWNY
CC(C)COc1ccc(CNC(=O)N(Cc2ccc(F)cc2)C2CCN(C)CC2)cc1,Pimavanserin,1.4919616863062677,RKEWSXXUOLRFBX
CN1[C@@H]2CC[C@H]1C[C@@H](OC(=O)C(CO)c1ccccc1)C2,Atropine,0.23044892137827394,RKUNBYITZUJHSG
C[N+](C)(C)CCO.Cn1c(=O)c2[n-]cnc2n(C)c1=O,Oxtriphylline,-0.3010299956639812,RLANKEDHRWMNRO
NCCCC[C@H](N[C@@H](CCc1ccccc1)C(=O)O)C(=O)N1CCC[C@H]1C(=O)O,Lisinopril,0.24832364514797822,RLAWWYSOJDYHDC
CC(C)n1c(=O)cc(N[C@@H](C)c2ccccc2)[nH]c1=O,Mavacamten,0.9777236052888478,RLCLASQCAPXVLM
CCCc1nc2c(C)cc(-c3nc4ccccc4n3C)cc2n1Cc1ccc(-c2ccccc2C(=O)O)cc1,Telmisartan,0.853871964321762,RMMXLENWKUUMAY
CO[C@]12CC[C@@]3(C[C@@H]1[C@](C)(O)C(C)(C)C)[C@H]1Cc4ccc(O)c5c4[C@@]3(CCN1CC1CC1)[C@H]2O5,Buprenorphine,0.6799467670225884,RMRJXGBAOAMLHD
CC(=O)Oc1cc(C(F)(F)F)ccc1C(=O)O,Triflusal,-0.31361912297200173,RMWVZGDJPAKBDE
Nc1cc(-c2ccncc2)c[nH]c1=O,Amrinone,0.07918124604762482,RNLQIBCLLYYYFJ
CN1CCN2c3ncccc3Cc3ccccc3C2C1,Mirtazapine,0.1842857376709528,RONZAEMNMFQXRA
C#C[C@]1(O)CC[C@H]2[C@@H]3CCC4=CCCC[C@@H]4[C@H]3C(=C)C[C@@]21CC,Desogestrel,0.17609125905568124,RPLCPCMSCLEKRS
NNc1nncc2ccccc12,Hydralazine,0.12710479836480765,RPTUSVTUFVMDQK
COCCOCCOCCOCCOCCOCCO[C@H]1CC[C@@]2(O)[C@H]3Cc4ccc(OC)c5c4[C@@]2(CCN3C)[C@H]1O5,Oxycodegol,0.6222140229662954,RQHILGKAOIGUHU
C=CC(=O)Nc1cc(Nc2nccc(-n3cc(CN(C)C)c(-c4ccccc4)n3)n2)c(OC)cc1N1CCOCC1,Lazertinib,1.583036754014532,RRMJMHOQSALEJJ
[MgH2],Magnesium,-0.15490195998574322,RSHAOIXHUHAZPM
CNCC(=O)OCc1cccnc1N(C)C(=O)OC(C)[n+]1cnn(C[C@](O)(c2cc(F)ccc2F)[C@@H](C)c2nc(-c3ccc(C#N)cc3)cs2)c1,Isavuconazonium,0.8081144737610869,RSWOJTICKMKTER
CNCCC(Oc1ccc(C(F)(F)F)cc1)c1ccccc1,Fluoxetine,1.4913616938342726,RTHCYVBBDHJXIQ
C[CH2][Hg][S]c1ccccc1C(=O)[O-].[Na+],Thimerosal,0.5797835966168101,RTKIYNMVFMVABJ
C=CC1=C(C(=O)O)N2C(=O)[C@@H](NC(=O)/C(=N\O)c3csc(N)n3)[C@H]2SC1,Cefdinir,0.2612628687924935,RTXOFQZKPXMALH
O=C(O)CNC(=O)C1C(=O)N(C2CCCCC2)C(=O)N(C2CCCCC2)C1=O,Daprodustat,-0.6897620025491951,RUEYEZADQJCKGV
C#CCN[C@@H]1CCc2ccccc21,Rasagiline,0.0944212126043617,RUOKEQAAGRXIBM
COc1cc2nc(N3CCN(C(=O)C4COc5ccccc5O4)CC3)nc(N)c2cc1OC,Doxazosin,0.16136800223497488,RUZYUOTYCVRMRZ
CN(C)C(=O)Oc1ccc[n+](C)c1,Pyridostigmine,0.24551266781414982,RVOLLAQWKVFTGE
CC(C)(C(=O)O)c1ccc(C(O)CCCN2CCC(C(O)(c3ccccc3)c3ccccc3)CC2)cc1,Fexofenadine,0.7481880270062004,RWTNPBWLLIMQHL
NC(=O)c1ccc2c(c1O)[C@]13CCN(CC4CC4)[C@H](C2)[C@]1(O)CCC(=O)C3,Samidorphan,0.9012247250756962,RYIDHLJADOKWFM
Cn1c(=O)c2c(ncn2C)n(C)c1=O,Caffeine,-0.07058107428570727,RYYVLZVUVIJVGH
Cc1ccc(-c2cc(C(F)(F)F)nn2-c2ccc(S(N)(=O)=O)cc2)cc1,Celecoxib,0.7873592521704674,RZEKVGVHFLEQIL
CCOC(=O)[C@H](CS)NCCN[C@@H](CS)C(=O)OCC,Bicisate,-1.9758663202832807,RZQNBTMGBODDSK
CCOC(=O)C1=C(C)NC(C)=C(C(=O)OC)C1c1cccc(Cl)c1Cl,Felodipine,1.0,RZTAMFZIAATZDJ
CC(=O)Nc1ccc(O)cc1,Acetaminophen,-0.045757490560675115,RZVAJINKPMORJF
COC(=O)OCOc1c2n(ccc1=O)N([C@@H]1c3ccccc3SCc3c1ccc(F)c3F)[C@@H]1COCCN1C2=O,Baloxavir marboxil,1.2267839672918686,RZVPBGBYGMDSBG
Cc1ccc(Cl)c(Nc2ccccc2C(=O)O)c1Cl,Meclofenamic acid,-0.2096142931993447,SBDNJUWAMKYJOX
CC(=O)N[C@H](Cc1ccc2ccccc2c1)C(=O)N[C@H](Cc1ccc(Cl)cc1)C(=O)N[C@H](Cc1cccnc1)C(=O)N[C@@H](CO)C(=O)N[C@@H](Cc1ccc(O)cc1)C(=O)N[C@H](CCCNC(N)=O)C(=O)N[C@@H](CC(C)C)C(=O)N[C@@H](CCCNC(=N)N)C(=O)N1CCC[C@H]1C(=O)N[C@H](C)C(N)=O,Cetrorelix,0.06445798922691845,SBNPWPIBESPSIF
Cc1cc(Nc2ncnc3ccc(NC4=NC(C)(C)CO4)cc23)ccc1Oc1ccn2ncnc2c1,Tucatinib,1.3776184311333264,SDEAXTCZPQIFQM
CCCc1nc(C)c2c(=O)nc(-c3cc(S(=O)(=O)N4CCN(CC)CC4)ccc3OCC)[nH]n12,Vardenafil,0.4729652949485047,SECKRCOLJRRGGV
CN1C(=O)C(O)N=C(c2ccccc2)c2cc(Cl)ccc21,Temazepam,0.14612803567823798,SEQDDYPDSLOBDC
Cc1cc(O)cc(C)c1C[C@H](NC(=O)[C@H](N)CCCNC(=N)N)C(=O)N[C@@H](CCCCN)C(=O)N[C@@H](Cc1ccccc1)C(N)=O,Elamipretide,-0.3010299956639812,SFVLTCAESLKEHH
FS(F)(F)(F)(F)F,Sulfur hexafluoride,-4.522878745280337,SFZCNBIFKDRMGX
[O-][n+]1cccc(C(Cl)=NOC[C@H](O)CN2CCCCC2)c1,Arimoclomol,0.4791844152834358,SGEIEGAXKLMUIZ
C[C@H](Nc1ccc2c(c1)OCCn1cc(N3C(=O)OC[C@H]3C(F)F)nc1-2)C(N)=O,Inavolisib,0.3452336581560347,SGEUNORSOZVTOL
C[C@H](Cn1cnc2c(N)ncnc21)OCP(=O)(O)O,Tenofovir,-0.08990945440593187,SGOIRFVFHAKUTI
COc1ccc(CCN(C)CCCC(C#N)(c2ccc(OC)c(OC)c2)C(C)C)cc1OC,Verapamil,0.6320232147054056,SGTNSNPWRIOYBX
CC(CCc1ccccc1)NCC(O)c1ccc(O)c(C(N)=O)c1,Labetalol,1.0606978403536118,SGUAFYQXFOLMHL
CNC(=C[N+](=O)[O-])NCCSCc1csc(CN(C)C)n1,Nizatidine,0.06069784035361165,SGXXNSQHWDMGGP
CC1=C(/C=C/C(C)=C/C=C/C(C)=C/C(=O)O)C(C)(C)CCC1,Tretinoin,0.05098345711774824,SHGAZHPCJJPHSC
O=C([O-])CN(CCN(CC(=O)[O-])CC(=O)[O-])CC(=O)[O-].[Ca+2].[Na+].[Na+],Edetate calcium disodium anhydrous,-0.721246399047171,SHWNNYZBHZIQQV
CCNCCc1ccc(CN(CC)c2cc(OC)ccc2[C@@H]2CCc3cc(O)ccc3C2)cc1,Elacestrant,1.9183299535486804,SIFNOOUKXBRGGB
C[C@H](Nc1ncnc2[nH]cnc12)c1cc2cccc(Cl)c2c(=O)n1-c1ccccc1,Duvelisib,0.1635021317476607,SJVQHLPISAIATJ
O=C(O)CCCO,gamma-Hydroxybutyric acid,-0.5421181032660077,SJZRECIVHVDYJC
NCCCCCC(=O)O,Aminocaproic acid,-0.4814860601221125,SLXKOJJOQWFEFD
O=C(NC1CCNCC1)[C@@H]1CC[C@@H]2CN1C(=O)N2OS(=O)(=O)O,Relebactam,-0.566344439061428,SMOBCLHAZXOKDQ
CN1CCC[C@H]1c1cccnc1,Nicotine,0.3979400086720376,SNICXCGAKADSCV
O=[N+]([O-])OCC(CO[N+](=O)[O-])O[N+](=O)[O-],Nitroglycerin,0.47712125471966244,SNIOPGDIGTZGOP
O=C(NCc1c(F)cc(F)cc1F)c1cn2c(c(O)c1=O)C(=O)N1[C@H]3CC[C@H](C3)O[C@@H]1C2,Bictegravir,-0.6989700043360187,SOLUWJRYJLAZCX
CNC[C@H](O)c1cccc(O)c1,Phenylephrine,0.6863808770279982,SONNWYBIRXJNDC
CC[C@H](C)[C@H]1O[C@]2(CC[C@@H]1C)C[C@@H]1C[C@@H](C/C=C(\C)[C@@H](O[C@H]3C[C@H](OC)[C@@H](O[C@H]4C[C@H](OC)[C@@H](O)[C@H](C)O4)[C@H](C)O3)[C@@H](C)/C=C/C=C3\CO[C@@H]4[C@H](O)C(C)=C[C@@H](C(=O)O1)[C@]34O)O2.CO[C@H]1C[C@H](O[C@H]2[C@H](C)O[C@@H](O[C@@H]3/C(C)=C/C[C@@H]4C[C@@H](C[C@]5(CC[C@H](C)[C@@H](C(C)C)O5)O4)OC(=O)[C@@H]4C=C(C)[C@@H](O)[C@H]5OC/C(=C\C=C\[C@@H]3C)[C@]54O)C[C@@H]2OC)O[C@@H](C)[C@@H]1O,Ivermectin,0.5118833609788744,SPBDXSGPUHCETR
COc1cc2nccc(Oc3ccc(NC(=O)Nc4cc(C)on4)c(Cl)c3)c2cc1OC,Tivozanib,0.2448070714251411,SPMVMDHWKHCIDT
Cc1nccn1CCC(C(N)=O)(c1ccccc1)c1ccccc1,Imidafenacin,-0.20263351977213548,SQKXYSGRELMAAU
CO[C@@]1(NC(=O)C2SC(=C(C(N)=O)C(=O)O)S2)C(=O)N2C(C(=O)O)=C(CSc3nnnn3C)CS[C@@H]21,Cefotetan,-0.8280647007154764,SRZNHPXWXCNNDU
CC/C=C\C/C=C\C/C=C\C/C=C\C/C=C\CCCC(=O)OCC,Icosapent ethyl,0.0993846321359118,SSQPWTVBQMWLSZ
CN1[C@@H]2C[C@@H](OC(=O)[C@H](CO)c3ccccc3)C[C@H]1[C@@H]1O[C@@H]12,Scopolamine,0.3050441218343018,STECJAGHUSJQJN
COc1cccc2c1C(=O)c1c(O)c3c(c(O)c1C2=O)C[C@@](O)(C(C)=O)C[C@@H]3O[C@H]1C[C@H](N)[C@H](O)[C@H](C)O1,Daunorubicin,-1.0255541044723882,STQGQHZAVUOBTE
Cc1nc(NC(=O)N2CCC[C@H]2C(N)=O)sc1-c1ccnc(C(C)(C)C(F)(F)F)c1,Alpelisib,0.21180681132221574,STUWGJZDJHPWGZ
COc1ccc2nc(S(=O)Cc3ncc(C)c(OC)c3C)[nH]c2c1,Omeprazole,-0.5819284013193349,SUBDBMMJDZJVOS
O=C(NOC[C@H](O)CO)c1ccc(F)c(F)c1Nc1ccc(I)cc1F,Mirdametinib,0.5614421404196983,SUDAHWBOROXANE
COc1cnc(-n2cnc(C)n2)c2c1c(C(=O)C(=O)N1CCN(C(=O)c3ccccc3)CC1)cn2COP(=O)(O)O,Fostemsavir,-0.37527602403609384,SWMDAPWAQQTBOG
O=C([O-])CC(O)(CC(=O)[O-])C(=O)[O-].O=C([O-])CC(O)(CC(=O)[O-])C(=O)[O-].O=C([O-])CC(O)(CC(=O)[O-])C(=O)[O-].O=P(O)(O)OP(=O)(O)O.O=P(O)(O)OP(=O)(O)O.O=P([O-])([O-])OP(=O)([O-])O.[Fe+3].[Fe+3].[Fe+3].[Fe+3],Ferric pyrophosphate citrate,-1.9111048761830145,SXAWSYZURCZSDX
N#C[C@@H]1CCCN1C(=O)CNC12CC3CC(CC(O)(C3)C1)C2,Vildagliptin,0.006160308704818433,SYOKIDBDQMKNDQ
CC(C(=O)O)c1ccc(-c2ccccc2)c(F)c1,Flurbiprofen,-0.9208187539523752,SYTBZMRGLBWNTM
CCN(CC)CCNC(=O)c1cc(Cl)c(N)cc1OC,Metoclopramide,0.5440680443502757,TTWJBBZEZQICBI
Cc1nc(-c2cnc(NC(C)C)n(C)c2=O)ccc1Oc1ccnc(-c2cnn(C)c2)c1,Vimseltinib,0.10914446942506809,TVGAHWWPABTBCX
COc1cccc(C2(O)CCCCC2CN(C)C)c1,Tramadol,0.43933269383026263,TVYLLZQTGLZFBW
O=C(O)c1ccc2nc(-c3cc(Cl)cc(Cl)c3)oc2c1,Tafamidis,-0.577926311611243,TXEIIPDJKFWEEC
CC(=O)Oc1cccc2c1C(=O)c1c(OC(C)=O)cc(C(=O)O)cc1C2=O,Diacerein,-0.06694678963061322,TYNLGDBUJLVSMA
CC(=O)NC[C@H]1CN(c2ccc(N3CCOCC3)c(F)c2)C(=O)O1,Linezolid,-0.146128035678238,TYZROVQLWOKYKF
CC(OC(=O)NCC1(CC(=O)O)CCCCC1)OC(=O)C(C)C,Gabapentin enacarbil,0.03571555226653449,TZDUHAJSIBHXDL
C[C@@](Cc1ccc(O)c(O)c1)(NN)C(=O)O,Carbidopa,0.5563025007672873,TZFNLOMSOLWIDK
O=[N+]([O-])OCC(CO[N+](=O)[O-])(CO[N+](=O)[O-])CO[N+](=O)[O-],Pentaerythritol tetranitrate,0.04139268515822508,TZRXHJWUDPFEEY
Cc1c(O)c(=O)ccn1C,Deferiprone,0.0,TZXKOCQBRNJULO
CCCC[C@H](NC(=O)[C@H](CO)NC(=O)[C@H](Cc1ccc(O)cc1)NC(=O)[C@H](CO)NC(C)=O)C(=O)N[C@@H](CCC(=O)O)C(=O)N[C@@H](Cc1cnc[nH]1)C(=O)N[C@H](Cc1ccccc1)C(=O)N[C@@H](CCCNC(=N)N)C(=O)N[C@@H](Cc1c[nH]c2ccccc12)C(=O)NCC(=O)N[C@@H](CCCCN)C(=O)N1CCC[C@H]1C(=O)N[C@H](C(N)=O)C(C)C,Afamelanotide,-0.2676062401770315,UAHFGYDRQSXQEB
Cc1cnc(C(=O)N[C@H]2CCCCC/C=C\[C@@H]3C[C@@]3(C(=O)NS(=O)(=O)C3CC3)NC(=O)[C@@H]3C[C@@H](Oc4nc5ccccc5c5ccccc45)CN3C2=O)cn1,Paritaprevir,0.1677391846909154,UAUIUKWPKRJZJV
COc1cc(Nc2c(C#N)cnc3cc(OCCCN4CCN(C)CC4)c(OC)cc23)c(Cl)cc1Cl,Bosutinib,1.9388055392584782,UBPYILGKFZZVDX
N#Cc1cc(-c2n[nH]c(-c3ccncc3)n2)ccn1,Topiroxostat,1.2385478876813278,UBVZQGOVTLIHLH
COC(=O)[C@H](c1ccccc1)[C@H]1CCCCN1C(=O)OC[n+]1cccc(C(=O)N[C@@H](CO)C(=O)[O-])c1,Serdexmethylphenidate,1.4668676203541096,UBZPNQRBUOBBLN
Cc1c(-c2ccc(O)cc2)n(Cc2ccc(OCCN3CCCCCC3)cc2)c2ccc(O)cc12,Bazedoxifene,1.167317334748176,UCJGJABZCDBEDK
Clc1ccc2c(N3CCN(CCCN4CCN(c5ccnc6cc(Cl)ccc56)CC4)CC3)ccnc2c1,Piperaquine,1.4265112613645752,UCRHFBCYFMIWHC
NC(=O)OC[C@H](N)Cc1ccccc1,Solriamfetol,0.45375503639544984,UCTRAOBQFUDCSR
C[N+](C)(C)CCO.O=C([O-])c1ccccc1O,Choline salicylate,-0.8239087409443188,UDKCHVLMFQVBAA
O=C1CCC(N2C(=O)c3ccccc3C2=O)C(=O)N1,Thalidomide,0.23408320603336796,UEJJHQNACJXSKW
NCCS,Cysteamine,0.2654916702849921,UFULAYFCSOUIOV
NCC1(CC(=O)O)CCCCC1,Gabapentin,-0.08167004645131952,UGJMXCAKCUNAIE
CCCN(CCC)CCc1cccc2c1CC(=O)N2,Ropinirole,0.8750612633917001,UHSKFQJFRQCDBE
COc1cc2c(Nc3ccc(Br)cc3F)ncnc2cc1OCC1CCN(C)CC1,Vandetanib,2.027058232734036,UHTHHESEBZOYNR
COc1ccc(CN2CCNCC2)c(OC)c1OC,Trimetazidine,0.6812412373755872,UHWVSEOVJBQKBE
[O-][S@+]1CCc2nc(N3CCC(c4ncc(Cl)cn4)CC3)nc(NC3(CO)CCC3)c21,Nerandomilast,0.12338490853967826,UHYCLWAANUGUMN
C[C@@H]1CCN(C(=O)CC#N)C[C@@H]1N(C)c1ncnc2[nH]ccc12,Tofacitinib,0.0944212126043617,UJLAWZDWDVHWOW
CC(C)(N)C(=O)N[C@H](Cc1c[nH]c2ccccc12)C(=O)N[C@H](Cc1c[nH]c2ccccc12)NC=O,Macimorelin,1.020242865610327,UJVDJAPJQWZRFR
O=C(O[C@@H]1C[C@@H]2C[C@H]3C[C@H](C1)N2CC3=O)c1c[nH]c2ccccc12,Dolasetron,0.7634279935629373,UKTAZPQNNNJVKR
CN(C)CCc1c[nH]c2ccc(Cn3cncn3)cc12,Rizatriptan,0.3010299956639812,ULFRLSNUDGIQQP
CN(C)CCc1c[nH]c2ccc(C[C@H]3COC(=O)N3)cc12,Zolmitriptan,0.9242792860618817,ULSDMUVEXKOYBU
CN(C)C/C=C/C(=O)Nc1cc2c(Nc3ccc(F)c(Cl)c3)ncnc2cc1O[C@H]1CCOC1,Afatinib,1.8081144737610868,ULXXDDBFHOBEHA
Cc1nnc2n1-c1sc(Br)cc1C(c1ccccc1Cl)=NC2,Brotizolam,-0.2006594505464183,UMSGKTJDUHERQW
CC[C@@H](CO)NC(=O)[C@@H]1C=C2c3cccc4[nH]cc(c34)C[C@H]2N(C)C1,Methylergometrine,-0.0961351787580954,UNBRKDKAWYKMIV
Nc1nc(/C(=C/CC(=O)O)C(=O)N[C@@H]2C(=O)N3C(C(=O)O)=CCS[C@H]23)cs1,Ceftibuten,-0.6777807052660807,UNJFKXSSGBWRBZ
[Na+].[Na+].[O-]B1OB2OB([O-])OB(O1)O2,Sodium borate,-0.47495519296315475,UQGFMSUEHSUPRD
C[C@@H]1C[C@H]2[C@@H]3CCC4=CC(=O)C=C[C@]4(C)[C@@]3(F)[C@@H](O)C[C@]2(C)[C@@]1(O)C(=O)CO,Dexamethasone,-0.1375278639163205,UREBDLICKHMUKA
OCCOCCN1CCN(C2=Nc3ccccc3Sc3ccccc32)CC1,Quetiapine,1.0,URKOMYMAXPYINW
CCC(=O)C(CC(C)N(C)C)(c1ccccc1)c1ccccc1,Methadone,0.6532125137753437,USSIQXCVUWKGNF
N#Cc1ccc([C@H]2CCc3cncn32)c(F)c1,Osilodrostat,0.1549019599857432,USUZGMWDZDXMDG
C/C(O)=C(\C#N)C(=O)Nc1ccc(C(F)(F)F)cc1,Teriflunomide,-0.8037053548560318,UTNUDOFZCWSZMS
CC(=O)N(CC(O)CO)c1c(I)c(C(=O)NCCO)c(I)c(C(=O)NCC(O)CO)c1I,Ioxilan,-0.9877655435829884,UUMLTINZBQPNGF
N[C@@H](Cc1cnc[nH]1)C(=O)[O-].N[C@@H](Cc1cnc[nH]1)C(=O)[O-].[Cu+2],Copper histidinate,1.169422498743667,UUYDYUZBCIHUFZ
Oc1ccc2c3c(cnc2c1)-c1ccc(C(F)(F)F)cc1O[C@@H]3c1ccc(OCCN2CC(CF)C2)cc1,Imlunestrant,0.23408320603336796,UVBQMXOKKDCBJN
CCOC(=O)[C@H](CCc1ccccc1)N[C@@H](C)C(=O)N1Cc2cc(OC)c(OC)cc2C[C@H]1C(=O)O,Moexipril,0.41735304971617265,UWWDHYUMIORJTA
C=CCN1CC[C@]23c4c5ccc(O)c4O[C@H]2C(=O)CC[C@@]3(O)[C@H]1C5,Naloxone,0.4559319556497244,UZHSEJADLWPNLE
C=CCC1(CC(C)C)C(=O)NC(=O)NC1=O,Butalbital,-0.09691001300805639,UZVHFVZFNXBMQJ
CCN1CCN(Cc2ccc(Nc3ncc(F)c(-c4cc(F)c5nc(C)n(C(C)C)c5c4)n3)nc2)CC1,Abemaciclib,0.993939833374049,UZWDCWONPYILKI
CO/N=C(\C(=O)N[C@@H]1C(=O)N2C(C(=O)O)=C(CSc3nc(=O)c(=O)[nH]n3C)CS[C@H]12)c1csc(N)n1,Ceftriaxone,-0.7147642715192507,VAAUVRVFOQPIGI
CC(=O)CC(c1ccc([N+](=O)[O-])cc1)c1c(O)c2ccccc2oc1=O,Acenocoumarol,-1.1079053973095196,VABCILAOYCMVPS
COC(=O)c1cccc(CCN(C)CCC[C@@](C#N)(c2ccc(OC)c(OC)c2)C(C)C)c1,Etripamil,1.6989700043360187,VAZNEHLGJGSQEL
COc1ccc(CCO[C@@H]2CCCC[C@H]2N2CC[C@@H](O)C2)cc1OC,Vernakalant,0.3010299956639812,VBHQKCBVWWUUKN
COc1cc2nc(N3CCN(C(=O)C4CCCO4)CC3)nc(N)c2cc1OC,Terazosin,-0.4471580313422192,VCKUSRYTPJJLNI
CC1(C)C[C@@H]2CCCNc3cccc(n3)S(=O)(=O)NC(=O)c3ccc(-n4ccc(OCCC5C6(CC6)C56CC6)n4)nc3N1C2,Vanzacaftor,0.23768733030219327,VCSUIBJKYCVWNF
C[C@@H](NCCCc1cccc(C(F)(F)F)c1)c1cccc2ccccc12,Cinacalcet,1.1549019599857433,VDHAWDNDOKGFTD
Cc1cc(Nc2ncc(Cl)c(=Nc3ccccc3S(=O)(=O)C(C)C)[nH]2)c(OC(C)C)cc1C1CCNCC1,Ceritinib,1.7812423273607856,VERWOWGGCGHDQE
CN[C@H]1CC[C@@H](c2ccc(Cl)c(Cl)c2)c2ccccc21,Sertraline,1.3010299956639813,VGKDLMBJGBXTGI
O=C(O)C[C@H](O)C[C@H](O)/C=C/c1c(C2CC2)nc2ccccc2c1-c1ccc(F)cc1,Pitavastatin,0.32516367538070057,VGYFMXBACGZSIL
CN[C@H](CC(C)C)C(=O)N[C@H]1C(=O)N[C@@H](CC(N)=O)C(=O)N[C@H]2C(=O)N[C@H]3C(=O)N[C@H](C(=O)N[C@H](C(=O)O)c4cc(O)cc(O)c4-c4cc3ccc4O)[C@H](O[C@H]3C[C@](C)(N)[C@@H](O)[C@H](C)O3)c3ccc(c(Cl)c3)Oc3cc2cc(c3O[C@@H]2O[C@H](CO)[C@@H](O)[C@H](O)[C@H]2O[C@H]2C[C@](C)(NCc3ccc(-c4ccc(Cl)cc4)cc3)[C@@H](O)[C@H](C)O2)Oc2ccc(cc2Cl)[C@H]1O,Oritavancin,0.09740606615382387,VHFGEBVPHAGQPI
CNCC[C@@H](Oc1ccccc1C)c1ccccc1,Atomoxetine,0.3222192947339193,VHGCDTVCOLNTBX
C[C@H]1C[C@@H]2[C@H]([C@@H](O)C[C@@]3(C)[C@H]2CC[C@]3(O)C(=O)CO)[C@@]2(C)C=CC(=O)C=C12,Methylprednisolone,0.13987908640123647,VHRSUDSXCMQTMA
CC(C)NCC(O)COc1ccc(COCCOC(C)C)cc1,Bisoprolol,0.5440680443502757,VHYCDWMUTMEGQY
NCCNCCNCCN,Triethylenetetramine,0.964461674621011,VILCJCGEZXAXTO
COc1cc([C@@H]2c3cc4c(cc3[C@@H](O[C@@H]3O[C@@H]5CO[C@@H](C)O[C@H]5[C@H](O)[C@H]3O)[C@H]3COC(=O)[C@H]23)OCO4)cc(OC)c1O,Etoposide,-0.38270004211530073,VJJPUSNTGOMMGY
NCCCC(N)(C(=O)O)C(F)F,Eflornithine,-0.4594917664159447,VLCYCQAOQCDTCN
Cc1ccccc1CN1C(=O)C2=C(CCN(Cc3ccccc3)C2)N2CCN=C12,Dordaviprone,0.8081144737610869,VLULRUCCHYVXOH
O=C1CN=C(c2ccccn2)c2cc(Br)ccc2N1,Bromazepam,0.1931245983544616,VMIYHDSEFNYJSL
CN1CCc2cccc3c2[C@H]1Cc1ccc(O)c(O)c1-3,Apomorphine,0.7612833250963481,VMWNQDUVQKEIOC
NCCCC[C@@H]1NC(=O)[C@@H](Cc2c[nH]c3ccccc23)NC(=O)[C@H](c2ccccc2)NC(=O)[C@@H]2C[C@@H](OC(=O)NCCN)CN2C(=O)[C@H](Cc2ccccc2)NC(=O)[C@H](Cc2ccc(OCc3ccccc3)cc2)NC1=O,Pasireotide,0.1549019599857432,VMZMNAABQBOLAK
CCc1cc2c(s1)-n1c(C)nnc1CN=C2c1ccccc1Cl,Etizolam,-0.045757490560675115,VMZUTJCNQWMAGF
Nc1nc(/C(=N/O)C(=O)N[C@@H]2C(=O)N3C(C(=O)O)=C(/C=C4\CCN([C@@H]5CCNC5)C4=O)CS[C@H]23)ns1,Ceftobiprole,-0.5898255349109508,VOAZJEPQLGBXGO
CCCCCCC(=O)O[C@H]1CC[C@H]2[C@@H]3CCC4=CC(=O)CC[C@]4(C)[C@H]3CC[C@]12C,Testosterone enanthate,0.0,VOCBWIIFXDYGNZ
O=C(Nc1ccc(OC(F)(F)Cl)cc1)c1cnc(N2CC[C@@H](O)C2)c(-c2ccn[nH]2)c1,Asciminib,0.33387890727891256,VOVZXURTCKPRDQ
COc1ccc2c3c1O[C@H]1C(OC(=O)c4ccccc4)=CC[C@H]4[C@@H](C2)N(C)CC[C@]314,Benzhydrocodone,1.0086001717619175,VPMRSLWWUXNYRY
COC[C@@H](NC(C)=O)C(=O)NCc1ccccc1,Lacosamide,-0.22184874961635637,VPPJLAIAVCUEMN
C[C@H](O)C(=O)C1=Nc2c([nH]c(N)nc2=O)NC1,Sepiapterin,0.7913898563391086,VPVOXUSPXFPWBN
C[C@H]1C[C@H]2[C@@H]3CCC4=CC(=O)C=C[C@]4(C)[C@@]3(F)[C@@H](O)C[C@]2(C)[C@@]1(O)C(=O)COP(=O)(O)O,Betamethasone phosphate,0.509010399133144,VQODGRNSFPNSQE
CCc1nn(CCCN2CCN(c3cccc(Cl)c3)CC2)c(=O)n1CCOc1ccccc1,Nefazodone,-0.26360349772335756,VRBKIVRKKCLPHA
CC(=O)Oc1cc(C(C)C)c(OCCN(C)C)cc1C,Moxisylyte,-0.043351420794796675,VRYMTAVOXVTQEF
[Cl][Al]([Cl])[Cl],Aluminum chloride,-1.4156687756324693,VSCWAEJMTAWNJL
NC(=O)NO,Hydroxyurea,-0.16115090926274472,VSNHCAURESNICA
O=c1[nH]c(=O)n([C@H]2C[C@H](O)[C@@H](CO)O2)cc1C(F)(F)F,Trifluridine,-0.5228787452803376,VSQQQLOSPVPRAZ
CN1CC2c3ccccc3Oc3ccc(Cl)cc3C2C1,Asenapine,1.3521825181113625,VSWBSWWIRNCQIJ
CCOC(=O)C1=C[C@@H](OC(CC)CC)[C@H](NC(C)=O)[C@@H](N)C1,Oseltamivir,-0.43012469204343884,VSZGPKBBMSAYNT
CCCc1nc(C(C)(C)O)c(C(=O)O)n1Cc1ccc(-c2ccccc2-c2nnn[nH]2)cc1,Olmesartan,-0.6146491186359829,VTRAEEWXHOVJFV
Nc1ccn(C[C@@H](CO)OCP(=O)(O)O)c(=O)n1,Cidofovir,-0.27002571430044436,VWFCHDSQECPREK
CC[N+](C)(C)c1cccc(O)c1,Edrophonium,0.2041199826559248,VWLHWLSRQJQWRG
CC(C)(C)NCC(O)COc1cccc2c1C[C@H](O)[C@H](O)C2,Nadolol,0.3508016123949769,VWPOSFSPZNDTMJ
C[C@]12CC[C@@H]3c4ccc(O)cc4C[C@@H](CCCCCCCCCS(=O)CCCC(F)(F)C(F)(F)F)[C@H]3[C@@H]1CC[C@@H]2O,Fulvestrant,0.6020599913279624,VWUXBMIQPBEWFH
CCOc1ccc(C[C@H]2NC(=O)CCSSC[C@@H](C(=O)N3CCC[C@H]3C(=O)N[C@@H](CCCN)C(=O)NCC(N)=O)NC(=O)[C@H](CC(N)=O)NC(=O)[C@H]([C@@H](C)O)NC(=O)[C@H]([C@@H](C)CC)NC2=O)cc1,Atosiban,-0.22392175823922167,VWXRQYYUEIYXCZ
CCOC(=O)[C@H](CCc1ccccc1)N[C@@H](C)C(=O)N1[C@H](C(=O)O)C[C@H]2CCCC[C@@H]21,Trandolapril,-0.5898255349109508,VXFJYXUZANRPDJ
CC(C)C[C@H](NC(=O)[C@@H](Cc1c[nH]c2ccccc12)NC(=O)[C@H](Cc1ccc(O)cc1)NC(=O)[C@H](CO)NC(=O)[C@H](Cc1c[nH]c2ccccc12)NC(=O)[C@H](Cc1c[nH]cn1)NC(=O)[C@@H]1CCC(=O)N1)C(=O)N[C@@H](CCCNC(=N)N)C(=O)N1CCC[C@H]1C(=O)NCC(N)=O,Triptorelin,-0.32658410013636935,VXKHXGOKWPXYNA
COc1c(Cl)cccc1Nc1c(-c2ccncc2OC[C@@H]2COCCO2)[nH]c2c1C(=O)NCC2,Sevabertinib,-0.3979400086720376,VYQVHWNNPKOJEA
Cc1ccccc1-c1cc(N2CCN(C)CC2)ncc1N(C)C(=O)C(C)(C)c1cc(C(F)(F)F)cc(C(F)(F)F)c1,Netupitant,1.4520056101349996,WAXQNWCZJDTGBU
Cc1n[nH]c(C)c1CCCOc1cc(C(=O)O)ccc1F,Acoramidis,0.9704797083100105,WBFUHHBPNXWNCC
Nc1nc(=O)c2c(CCc3ccc(C(=O)N[C@@H](CCC(=O)O)C(=O)O)cc3)c[nH]c2[nH]1,Pemetrexed,-0.6382721639824072,WBXPDJSOTKVWSJ
CC#CC(=O)N1CCC[C@H]1c1nc(-c2ccc(C(=O)Nc3ccccn3)cc2)c2c(N)nccn12,Acalabrutinib,-0.31361912297200173,WDENQIQQYWYTPO
CC=CC1=C(C(=O)O)N2C(=O)[C@@H](NC(=O)[C@H](N)c3ccc(O)cc3)[C@H]2SC1,Cefprozil,-0.6382721639824072,WDLWHQDACQUCJR
CO[C@H]1/C=C/O[C@@]2(C)Oc3c(C)c(O)c4c(O)c(c(/C=N/N5CCN(C6CCCC6)CC5)c(O)c4c3C2=O)NC(=O)/C(C)=C\C=C\[C@H](C)[C@H](O)[C@@H](C)[C@@H](O)[C@@H](C)[C@H](OC(C)=O)[C@@H]1C,Rifapentine,0.0012390721155484605,WDZCUPBHRAEYDL
COc1ccc(CNc2nc(N3CCC[C@H]3CO)ncc2C(=O)NCc2ncccn2)cc1Cl,Avanafil,0.07398005236181708,WEAJZXNPAWBCOA
OCCN1CCN(CC/C=C2/c3ccccc3Sc3ccc(Cl)cc32)CC1,Zuclopenthixol,1.3010299956639813,WFPIAZLQTJBIFN
O=C(O)CCSC[C@H]1O[C@@H]2O[C@H]3[C@H](O)[C@@H](O)[C@@H](O[C@H]4[C@H](O)[C@@H](O)[C@@H](O[C@H]5[C@H](O)[C@@H](O)[C@@H](O[C@H]6[C@H](O)[C@@H](O)[C@@H](O[C@H]7[C@H](O)[C@@H](O)[C@@H](O[C@H]8[C@H](O)[C@@H](O)[C@@H](O[C@H]9[C@H](O)[C@@H](O)[C@@H](O[C@H]1[C@H](O)[C@H]2O)O[C@@H]9CSCCC(=O)O)O[C@@H]8CSCCC(=O)O)O[C@@H]7CSCCC(=O)O)O[C@@H]6CSCCC(=O)O)O[C@@H]5CSCCC(=O)O)O[C@@H]4CSCCC(=O)O)O[C@@H]3CSCCC(=O)O,Sugammadex,-0.6989700043360187,WHRODDIHRRDWEW
CCN(CC)CCCC(C)Nc1ccnc2cc(Cl)ccc12,Chloroquine,2.6989700043360187,WHTVZRBIWZFKQO
CCC1=C(C)CN(C(=O)NCCc2ccc(S(=O)(=O)NC(=O)N[C@H]3CC[C@H](C)CC3)cc2)C1=O,Glimepiride,-0.9469215565165803,WIGIZIANZCJQQY
N#Cc1ccnc(N2C(=O)CC[C@H]2C(=O)N(c2cncc(F)c2)[C@H](C(=O)NC2CC(F)(F)C2)c2ccccc2Cl)c1,Ivosidenib,0.7602070061268527,WIJZXSAJMHAVGX
CN1CCN(CCCN2c3ccccc3Sc3ccc(Cl)cc32)CC1,Prochlorperazine,1.3013400952715177,WIKYUJGCLQQFNW
CCN(CC)CCNC(=O)c1c(C)[nH]c(/C=C2\C(=O)Nc3ccc(F)cc32)c1C,Sunitinib,1.503206823033904,WINHZLLDWRZWRT
C=C1CC[C@@]2(O)[C@H]3Cc4ccc(O)c5c4[C@@]2(CCN3CC2CC2)[C@H]1O5,Nalmefene,0.5910646070264992,WJBLNOPPDWQMCH
CN(C)CCc1c[nH]c2ccc(CS(=O)(=O)N3CCCC3)cc12,Almotriptan,0.4559319556497244,WKEMJKQOLOHJLZ
NC(=O)OCC(COC(N)=O)c1ccccc1,Felbamate,-0.12147820449879346,WKGXYQFOCVYPAC
O=C(O)Cc1ccccc1,Phenylacetic acid,-0.5617968113107072,WLJVXDMOQOGPHL
CC1(C)OC[C@@H](COC(=O)CCc2ccc(OC[C@@H](O)CNCCNC(=O)N3CCOCC3)cc2)O1,Landiolol,-0.3979400086720376,WMDSZGFJQKSLLH
CCC(=O)O[C@]1(C(=O)SCF)[C@H](C)C[C@H]2[C@@H]3C[C@H](F)C4=CC(=O)C=C[C@]4(C)[C@@]3(F)[C@@H](O)C[C@@]21C,Fluticasone propionate,0.6232492903979004,WMWTYOKRWGGJOA
COc1cc2nc(N(C)CCCNC(=O)C3CCCO3)nc(N)c2cc1OC,Alfuzosin,0.505149978319906,WNMJYKCGWZFFKR
C[C@@H]1C[C@H]2[C@@H]3CCC4=CC(=O)C=C[C@]4(C)[C@@]3(Cl)[C@@H](O)C[C@]2(C)[C@@]1(OC(=O)c1ccco1)C(=O)CCl,Mometasone furoate,0.3367455479305157,WOFMFGQZHJDGCX
CN1CC(=O)N2[C@H](c3ccc4c(c3)OCO4)c3[nH]c4ccccc4c3C[C@@H]2C1=O,Tadalafil,-0.045757490560675115,WOXKDUGGOYFFRN
COc1nc(C)nc(Cl)c1NC1=NCCN1,Moxonidine,0.25527250510330607,WPNJAUFVNXKLIM
Nc1ccn([C@H]2CC[C@@H](CO)O2)c(=O)n1,Zalcitabine,-0.28483264215154214,WREGKURFCTUGRC
CCCCC1=NC2(CCCC2)C(=O)N1Cc1ccc(-c2ccccc2S(=O)(=O)Nc2noc(C)c2C)c(COCC)c1,Sparsentan,-0.056929668873089166,WRFHGDPIDHPWIQ
CN(C)CCCC1(c2ccc(F)cc2)OCc2cc(C#N)ccc21,Citalopram,1.178967423500227,WSEQXVZVJXJVFP
N[C@@H](Cc1ccc(O)c(O)c1)C(=O)O,Levodopa,0.38021124171160603,WTDRDQBEARUVNC
[Fe+2].[Fe+3].[Fe+3].[O-2].[O-2].[O-2].[O-2],Ferumoxytol,-1.412128749139851,WTFXARWRTYJXII
CC1O[C@@]2(CS1)CN1CCC2CC1,Cevimeline,0.7781512503836436,WUTYZMFRCNBCHQ
Cc1cncc(CN2CCC(=C3c4ccc(Cl)cc4CCc4cccnc43)CC2)c1,Rupatadine,2.1460837176536165,WUZYKBABMWJHDL
NCCCCN(Cc1nc2ccccc2[nH]1)[C@H]1CCCc2cccnc21,Mavorixafor,1.0402631800172553,WVLHHLRVNDMIAR
CN1CC[C@]23c4c5ccc(O)c4O[C@H]2C(=O)CC[C@H]3[C@H]1C5,Hydromorphone,0.6020599913279624,WVLOADHCBXTIJK
C#C[C@]1(O)CC[C@H]2[C@@H]3CCC4=CC(=O)CC[C@@H]4[C@H]3CC[C@@]21CC,Levonorgestrel,0.25527250510330607,WWYNJERNGUHSAO
CNC(=O)c1ccc(N2C(=S)N(c3ccc(C#N)c(C(F)(F)F)c3)C(=O)C2(C)C)cc1F,Enzalutamide,0.19629464514396822,WXCXUHSOUPDCQV
CC(=O)N[C@@H](CC(C)C)C(=O)O,L-Acetylleucine,0.5580224811615611,WXNXCEHXYPACJF
COC(=O)N(C)c1c(N)nc(-c2nn(Cc3ccccc3F)c3ncccc23)nc1N,Riociguat,-0.36797678529459443,WXXSNCNJFUAIDG
C[C@H]1[C@H](NC(=O)/C(=N\OC(C)(C)C(=O)O)c2csc([NH3+])n2)C(=O)N1S(=O)(=O)[O-],Aztreonam,-0.744727494896694,WZPBZJONDBGPKJ
CN(C)C(=O)COC(=O)Cc1ccc(OC(=O)c2ccc(NC(=N)N)cc2)cc1,Camostat,-0.08354605145007493,XASIMHXSUQUHLV
Nc1ncn([C@H]2C[C@H](O)[C@@H](CO)O2)c(=O)n1,Decitabine,0.6618126855372612,XAUDJQYHKZQPEU
O=C(c1ccc(NS(=O)(=O)c2cccc3cccnc23)cc1)N1CCN(CC2CC2)CC1,Mitapivat,-0.21670910996394532,XAYGBKHKBBXDAK
C[C@]1(COc2ccc(N3CCC(Oc4ccc(OC(F)(F)F)cc4)CC3)cc2)Cn2cc([N+](=O)[O-])nc2O1,Delamanid,0.1549019599857432,XDAOLTSRNUSPPH
O=C(O)C1N=C(c2ccccc2)c2cc(Cl)ccc2NC1=O,Clorazepic acid,0.09342168516223508,XDDJGVMJFWAHJX
OC(c1cc(C(F)(F)F)nc2c(C(F)(F)F)cccc12)C1CCCCN1,Mefloquine,1.4329692908744058,XEEQGYMUWCZPDN
Cn1nnc(-c2ccc(-c3ccc(N4C[C@H](CO)OC4=O)cc3F)cn2)n1,Tedizolid,0.05799194697768673,XFALPSLJIHVRKE
CN(C)CCOc1ccc(/C(=C(/CCCl)c2ccccc2)c2ccccc2)cc1,Toremifene,0.9183299535486805,XFCLJVABOIYOMF
O.[Al+3].[Al+3].[Mg+2].[O-][Si]([O-])([O-])[O-].[O-][Si]([O-])([O-])[O-],Almasilate,-0.46092390120722343,XFKLULFTFNRQOX
Clc1ccc2nsnc2c1NC1=NCCN1,Tizanidine,0.38021124171160603,XFYDIVBRZNQMJC
COc1cc2ncnc(Nc3ccc(F)c(Cl)c3)c2cc1OCCCN1CCOCC1,Gefitinib,1.3010299956639813,XGALLCVXEZPNRQ
O=C([O-])CN(CCN(CC(=O)[O-])C[C@H](COP(=O)([O-])OC1CCC(c2ccccc2)(c2ccccc2)CC1)N(CC(=O)[O-])CC(=O)[O-])CC(=O)[O-].[Gd+3].[Na+].[Na+].[Na+],Gadofosveset trisodium,-1.3187587626244128,XGOSYNSWSRUASG
O=C([O-])[O-].[Li+].[Li+],Lithium carbonate,-0.07058107428570727,XGZVUEUWXADBQD
COc1ccc(NC(=O)c2ccc(C(=N)N(C)C)cc2)c(C(=O)Nc2ccc(Cl)cn2)c1,Betrixaban,1.505149978319906,XHOLNRLADUSQLD
COc1ccc(CN2C3CC2CN(c2ccc(-c4cc(OCC(C)(C)O)cn5ncc(C#N)c45)cn2)C3)cn1,Selpercatinib,0.4359353272334707,XIIOFHFUYBLOLW
CC(=O)[O-].CC(=O)[O-].O.O.O.O.[Mg+2],Magnesium acetate tetrahydrate,-0.5228787452803376,XKPKPGCRSHFTKM
CCOC(=O)[N-]c1c[n+](N2CCOCC2)no1,Molsidomine,0.14612803567823798,XLFWDASMENKTKL
CCC(=O)O[C@](Cc1ccccc1)(c1ccccc1)[C@H](C)CN(C)C,Dextropropoxyphene,1.2041199826559248,XLMALTXPSGQGBX
COc1cc(C(C)=O)ccc1OCCCN1CCC(c2noc3cc(F)ccc23)CC1,Iloperidone,1.2820067583505508,XMXHEBAFVSFQEX
C=CCN1CC[C@]23c4c5ccc(O)c4O[C@H]2[C@@H](OCCOCCOCCOCCOCCOCCOCCOC)CC[C@@]3(O)[C@H]1C5,Naloxegol,1.485315733334934,XNKCCCKFOQNXKV
Cc1cn([C@H]2C=C[C@@H](CO)O2)c(=O)[nH]c1=O,Stavudine,-0.18234020833268277,XNKLLVCARDGLGL
NCCS(=O)(=O)O,Taurine,-0.48678239993206096,XOAAWQZATWQOTB
C[C@]12C=CC(=O)C=C1CC[C@@H]1[C@@H]2C(=O)C[C@@]2(C)[C@H]1CC[C@]2(O)C(=O)CO,Prednisone,-0.37823041966014737,XOFYZVNMUHMLCC
CCOC(=O)[C@H](CCc1ccccc1)N[C@H]1CCc2ccccc2N(CC(=O)O)C1=O,Benazepril,0.4623979978989561,XPCFTKFZXHTYIP
CN[C@@H]1CCc2[nH]c3ccc(C(N)=O)cc3c2C1,Frovatriptan,0.6232492903979004,XPSQPHWEGNHMSK
Nc1nc(=O)n([C@@H]2CS[C@H](CO)O2)cc1F,Emtricitabine,-0.21875767263921453,XQSPYNMVSIKCOC
CC(C)Oc1ccc(-c2nc(-c3cccc4c3CC[C@@H]4NCCO)no2)cc1C#N,Ozanimod,1.9395192526186185,XRVDGNKRPOAQTN
C=C[C@@H]1C[C@]1(NC(=O)[C@@H]1C[C@@H](Oc2ncc(OC)c3ccc(Cl)cc23)CN1C(=O)[C@@H](NC(=O)OC(C)(C)C)C(C)(C)C)C(=O)NS(=O)(=O)C1CC1,Asunaprevir,0.4427036899159692,XRWSZZJLZRKHHD
COc1c([C@H]2[C@H](C(=O)Nc3ccnc(C(N)=O)c3)O[C@@](C)(C(F)(F)F)[C@H]2C)ccc(F)c1F,Suzetrigine,0.8495071589193118,XSQUJFKRXZMOKA
CCN(C)C(=O)Oc1cccc([C@H](C)N(C)C)c1,Rivastigmine,0.3521825181113625,XSVMFMHYUFZWBK
Cc1ccc([C@@H]2O[C@H](CO)[C@@H](O)[C@H](O)[C@H]2O)cc1Cc1ccc(-c2ccc(F)cc2)s1,Canagliflozin,0.07658843546934525,XTNGUQKDFGDXSJ
C[C@@H]1C[C@H]2[C@@H]3C[C@H](F)C4=CC(=O)C=C[C@]4(C)[C@@]3(F)[C@@H](O)C[C@]2(C)[C@@]1(OC(=O)c1ccco1)C(=O)SCF,Fluticasone furoate,0.9751034194713835,XTULMSXFIHGYFS
CC(C)c1c(C(=O)Nc2ccccc2)c(-c2ccccc2)c(-c2ccc(F)cc2)n1CC[C@@H](O)C[C@@H](O)CC(=O)O,Atorvastatin,0.7346855566025534,XUKUURHRXDUEBC
CCS(=O)(=O)N1CC(CC#N)(n2cc(-c3ncnc4[nH]ccc34)cn2)C1,Baricitinib,0.03571555226653449,XUZMWHLSFXCVMG
CCN1CCN(c2cc(-c3ccc(F)cc3)c3c(n2)CCCCCC3)CC1,Blonanserin,2.132625565274591,XVGOZDAJGBALKS
O=C1NC(c2ccccc2)(c2ccccc2)C(=O)N1COP(=O)(O)O,Fosphenytoin,-0.811674284527307,XWLUWCNOOVRFPX
CC(C)(C)NCC(O)c1cc(O)cc(O)c1,Terbutaline,0.2041199826559248,XWTYSIMOBUGWOL
CCN(CCO)CCCC(C)Nc1ccnc2cc(Cl)ccc12,Hydroxychloroquine,1.8969983622889877,XXSMGPRMXLTPCZ
N#Cc1c(N(CC(=O)[O-])CC(=O)[O-])sc(C(=O)[O-])c1CC(=O)[O-].[Sr+2].[Sr+2],Strontium ranelate,0.0,XXUZFRDUEGQHOV
O=C([O-])CCCO.[Na+],Sodium oxybate,-0.721246399047171,XYGBKMMCQDZQOZ
CN(C)C(=N)NC(=N)N,Metformin,0.9704797083100105,XZWYZXLIPXDOLR
COC(=O)c1ccc2c(c1)NC(=O)/C2=C(\Nc1ccc(N(C)C(=O)CN2CCN(C)CC2)cc1)c1ccccc1,Nintedanib,1.1760912590556813,XZXHXSATPCNXJR
CCN(CC)Cc1ccc2cc(COC(=O)Nc3ccc(C(=O)NO)cc3)ccc2c1,Givinostat,0.3590219426416679,YALNUENQHAQXEA
CN(CCOc1ccc(CC2SC(=O)NC2=O)cc1)c1ccccn1,Rosiglitazone,-0.599585372200107,YASAKCUCGLMORW
CCCC[N+]1(C)[C@@H]2C[C@@H](OC(=O)[C@H](CO)c3ccccc3)C[C@H]1[C@@H]1O[C@@H]12,Butylscopolamine,0.2621119296336115,YBCNXCRZPWQOBR
CS(=O)(=O)OC[C@H](O)[C@@H](O)COS(C)(=O)=O,Treosulfan,-0.2323141832945213,YCPOZVAOBBQLRI
COc1ccc2[nH]c3c(c2c1)CCN[C@]31CS[C@@H]2c3c(OC(C)=O)c(C)c4c(c3[C@H](COC1=O)N1[C@@H]2[C@H]2c3c(cc(C)c(OC)c3O)C[C@@H]([C@@H]1O)N2C)OCO4,Lurbinectedin,0.8573324964312685,YDDMIZRDDREKEP
COc1cc(C(=O)NS(=O)(=O)c2ccccc2C)ccc1Cc1cn(C)c2ccc(NC(=O)OC3CCCC3)cc12,Zafirlukast,0.0,YEEZWCHGZNKEEK
Cc1c(Cl)cccc1Nc1ccccc1C(=O)O,Tolfenamic acid,0.3970705499594087,YEZNLOUZAIOMLT
NC(=O)CS(=O)C(c1ccccc1)c1ccccc1,Modafinil,-0.13380312008851575,YFGHCGITMMYXAQ
O=C(O)c1ccccc1O,Salicylic acid,-0.7695510786217261,YGSDEFSMJLZEOE
O=C(NCCN1CCOCC1)c1ccc(Cl)cc1,Moclobemide,0.09691001300805642,YHXISWVBGDMDLQ
Cc1cc(/C=C/C#N)cc(C)c1Nc1ccnc(Nc2ccc(C#N)cc2)n1,Rilpivirine,0.3929480631145386,YIBOMRUWOWDFLG
COC(=O)/C=C/C(=O)OCCN1C(=O)CCC1=O,Diroximel fumarate,0.012234456417011588,YIMYDTCOUQIDMT
c1cc(CN2CCCNCCNCCCNCC2)ccc1CN1CCCNCCNCCCNCC1,Plerixafor,-0.5228787452803376,YIQPUIGJQJDJOS
Nc1c2c(nc3ccccc13)CCCC2,Tacrine,0.6977273869449231,YLJREFDVOIBQDA
CC(C(=O)O)c1ccc(CC2CCCC2=O)cc1,Loxoprofen,-0.7958800173440752,YMBXTVYHTMGZDW
C[C@@H]1O[C@@H]1P(=O)(O)O,Fosfomycin,-0.5228787452803376,YMDXZJFXQJVXBF
CC(C)OC(=O)C(C)(C)Oc1ccc(C(=O)c2ccc(Cl)cc2)cc1,Fenofibrate,-0.05060999335508721,YMTINGFKWWXKFG
CCCCC1=NC2(CCCC2)C(=O)N1Cc1ccc(-c2ccccc2-c2nn[nH]n2)cc1,Irbesartan,0.12338490853967826,YOSHYTLCDANDAN
Cc1nc(C(=O)NCC(=O)O)c(O)c2ccc(Oc3ccccc3)cc12,Roxadustat,-0.4648867983026508,YOZBGTLTNGAVFU
CNC1(c2ccccc2Cl)CCCCC1=O,Ketamine,0.2876365721974843,YQEZLKZALYSWHR
Cc1ccc(Sc2ccccc2N2CCNCC2)c(C)c1,Vortioxetine,1.5698753079565613,YQNWZWMKLDQSAC
CCOC(=O)[C@H](Cc1ccc(F)cc1)NC(=O)[C@@H](N)Cc1ccc(N(CCCl)CCCl)cc1,Melphalan flufenamide,-0.3010299956639812,YQZNKYXGZSVEHI
C=CC(=O)NC1CCN(c2ncc3ncnc(Nc4ccc(Oc5ccc6c(c5)ncn6C)c(C)c4)c3n2)CC1,Zongertinib,0.22678396729186856,YSGNGFPNTLERCR
CC(S)C(=O)NCC(=O)O,Tiopronin,0.8129133566428556,YTGJWQPHMWSCST
Cn1c(CCCC(=O)O)nc2cc(N(CCCl)CCCl)ccc21,Bendamustine,-0.4471580313422192,YTKUWDBFDASYHO
C[C@]12CCC(=O)C=C1CC[C@@H]1[C@@H]2[C@@H](O)C[C@@]2(C)[C@H]1CC[C@]2(O)C(=O)CS,Tixocortol,1.3364597338485296,YWDBSCORAARPPF
CCOc1ccccc1OCC1CNCCO1,Viloxazine,-0.1366771398795441,YWPHCCPCQOJSGZ
C=CC[N+]1([C@H]2C[C@H]3[C@@H]4CC[C@H]5C[C@H](O)[C@@H](N6CCOCC6)C[C@]5(C)[C@H]4CC[C@]3(C)[C@H]2OC(C)=O)CCCC1,Rocuronium,-0.5228787452803376,YXRDKMPIGHSVRX
COc1ccc(C[C@@H]2c3cc(OC)c(OC)cc3CC[N@+]2(C)CCC(=O)OCCCCCOC(=O)CC[N@@+]2(C)CCc3cc(OC)c(OC)cc3[C@H]2Cc2ccc(OC)c(OC)c2)cc1OC,Cisatracurium,-0.8386319977650252,YXSLJKQTIDHPOT
CO/N=C1\C[C@]2(C[C@@H]3C[C@@H](C/C=C(\C)C[C@@H](C)/C=C/C=C4\CO[C@@H]5[C@H](O)C(C)=C[C@@H](C(=O)O3)[C@]45O)O2)O[C@H](/C(C)=C/C(C)C)[C@H]1C,Moxidectin,0.07918124604762482,YZBLFMPOMVTDJY
CC1=C(C(=O)O)N2C(=O)[C@@H](NC(=O)[C@H](N)c3ccccc3)[C@H]2SC1,Cephalexin,-1.0816700464513196,ZAIPMKNFIOOWCQ
COC(=O)C1=C(C)NC(C)=C(C(=O)OCCN(C)Cc2ccccc2)C1c1cccc([N+](=O)[O-])c1,Nicardipine,0.919078092376074,ZBBHBTPTTSWHBA
CCOC(=O)N[C@@H]1CC[C@@H]2[C@@H](C1)C[C@H]1C(=O)O[C@H](C)[C@H]1[C@H]2/C=C/c1ccc(-c2cccc(F)c2)cn1,Vorapaxar,0.7822678165784758,ZBGXUVOIWDMMJE
CC(C)NCC(O)c1ccc(NS(C)(=O)=O)cc1,Sotalol,0.25527250510330607,ZBMZVLHSJCTVON
CCO/N=C(\C(=O)N[C@@H]1C(=O)N2C(C(=O)[O-])=C(Sc3nc(-c4cc[n+](C)cc4)cs3)CS[C@H]12)c1nsc(NP(=O)(O)O)n1,Ceftaroline fosamil,-0.5376020021010439,ZCCUWMICIWSJIX
NC(=O)c1nc(F)cnc1O,Favipiravir,-0.5440680443502757,ZCGNOVWYSGBHAU
NC(=O)CC[C@H](N)C(=O)O,L-Glutamine,-0.6989700043360187,ZDXPYRJPNDTMRX
CC(=O)O[C@@]12CO[C@@H]1C[C@H](O)[C@@]1(C)C(=O)[C@H](O)C3=C(C)[C@@H](OC(=O)[C@H](O)[C@@H](NC(=O)OC(C)(C)C)c4ccccc4)C[C@@](O)([C@@H](OC(=O)c4ccccc4)[C@H]21)C3(C)C,Docetaxel,0.2079804034691629,ZDZOTLJHXYCWBA
CNCC[C@H](Oc1cccc2ccccc12)c1cccs1,Duloxetine,1.4101744650890493,ZEUITGRIYCTCEM
Cn1c(=O)c2[nH]cnc2n(C)c1=O,Theophylline,-0.3010299956639812,ZFXYFBGIUFBOJW
NCC(=O)CCC(=O)O,Aminolevulinic acid,-0.8766150914603217,ZGXJTSGNIOSYLO
Cn1c(Cn2ccc(C(F)(F)F)c(Oc3cc(Cl)cc(C#N)c3)c2=O)n[nH]c1=O,Doravirine,-0.06334266536178793,ZIAOVIPSKUPPQW
CC(C)c1c(O)cc(/C=C/c2ccccc2)cc1O,Tapinarof,0.14144977340046735,ZISJNXNHJRQYJO
Cc1cnc(C(=O)NCCc2ccc(S(=O)(=O)NC(=O)NC3CCCCC3)cc2)cn1,Glipizide,-0.8450980400142568,ZJJXGWJIGJFDTL
O=C([O-])[C@H](O)[C@@H](O)CO.O=C([O-])[C@H](O)[C@@H](O)CO.[Ca+2],Calcium threonate,-0.11593325032148682,ZJXGOFZGZFVRHK
O=c1ccc2ccc(OCCCCN3CCN(c4cccc5sccc45)CC3)cc2[nH]1,Brexpiprazole,0.1931245983544616,ZKIAIYBUSXZPLP
CCCN1CCCC[C@H]1C(=O)Nc1c(C)cccc1C,Ropivacaine,-0.2323141832945213,ZKMNUMMKYBVTFN
O=[N+]([O-])c1cn2c(n1)OC[C@@H](OCc1ccc(OC(F)(F)F)cc1)C2,Pretomanid,0.26884531229257996,ZLHZLMOSPGACSZ
O=C([O-])[O-].[Mg+2],Magnesium carbonate,-0.5228787452803376,ZLNQQNXFFQJAID
O=S(=O)(O)CCS,Coenzyme M,-0.18575240426807976,ZNEWHQLOPFWXOF
COc1ccc(Cl)cc1C(=O)NCCc1ccc(S(=O)(=O)NC(=O)NC2CCCCC2)cc1,Glyburide,-0.12411229586051775,ZNNLBTZKUZBEKO
CN1[C@@H]2CC[C@H]1C[C@@H](OC(=O)c1c[nH]c3ccccc13)C2,Tropisetron,0.9330532103693868,ZNRGQMMCGHDTEI
CN(C)CCCN1c2ccccc2Sc2ccc(Cl)cc21,Chlorpromazine,1.3010299956639813,ZPEIMTDSQAKGNT
COCCCN1CCC(NC(=O)c2cc(Cl)c(N)c3c2OCC3)CC1,Prucalopride,0.9493900066449128,ZPMNHBXQOOVQJL
CCCCc1oc2ccc(NS(C)(=O)=O)cc2c1C(=O)c1ccc(OCCCN(CCCC)CCCC)cc1,Dronedarone,1.3010299956639813,ZQTNQVWKHCQYLQ
CO/N=C1\CN(c2nc3c(cc2F)c(=O)c(C(=O)O)cn3C2CC2)CC1CN,Gemifloxacin,0.8382192219076258,ZRCVYEYHRGVLOC
Cc1cnc(NC(=O)C2=C(O)c3ccccc3S(=O)(=O)N2C)s1,Meloxicam,-0.6690067809585756,ZRVUJXDFFKFLMG
Cn1c(=O)cc(N2CCC[C@@H](N)C2)n(Cc2ccccc2C#N)c1=O,Alogliptin,0.7750380149595006,ZSBOMTDTBDDKMP
C[C@@H](O)[C@H]1C(=O)N2C(C(=O)O)=C(SCC/N=C/N)C[C@H]12,Imipenem,-0.5686362358410126,ZSKVGTPCRGIANV
C[C@@H]1CN2c3c(cc4c(N5C(=O)OC[C@@H]5C)noc4c3F)CC3(C(=O)NC(=O)NC3=O)[C@H]2[C@H](C)O1,Zoliflodacin,0.4028752263475498,ZSWMIFNWDQEXDT
CCC(=O)N(c1ccccc1)C1(C(=O)OC)CCN(CCC(=O)OC)CC1,Remifentanil,-0.45593195564972444,ZTVQQQVZCWLTDF
N#CCNC(=O)c1ccc(-c2ccnc(Nc3ccc(N4CCOCC4)cc3)n2)cc1,Momelotinib,1.1478970584170847,ZVHNDZWQTBEVRY
CC[C@H]1[C@@H](O)[C@@H]2[C@H](CC[C@]3(C)[C@@H]([C@H](C)CCC(=O)O)CC[C@@H]23)[C@@]2(C)CC[C@@H](O)C[C@@H]12,Obeticholic acid,0.945890435074559,ZXERDUOLZKYMJM
C[C@@H]1C[C@H]2[C@@H]3CCC4=CC(=O)C=C[C@]4(C)C3=CC[C@]2(C)[C@@]1(O)C(=O)CO,Vamorolone,0.3644169745283742,ZYTXTXAMMDTYDQ
NS(=O)(=O)c1cc(C(=O)O)c(NCc2ccco2)cc1Cl,Furosemide,-0.7423214251308154,ZZUFCTLCJUWOSV
CN(C)CCOC(c1ccccc1)c1ccccc1,Diphenhydramine,0.7032913781186614,ZZVUWRFHKOJYTH
