canon,Y,bde_failed,BDE_min_all,BDE_2nd_all,BDE_3rd_all,BDE_mean_all,BDE_std_all,BDE_range_all,N_vuln_85_all,N_vuln_90_all,N_CH_all,BDE_min_frac_all,BDE_min_aliph,BDE_2nd_aliph,BDE_3rd_aliph,BDE_mean_aliph,BDE_std_aliph,BDE_range_aliph,N_vuln_85_aliph,N_vuln_90_aliph,N_CH_aliph,BDE_min_frac_aliph
C#CC[C@@H](C(=O)N[C@H](/C=C/C(=O)OCC)C[C@@H]1CCNC1=O)n1cccc(NC(=O)c2cc(C)on2)c1=O,94.01,False,73.71485900878906,88.90748596191406,89.49779510498047,101.87606811523438,14.08591365814209,58.06190490722656,1,3,17,0.7235738635063171,73.71485900878906,88.90748596191406,89.49779510498047,91.78075408935547,7.244898319244385,27.75244903564453,1,3,10,0.8031625151634216
C#Cc1cccc(Nc2ncnc3cc(OCCOC)c(OCCOC)cc23)c1,8.59,False,94.42057037353516,94.42057037353516,95.56431579589844,105.80174255371094,10.137507438659668,34.791404724121094,0,0,14,0.8924292325973511,94.42057037353516,94.42057037353516,95.56431579589844,95.50333404541016,0.8602675795555115,2.1045684814453125,0,0,6,0.9886625409126282
C#Cc1cccc(Nc2ncnc3cc4c(cc23)OCCOCCOCCO4)c1,12.715,False,93.75318908691406,93.75318908691406,94.08594512939453,105.63689422607422,10.932685852050781,35.45878601074219,0,0,14,0.8875042200088501,93.75318908691406,93.75318908691406,94.08594512939453,94.27346801757812,0.5186001658439636,1.2280807495117188,0,0,6,0.9944811463356018
C(=C/c1nn[nH]n1)\c1ccccc1,3.0,False,103.77406311035156,108.7932357788086,110.61219024658203,109.05338287353516,2.7701401710510254,7.465629577636719,0,0,5,0.9515895843505859,103.77406311035156,103.77406311035156,103.77406311035156,103.77406311035156,0.0,0.0,0,0,1,1.0
C=CC(=O)Nc1ccc(C)cc1,54.239999999999995,False,89.17495727539062,108.63712310791016,109.70121002197266,106.0002212524414,8.471047401428223,22.24248504638672,0,1,5,0.8412714004516602,89.17495727539062,89.17495727539062,89.17495727539062,89.17495727539062,0.0,0.0,0,1,1,1.0
C=CC(=O)Nc1ccc(F)cc1,20.51,False,108.63712310791016,109.70121002197266,111.7609634399414,111.00709533691406,2.0266036987304688,5.291969299316406,0,0,4,0.9786502718925476,,,,,,,0,0,0,
C=CC(=O)Nc1ccc(OC)cc1,26.689999999999998,False,96.56866455078125,108.63712310791016,109.70121002197266,107.89189147949219,5.870142459869385,16.657127380371094,0,0,5,0.8950502276420593,96.56866455078125,96.56866455078125,96.56866455078125,96.56866455078125,0.0,0.0,0,0,1,1.0
C=CC(=O)Nc1ccc2ncnc(Nc3cccc(C)c3)c2c1,82.745,False,89.71343231201172,105.79193878173828,108.63712310791016,108.52928924560547,6.2304229736328125,23.35724639892578,0,1,11,0.8266287446022034,89.71343231201172,89.71343231201172,89.71343231201172,89.71343231201172,0.0,0.0,0,1,1,1.0
C=CC(=O)Nc1cccc(CN2C(=O)N(c3c(Cl)c(OC)cc(OC)c3Cl)Cc3cnc(NCCCCN(CC)CC)nc32)c1,39.81,False,81.2240982055664,88.02669525146484,90.75367736816406,101.07018280029297,9.59946060180664,31.014801025390625,1,2,17,0.8036405444145203,81.2240982055664,88.02669525146484,90.75367736816406,92.9420166015625,5.491044998168945,18.062225341796875,1,2,9,0.8739222884178162
C=CC(=O)Nc1cccc(Oc2nc(Nc3ccc(N4CCN(C)CC4)cc3OC)ncc2Cl)c1,41.370000000000005,False,89.7599105834961,91.8827896118164,92.04810333251953,105.5129165649414,8.348250389099121,23.178924560546875,0,1,14,0.8507006764411926,89.7599105834961,91.8827896118164,92.04810333251953,92.73005676269531,2.7499542236328125,7.469512939453125,0,1,4,0.9679699540138245
C=CC(=O)Nc1ccccc1,31.63,False,108.63712310791016,109.70121002197266,111.02165985107422,110.57749938964844,1.2363371849060059,3.3479461669921875,0,0,5,0.9824523329734802,,,,,,,0,0,0,
C=CCOc1cc(-c2cccc3c(=O)cc(N4CCOCC4)oc23)ccc1NC(=O)CN1CCOCC1,83.18,False,81.29024505615234,86.55756378173828,90.39550018310547,103.39998626708984,11.002102851867676,34.132781982421875,1,2,15,0.7861726880073547,81.29024505615234,86.55756378173828,90.39550018310547,90.7781982421875,5.493984699249268,15.981300354003906,1,2,6,0.8954820036888123
C=CCc1ccccc1OCC(O)CNC(C)C,81.59,False,79.00696563720703,90.10456085205078,91.30538177490234,100.82968139648438,10.377760887145996,32.86543273925781,1,1,12,0.7835685610771179,79.00696563720703,90.10456085205078,91.30538177490234,91.6124267578125,6.555808067321777,20.993820190429688,1,1,6,0.862404465675354
CC,150.0,False,99.59117889404297,99.59117889404297,99.59117889404297,99.59117889404297,0.0,0.0,0,0,1,1.0,99.59117889404297,99.59117889404297,99.59117889404297,99.59117889404297,0.0,0.0,0,0,1,1.0
CC#C[C@@H](CC(=O)O)c1ccc(OCc2cccc(-c3ccc(C(F)(F)F)cc3)c2)cc1,15.49,False,78.26956939697266,84.32527160644531,90.3080825805664,103.0211181640625,12.084967613220215,34.41857147216797,2,2,12,0.7597429752349854,78.26956939697266,84.32527160644531,90.3080825805664,86.63076782226562,5.865132808685303,15.3505859375,2,2,4,0.9034846425056458
CC#C[C@]1(O)CC[C@H]2[C@@H]3CCC4=CC(=O)CCC4=C3[C@@H](c3ccc(N(C)C)cc3)C[C@@]21C,26.92,False,79.1349868774414,81.29087829589844,83.1390609741211,94.22290802001953,9.804558753967285,32.80747985839844,4,6,16,0.8398699164390564,79.1349868774414,81.29087829589844,83.1390609741211,90.38994598388672,6.308070182800293,18.679641723632812,4,6,13,0.8754844069480896
CC(=O)N1N=C(c2ccc(Br)cc2)CC1c1ccc(C)cc1,30.9,False,79.43463897705078,82.27301025390625,89.17495727539062,99.16148376464844,13.093060493469238,33.00389099121094,2,3,8,0.8010634183883667,79.43463897705078,82.27301025390625,89.17495727539062,87.00231170654297,6.834813117980957,17.6920166015625,2,3,4,0.9130175709724426
CC(=O)N[C@@H](CCN)C(=O)N[C@H](C(=O)N[C@@H](CCN)C(=O)N[C@H]1CCNC(=O)[C@H]([C@@H](C)O)NC(=O)[C@H](CCN)NC(=O)[C@H](CCN)NC(=O)[C@H](CC(C)C)NC(=O)[C@@H](Cc2ccccc2)NC(=O)[C@H](CCN)NC1=O)[C@@H](C)O,3.0,False,78.09237670898438,78.49820709228516,78.58879852294922,92.5901870727539,9.242431640625,33.139060974121094,9,14,34,0.8434195518493652,78.09237670898438,78.49820709228516,78.58879852294922,90.81405639648438,7.611332893371582,23.116905212402344,9,14,31,0.8599150776863098
CC(=O)Nc1ccc2c(c1)c(-c1cc(NC3CC3)n3ncc(C#N)c3n1)cn2CCCO,12.3,False,93.14832305908203,94.88642120361328,97.003662109375,106.5206527709961,8.784167289733887,25.130645751953125,0,0,12,0.8744625449180603,93.14832305908203,94.88642120361328,97.003662109375,96.75093078613281,2.4587337970733643,6.4473114013671875,0,0,5,0.9627640843391418
CC(=O)Nc1ccc2ccn(-c3cc(NC4COC4)n4ncc(C#N)c4n3)c2c1,21.88,False,93.78226470947266,94.33695983886719,97.003662109375,108.91911315917969,9.379982948303223,24.255905151367188,0,0,10,0.8610267043113708,93.78226470947266,94.33695983886719,97.003662109375,95.04096221923828,1.4061921834945679,3.2213973999023438,0,0,3,0.9867562651634216
CC(=O)Nc1ccc2ccn(-c3cc(Nc4ccn(C)n4)n4ncc(C#N)c4n3)c2c1,42.66,False,91.91486358642578,97.003662109375,111.37722778320312,112.0150375366211,8.758028984069824,27.877487182617188,0,0,11,0.8205582499504089,91.91486358642578,97.003662109375,97.003662109375,94.45925903320312,2.5443992614746094,5.088798522949219,0,0,2,0.973063588142395
CC(=O)Nc1nc(CCc2ccc(NC(=N)N)cc2)cs1,12.88,False,86.72079467773438,88.22061157226562,96.76790618896484,102.0160903930664,12.094347953796387,31.398460388183594,0,2,6,0.8500697612762451,86.72079467773438,88.22061157226562,96.76790618896484,90.56977081298828,4.425307750701904,10.047111511230469,0,2,3,0.9575026631355286
CC(=O)c1cc2ccc(O)cc2oc1=O,150.0,False,95.13385772705078,111.56108856201172,112.58123779296875,109.56489562988281,7.294775009155273,19.574249267578125,0,0,5,0.8682877421379089,95.13385772705078,95.13385772705078,95.13385772705078,95.13385772705078,0.0,0.0,0,0,1,1.0
CC(=O)c1cn(Cc2ccccc2)c(=O)n(Cc2ccc(F)cc2)c1=O,150.0,False,87.34365844726562,87.60020446777344,95.49854278564453,104.58865356445312,10.477538108825684,26.46764373779297,0,2,9,0.8351160287857056,87.34365844726562,87.60020446777344,95.49854278564453,90.1474609375,3.7852299213409424,8.154884338378906,0,2,3,0.9688975811004639
CC(=O)c1ncccc1NC(=O)[C@H]1CC[C@H](N2C(=O)[C@@H]3[C@@H]4CC[C@@H](C4)[C@@H]3C2=O)CC1,150.0,False,88.6057357788086,92.64852142333984,94.4626693725586,99.6632308959961,6.255608081817627,23.125717163085938,0,1,17,0.8890514373779297,88.6057357788086,92.64852142333984,94.4626693725586,96.1753158569336,3.373778820037842,14.654350280761719,0,1,12,0.9212939143180847
CC(C(=O)O)c1ccc(C(=O)c2cccs2)cc1,12.885,False,83.16574096679688,100.74523162841797,110.00982666015625,107.0687484741211,10.812089920043945,33.018096923828125,1,1,7,0.7767508625984192,83.16574096679688,100.74523162841797,100.74523162841797,91.95549011230469,8.789745330810547,17.579490661621094,1,1,2,0.9044129848480225
CC(C(=O)O)c1cccc(C(=O)c2ccccc2)c1,28.35,False,83.80118560791016,100.8746566772461,110.02332305908203,106.78680419921875,8.724140167236328,27.796218872070312,1,1,9,0.7847522497177124,83.80118560791016,100.8746566772461,100.8746566772461,92.33792114257812,8.536735534667969,17.073471069335938,1,1,2,0.9075489640235901
CC(C(=O)OC1CC[N+](C)(C)CC1)(c1ccccc1)N1CCC(F)(F)CC1,38.0,False,97.41827392578125,98.43513488769531,98.44469451904297,102.98475646972656,5.406151294708252,13.813163757324219,0,0,10,0.9459484815597534,97.41827392578125,98.43513488769531,98.44469451904297,99.5398941040039,1.477908730506897,4.344245910644531,0,0,7,0.978685736656189
CC(C(=O)O[C@@H]1CC[N+](C)(C)C1)(c1ccccc1)C1CCCC1,119.0,False,,,,,,,0,0,0,,,,,,,,0,0,0,
CC(C)(C(=O)O)c1ccc(C(O)CCCN2CCC(C(O)(c3ccccc3)c3ccccc3)CC2)cc1,3.0,False,82.14154052734375,92.27558135986328,93.34227752685547,100.80007934570312,8.893647193908691,29.08989715576172,1,1,13,0.8148955702781677,82.14154052734375,92.27558135986328,93.34227752685547,94.605712890625,5.347260475158691,18.751853942871094,1,1,8,0.868251383304596
CC(C)(C)NC(=O)NCCN1CC(NC(=O)c2cc(Cl)cc(Cl)c2)C1,3.31,False,90.2481460571289,91.97168731689453,93.41180419921875,99.71170806884766,9.249618530273438,24.454437255859375,0,0,7,0.9050907492637634,90.2481460571289,91.97168731689453,93.41180419921875,94.27488708496094,3.941908359527588,11.467674255371094,0,0,5,0.9572872519493103
CC(C)(C)NC(=O)NCCN1CCC(CO)(CNC(=O)c2cc(Cl)cc(Cl)c2)CC1,7.08,False,90.07014465332031,90.76419830322266,91.2967300415039,98.57891845703125,8.722392082214355,24.63243865966797,0,0,9,0.91368567943573,90.07014465332031,90.76419830322266,91.2967300415039,94.36856842041016,4.182734489440918,11.645675659179688,0,0,7,0.9544506669044495
CC(C)(C)NC(=O)NCCN1CCN(CC(=O)NC23CC4CC(CC(C4)C2)C3)CC1,33.88,False,87.97111511230469,90.07014465332031,91.57410430908203,94.92813110351562,4.7441253662109375,13.744705200195312,0,1,9,0.9267128109931946,87.97111511230469,90.07014465332031,91.57410430908203,94.92813110351562,4.7441253662109375,13.744705200195312,0,1,9,0.9267128109931946
CC(C)(C)NC(=O)[C@@H]1CN(Cc2cccnc2)CCN1C[C@@H](O)C[C@@H](Cc1ccccc1)C(=O)N[C@H]1c2ccccc2C[C@H]1O,31.965000000000003,False,80.62097930908203,83.01319122314453,87.20492553710938,99.05207061767578,10.658257484436035,31.282684326171875,2,6,25,0.8139252066612244,80.62097930908203,83.01319122314453,87.20492553710938,90.3110122680664,5.111685276031494,21.146087646484375,2,6,14,0.8927037715911865
CC(C)(C)NC(=O)[C@@H]1C[C@@H]2CCCC[C@@H]2CN1C[C@@H](O)[C@H](Cc1ccccc1)NC(=O)[C@H](CC(N)=O)NC(=O)c1ccc2ccccc2n1,87.85,False,83.08226776123047,87.70247650146484,89.24483489990234,100.18387603759766,9.339241027832031,31.346107482910156,1,3,25,0.8292977809906006,83.08226776123047,87.70247650146484,89.24483489990234,93.70132446289062,4.324914455413818,18.684799194335938,1,3,16,0.886671245098114
CC(C)(C)NC(=O)c1ccc(Oc2cc(F)c(CC(=O)O)cc2Cl)c(NS(=O)(=O)c2ccc(C3CC3)cc2Cl)c1,6.0,False,88.78185272216797,96.61679077148438,101.77176666259766,107.20378875732422,7.373649597167969,25.380569458007812,0,1,12,0.8281596302986145,88.78185272216797,96.61679077148438,101.77176666259766,95.72347259521484,5.340598106384277,12.989913940429688,0,1,3,0.927482545375824
CC(C)(C)NCC(O)COc1nsnc1N1CCOCC1,77.285,False,90.98918914794922,91.4224624633789,92.60125732421875,95.1170654296875,3.579720973968506,9.002532958984375,0,0,6,0.956602156162262,90.98918914794922,91.4224624633789,92.60125732421875,95.1170654296875,3.579720973968506,9.002532958984375,0,0,6,0.956602156162262
CC(C)(C)NCC(O)c1ccc(O)c(CO)c1,12.0,False,82.03301239013672,83.38347625732422,91.06915283203125,98.73477935791016,12.374759674072266,31.1116943359375,2,2,7,0.830842137336731,82.03301239013672,83.38347625732422,91.06915283203125,89.11934661865234,7.161121368408203,17.958709716796875,2,2,4,0.9204849004745483
CC(C)(C)NS(=O)(=O)c1cncc(-c2ccc3nc(N)nn3c2)c1,20.0,False,101.28670501708984,105.90960693359375,107.48950958251953,109.73604583740234,4.728296279907227,14.444854736328125,0,0,7,0.923003077507019,101.28670501708984,101.28670501708984,101.28670501708984,101.28670501708984,0.0,0.0,0,0,1,1.0
CC(C)(C)NS(=O)(=O)c1cncc(-c2ccc3nc(NC(=O)NCC(=O)N4CCCC4)nn3c2)c1,3.895,False,82.4991455078125,89.70356750488281,97.53227996826172,103.77543640136719,10.449103355407715,33.150901794433594,1,2,10,0.794977605342865,82.4991455078125,89.70356750488281,97.53227996826172,92.75543212890625,7.2475199699401855,18.787559509277344,1,2,4,0.889426589012146
CC(C)(C)NS(=O)(=O)c1cncc(-c2ccc3nc(NC(=O)NCC(=O)N4CCOCC4)nn3c2)c1,4.195,False,83.59044647216797,91.88823699951172,95.72515106201172,103.92232513427734,10.077168464660645,32.059600830078125,1,1,10,0.8043550252914429,83.59044647216797,91.88823699951172,95.72515106201172,93.12263488769531,6.438390254974365,17.696258544921875,1,1,4,0.8976383209228516
CC(C)(C)S(=O)(=O)N[C@H]1CC[C@H](C(=O)Nc2ccc(C(F)(F)F)cn2)CC1,5.75,False,87.89202117919922,93.78253173828125,96.51690673828125,100.33904266357422,7.821285724639893,26.107009887695312,0,1,10,0.8759503960609436,87.89202117919922,93.78253173828125,96.51690673828125,95.71135711669922,3.581177234649658,11.545860290527344,0,1,7,0.9183029532432556
CC(C)(C)c1cc(NC(=O)NCc2ccccc2Sc2ccc3nnc(-c4ccccc4SCCO)n3c2)n(-c2ccc(O)c(Cl)c2)n1,47.955000000000005,False,80.83148193359375,92.04480743408203,93.6994400024414,107.90251159667969,9.14977741241455,37.385948181152344,1,1,19,0.7491158246994019,80.83148193359375,92.04480743408203,93.6994400024414,91.824462890625,7.1340413093566895,19.890647888183594,1,1,4,0.8802826404571533
CC(C)(C)c1ccc(C(O)CCCN2CCC(C(O)(c3ccccc3)c3ccccc3)CC2)cc1,60.885,False,82.14154052734375,92.27558135986328,93.34227752685547,100.69054412841797,8.832113265991211,29.08989715576172,1,1,13,0.8157820701599121,82.14154052734375,92.27558135986328,93.34227752685547,94.52893829345703,5.260128021240234,18.13762664794922,1,1,8,0.8689565658569336
CC(C)(C)c1ccc2c(c1)CC[C@H]2NC(=O)Nc1cccc2[nH]ncc12,20.42,False,80.18621063232422,87.04763793945312,96.69493865966797,103.98554229736328,10.986560821533203,34.28047180175781,1,2,11,0.7711284756660461,80.18621063232422,87.04763793945312,96.69493865966797,91.06087493896484,7.933165550231934,20.128494262695312,1,2,4,0.8805781006813049
CC(C)(C)c1csc(N2CCN(C(=O)[C@@H]3CCCC[C@H]3C(=O)NC3(C#N)CC3)CC2)n1,150.0,False,91.54695892333984,91.55980682373047,91.83606719970703,98.71772003173828,7.729836940765381,26.013381958007812,0,0,11,0.9273609519004822,91.54695892333984,91.55980682373047,91.83606719970703,95.50709533691406,3.470093250274658,9.555435180664062,0,0,9,0.9585356712341309
CC(C)(CCCCCOCCc1ccccc1)NCCc1ccc(O)c2nc(O)sc12,93.03,False,88.79147338867188,89.79436492919922,91.91056060791016,100.07256317138672,8.474515914916992,24.50653839111328,0,2,15,0.8872709274291992,88.79147338867188,89.79436492919922,91.91056060791016,94.41979217529297,3.374669313430786,11.151687622070312,0,2,10,0.9403904676437378
CC(C)(CO)Nc1nc(SCc2cccc(F)c2F)nc2nc(N)sc12,5.88,False,86.86705017089844,93.69890594482422,100.87027740478516,103.33035278320312,10.358226776123047,27.08911895751953,0,1,6,0.8406731486320496,86.86705017089844,93.69890594482422,100.87027740478516,93.81207275390625,5.717353343963623,14.003227233886719,0,1,3,0.9259687662124634
CC(C)(Cc1cccc(CC(=O)NCc2cccc(-c3ccc(O)cc3)c2)c1)NC[C@H](O)c1ccc(O)c(NS(C)(=O)=O)c1,37.0,False,81.43034362792969,82.98265075683594,89.129150390625,104.2150650024414,10.428890228271484,31.47504425048828,2,3,20,0.7813682556152344,81.43034362792969,82.98265075683594,89.129150390625,91.35957336425781,7.4655609130859375,21.93463897705078,2,3,7,0.8913170099258423
CC(C)(N)C(=O)N[C@H](COCc1ccc(F)cc1F)C(=O)N1CCC2=NN(CC(F)(F)F)C(=O)[C@]2(Cc2ccccn2)C1,15.49,False,83.10469818115234,85.0052490234375,86.04315185546875,100.20223236083984,11.460164070129395,33.683937072753906,1,4,16,0.8293697237968445,83.10469818115234,85.0052490234375,86.04315185546875,90.92803955078125,5.387820720672607,17.894119262695312,1,4,9,0.9139611721038818
CC(C)(N)C(=O)N[C@H](COCc1ccccc1)C(=O)N1CCC2(CC1)CN(S(C)(=O)=O)c1ccccc12,14.45,False,83.24088287353516,86.08853912353516,91.18437957763672,102.1222915649414,10.038737297058105,30.030685424804688,1,2,15,0.8151098489761353,83.24088287353516,86.08853912353516,91.18437957763672,93.86309814453125,6.504189968109131,19.527076721191406,1,2,8,0.8868328928947449
CC(C)(O)c1ccc(Nc2nc3ccc(C#N)cc3[nH]2)cc1,4.79,False,101.42389678955078,109.2087173461914,111.3486557006836,110.32763671875,4.258056163787842,12.090019226074219,0,0,6,0.9192972779273987,101.42389678955078,101.42389678955078,101.42389678955078,101.42389678955078,0.0,0.0,0,0,1,1.0
CC(C)=CCC[N+]12CCC(CC1)[C@@H](OC(=O)[C@](C)(c1ccccc1)N1CCCCC1)C2,101.0,False,82.88082122802734,87.24864196777344,93.67687225341797,99.38880920410156,7.623804092407227,28.350616455078125,1,2,16,0.8339049816131592,82.88082122802734,87.24864196777344,93.67687225341797,95.89644622802734,5.2196550369262695,17.748977661132812,1,2,12,0.8642741441726685
CC(C)C(=O)Nc1nc(-c2ccccn2)cc2ccccc12,61.66,False,87.89432525634766,101.16230773925781,105.80673217773438,108.09648895263672,7.243841171264648,25.401885986328125,0,1,11,0.8131098747253418,87.89432525634766,101.16230773925781,101.16230773925781,94.5283203125,6.633991241455078,13.267982482910156,0,1,2,0.9298200011253357
CC(C)CCOc1ccc(N)cc1,150.0,False,93.93761444091797,94.32207489013672,98.15741729736328,101.77392578125,7.48968505859375,18.465850830078125,0,0,6,0.9230027794837952,93.93761444091797,94.32207489013672,98.15741729736328,96.72052001953125,2.719499349594116,6.5273590087890625,0,0,4,0.9712273478507996
CC(C)CNc1nc(N2CCN(CC3CCCOC3)CC2)ncc1C(=O)NCc1ccccc1,89.13,False,81.01922607421875,90.8453598022461,91.69578552246094,97.59843444824219,7.905144691467285,30.21221160888672,1,1,16,0.8301283121109009,81.01922607421875,90.8453598022461,91.69578552246094,94.51406860351562,5.115270137786865,21.73310089111328,1,1,13,0.8572186827659607
CC(C)COc1cc(-c2cccc3c(=O)cc(N4CCOCC4)oc23)ccc1NC(=O)CN1CCOCC1,150.0,False,86.55756378173828,90.39550018310547,93.55408477783203,103.04874420166016,9.593680381774902,28.865463256835938,0,1,15,0.8399671912193298,86.55756378173828,90.39550018310547,93.55408477783203,94.57487487792969,4.145528793334961,14.480140686035156,0,1,8,0.9152278900146484
CC(C)C[C@H](CO)Nc1nc(SCc2ccccc2)nc2[nH]c(=O)sc12,13.49,False,86.7335433959961,90.50279998779297,91.70655059814453,99.43900299072266,8.984352111816406,24.497894287109375,0,1,9,0.8722286224365234,86.7335433959961,90.50279998779297,91.70655059814453,93.66064453125,4.571135997772217,13.566665649414062,0,1,6,0.9260404109954834
CC(C)C[C@H](CO)Nc1nc(SCc2ccccc2)nc2nc(N)sc12,20.42,False,86.7335433959961,90.50279998779297,91.70655059814453,99.43900299072266,8.984352111816406,24.497894287109375,0,1,9,0.8722286224365234,86.7335433959961,90.50279998779297,91.70655059814453,93.66064453125,4.571135997772217,13.566665649414062,0,1,6,0.9260404109954834
CC(C)C[C@H](CO)Nc1nc(S[C@@H](C)c2ccccc2F)nc2nc(N)sc12,30.9,False,87.04500579833984,90.50279998779297,91.70655059814453,100.8438949584961,9.160429954528809,26.480209350585938,0,1,11,0.8631658554077148,87.04500579833984,90.50279998779297,91.70655059814453,94.5143051147461,4.600237846374512,13.255203247070312,0,1,7,0.9209717512130737
CC(C)C[C@H](N)C(=O)NC[C@H](O)C[C@@H](N)CC(=O)NN(C)CC(=O)O,3.0,False,82.30779266357422,88.43389129638672,89.40437316894531,93.01409912109375,4.85288143157959,18.093284606933594,1,3,11,0.8848958611488342,82.30779266357422,88.43389129638672,89.40437316894531,93.01409912109375,4.85288143157959,18.093284606933594,1,3,11,0.8848958611488342
CC(C)N(CCCNC(=O)Nc1ccc(C(C)(C)C)cc1)C[C@H]1O[C@@H](n2ccc3c(N)ncnc32)[C@H](O)[C@@H]1O,33.88,False,89.2364730834961,90.42914581298828,91.27305603027344,100.10792541503906,9.233352661132812,28.71070098876953,0,1,16,0.8914026618003845,89.2364730834961,90.42914581298828,91.27305603027344,94.46251678466797,3.545024871826172,11.042701721191406,0,1,11,0.9446759819984436
CC(C)N(CCCNC(=O)Nc1ccc(C(C)(C)C)cc1)C[C@H]1O[C@@H](n2cnc3c(N)ncnc32)[C@H](O)[C@@H]1O,26.92,False,89.2364730834961,90.42914581298828,91.27305603027344,98.75200653076172,7.840651035308838,25.2027587890625,0,1,15,0.9036421179771423,89.2364730834961,90.42914581298828,91.27305603027344,94.47761535644531,3.543126106262207,11.042701721191406,0,1,11,0.9445250630378723
CC(C)N(CCNCCc1ccc(O)c2[nH]c(=O)sc12)C(=O)CCOCCc1ccccc1,99.0,False,88.79147338867188,88.88472747802734,90.3558120727539,99.0103530883789,9.046173095703125,23.710105895996094,0,2,15,0.8967897891998291,88.79147338867188,88.88472747802734,90.3558120727539,92.87678527832031,3.111987829208374,11.004325866699219,0,2,10,0.9560136198997498
CC(C)N1CCC(N(C(=O)Cc2ccccc2)c2ccc(Cl)cc2)CC1,28.18,False,86.65670013427734,90.00536346435547,92.18138885498047,101.7251205444336,9.654438018798828,26.260971069335938,0,1,11,0.8518711924552917,86.65670013427734,90.00536346435547,92.18138885498047,93.47394561767578,4.541730880737305,12.783538818359375,0,1,6,0.9270679354667664
CC(C)N1CCN(Cc2cnc(-c3cc(-c4cccc5[nH]ccc45)cc4[nH]ncc34)o2)CC1,9.07,False,81.37748718261719,90.17716217041016,92.04671478271484,106.0191650390625,11.837459564208984,36.41188049316406,1,1,14,0.767573356628418,81.37748718261719,90.17716217041016,92.04671478271484,91.0657958984375,5.7834014892578125,18.06275177001953,1,1,5,0.8936119675636292
CC(C)NCC(O)COc1ccc(CCOCC2CC2)cc1,7.5,False,88.49495697021484,90.10456085205078,91.30538177490234,98.4502182006836,7.851314544677734,22.573745727539062,0,1,12,0.8988802433013916,88.49495697021484,90.10456085205078,91.30538177490234,93.33030700683594,3.4021413326263428,11.505828857421875,0,1,8,0.9481909871101379
CC(C)NCC(O)COc1ccc(COCCOC(C)C)cc1,25.12,False,82.85782623291016,90.10456085205078,91.30538177490234,96.59053802490234,7.910350322723389,28.410934448242188,1,1,12,0.857825517654419,82.85782623291016,90.10456085205078,91.30538177490234,93.69571685791016,4.979973316192627,18.682647705078125,1,1,10,0.8843288421630859
CC(C)NC[C@@H](C(=O)N1CCN(c2ncnc3c2[C@H](C)C[C@H]3O)CC1)c1ccc(Cl)cc1,3.0,False,80.04737854003906,83.14595031738281,87.57524108886719,95.55705261230469,9.807486534118652,32.653419494628906,2,5,13,0.8376920223236084,80.04737854003906,83.14595031738281,87.57524108886719,91.21395111083984,6.422918319702148,20.25794219970703,2,5,10,0.8775782585144043
CC(C)Nc1nc(NCc2ccccc2)c2sccc2n1,144.54,False,80.08331298828125,91.91043853759766,101.17179107666016,104.67098236083984,11.936171531677246,35.58478546142578,1,1,8,0.7650956511497498,80.08331298828125,91.91043853759766,101.17179107666016,91.05517578125,8.630549430847168,21.088478088378906,1,1,3,0.8795031309127808
CC(C)OC(=O)C(C)(C)Oc1ccc(C(=O)c2ccc(Cl)cc2)cc1,54.0,False,97.12409210205078,101.5634765625,101.8083267211914,106.35247802734375,5.62102746963501,15.966567993164062,0,0,7,0.9132282733917236,97.12409210205078,101.5634765625,101.8083267211914,100.1653060913086,2.1527795791625977,4.684234619140625,0,0,3,0.9696380496025085
CC(C)Oc1cc(-c2cccc3c(=O)cc(N4CCOCC4)oc23)ccc1NC(=O)CN1CCOCC1,87.1,False,86.55756378173828,90.39550018310547,93.55408477783203,103.44058990478516,9.781832695007324,28.865463256835938,0,1,14,0.8367853164672852,86.55756378173828,90.39550018310547,93.55408477783203,94.24005889892578,4.488621234893799,15.138252258300781,0,1,7,0.9184795022010803
CC(C)Oc1ccc2c(=O)c(-c3ccccc3)coc2c1,109.65,False,94.3374252319336,101.63591766357422,110.77965545654297,108.88390350341797,6.17395544052124,19.918846130371094,0,0,9,0.8664037585258484,94.3374252319336,101.63591766357422,101.63591766357422,97.9866714477539,3.6492462158203125,7.298492431640625,0,0,2,0.9627577066421509
CC(C)S(=O)(=O)c1ccc(-c2cnc(N)c(C(=O)Nc3ccccc3)n2)cc1,20.89,False,94.46546173095703,99.79271697998047,106.04483032226562,107.3209228515625,6.31303596496582,18.038902282714844,0,0,8,0.8802147507667542,94.46546173095703,99.79271697998047,99.79271697998047,97.12908935546875,2.6636276245117188,5.3272552490234375,0,0,2,0.9725764393806458
CC(C)[C@H](C(=O)Nc1nccs1)c1ccc(Cl)cc1,12.02,False,84.91678619384766,93.72928619384766,99.92764282226562,104.7560806274414,11.250295639038086,33.151084899902344,1,1,7,0.8106144070625305,84.91678619384766,93.72928619384766,99.92764282226562,92.85790252685547,6.159054756164551,15.010856628417969,1,1,3,0.914480984210968
CC(C)[C@H]1C(=O)N[C@H](CO)Cc2ccccc2N1C,144.54,False,82.62689208984375,86.07592010498047,89.97942352294922,98.04646301269531,10.28100299835205,28.81633758544922,1,3,11,0.8427320122718811,82.62689208984375,86.07592010498047,89.97942352294922,90.94276428222656,5.195889472961426,17.14832305908203,1,3,7,0.908559262752533
CC(C)c1cc(C(=O)N2Cc3ccc(CN4CCN(C)CC4)cc3C2)c(O)cc1O,23.44,False,79.6248550415039,79.86116027832031,83.73258972167969,97.23616790771484,12.328082084655762,35.135963439941406,3,4,13,0.8188810348510742,79.6248550415039,79.86116027832031,83.73258972167969,88.44241333007812,6.571551322937012,20.272613525390625,3,4,8,0.9003016948699951
CC(C)c1ccc(NC(=O)Cn2cnc3c2c(=O)n(C)c(=O)n3C)cc1,16.6,False,85.29093933105469,90.33843231201172,95.02588653564453,100.6497802734375,10.601778030395508,32.08642578125,0,1,8,0.8474031090736389,85.29093933105469,90.33843231201172,95.02588653564453,93.15313720703125,4.954008102416992,14.578407287597656,0,1,5,0.9155992269515991
CC(C)c1ccc(NC(=O)NCCCSC[C@H]2O[C@@H](n3cnc4c(N)ncnc43)[C@H](O)[C@@H]2O)cc1,109.65,False,85.29093933105469,89.65737915039062,91.73255920410156,98.23326110839844,8.694634437561035,29.148292541503906,0,2,14,0.8682490587234497,85.29093933105469,89.65737915039062,91.73255920410156,93.18739318847656,3.720150947570801,14.578407287597656,0,2,10,0.9152626395225525
CC(C)c1ccc(Sc2cnc(O)c(C(=O)NCc3ccccc3)c2)cc1,30.9,False,81.01922607421875,85.29093933105469,99.86934661865234,104.0793228149414,11.055143356323242,31.873374938964844,1,2,10,0.7784373164176941,81.01922607421875,85.29093933105469,99.86934661865234,88.72650146484375,8.069865226745605,18.850120544433594,1,2,3,0.9131344556808472
CC(C)c1ccccc1Cc1cc(C(=O)Nc2ccc(S(=O)(=O)c3ccccc3C(C)(C)C)cc2)c(O)c(O)c1O,3.0,False,83.9744873046875,89.2757797241211,98.98200225830078,106.10391235351562,8.708295822143555,28.64623260498047,1,2,15,0.7914363145828247,83.9744873046875,89.2757797241211,98.98200225830078,92.92381286621094,6.573832035064697,15.488502502441406,1,2,4,0.9036917686462402
CC(C)c1nc2ccc(-c3ccc(F)cc3)cc2c(=O)n1C[C@H]1CCCN(C(C)C)C1,29.51,False,85.14185333251953,89.72066497802734,89.75870513916016,100.23123931884766,9.393420219421387,28.659942626953125,0,3,15,0.8494542837142944,85.14185333251953,89.72066497802734,89.75870513916016,94.21087646484375,4.7516655921936035,15.788833618164062,0,3,10,0.9037370085716248
CC(C)c1nc2ccccc2n1-c1nc(N2CCOCC2)c2nc(OC3CN(C4CCS(=O)(=O)CC4)C3)n(C)c2n1,10.0,False,84.45843505859375,90.50276947021484,90.85346221923828,99.71869659423828,8.942240715026855,28.480926513671875,1,1,14,0.8469669222831726,84.45843505859375,90.50276947021484,90.85346221923828,94.75746154785156,5.064762115478516,17.181961059570312,1,1,10,0.8913117051124573
CC(C)c1nnc2ccc(-c3ocnc3-c3cc(F)ccc3F)cn12,3.0,False,87.58715057373047,101.46107482910156,111.92302703857422,110.05813598632812,9.01920223236084,29.653030395507812,0,1,9,0.7958261966705322,87.58715057373047,101.46107482910156,101.46107482910156,94.52410888671875,6.936962127685547,13.873924255371094,0,1,2,0.9266117811203003
CC(C)n1c(/C=C/C(O)CC(O)CC(=O)O)c(-c2ccc(F)cc2)c2ccccc21,3.0,False,74.52737426757812,90.92766571044922,93.10631561279297,102.31623840332031,10.776405334472656,38.82372283935547,1,1,14,0.7284021973609924,74.52737426757812,90.92766571044922,93.10631561279297,93.49859619140625,8.564784049987793,26.25428009033203,1,1,7,0.7970961928367615
CC(CCc1cccc(OCc2ccc3ccccc3n2)c1)CC(=O)O,104.71,False,84.00098419189453,87.4792251586914,91.31131744384766,104.35892486572266,9.832180976867676,29.30267333984375,1,2,16,0.8049238324165344,84.00098419189453,87.4792251586914,91.31131744384766,92.45890045166016,5.488251209259033,15.864639282226562,1,2,6,0.9085224270820618
CC(CO)(CO)Nc1nc(SCc2cccc(F)c2F)nc2nc(N)sc12,5.96,False,86.86705017089844,94.3073501586914,101.42540740966797,103.52428436279297,10.244983673095703,27.08911895751953,0,1,6,0.8390982747077942,86.86705017089844,94.3073501586914,101.42540740966797,94.1999282836914,5.943909645080566,14.558357238769531,0,1,3,0.9221562147140503
CC(NC(=O)c1cc(O)nc2ccccc12)c1ccccc1,5.25,False,83.8902359008789,101.5845947265625,110.50479888916016,107.95329284667969,8.678705215454102,31.050491333007812,1,1,10,0.7770975232124329,83.8902359008789,101.5845947265625,101.5845947265625,92.73741149902344,8.847179412841797,17.694358825683594,1,1,2,0.9045997262001038
CC(NC(C)(C)C)C(=O)c1cccc(Cl)c1,44.71,False,75.50472259521484,100.37115478515625,100.9924545288086,103.25537872314453,12.289999008178711,37.38542175292969,1,1,7,0.7312425374984741,75.50472259521484,100.37115478515625,100.9924545288086,92.2894515991211,11.87130069732666,25.48773193359375,1,1,3,0.8181294798851013
CC(c1cc2ccccc2s1)N(O)C(N)=O,7.76,False,83.91925811767578,100.96268463134766,111.25442504882812,106.33287048339844,9.919159889221191,29.503997802734375,1,1,7,0.7892127633094788,83.91925811767578,100.96268463134766,100.96268463134766,92.44097137451172,8.521713256835938,17.043426513671875,1,1,2,0.9078145623207092
CC/C(=C(/c1ccc(O)cc1)c1ccc(/C=C/C(=O)O)cc1)c1ccccc1,62.065000000000005,False,80.4268798828125,99.43110656738281,103.93230438232422,106.53961944580078,9.058513641357422,31.8958740234375,1,1,11,0.754901111125946,80.4268798828125,99.43110656738281,103.93230438232422,94.59676361083984,10.186736106872559,23.50542449951172,1,1,3,0.850207507610321
CC/C(=C(\c1ccccc1)c1ccc(/C=C/C(=O)O)cc1)c1ccccc1,107.15,False,80.4268798828125,99.43110656738281,103.93230438232422,106.82544708251953,8.721381187438965,31.8958740234375,1,1,12,0.7528812885284424,80.4268798828125,99.43110656738281,103.93230438232422,94.59676361083984,10.186736106872559,23.50542449951172,1,1,3,0.850207507610321
CC1(C)C(=O)Nc2ccccc21,3.0,False,100.73810577392578,111.06697082519531,111.1684341430664,109.45079040527344,4.390873908996582,11.88140869140625,0,0,5,0.9203963279724121,100.73810577392578,100.73810577392578,100.73810577392578,100.73810577392578,0.0,0.0,0,0,1,1.0
CC1(C)CCC(c2ccc(Cl)cc2)=C(CN2CCN(c3ccc(C(=O)NS(=O)(=O)c4ccc(N[C@H](CCN5CCOCC5)CSc5ccccc5)c(S(=O)(=O)C(F)(F)F)c4)cc3)CC2)C1,9.77,False,76.16568756103516,82.14348602294922,84.30789947509766,99.63042449951172,11.235284805297852,37.08899688720703,3,5,23,0.7644822001457214,76.16568756103516,82.14348602294922,84.30789947509766,90.78907012939453,6.493017196655273,24.11286163330078,3,5,13,0.8389301300048828
CC1(C)S[C@@H]2[C@H](NC(=O)C(C(=O)O)c3ccccc3)C(=O)N2[C@H]1C(=O)O,3.39,False,82.4218521118164,84.53839111328125,87.69849395751953,97.58218383789062,11.724164962768555,29.327560424804688,2,3,8,0.8446403741836548,82.4218521118164,84.53839111328125,87.69849395751953,89.35973358154297,6.289950847625732,17.748336791992188,2,3,5,0.9223600625991821
CC1(C)[C@@H]2CC[C@@]1(CS(=O)(=O)N1CCN(c3ccc(C#N)cn3)CC1)C(=O)C2,150.0,False,90.87046813964844,92.57494354248047,94.40450286865234,100.2990493774414,7.290583610534668,21.512283325195312,0,0,11,0.9059953093528748,90.87046813964844,92.57494354248047,94.40450286865234,95.14359283447266,2.5120415687561035,7.808265686035156,0,0,7,0.9550876021385193
CC1(C)[C@@H]2CC[C@@]1(CS(=O)(=O)N1CCN(c3ccc(C(F)(F)F)cn3)CC1)C(=O)C2,141.0,False,90.87046813964844,92.57494354248047,94.40450286865234,100.21965026855469,7.175485134124756,20.886734008789062,0,0,11,0.90671306848526,90.87046813964844,92.57494354248047,94.40450286865234,95.14359283447266,2.5120415687561035,7.808265686035156,0,0,7,0.9550876021385193
CC1(C)[C@H](C(=O)O)N2C(=O)C[C@H]2S1(=O)=O,3.0,False,85.39622497558594,99.39571380615234,100.91214752197266,96.69169616699219,6.553952693939209,15.666465759277344,0,1,4,0.883180558681488,85.39622497558594,99.39571380615234,100.91214752197266,96.69169616699219,6.553952693939209,15.666465759277344,0,1,4,0.883180558681488
CC1(C)[C@H](NC(=O)/C(=N\OCc2cc(=O)c(O)cn2O)c2csc(N)n2)C(=O)N1OS(=O)(=O)O,7.24,False,84.7790298461914,89.31771087646484,99.5705337524414,103.7110595703125,13.273723602294922,33.505104064941406,1,2,6,0.8174540996551514,84.7790298461914,89.31771087646484,99.5705337524414,91.22241973876953,6.186980724334717,14.79150390625,1,2,3,0.9293661713600159
CC1(CCCc2cc(=O)oc3[nH]c(=O)[nH]c(=O)c23)CC1,22.83,False,83.79008483886719,95.9742660522461,96.4013442993164,99.36841583251953,9.790011405944824,31.284530639648438,1,1,6,0.8432265520095825,83.79008483886719,95.9742660522461,96.4013442993164,93.46444702148438,5.621185302734375,13.902015686035156,1,1,4,0.896491527557373
CC1(COc2cc(-c3cccc4c(=O)cc(N5CCOCC5)oc34)ccc2NC(=O)CN2CCOCC2)COC1,95.5,False,86.55756378173828,90.39550018310547,93.55408477783203,102.85100555419922,9.702733039855957,28.865463256835938,0,1,15,0.8415820598602295,86.55756378173828,90.39550018310547,93.55408477783203,94.20390319824219,3.843923330307007,13.114776611328125,0,1,8,0.918832004070282
CC1=C(C(=O)O)N2C(=O)[C@@H](NC(=O)[C@H](N)c3ccc(O)cc3)[C@H]2SC1,3.0,False,73.4887466430664,78.03483581542969,81.2875747680664,90.83220672607422,14.300630569458008,38.288818359375,3,4,7,0.8090604543685913,73.4887466430664,78.03483581542969,81.2875747680664,82.61052703857422,7.047304153442383,20.480484008789062,3,4,5,0.8895809054374695
CC1=C(C)C(=O)C(C(CCCCCC(=O)O)c2ccccc2)=C(C)C1=O,85.0,False,79.74087524414062,84.41322326660156,84.53950500488281,95.64825439453125,10.591694831848145,31.490562438964844,4,4,12,0.8336887955665588,79.74087524414062,84.41322326660156,84.53950500488281,90.54762268066406,6.745336532592773,18.196868896484375,4,4,9,0.8806512355804443
CC1CCC2C(C)C(=O)OC3OC4(C)CCC1C32OO4,18.2,False,86.22383117675781,93.8719253540039,94.32829284667969,96.48664093017578,4.00825834274292,16.954811096191406,0,1,12,0.8936349153518677,86.22383117675781,93.8719253540039,94.32829284667969,96.48664093017578,4.00825834274292,16.954811096191406,0,1,12,0.8936349153518677
CC1CN(S(=O)(=O)c2ccccc2)CCN1Cc1cc(Cl)ccc1OCC(=O)O,7.0,False,82.6557846069336,87.2426986694336,90.70616912841797,101.00764465332031,10.812658309936523,30.21350860595703,1,2,13,0.8183121681213379,82.6557846069336,87.2426986694336,90.70616912841797,91.62763977050781,5.1021504402160645,17.026893615722656,1,2,7,0.9020835161209106
CC1CNC(Nc2c(Cl)cccc2Cl)=N1,3.0,False,84.24705505371094,91.91877746582031,100.74938201904297,100.35833740234375,11.164921760559082,28.679611206054688,1,1,5,0.8394624590873718,84.24705505371094,91.91877746582031,100.74938201904297,92.3050765991211,6.742582321166992,16.50232696533203,1,1,3,0.9127023220062256
CC1N=C(N)N=C(N)N1c1ccc(Cl)cc1,3.0,False,74.58555603027344,101.29261016845703,111.34843444824219,100.02099609375,15.343255043029785,38.271812438964844,1,1,4,0.7456989884376526,74.58555603027344,101.29261016845703,101.29261016845703,87.9390869140625,13.353527069091797,26.707054138183594,1,1,2,0.8481501936912537
CC1Sc2c(C(=O)O)c(=O)c3cc(F)c(N4CCNCC4)cc3n21,3.0,False,,,,,,,0,0,0,,,,,,,,0,0,0,
CCC(=C(c1ccc(O)cc1)c1ccc(OCCN(C)C)cc1)c1ccccc1,56.23,False,80.4268798828125,89.52843475341797,91.78884887695312,102.76233673095703,10.596092224121094,31.14208221435547,1,2,12,0.7826493978500366,80.4268798828125,89.52843475341797,91.78884887695312,91.19889831542969,6.325361251831055,19.004226684570312,1,2,5,0.8818843364715576
CCC(=O)NC(c1cccs1)c1cc(Cl)c2cccnc2c1O,150.0,False,78.91590118408203,91.5956039428711,100.45436096191406,105.56526184082031,11.43925952911377,37.465972900390625,1,1,10,0.7475556135177612,78.91590118408203,91.5956039428711,100.45436096191406,93.9806900024414,9.937583923339844,26.04100799560547,1,1,4,0.839703381061554
CCC(=O)N[C@H]1CC[C@@H](C(=O)N(C)c2ccc(-c3nc4ccccc4o3)cc2)C1,6.08,False,88.0468521118164,90.14683532714844,91.8891372680664,101.7926025390625,9.487083435058594,25.861984252929688,0,1,14,0.864963173866272,88.0468521118164,90.14683532714844,91.8891372680664,93.96406555175781,3.666938304901123,12.395339965820312,0,1,8,0.937026858329773
CCC(=O)O[C@]1(C(=O)SCF)[C@H](C)C[C@H]2[C@@H]3C[C@H](F)C4=CC(=O)C=C[C@]4(C)[C@@]3(F)[C@@H](O)C[C@@]21C,128.575,False,80.71522521972656,89.47216033935547,89.62247467041016,97.00062561035156,7.541989803314209,31.30223846435547,1,3,17,0.8321103453636169,80.71522521972656,89.47216033935547,89.62247467041016,94.30835723876953,5.133098602294922,19.816200256347656,1,3,14,0.8558650612831116
CCC(C)(C)C(=O)O[C@H]1C[C@@H](C)C=C2C=C[C@H](C)[C@H](CC[C@@H](O)C[C@@H](O)CC(=O)O)[C@H]21,46.28,False,74.56578826904297,75.0993881225586,84.76643371582031,95.98336029052734,8.841327667236328,33.98286437988281,3,3,20,0.7768616080284119,74.56578826904297,75.0993881225586,84.76643371582031,93.9375228881836,7.997128963470459,26.482742309570312,3,3,17,0.7937806248664856
CCC(C)(C)C[C@H](c1ccc(C(=O)O)c(Oc2cccc(Cl)c2)c1)N1CCC[C@H](n2cc(C)c(=O)[nH]c2=O)C1,117.49,False,83.40300750732422,88.10420227050781,90.54548645019531,101.63078308105469,9.781871795654297,30.347564697265625,1,2,19,0.820647120475769,83.40300750732422,88.10420227050781,90.54548645019531,93.93614959716797,4.900494575500488,16.487350463867188,1,2,11,0.887869119644165
CCC(C)(CC)C[C@H](c1ccc(C(=O)O)c(Oc2cccc(Br)c2)c1)N1CCC[C@H](n2cc(C)c(=O)[nH]c2=O)C1,69.18,False,83.47185516357422,88.10420227050781,90.54548645019531,101.4453353881836,9.751629829406738,29.70269775390625,1,2,19,0.8228259682655334,83.47185516357422,88.10420227050781,90.54548645019531,93.7222671508789,4.714367389678955,15.53900146484375,1,2,11,0.8906299471855164
CCC(C)NC(=O)c1c(C)nn(-c2ccccc2)c1NS(=O)(=O)c1ccc(C)cc1,17.32,False,89.17495727539062,91.66571807861328,91.74040222167969,102.6124038696289,8.818377494812012,23.086021423339844,0,1,11,0.8690465688705444,89.17495727539062,91.66571807861328,91.74040222167969,95.1475601196289,4.452864170074463,11.597663879394531,0,1,6,0.9372280240058899
CCC(CC)C[C@H](c1ccc(C(=O)O)c(Oc2cccc(Cl)c2)c1)N1CCC[C@H](n2cc(C)c(=O)[nH]c2=O)C1,36.31,False,83.40276336669922,88.10420227050781,90.62216186523438,101.25736236572266,9.960620880126953,30.347808837890625,1,2,19,0.8236711025238037,83.40276336669922,88.10420227050781,90.62216186523438,93.29065704345703,4.471042156219482,15.744308471679688,1,2,11,0.8940098285675049
CCC(CC)NC(=O)c1c(C)nn(-c2ccccc2)c1NS(=O)(=O)c1ccc(C)cc1,8.245000000000001,False,89.17495727539062,91.66571807861328,92.29187774658203,102.85005187988281,9.16246509552002,23.086021423339844,0,1,10,0.8670385479927063,89.17495727539062,91.66571807861328,92.29187774658203,94.12987518310547,3.9551198482513428,10.410072326660156,0,1,5,0.9473608136177063
CCC(CC)NC(=O)c1c(C)nn(C(C)C)c1NS(=O)(=O)c1ccc(C)cc1,59.87,False,89.17495727539062,91.53369903564453,92.29187774658203,98.74154663085938,7.978644371032715,23.086021423339844,0,1,9,0.9031148552894592,89.17495727539062,91.53369903564453,92.29187774658203,95.01815032958984,4.403641223907471,12.724647521972656,0,1,7,0.9385044574737549
CCC(CC)NC(=O)c1cn(-c2ccccc2)nc1NS(=O)(=O)c1ccc(C)cc1,7.0,False,89.17495727539062,92.54857635498047,97.93180084228516,105.52098083496094,9.305769920349121,28.55744171142578,0,1,10,0.8450921773910522,89.17495727539062,92.54857635498047,97.93180084228516,94.81008911132812,4.165761947631836,10.410072326660156,0,1,4,0.940563976764679
CCC(CC)NC(=O)c1cnn(-c2ccccc2)c1NS(=O)(=O)C1CCCC1,5.29,False,92.54857635498047,94.41895294189453,94.66606140136719,102.42799377441406,8.25877571105957,22.060081481933594,0,0,10,0.9035477042198181,92.54857635498047,94.41895294189453,94.66606140136719,95.88806915283203,2.33567476272583,7.0364532470703125,0,0,6,0.9651730060577393
CCC(CC)NC(=O)c1cnn(-c2ccccc2)c1NS(=O)(=O)c1ccc(-c2cnco2)cc1,52.0,False,92.54857635498047,97.93180084228516,99.58502960205078,108.82926940917969,7.847474575042725,24.473861694335938,0,0,11,0.8504015207290649,92.54857635498047,97.93180084228516,99.58502960205078,96.68846893310547,3.0041441917419434,7.0364532470703125,0,0,3,0.9571831822395325
CCC(CC)NC(=O)c1cnn(-c2ccccc2)c1NS(=O)(=O)c1ccc(C)cc1,47.91,False,89.17495727539062,92.54857635498047,97.93180084228516,105.17387390136719,8.91075611114502,25.433700561523438,0,1,10,0.8478812575340271,89.17495727539062,92.54857635498047,97.93180084228516,94.81008911132812,4.165761947631836,10.410072326660156,0,1,4,0.940563976764679
CCC(CC)NC(=O)c1cnn(-c2ccccc2Cl)c1NS(=O)(=O)c1ccc(C)cc1,56.0,False,89.17495727539062,92.54857635498047,97.93180084228516,106.07317352294922,8.916572570800781,25.453163146972656,0,1,11,0.8406928181648254,89.17495727539062,92.54857635498047,97.93180084228516,94.81008911132812,4.165761947631836,10.410072326660156,0,1,4,0.940563976764679
CCC(CC)NC(=O)c1cnn(-c2ccccn2)c1NS(=O)(=O)c1ccc(C)cc1,9.95,False,89.17495727539062,92.54857635498047,97.93180084228516,105.67864227294922,8.761192321777344,25.431838989257812,0,1,11,0.8438314199447632,89.17495727539062,92.54857635498047,97.93180084228516,94.81008911132812,4.165761947631836,10.410072326660156,0,1,4,0.940563976764679
CCC(CC)NC(=O)c1cnn(C)c1NS(=O)(=O)c1ccc(C)cc1,27.0,False,89.17495727539062,92.54857635498047,94.06432342529297,101.42549896240234,9.257475852966309,25.37738800048828,0,1,8,0.8792163729667664,89.17495727539062,92.54857635498047,94.06432342529297,94.66093444824219,3.7378931045532227,10.410072326660156,0,1,5,0.942046046257019
CCC(CC)NC(=O)c1cnn(Cc2ccccc2)c1NS(=O)(=O)c1ccc(C)cc1,12.0,False,87.7975082397461,89.17495727539062,92.54857635498047,103.4908218383789,9.772211074829102,26.7763671875,0,2,11,0.8483603596687317,87.7975082397461,89.17495727539062,92.54857635498047,93.40757751464844,4.663804054260254,11.787521362304688,0,2,5,0.9399399161338806
CCC(CC)NC(=O)c1nnn(-c2ccccc2)c1NS(=O)(=O)c1ccc(C)cc1,56.0,False,89.17495727539062,92.12873077392578,97.93180084228516,104.07398986816406,8.846257209777832,23.086021423339844,0,1,9,0.8568419218063354,89.17495727539062,92.12873077392578,97.93180084228516,94.70513153076172,4.226271152496338,10.410072326660156,0,1,4,0.9416064023971558
CCC(CC)n1nc(C)c(C(=O)N[C@@H](C)C(C)(C)C)c1NS(=O)(=O)c1ccc(C)cc1,15.0,False,89.17495727539062,91.53369903564453,93.32799530029297,98.9469985961914,7.310096740722656,23.086021423339844,0,1,10,0.9012396335601807,89.17495727539062,91.53369903564453,93.32799530029297,95.74037170410156,3.914752960205078,10.915176391601562,0,1,8,0.9314247965812683
CCC(NC(=O)Nc1cc(Cl)ccc1Cl)(C(F)(F)F)C(F)(F)F,22.91,False,96.63074493408203,99.7806625366211,112.50679779052734,107.15238952636719,7.389578342437744,17.38232421875,0,0,5,0.9018067121505737,96.63074493408203,99.7806625366211,99.7806625366211,98.20570373535156,1.5749588012695312,3.1499176025390625,0,0,2,0.9839626550674438
CCC1(C2=NCCN2)Cc2ccccc2O1,3.0,False,84.36775207519531,87.26270294189453,89.7984619140625,100.81685638427734,10.927274703979492,29.129898071289062,1,3,9,0.8368417024612427,84.36775207519531,87.26270294189453,89.7984619140625,91.9744873046875,6.182301998138428,15.647682189941406,1,3,5,0.9172951579093933
CCC1(CCC(C)C)C(=O)N=C(O)NC1=O,11.75,False,94.90241241455078,95.9832534790039,98.40839385986328,97.97977447509766,1.9188061952590942,5.5269012451171875,0,0,6,0.9685918688774109,94.90241241455078,95.9832534790039,98.40839385986328,97.97977447509766,1.9188061952590942,5.5269012451171875,0,0,6,0.9685918688774109
CCC1=C(C)CN(C(=O)NCCc2ccc(S(=O)(=O)NC(=O)N[C@H]3CC[C@H](C)CC3)cc2)C1=O,23.2,False,82.06010437011719,85.96726989746094,86.49242401123047,95.489990234375,8.197927474975586,30.3511962890625,1,5,15,0.8593581914901733,82.06010437011719,85.96726989746094,86.49242401123047,92.99223327636719,5.539117813110352,18.248817443847656,1,5,13,0.8824403882026672
CCCC(=O)Nc1ccc(Cl)c(-c2nc3ncccc3o2)c1,81.0,False,91.92107391357422,97.69573974609375,100.07263946533203,106.7570571899414,7.67922830581665,21.35479736328125,0,0,9,0.8610303997993469,91.92107391357422,97.69573974609375,100.07263946533203,96.56314849853516,3.4228715896606445,8.151565551757812,0,0,3,0.9519270658493042
CCCC(=O)Nc1ccc(OCC(O)CNC(C)C)c(C(C)=O)c1,6.92,False,90.10456085205078,91.30538177490234,91.92107391357422,99.07645416259766,7.618436336517334,21.453598022460938,0,0,12,0.9094447493553162,90.10456085205078,91.30538177490234,91.92107391357422,95.05915069580078,3.5661656856536865,9.96807861328125,0,0,9,0.947878897190094
CCCC(C)(C)C[C@H](c1ccc(C(=O)O)c(Oc2cccc(Cl)c2)c1)N1CCC[C@H](n2cc(C)c(=O)[nH]c2=O)C1,52.48,False,83.40300750732422,88.10420227050781,90.54548645019531,101.37419891357422,9.616622924804688,30.347564697265625,1,2,20,0.8227242231369019,83.40300750732422,88.10420227050781,90.54548645019531,94.1497573852539,4.802287578582764,16.70654296875,1,2,12,0.8858547210693359
CCCCC(=O)N(Cc1ccc(-c2ccccc2-c2nnn[nH]2)cc1)[C@H](C(=O)O)C(C)C,3.0,False,86.6452407836914,87.46153259277344,92.7869644165039,101.83262634277344,8.966370582580566,24.695449829101562,0,2,14,0.8508593440055847,86.6452407836914,87.46153259277344,92.7869644165039,94.80619812011719,5.048128604888916,14.225532531738281,0,2,8,0.9139195680618286
CCCCC1=NC2(CCCC2)C(=O)N1Cc1ccc(-c2ccccc2-c2nn[nH]n2)cc1,9.74,False,86.87923431396484,88.83519744873047,95.4577865600586,102.31058502197266,8.973213195800781,25.07884979248047,0,2,13,0.84917151927948,86.87923431396484,88.83519744873047,95.4577865600586,94.58110809326172,4.473824977874756,13.195091247558594,0,2,7,0.9185686111450195
CCCCC1C(=O)N(c2ccccc2)N(c2ccccc2)C1=O,8.71,False,87.96968078613281,96.97126770019531,97.86406707763672,102.12600708007812,8.24347972869873,24.187034606933594,0,1,8,0.8613837361335754,87.96968078613281,96.97126770019531,97.86406707763672,96.31053161621094,4.293968677520752,12.11248779296875,0,1,5,0.9133962988853455
CCCCCCCC(=O)N[C@@H](C)C(=O)N[C@H](C(=O)N[C@@H](CCN)C(=O)N[C@H]1CCNC(=O)[C@H]([C@@H](C)O)NC(=O)[C@H](CCN)NC(=O)[C@H](CCN)NC(=O)[C@H](CC(C)C)NC(=O)[C@@H](Cc2ccccc2)NC(=O)[C@H](CCN)NC1=O)[C@@H](C)O,3.0,False,78.09237670898438,78.49820709228516,78.58879852294922,93.48833465576172,8.833117485046387,33.139060974121094,8,13,39,0.8353167772293091,78.09237670898438,78.49820709228516,78.58879852294922,92.03372192382812,7.55089807510376,23.116905212402344,8,13,36,0.8485191464424133
CCCCCCCC(=O)N[C@@H](CCN)C(=O)N[C@@H](C)C(=O)N[C@@H](CCN)C(=O)N[C@H]1CCNC(=O)[C@H]([C@@H](C)O)NC(=O)[C@H](CCN)NC(=O)[C@H](CCN)NC(=O)[C@H](CC(C)C)NC(=O)[C@@H](Cc2ccccc2)NC(=O)[C@H](CCN)NC1=O,3.0,False,78.09237670898438,78.49820709228516,78.58879852294922,93.00709533691406,8.888323783874512,33.139060974121094,9,15,39,0.839638888835907,78.09237670898438,78.49820709228516,78.58879852294922,91.51239013671875,7.519197940826416,22.93364715576172,9,15,36,0.8533530235290527
CCCCCCCC(=O)N[C@@H](CCN)C(=O)N[C@H](C(=O)N[C@@H](C)C(=O)N[C@H]1CCNC(=O)[C@H]([C@@H](C)O)NC(=O)[C@H](CCN)NC(=O)[C@H](CCN)NC(=O)[C@H](CC(C)C)NC(=O)[C@@H](Cc2ccccc2)NC(=O)[C@H](CCN)NC1=O)[C@@H](C)O,3.0,False,78.09237670898438,78.49820709228516,78.58879852294922,93.49027252197266,8.830934524536133,33.139060974121094,8,13,39,0.8352994918823242,78.09237670898438,78.49820709228516,78.58879852294922,92.03582763671875,7.548537731170654,23.116905212402344,8,13,36,0.8484997749328613
CCCCCCCC(=O)N[C@@H](CCN)C(=O)N[C@H](C(=O)N[C@@H](CCN)C(=O)N[C@H]1CCNC(=O)[C@H](C)NC(=O)[C@H](CCN)NC(=O)[C@H](CCN)NC(=O)[C@H](CC(C)C)NC(=O)[C@@H](Cc2ccccc2)NC(=O)[C@H](CCN)NC1=O)[C@@H](C)O,3.0,False,78.09237670898438,78.49820709228516,78.58879852294922,93.25824737548828,8.876326560974121,33.139060974121094,9,14,39,0.8373777270317078,78.09237670898438,78.49820709228516,78.58879852294922,91.78446960449219,7.557453632354736,23.934303283691406,9,14,36,0.8508234024047852
CCCCCCCC(=O)N[C@@H](CCN)C(=O)N[C@H](C(=O)N[C@@H](CCN)C(=O)N[C@H]1CCNC(=O)[C@H]([C@@H](C)O)NC(=O)[C@H](C)NC(=O)[C@H](CCN)NC(=O)[C@H](CC(C)C)NC(=O)[C@@H](Cc2ccccc2)NC(=O)[C@H](CCN)NC1=O)[C@@H](C)O,3.0,False,78.09237670898438,78.49820709228516,78.58879852294922,93.47254180908203,8.756640434265137,33.139060974121094,9,13,39,0.8354579210281372,78.09237670898438,78.49820709228516,78.58879852294922,92.0166244506836,7.450434684753418,23.8966064453125,9,13,36,0.8486768007278442
CCCCC[C@H](c1ccc(C(=O)O)c(Oc2cccc(Br)c2)c1)N1CCC[C@H](n2cc(C)c(=O)[nH]c2=O)C1,30.2,False,84.1543197631836,88.10420227050781,90.52179718017578,101.36116027832031,9.464035987854004,29.020233154296875,1,2,20,0.8302422761917114,84.1543197631836,88.10420227050781,90.52179718017578,94.21703338623047,4.620927810668945,15.926666259765625,1,2,12,0.8931964635848999
CCCCN(CCNCCc1ccc(O)c2[nH]c(=O)sc12)C(=O)CCOCCc1ccccc1,87.96000000000001,False,88.79147338867188,88.97933197021484,90.3558120727539,98.60952758789062,8.648778915405273,23.710105895996094,0,2,17,0.9004350304603577,88.79147338867188,88.97933197021484,90.3558120727539,93.33120727539062,3.327610492706299,11.260231018066406,0,2,12,0.9513589143753052
CCCCN(CCNC[C@H](O)c1ccc(O)c2[nH]c(=O)sc12)C(=O)CCOCCc1ccccc1,150.0,False,83.16484069824219,88.79147338867188,89.3158950805664,98.1863784790039,9.177096366882324,29.106407165527344,1,3,17,0.8470099568367004,83.16484069824219,88.79147338867188,89.3158950805664,92.74268341064453,4.293079376220703,16.886863708496094,1,3,12,0.8967267274856567
CCCCNC(=O)NS(=O)(=O)c1ccc(C)cc1,6.46,False,89.17495727539062,92.48925018310547,96.6104507446289,100.00572204589844,8.198244094848633,23.221168518066406,0,1,7,0.8916985392570496,89.17495727539062,92.48925018310547,96.6104507446289,95.27159118652344,3.9408459663391113,10.989616394042969,0,1,5,0.9360078573226929
CCCCNC(=O)c1ccc(Oc2ccc(CC(=O)O)cc2OC)c(NS(=O)(=O)c2ccc(Cl)cc2Cl)c1,3.0,False,89.93048858642578,91.46935272216797,96.6104507446289,105.22626495361328,8.356596946716309,24.461624145507812,0,1,15,0.8546391725540161,89.93048858642578,91.46935272216797,96.6104507446289,95.52649688720703,3.6200015544891357,10.234085083007812,0,1,6,0.9414193034172058
CCCCNc1cc(C(=O)O)cc(S(N)(=O)=O)c1Oc1ccccc1,144.54,False,90.23197937011719,95.94132995605469,97.97776794433594,104.98725128173828,8.364853858947754,23.397377014160156,0,0,9,0.8594565391540527,90.23197937011719,95.94132995605469,97.97776794433594,96.07891845703125,3.691335678100586,9.932594299316406,0,0,4,0.9391444325447083
CCCCOc1nc(N)c2[nH]c(=O)n(Cc3cccc(CC(=O)O)c3)c2n1,3.0,False,86.5964584350586,90.6741714477539,95.96520233154297,101.43215942382812,8.90123462677002,24.992996215820312,0,1,10,0.8537377119064331,86.5964584350586,90.6741714477539,95.96520233154297,94.80118560791016,4.698880195617676,13.636917114257812,0,1,6,0.9134533405303955
CCCCc1oc2ccccc2c1C(=O)c1cc(I)c(OCCN(CC)CC)c(I)c1,11.0,False,82.71041870117188,89.3859634399414,90.46214294433594,100.94692993164062,9.964767456054688,31.06995391845703,1,2,13,0.8193455338478088,82.71041870117188,89.3859634399414,90.46214294433594,93.88909149169922,5.588545322418213,17.372718811035156,1,2,8,0.8809374570846558
CCCCn1c(SCC(=O)Nc2cc(C)on2)nnc1-c1ccco1,150.0,False,90.11290740966797,93.92578125,95.30045318603516,105.11253356933594,11.92264461517334,31.35009765625,0,0,10,0.8572993278503418,90.11290740966797,93.92578125,95.30045318603516,95.59939575195312,3.0948662757873535,9.960006713867188,0,0,6,0.9426096081733704
CCCN(CCNCCc1ccc(O)c2[nH]c(=O)sc12)C(=O)CCOCCc1ccccc1,107.0,False,88.79147338867188,88.97933197021484,90.3558120727539,98.71723937988281,8.885503768920898,23.710105895996094,0,2,16,0.8994525671005249,88.79147338867188,88.97933197021484,90.3558120727539,93.0080337524414,3.2172391414642334,10.874000549316406,0,2,11,0.9546645283699036
CCCN1CCCC[C@H]1C(=O)Nc1c(C)cccc1C,15.49,False,87.83812713623047,90.75379180908203,91.31987762451172,97.78662872314453,7.327556610107422,23.415924072265625,0,1,11,0.898263156414032,87.83812713623047,90.75379180908203,91.31987762451172,94.82014465332031,4.149895191192627,12.310089111328125,0,1,9,0.9263656735420227
CCCNC(=O)CSc1ccc(S(=O)(=O)N2CCCC2)cn1,28.975,False,91.03800201416016,91.78450775146484,92.05350494384766,100.0909652709961,8.053787231445312,21.926422119140625,0,0,9,0.9095526337623596,91.03800201416016,91.78450775146484,92.05350494384766,94.87068939208984,3.3719751834869385,8.686973571777344,0,0,6,0.9596009254455566
CCCNCC(O)COc1ccccc1C(=O)CCc1ccccc1,38.02,False,88.55615997314453,90.88082122802734,90.95116424560547,101.82798767089844,9.130565643310547,23.598739624023438,0,1,15,0.8696642518043518,88.55615997314453,90.88082122802734,90.95116424560547,93.66989135742188,3.654752254486084,11.36981201171875,0,1,8,0.9454068541526794
CCCS(=O)(=O)N1N=Cc2cc(Cl)ccc2B1O,3.0,False,,,,,,,0,0,0,,,,,,,,0,0,0,
CCCS(=O)(=O)Nc1ccc(F)c(C(=O)c2c[nH]c3ncc(-c4ccc(Cl)cc4)cc23)c1F,6.61,False,96.11893463134766,97.99417877197266,100.83504486083984,108.2607650756836,7.153294563293457,21.810699462890625,0,0,10,0.8878464102745056,96.11893463134766,97.99417877197266,100.83504486083984,98.31604766845703,1.9387497901916504,4.7161102294921875,0,0,3,0.9776525497436523
CCCSc1c(C(=O)NC2CCCCC2)cnn1-c1cccc(C(=O)O)c1,16.98,False,92.5787582397461,94.00690460205078,95.50345611572266,103.04559326171875,8.207015037536621,21.21953582763672,0,0,12,0.8984252214431763,92.5787582397461,94.00690460205078,95.50345611572266,96.2805404663086,2.28317928314209,7.2278289794921875,0,0,7,0.9615521430969238
CCCSc1ccc2nc(NC(=O)OC)[nH]c2c1,47.885000000000005,False,92.65338897705078,96.25569915771484,98.32597351074219,103.0826187133789,7.59047794342041,19.993881225585938,0,0,7,0.8988264799118042,92.65338897705078,96.25569915771484,98.32597351074219,96.77932739257812,2.7072927951812744,7.228851318359375,0,0,4,0.9573675394058228
CCC[C@@H](CNC(=O)c1nc(Cl)c(N)nc1N)[N+](C)(C)CCCc1ccc(OC)cc1,23.99,False,88.08435821533203,88.92581939697266,96.32061767578125,98.75830078125,6.903872013092041,23.94744110107422,0,2,12,0.8919185400009155,88.08435821533203,88.92581939697266,96.32061767578125,96.27330017089844,4.472235679626465,16.026809692382812,0,2,10,0.9149406552314758
CCC[C@H](CO)Nc1nc(S[C@@H](C)c2cccc(C#N)c2)nc2[nH]c(=O)sc12,22.39,False,86.8713607788086,90.8802719116211,91.77519989013672,101.08242797851562,9.165323257446289,26.274749755859375,0,1,11,0.8594111204147339,86.8713607788086,90.8802719116211,91.77519989013672,94.75542449951172,4.65357780456543,13.135231018066406,0,1,7,0.9167956709861755
CCC[C@H]1CN(Cc2cc(Cl)ccc2OCC(=O)O)CCN1S(=O)(=O)c1ccccc1,10.0,False,83.09974670410156,87.2426986694336,91.79393768310547,100.79234313964844,9.938850402832031,29.792434692382812,1,2,15,0.8244648575782776,83.09974670410156,87.2426986694336,91.79393768310547,93.34938049316406,5.076996326446533,16.75952911376953,1,2,9,0.8902013897895813
CCCc1nc2c(C)cc(-c3nc4ccccc4n3C)cc2n1Cc1ccc(-c2ccccc2C(=O)O)cc1,3.98,False,86.1159896850586,86.12943267822266,89.0868911743164,105.128662109375,9.824530601501465,27.036399841308594,0,3,18,0.8191485404968262,86.1159896850586,86.12943267822266,89.0868911743164,91.95852661132812,5.335511684417725,14.134658813476562,0,3,6,0.9364655017852783
CCN(C(=O)Cc1ccc(S(C)(=O)=O)cc1)C1CCN(CC[C@H](c2ccc(S(C)(=O)=O)cc2)c2cc(F)cc(F)c2)CC1,5.79,False,82.97907257080078,86.5888900756836,90.9443130493164,101.01457977294922,10.27720832824707,34.18402099609375,1,2,17,0.8214563727378845,82.97907257080078,86.5888900756836,90.9443130493164,94.4747314453125,6.282045841217041,20.453948974609375,1,2,11,0.8783202767372131
CCN(C(=O)c1ccc(-c2ccc(Cl)cc2)o1)c1ccc(N2CCNCC2)cc1,3.0,False,89.37999725341797,91.71451568603516,94.19383239746094,105.86720275878906,10.572673797607422,30.149826049804688,0,1,10,0.8442652225494385,89.37999725341797,91.71451568603516,94.19383239746094,93.76526641845703,3.8635878562927246,10.392715454101562,0,1,4,0.9532313942909241
CCN(C(=O)c1cnn(-c2ccccc2)c1NS(=O)(=O)c1ccc(-c2cnco2)cc1)C1CCCCC1,22.25,False,92.29569244384766,94.75634002685547,97.2105484008789,106.18389892578125,8.67375373840332,24.72674560546875,0,0,14,0.8692060708999634,92.29569244384766,94.75634002685547,97.2105484008789,96.54553985595703,2.4110968112945557,7.579315185546875,0,0,6,0.9559808969497681
CCN(CC)CCN1C(=O)C(O)(c2ccccc2Cl)c2c1cc(C(N)=O)cc2C(F)(F)F,15.14,False,90.9999008178711,91.63297271728516,93.72712707519531,104.45084381103516,8.86178970336914,21.51061248779297,0,0,10,0.8712222576141357,90.9999008178711,91.63297271728516,93.72712707519531,93.91157531738281,3.263120412826538,8.286422729492188,0,0,4,0.9689955711364746
CCN(CC)CCN1C(=O)[C@@](O)(c2ccccc2Cl)c2c1cc(C(N)=O)cc2C(F)(F)F,33.855,False,90.9999008178711,91.7058334350586,94.22867584228516,104.4266128540039,8.725014686584473,21.42218017578125,0,0,10,0.8714244365692139,90.9999008178711,91.7058334350586,94.22867584228516,94.05518341064453,3.2499661445617676,8.286422729492188,0,0,4,0.9675160646438599
CCN(CC)CCNc1ncnc2c1sc1nc(N3CCOCC3)c3c(c12)CCCC3,26.3,False,85.02173614501953,87.41797637939453,88.27120971679688,94.052734375,5.824789047241211,21.057106018066406,0,3,11,0.9039794206619263,85.02173614501953,87.41797637939453,88.27120971679688,92.8501205444336,4.627308368682861,14.26458740234375,0,3,10,0.9156879186630249
CCN(CC)CCn1c2ccccc2c2cnc(N)c(C#N)c21,77.0,False,91.23775482177734,91.34727478027344,92.65887451171875,103.04190063476562,8.863121032714844,20.761764526367188,0,0,9,0.8854432702064514,91.23775482177734,91.34727478027344,92.65887451171875,93.63255310058594,3.31174898147583,8.048568725585938,0,0,4,0.9744234681129456
CCN(CC)Cc1cc(Nc2ccnc3cc(Cl)ccc23)ccc1O,32.36,False,87.32911682128906,90.9112319946289,99.29561614990234,106.325927734375,9.182251930236816,27.497779846191406,0,1,11,0.821334183216095,87.32911682128906,90.9112319946289,99.29561614990234,95.60106658935547,6.891143798828125,17.539207458496094,0,1,4,0.9134743213653564
CCN(CC)S(=O)(=O)c1ccc(-c2nnc(SCC(=O)N3CCc4ccccc43)o2)cc1,150.0,False,85.15448760986328,90.30391693115234,92.48812103271484,103.00328826904297,10.320757865905762,27.435760498046875,0,1,11,0.8267161846160889,85.15448760986328,90.30391693115234,92.48812103271484,92.31749725341797,4.950408935546875,15.311996459960938,0,1,5,0.9224089980125427
CCN(CC)c1ccc2cc(C(C)=O)c(=O)oc2c1,150.0,False,88.31610870361328,95.13385772705078,100.50015258789062,104.71538543701172,9.36729907989502,25.524070739746094,0,1,7,0.8433918952941895,88.31610870361328,95.13385772705078,100.50015258789062,94.65003204345703,4.985866069793701,12.184043884277344,0,1,3,0.9330806136131287
CCN(CCNCCc1ccc(O)c2[nH]c(=O)sc12)C(=O)CCOCCc1ccccc1,135.0,False,88.79147338867188,88.93428802490234,90.3558120727539,98.86865234375,9.183194160461426,23.710105895996094,0,2,15,0.8980751037597656,88.79147338867188,88.93428802490234,90.3558120727539,92.66423034667969,3.287662982940674,11.696281433105469,0,2,10,0.9582065343856812
CCN(Cc1cc(C(F)(F)F)ccc1-c1cc(CC(=O)O)ccc1OC)C(=O)NCc1ccccc1,21.66,False,80.032958984375,87.2365951538086,90.47420501708984,103.3199691772461,10.717975616455078,32.86443328857422,1,2,15,0.7746126651763916,80.032958984375,87.2365951538086,90.47420501708984,91.30523681640625,6.7584381103515625,21.03705596923828,1,2,6,0.8765429258346558
CCN1CCN(C(=O)N[C@@H](C(=O)N[C@@H]2C(=O)N3C(C(=O)O)=C(CSc4nnnn4C)CS[C@H]23)c2ccc(O)cc2)C(=O)C1=O,3.0,False,74.16812896728516,79.49271392822266,83.53824615478516,92.65349578857422,10.971797943115234,37.6937255859375,3,4,12,0.8004892468452454,74.16812896728516,79.49271392822266,83.53824615478516,88.88206481933594,7.686985969543457,26.420425415039062,3,4,10,0.8344554901123047
CCN1CCN(c2ccc(Nc3cc(N(C)C(=O)Nc4c(Cl)c(OC)cc(OC)c4Cl)ncn3)cc2)CC1,57.97,False,89.52841186523438,90.84368896484375,92.01261138916016,101.42488098144531,8.845906257629395,25.170303344726562,0,1,11,0.8827065825462341,89.52841186523438,90.84368896484375,92.01261138916016,93.87283325195312,3.4815514087677,9.797294616699219,0,1,6,0.9537201523780823
CCNC(=O)C[C@@H]1N=C(c2ccc(Cl)cc2)c2cc(OC)ccc2-n2c(C)nnc21,6.615,False,67.02693939208984,90.4466323852539,91.80585479736328,100.22394561767578,13.714111328125,46.46135711669922,1,1,11,0.6687716841697693,67.02693939208984,90.4466323852539,91.80585479736328,90.10416412353516,10.88802433013916,34.02241516113281,1,1,6,0.7438828349113464
CCNC(=O)C[C@H]1N=C(c2ccc(Cl)cc2)c2cc(OC)ccc2-n2c(C)nnc21,6.31,False,68.37366485595703,90.3908920288086,91.8083724975586,100.40800476074219,13.387643814086914,45.11463165283203,1,1,11,0.6809583306312561,68.37366485595703,90.3908920288086,91.8083724975586,90.4474868774414,10.457071304321289,32.675689697265625,1,1,6,0.7559487819671631
CCNC(=O)OC1CCN(c2nncc3cc(OC)c(OC)cc23)CC1,49.224999999999994,False,91.45773315429688,92.3681869506836,97.02452850341797,100.5763931274414,6.597290992736816,19.598495483398438,0,0,10,0.9093359708786011,91.45773315429688,92.3681869506836,97.02452850341797,96.73107147216797,3.375612497329712,9.536781311035156,0,0,7,0.9454845190048218
CCNC(=O)c1ccc(C)c(-n2cnc3ccc(N4CCN(C)CC4)cc3c2=O)c1,3.0,False,89.7599105834961,90.04869079589844,91.8827896118164,101.91539764404297,9.015835762023926,23.4794921875,0,1,13,0.880729615688324,89.7599105834961,90.04869079589844,91.8827896118164,94.45243072509766,5.310474395751953,14.352920532226562,0,1,7,0.9503186941146851
CCNC(=O)c1cnc(N2CCN(C3CCN(Cc4ccc(Cl)cc4F)CC3)[C@@H](CC)C2)c(Cl)c1,38.0,False,83.96424102783203,90.3396224975586,91.02837371826172,98.4195556640625,9.05424976348877,31.5855712890625,1,1,17,0.8531255722045898,83.96424102783203,90.3396224975586,91.02837371826172,94.06605529785156,5.011687755584717,19.045806884765625,1,1,13,0.8926093578338623
CCO/N=C/c1ccc(OCCC2CCN(c3ccc(C)nn3)CC2)cc1,26.0,False,89.76090240478516,91.13572692871094,94.1579818725586,100.88487243652344,7.518028259277344,22.65234375,0,1,13,0.889735996723175,89.76090240478516,91.13572692871094,94.1579818725586,96.52619934082031,4.382477283477783,14.167671203613281,0,1,9,0.9299123287200928
CCOC(=O)/C=C/[C@H](C[C@@H]1CCNC1=O)NC(=O)[C@@H](CC(=O)[C@@H](NC(=O)c1cc(C)on1)C(C)C)Cc1ccc(F)cc1,95.37,False,73.36309814453125,84.1336898803711,88.20488739013672,97.54499053955078,11.500883102416992,48.45447540283203,2,5,19,0.7520949840545654,73.36309814453125,84.1336898803711,88.20488739013672,91.8526611328125,7.0352091789245605,28.104209899902344,2,5,14,0.7987040877342224
CCOC(=O)C1=C(C)NC(C)=C(C(=O)OC)C1c1cccc([N+](=O)[O-])c1,75.0,False,74.1212387084961,89.39903259277344,89.39903259277344,99.87065887451172,12.496362686157227,39.93895721435547,1,3,10,0.7421723008155823,74.1212387084961,89.39903259277344,89.39903259277344,91.36075592041016,8.85677433013916,27.382644653320312,1,3,6,0.8113028407096863
CCOC(=O)C1=C(C)NC(C)=C(C(C)=O)[C@H]1c1cccc2c(=O)cc(C)oc12,75.21,False,69.43058013916016,88.87435150146484,89.0680923461914,98.617919921875,13.607038497924805,45.933929443359375,1,3,11,0.7040361166000366,69.43058013916016,88.87435150146484,89.0680923461914,90.05597686767578,9.4114351272583,32.07330322265625,1,3,7,0.7709713578224182
CCOC(=O)C1=C(C)NC2=C(C(=O)CC(C)(C)C2)C1c1ccc(-c2ccccc2)cc1,117.49,False,73.77407836914062,85.78546905517578,89.496826171875,99.449951171875,11.752336502075195,37.47468566894531,1,3,12,0.7418211698532104,73.77407836914062,85.78546905517578,89.496826171875,91.35077667236328,8.904794692993164,27.72980499267578,1,3,7,0.8075911402702332
CCOC(=O)CN(c1ccccc1C)S(=O)(=O)c1ccc(Cl)cc1,150.0,False,90.18346405029297,91.72964477539062,96.2447280883789,104.97867584228516,8.702160835266113,22.915237426757812,0,0,10,0.8590645790100098,90.18346405029297,91.72964477539062,96.2447280883789,94.90968322753906,4.399223804473877,11.297409057617188,0,0,4,0.950203001499176
CCOC(=O)c1c(-c2ccccc2)nc2cc(C)ccn12,147.91,False,88.59640502929688,96.22406768798828,101.52542114257812,106.99430084228516,8.822023391723633,26.396583557128906,0,1,9,0.8280478715896606,88.59640502929688,96.22406768798828,101.52542114257812,95.4486312866211,5.306652545928955,12.92901611328125,0,1,3,0.9282103180885315
CCOC(=O)c1c(-c2ccccc2)nc2ccc(C)cn12,125.89,False,89.3687973022461,96.22406768798828,101.52542114257812,106.84920501708984,8.500768661499023,25.872360229492188,0,1,9,0.8364011645317078,89.3687973022461,96.22406768798828,101.52542114257812,95.70609283447266,4.976417541503906,12.156623840332031,0,1,3,0.933783769607544
CCOC(=O)c1c(C)n(Cc2ccco2)c2ccc(O)cc12,150.0,False,84.53453063964844,85.05870819091797,96.17559814453125,105.91009521484375,12.589759826660156,34.016151428222656,1,2,10,0.7981725335121155,84.53453063964844,85.05870819091797,96.17559814453125,91.82356262207031,7.279414653778076,16.990890502929688,1,2,4,0.9206191301345825
CCOC(=O)c1ccc(OCCC2CCN(c3ccc(C)nn3)CC2)cc1,150.0,False,89.76090240478516,91.13572692871094,94.1579818725586,100.71783447265625,7.748129844665527,22.298370361328125,0,1,12,0.8912116289138794,89.76090240478516,91.13572692871094,94.1579818725586,95.71086120605469,3.7551558017730713,11.730224609375,0,1,8,0.9378340244293213
CCOC(=O)c1cnc2c(N)cccc2c1O,150.0,False,96.16510772705078,101.49112701416016,105.28128051757812,106.0154037475586,5.707911014556885,15.616790771484375,0,0,6,0.907086193561554,96.16510772705078,101.49112701416016,101.49112701416016,98.82811737060547,2.6630096435546875,5.326019287109375,0,0,2,0.9730541110038757
CCOc1cc(-c2cccc3c(=O)cc(N4CCOCC4)oc23)ccc1NC(=O)CN1CCOCC1,51.29,False,86.55756378173828,90.39550018310547,93.55408477783203,103.51820373535156,9.791625022888184,28.865463256835938,0,1,14,0.8361579179763794,86.55756378173828,90.39550018310547,93.55408477783203,94.30301666259766,4.492247581481934,15.11859130859375,0,1,7,0.9178663492202759
CCOc1cc(CC(=O)N[C@@H](CC(C)C)c2ccccc2N2CCCCC2)ccc1C(=O)O,29.51,False,85.55635833740234,88.57840728759766,90.36090850830078,101.79315185546875,8.753283500671387,26.595565795898438,0,2,17,0.840492308139801,85.55635833740234,88.57840728759766,90.36090850830078,95.26809692382812,5.142599582672119,16.119796752929688,0,2,10,0.8980588316917419
CCOc1cc(Nc2nc3c(cc2F)ncn3[C@@H](CO)c2ccc(F)cn2)n[nH]1,30.2,False,87.93524169921875,94.72191619873047,96.0634994506836,106.25947570800781,10.048151969909668,32.37120819091797,0,1,10,0.8275520205497742,87.93524169921875,94.72191619873047,96.0634994506836,95.0707778930664,4.851925849914551,13.627197265625,0,1,4,0.9249449968338013
CCOc1cc2ncc(C(N)=O)c(Nc3ccc(C)cc3F)c2cc1N1CCN(C)CC1,12.0,False,89.36418914794922,91.01973724365234,91.89615631103516,101.65933227539062,9.015942573547363,23.9822998046875,0,1,12,0.8790554404258728,89.36418914794922,91.01973724365234,91.89615631103516,94.76727294921875,4.850759983062744,13.0225830078125,0,1,7,0.9429857730865479
CCOc1ccc(-c2ccc(Cn3c(CC(C)(C)C(=O)O)c(SC(C)(C)C)c4cc(OCc5ccc(C)cn5)ccc43)cc2)cn1,6.92,False,84.3712387084961,87.29219055175781,87.91986846923828,103.2099609375,9.643168449401855,29.181442260742188,1,4,19,0.8174718618392944,84.3712387084961,87.29219055175781,87.91986846923828,93.2027816772461,6.2955498695373535,17.052772521972656,1,4,8,0.9052437543869019
CCOc1ccc(-n2c([C@@H](C)N(CC3CCN(C)CC3)C(=O)Cc3ccc(F)c(C(F)(F)F)c3)nc3ncccc3c2=O)cc1,19.95,False,87.34456634521484,87.87479400634766,91.2868423461914,102.0655746459961,9.478002548217773,26.910491943359375,0,2,18,0.8557690978050232,87.34456634521484,87.87479400634766,91.2868423461914,95.26530456542969,5.265008926391602,16.90624237060547,0,2,11,0.9168559908866882
CCOc1ccc(-n2c([C@@H](C)N(Cc3cccnc3)C(=O)Cc3ccc(C(F)(F)F)cc3)nc3ccccc3c2=O)cc1,43.36,False,86.33972930908203,86.94705963134766,87.11383819580078,104.96685028076172,9.574475288391113,27.351516723632812,0,3,18,0.8225428462028503,86.33972930908203,86.94705963134766,87.11383819580078,92.77263641357422,6.365417957305908,15.280242919921875,0,3,6,0.9306594133377075
CCOc1ccc(-n2c([C@@H](C)N(Cc3cccnc3)C(=O)Cc3ccc(OC(F)(F)F)cc3)nc3ncccc3c2=O)cc1,20.0,False,86.94705963134766,87.11383819580078,87.16741180419922,104.12202453613281,9.395657539367676,25.9913330078125,0,3,17,0.8350496292114258,86.94705963134766,87.11383819580078,87.16741180419922,94.5306167602539,7.002678871154785,17.303749084472656,0,3,7,0.9197767376899719
CCOc1ccc(CCNCCCSCCNC[C@H](O)c2ccc(O)c3[nH]c(=O)sc23)cc1,8.0,False,83.16484069824219,88.16144561767578,88.60167694091797,96.72344207763672,9.554926872253418,29.106407165527344,1,4,15,0.8598209619522095,83.16484069824219,88.16144561767578,88.60167694091797,91.44873046875,4.471169471740723,18.45513153076172,1,4,11,0.9094149470329285
CCOc1ccc(NC(=O)CCc2c(C)nc3nc(C)nn3c2C)cc1,4.17,False,88.93187713623047,89.26712799072266,91.130126953125,97.09806060791016,8.777653694152832,23.915435791015625,0,2,9,0.9158975481987,88.93187713623047,89.26712799072266,91.130126953125,92.80817413330078,4.011501789093018,12.688095092773438,0,2,7,0.9582332372665405
CCOc1ccc(NC(C)=O)cc1,26.92,False,94.44731903076172,97.003662109375,101.6199722290039,103.45927429199219,7.444675445556641,18.399993896484375,0,0,5,0.9128937125205994,94.44731903076172,97.003662109375,101.6199722290039,97.69031524658203,2.968204975128174,7.1726531982421875,0,0,3,0.9668033123016357
CCOc1ccc2ccc(=O)oc2c1,50.02499999999999,False,94.84073638916016,101.6199722290039,110.2424545288086,108.4764175415039,6.873419761657715,19.75628662109375,0,0,7,0.8742982149124146,94.84073638916016,101.6199722290039,101.6199722290039,98.23035430908203,3.389617919921875,6.77923583984375,0,0,2,0.9654931426048279
CCOc1ccc2nc(N)sc2c1,43.074999999999996,False,94.7127914428711,101.6199722290039,111.73149871826172,106.51771545410156,7.16763973236084,17.968048095703125,0,0,5,0.8891741037368774,94.7127914428711,101.6199722290039,101.6199722290039,98.1663818359375,3.4535903930664062,6.9071807861328125,0,0,2,0.9648190140724182
CCOc1ccc2nc3ccc(=O)cc-3oc2c1,150.0,False,94.84073638916016,101.6199722290039,110.57318878173828,109.52777099609375,6.919905662536621,21.260574340820312,0,0,8,0.8659058213233948,94.84073638916016,101.6199722290039,101.6199722290039,98.23035430908203,3.389617919921875,6.77923583984375,0,0,2,0.9654931426048279
CCOc1ccc2oc(C(=O)NC(CCSC)c3nc4ccccc4[nH]3)c(C)c2c1,27.0,False,84.7612075805664,86.92803192138672,91.99092864990234,102.63640594482422,10.302422523498535,28.871620178222656,1,2,14,0.8258395791053772,84.7612075805664,86.92803192138672,91.99092864990234,93.14704132080078,5.607779502868652,16.8587646484375,1,2,7,0.909972071647644
CCOc1ccc2oc(C(=O)NC(CCSC)c3nc4cnccc4[nH]3)c(C)c2c1,21.0,False,84.7612075805664,86.92803192138672,91.99092864990234,101.18787384033203,9.79680061340332,28.871620178222656,1,2,13,0.8376616835594177,84.7612075805664,86.92803192138672,91.99092864990234,93.14704132080078,5.607779502868652,16.8587646484375,1,2,7,0.909972071647644
CCOc1ccc2oc(C(=O)NC(CCSC)c3nc4ncccc4[nH]3)c(C)c2c1,46.0,False,84.42427825927734,86.92803192138672,91.99092864990234,101.45820617675781,10.067322731018066,29.20854949951172,1,2,13,0.8321089148521423,84.42427825927734,86.92803192138672,91.99092864990234,93.09891510009766,5.680524826049805,17.195693969726562,1,2,7,0.906823456287384
CCOc1nc2ccc(OCCC3CCN(c4ccc(C)nn4)CC3)cc2o1,4.0,False,89.76090240478516,91.13572692871094,94.39734649658203,101.92951965332031,8.34458065032959,24.444717407226562,0,1,13,0.8806173205375671,89.76090240478516,91.13572692871094,94.39734649658203,95.83096313476562,3.7728638648986816,11.828109741210938,0,1,8,0.9366586804389954
CCOc1nc2cccc(C(=O)O)c2n1Cc1ccc(-c2ccccc2-c2nnn[nH]2)cc1,3.0,False,86.55789947509766,96.18656158447266,101.5499496459961,107.41778564453125,7.957225799560547,26.334259033203125,0,1,12,0.805806040763855,86.55789947509766,96.18656158447266,101.5499496459961,94.76480102539062,6.20249605178833,14.992050170898438,0,1,3,0.9133971333503723
CCOc1ncc(C)c2c1[C@H](c1ccc(C#N)cc1OC)C(C(N)=O)=C(C)N2,15.8,False,70.78511810302734,89.29060363769531,90.0497055053711,98.87805938720703,12.643807411193848,42.51753234863281,1,2,10,0.7158829569816589,70.78511810302734,89.29060363769531,90.0497055053711,90.74381256103516,9.845115661621094,30.663726806640625,1,2,6,0.78005450963974
CCOc1noc2cc(OCCC3CCN(c4ccc(C)nn4)CC3)ccc12,18.82,False,89.76090240478516,91.13572692871094,94.39734649658203,101.94352722167969,8.45361614227295,25.146575927734375,0,1,13,0.8804963231086731,89.76090240478516,91.13572692871094,94.39734649658203,95.75685119628906,3.731889009475708,11.657051086425781,0,1,8,0.9373835921287537
CCS(=O)(=O)CCCC12CCC(c3nnc(-c4ccccc4C(F)(F)F)n3C)(CC1)CC2,3.0,False,94.46717071533203,94.60049438476562,96.1485824584961,101.99859619140625,7.123480319976807,17.685096740722656,0,0,12,0.9261614680290222,94.46717071533203,94.60049438476562,96.1485824584961,97.08073425292969,1.8736188411712646,5.770317077636719,0,0,8,0.9730784296989441
CCS(=O)(=O)Nc1cccc2c1c(Oc1ccc(Cl)cc1)c(C)n2CC(=O)O,3.0,False,86.6978530883789,88.89862823486328,97.99778747558594,103.94503784179688,10.147236824035645,26.405654907226562,0,2,9,0.8340740203857422,86.6978530883789,88.89862823486328,97.99778747558594,93.47775268554688,5.790898323059082,13.618896484375,0,2,4,0.9274704456329346
CCS(=O)(=O)c1ccc(-c2cc(C(F)(F)F)ccc2OCC(=O)O)c(C)c1,3.5,False,87.30453491210938,90.0969009399414,98.46318817138672,104.82862854003906,9.490435600280762,25.45484161376953,0,1,10,0.8328310251235962,87.30453491210938,90.0969009399414,98.46318817138672,94.00322723388672,5.42643404006958,12.843742370605469,0,1,4,0.9287397861480713
CCS(=O)(=O)c1ccc(-c2cc(Cl)ccc2OCC(=O)O)c(F)c1,3.62,False,87.30453491210938,98.46318817138672,100.14827728271484,106.93500518798828,8.91427230834961,27.744529724121094,0,1,9,0.816426157951355,87.30453491210938,98.46318817138672,100.14827728271484,95.30533599853516,5.69909143447876,12.843742370605469,0,1,3,0.9160508513450623
CCS(=O)(=O)c1ccc(Oc2c(C)n(CC(=O)O)c3ccc(C(F)(F)F)cc23)cc1,3.0,False,86.3944320678711,88.88041687011719,98.4583511352539,104.13048553466797,10.325718879699707,26.936973571777344,0,2,9,0.8296747207641602,86.3944320678711,88.88041687011719,98.4583511352539,93.47036743164062,5.928974628448486,13.75384521484375,0,2,4,0.924297571182251
CCS(=O)(=O)c1ccc2[nH]c(-c3cccc(-c4ccccc4)c3)nc2c1,24.55,False,98.4831771850586,100.14827728271484,110.60294342041016,109.68914794921875,4.791616439819336,16.40447235107422,0,0,12,0.897838830947876,98.4831771850586,100.14827728271484,100.14827728271484,99.31572723388672,0.832550048828125,1.66510009765625,0,0,2,0.9916171431541443
CC[C@@H](Nc1c(Nc2cccc(C(=O)N(C)C)c2O)c(=O)c1=O)c1ccc(C)o1,75.93,False,78.9078140258789,86.261962890625,91.6635513305664,102.69620513916016,13.12474536895752,39.30299377441406,1,2,10,0.768361508846283,78.9078140258789,86.261962890625,91.6635513305664,90.96119689941406,7.731238842010498,21.1259765625,1,2,5,0.8674887418746948
CC[C@@H](Nc1c(Nc2cccc(C(=O)N(C)C)c2O)c(=O)c1=O)c1ccccc1,65.0,False,83.1291732788086,91.6635513305664,97.80335235595703,104.08918762207031,9.863846778869629,29.464492797851562,1,1,10,0.7986341118812561,83.1291732788086,91.6635513305664,97.80335235595703,93.15265655517578,6.546037197113037,16.885391235351562,1,1,4,0.8923972249031067
CC[C@@]1(O)C(=O)OCc2c1cc1n(c2=O)Cc2cc3c(CN(C)C)c(O)ccc3nc2-1,3.24,False,76.20524597167969,78.9747543334961,86.3683853149414,97.93345642089844,13.41158676147461,36.864158630371094,2,3,10,0.7781329154968262,76.20524597167969,78.9747543334961,86.3683853149414,88.57489013671875,8.93463134765625,23.67906951904297,2,3,6,0.8603481650352478
CC[C@H](CO)Nc1nc(NCc2ccccc2)c2ncn(C(C)C)c2n1,107.15,False,80.81324005126953,91.58948516845703,91.85253143310547,100.24893188476562,9.995633125305176,33.152740478515625,1,1,11,0.8061257004737854,80.81324005126953,91.58948516845703,91.85253143310547,93.69612884521484,6.159882068634033,19.624778747558594,1,1,7,0.8625035285949707
CC[C@H](CO)Nc1nc(SCc2cccc(F)c2F)nc2nc(N)sc12,5.16,False,86.86705017089844,91.34452056884766,91.43756866455078,100.6027603149414,10.140947341918945,27.08911895751953,0,1,8,0.8634658455848694,86.86705017089844,91.34452056884766,91.43756866455078,93.2552261352539,4.489723205566406,12.408798217773438,0,1,5,0.9314979314804077
CC[C@H](CO)Nc1nc(SCc2ccccc2)nc2[nH]c(=O)sc12,10.0,False,86.7335433959961,91.34452056884766,91.43756866455078,99.89122772216797,9.3171968460083,24.497894287109375,0,1,8,0.8682798743247986,86.7335433959961,91.34452056884766,91.43756866455078,93.22853088378906,4.5278706550598145,12.542304992675781,0,1,5,0.930332601070404
CC[C@H](N)C(=O)N[C@H](C#N)Cc1ccc(-c2ccccc2)cc1,91.0,False,82.55773162841797,82.70853424072266,90.27217864990234,100.48511505126953,11.366935729980469,28.69103240966797,2,2,10,0.8215916752815247,82.55773162841797,82.70853424072266,90.27217864990234,90.1904067993164,6.810321807861328,16.676742553710938,2,2,5,0.9153715372085571
CC[C@H](Nc1ncnc2[nH]cnc12)c1nc2cccc(F)c2c(=O)n1-c1ccccc1,12.375,False,82.6168441772461,97.35692596435547,99.71300506591797,106.90243530273438,9.48502254486084,31.864059448242188,1,1,11,0.7728247046470642,82.6168441772461,97.35692596435547,99.71300506591797,93.22891998291016,7.56527042388916,17.096160888671875,1,1,3,0.886171817779541
CC[C@H]1CN(Cc2cc(Cl)ccc2OCC(=O)O)CCN1S(=O)(=O)c1ccccc1,4.0,False,83.09974670410156,87.2426986694336,91.51371002197266,100.99253845214844,10.271288871765137,29.792434692382812,1,2,14,0.8228305578231812,83.09974670410156,87.2426986694336,91.51371002197266,92.76934814453125,5.141200065612793,16.743385314941406,1,2,8,0.8957672715187073
CCc1[nH]c2nc(Sc3cnc4ccc[n+]([O-])c4c3)nc(N3CC[C@@H](N)C3)c2c1Cl,112.2,False,83.34654235839844,88.70161437988281,89.2824935913086,101.31140899658203,11.702309608459473,33.71570587158203,1,3,11,0.8226767778396606,83.34654235839844,88.70161437988281,89.2824935913086,91.67894744873047,5.72233772277832,16.526870727539062,1,3,6,0.9091132283210754
CCc1[nH]c2nc(Sc3cnc4ccc[n+]([O-])c4c3)nc(N3C[C@@H]4[C@@H](N)[C@@H]4C3)c2c1Cl,58.88,False,83.34654235839844,88.41998291015625,88.41998291015625,103.449951171875,11.248215675354004,33.71570587158203,1,3,12,0.8056702017784119,83.34654235839844,88.41998291015625,88.41998291015625,91.46351623535156,6.143448829650879,16.526870727539062,1,3,5,0.9112545251846313
CCc1c(C(=O)C(N)=O)c2c(OCC(=O)OC)cccc2n1Cc1ccccc1,50.12,False,83.63906860351562,87.67598724365234,87.92926788330078,102.3772964477539,10.825042724609375,29.19293975830078,1,3,11,0.8169689178466797,83.63906860351562,87.67598724365234,87.92926788330078,91.54000854492188,6.476970672607422,16.349388122558594,1,3,5,0.9136886596679688
CCc1c(C)nc(SCC(=O)Nc2nc(-c3ccc(OC)cc3)cs2)nc1O,66.07,False,90.63001251220703,91.88269805908203,92.2483901977539,101.68444061279297,10.154358863830566,27.733055114746094,0,0,8,0.8912869095802307,90.63001251220703,91.88269805908203,92.2483901977539,94.2706069946289,3.5048396587371826,9.39324951171875,0,0,5,0.9613814353942871
CCc1c2c(nc3ccc(O)cc13)-c1cc3c(c(=O)n1C2)COC(=O)[C@]3(O)CC,23.99,False,78.1869125366211,78.96994018554688,89.77193450927734,99.39755249023438,12.701876640319824,34.817466735839844,2,3,10,0.7866080403327942,78.1869125366211,78.96994018554688,89.77193450927734,90.9173355102539,9.421468734741211,22.34795379638672,2,3,6,0.8599780201911926
CCc1c2c(nc3ccc(OC(=O)N4CCC(N5CCCCC5)CC4)cc13)-c1cc3c(c(=O)n1C2)COC(=O)[C@]3(O)CC,3.0,False,78.1869125366211,78.96994018554688,89.61296844482422,97.58815002441406,10.370718002319336,34.75532531738281,2,4,16,0.8011927008628845,78.1869125366211,78.96994018554688,89.61296844482422,92.9102783203125,7.440756320953369,22.34795379638672,2,4,12,0.8415313363075256
CCc1cc2c(cc1N1CCC(N3CCOCC3)CC1)C(C)(C)c1[nH]c3cc(C#N)ccc3c1C2=O,5.01,False,88.80131530761719,89.84105682373047,90.55687713623047,101.09873962402344,9.476733207702637,25.339126586914062,0,2,13,0.878362238407135,88.80131530761719,89.84105682373047,90.55687713623047,94.15808868408203,4.384160995483398,11.576728820800781,0,2,8,0.9431087374687195
CCc1cccc2c1N(C)Cc1cc3c(cc1-2)OCO3,150.0,False,77.05046844482422,88.96629333496094,90.05479431152344,100.32506561279297,12.231493949890137,36.88056182861328,1,2,10,0.7680081725120544,77.05046844482422,88.96629333496094,90.05479431152344,89.22434997558594,7.048715114593506,21.98493194580078,1,2,5,0.8635587692260742
CCc1cccc2cc(C(O)CNC(C)(C)C)oc12,79.355,False,79.84619140625,89.26819610595703,90.88172149658203,101.5859375,12.230879783630371,39.30864715576172,1,2,9,0.7859964966773987,79.84619140625,89.26819610595703,90.88172149658203,92.12645721435547,7.680401802062988,20.79827880859375,1,2,5,0.8667020797729492
CCc1cnn2c(NCc3ccc[n+]([O-])c3)cc(N3CCCC[C@H]3CCO)nc12,150.0,False,80.83042907714844,85.86544799804688,89.56009674072266,100.96673583984375,11.572860717773438,36.0650634765625,1,4,16,0.8005649447441101,80.83042907714844,85.86544799804688,89.56009674072266,92.78772735595703,5.840916156768799,19.449264526367188,1,4,10,0.8711327314376831
CCc1nc2cc(O)ccc2c(Oc2ccc(/C=C/C(=O)O)cc2)c1-c1ccccc1,70.615,False,88.18785858154297,100.06458282470703,103.93230438232422,108.10274505615234,7.093300819396973,26.09417724609375,0,1,12,0.8157781362533569,88.18785858154297,100.06458282470703,103.93230438232422,97.3949203491211,6.699116230010986,15.74444580078125,0,1,3,0.9054667353630066
CCc1nc2ccc(C(=O)NCc3ccc4c(c3)OCO4)cn2c1N(C)Cc1cccs1,150.0,False,80.86026000976562,81.31717681884766,87.1523666381836,103.486572265625,12.769837379455566,35.42009735107422,2,3,15,0.7813599109649658,80.86026000976562,81.31717681884766,87.1523666381836,88.81226348876953,6.624327182769775,18.97081756591797,2,3,6,0.9104627966880798
CCc1nn(C2CCCC2)c2c1CCn1c(-c3cccs3)nnc1-2,39.5,False,87.05109405517578,87.41898345947266,90.04174041748047,99.26866149902344,11.134504318237305,29.284042358398438,0,2,10,0.8769242167472839,87.05109405517578,87.41898345947266,90.04174041748047,92.39962005615234,4.413790702819824,12.637603759765625,0,2,7,0.942115306854248
CCn1c(C)c(C(=O)O)c(-c2cccc(N3CCN(c4ccc(NS(=O)(=O)c5ccc(N[C@H](CCN6CCC(O)CC6)CSc6ccccc6)c(S(=O)(=O)C(F)(F)F)c5)cc4)CC3)c2)c1-c1ccc(Cl)cc1,17.38,False,85.81693267822266,89.61876678466797,89.8339614868164,102.74613189697266,9.647746086120605,27.43775177001953,0,3,26,0.8352327346801758,85.81693267822266,89.61876678466797,89.8339614868164,92.81439971923828,4.161611557006836,14.553436279296875,0,3,12,0.9246079325675964
CCn1c(SCC(=O)Nc2cc(C)on2)nnc1-c1ccccc1,150.0,False,90.11290740966797,93.92578125,95.82212829589844,104.55548095703125,10.233297348022461,31.35009765625,0,0,8,0.8618668913841248,90.11290740966797,93.92578125,95.82212829589844,95.19441986083984,3.8913843631744385,10.803947448730469,0,0,4,0.9466196298599243
CCn1c(SCC(=O)Nc2cc(C)on2)nnc1-c1cccnc1,75.86,False,90.11290740966797,93.92578125,95.82212829589844,104.31101989746094,9.49726390838623,31.35009765625,0,0,9,0.8638867735862732,90.11290740966797,93.92578125,95.82212829589844,95.19441986083984,3.8913843631744385,10.803947448730469,0,0,4,0.9466196298599243
CCn1c(SCC(=O)Nc2cccc(C)c2)nnc1-c1ccccc1,150.0,False,89.71343231201172,93.47990417480469,95.82212829589844,105.46977233886719,8.30337905883789,22.277496337890625,0,1,11,0.8506079912185669,89.71343231201172,93.47990417480469,95.82212829589844,94.98307800292969,4.06024694442749,11.203422546386719,0,1,4,0.9445201754570007
CCn1cc(C(=O)O)c(=O)c2ccc(C)nc21,3.46,False,89.0246810913086,93.8200454711914,101.22561645507812,103.63172149658203,9.625714302062988,24.189529418945312,0,1,6,0.8590485453605652,89.0246810913086,93.8200454711914,101.22561645507812,94.69011688232422,5.018862247467041,12.200935363769531,0,1,3,0.9401686787605286
CCn1nc(C)c(C(=O)N[C@@H](C)C(C)(C)C)c1NS(=O)(=O)c1ccc(C)cc1,5.5,False,89.17495727539062,91.39359283447266,91.90966033935547,98.76920318603516,7.9267754554748535,23.086021423339844,0,1,9,0.9028619527816772,89.17495727539062,91.39359283447266,91.90966033935547,95.0537109375,4.312292575836182,10.920494079589844,0,1,7,0.9381533265113831
CN(C)C(=O)C(CCN1CCC(O)(c2ccc(Cl)cc2)CC1)(c1ccccc1)c1ccccc1,52.5,False,91.0066909790039,91.07756805419922,91.30082702636719,102.52022552490234,8.964445114135742,21.645782470703125,0,0,10,0.8876950144767761,91.0066909790039,91.07756805419922,91.30082702636719,93.93114471435547,3.532637357711792,8.438873291015625,0,0,5,0.9688659906387329
CN(C)C(C)(C(=O)OC1CC[N+](C)(C)CC1)c1ccccc1,16.0,False,92.23577117919922,98.35963439941406,98.43513488769531,102.56771087646484,6.372786521911621,18.99566650390625,0,0,9,0.8992671370506287,92.23577117919922,98.35963439941406,98.43513488769531,98.40618133544922,2.988133668899536,9.526748657226562,0,0,6,0.9372965097427368
CN(C)CCC(c1ccc(Cl)cc1)c1ccccn1,23.0,False,83.41338348388672,90.82234954833984,91.6549072265625,102.69648742675781,10.409175872802734,29.251861572265625,1,1,10,0.8122320771217346,83.41338348388672,90.82234954833984,91.6549072265625,90.71762084960938,4.833652496337891,13.566459655761719,1,1,4,0.9194837808609009
CN(C)CCCN1c2ccccc2CCc2ccccc21,77.81,False,85.00093841552734,89.41568756103516,90.5503921508789,99.41227722167969,10.278059005737305,26.468612670898438,0,2,9,0.855034589767456,85.00093841552734,89.41568756103516,90.5503921508789,90.54530334472656,3.5852115154266357,11.116622924804688,0,2,5,0.9387669563293457
CN(C)CCCN1c2ccccc2Sc2ccc(Cl)cc21,82.225,False,89.35264587402344,90.5503921508789,91.64193725585938,104.37382507324219,9.573196411132812,23.650672912597656,0,1,11,0.8560829162597656,89.35264587402344,90.5503921508789,91.64193725585938,91.91563415527344,2.557532787322998,6.764915466308594,0,1,4,0.9721158742904663
CN(C)CCCOc1nn(Cc2ccccc2)c2ccccc12,78.88,False,85.9737777709961,91.04454803466797,91.64193725585938,103.6808853149414,9.765068054199219,26.531158447265625,0,1,12,0.8292152881622314,85.9737777709961,91.04454803466797,91.64193725585938,92.61460876464844,4.290305137634277,12.317268371582031,0,1,5,0.9282960891723633
CN(C)CCNc1cc(-c2ccc(N3CCN(C)CC3)cc2)nc2ccccc12,3.0,False,88.05290985107422,89.49110412597656,91.87093353271484,101.83731079101562,10.218175888061523,25.161773681640625,0,2,13,0.8646429181098938,88.05290985107422,89.49110412597656,91.87093353271484,90.8973159790039,1.5605926513671875,3.9951934814453125,0,2,6,0.9687075018882751
CN(C)CCNc1cc(-c2ccccc2)nc2cc(-c3ccc(F)cc3)nn12,23.99,False,89.5858383178711,91.87093353271484,91.9140396118164,106.65921783447266,10.528706550598145,30.418624877929688,0,1,10,0.8399258852005005,89.5858383178711,91.87093353271484,91.9140396118164,91.12360382080078,1.0875067710876465,2.3282012939453125,0,1,3,0.9831243753433228
CN(C)CCOc1cc(NS(=O)(=O)c2c(Cl)cc(C(F)(F)F)cc2Cl)ccc1Cl,12.88,False,89.4236831665039,91.78884887695312,94.93502044677734,103.92296600341797,10.41170597076416,24.87718963623047,0,1,7,0.8604804873466492,89.4236831665039,91.78884887695312,94.93502044677734,92.04918670654297,2.257512092590332,5.5113372802734375,0,1,3,0.9714771509170532
CN(C)CC[C@H](CSc1ccccc1)Nc1ccc(S(=O)(=O)NC(=O)c2ccc(N3CCN(Cc4ccccc4-c4ccc(Cl)cc4)CC3)cc2)cc1[N+](=O)[O-],9.55,False,83.09113311767578,89.52841186523438,91.00733947753906,103.91838836669922,9.962671279907227,30.026763916015625,1,2,22,0.7995806336402893,83.09113311767578,89.52841186523438,91.00733947753906,91.115234375,3.610135793685913,13.77838134765625,1,2,8,0.9119345545768738
CN(C)N(C)C(=O)[C@@]1(Cc2ccccc2)CCCN(C(=O)[C@@H](Cc2c[nH]c3ccccc23)NC(=O)C(C)(C)N)C1,8.91,False,83.82396697998047,87.1302261352539,90.17899322509766,101.41380310058594,10.416624069213867,34.02790832519531,1,2,18,0.8265538215637207,83.82396697998047,87.1302261352539,90.17899322509766,92.83840942382812,5.098721981048584,17.175003051757812,1,2,10,0.902901828289032
CN(C)S(=O)(=O)NC(=O)CCCc1c(-c2ccc(F)cc2)[nH]c2ccc(C#N)cc12,23.5,False,87.63834381103516,92.10096740722656,94.53126525878906,104.08106994628906,10.199785232543945,26.28491973876953,0,1,9,0.8420200347900391,87.63834381103516,92.10096740722656,94.53126525878906,93.0416259765625,3.7371015548706055,10.257598876953125,0,1,4,0.9419261813163757
CN(C)c1nc(Cc2ccc(NC(=O)c3ccc(C(F)(F)F)cc3)cc2)nc(N(C)C)c1CC(=O)O,11.545,False,82.6786117553711,84.83409118652344,91.73391723632812,100.72236633300781,12.674757957458496,30.493072509765625,2,2,7,0.820856511592865,82.6786117553711,84.83409118652344,91.73391723632812,86.4155502319336,3.8622422218322754,9.055305480957031,2,2,3,0.9567561745643616
CN(C)c1nc(NC[C@H]2CC[C@H](CNS(=O)(=O)c3ccc(Br)cc3OC(F)(F)F)CC2)nc2ccccc12,50.12,False,90.94216918945312,91.67842864990234,92.90042877197266,102.66902160644531,8.588387489318848,22.5655517578125,0,0,16,0.8857800364494324,90.94216918945312,91.67842864990234,92.90042877197266,95.31234741210938,2.513324022293091,6.462974548339844,0,0,9,0.9541488885879517
CN(CC(=O)N(Cc1ccc(C2CCCCC2)cc1)c1ccc(C(=O)O)c(O)c1)S(=O)(=O)c1c(F)c(F)c(F)c(F)c1F,74.13,False,86.5574722290039,87.61100006103516,89.46192169189453,100.5988540649414,9.776658058166504,26.4716796875,0,3,12,0.8604220747947693,86.5574722290039,87.61100006103516,89.46192169189453,92.89385223388672,4.540539264678955,11.014724731445312,0,3,7,0.9317890405654907
CN(CC(=O)O)NC(=O)C[C@H](N)C[C@@H](O)CN,3.0,False,88.43389129638672,89.98235321044922,91.53731536865234,92.63227081298828,2.9152748584747314,9.134239196777344,0,2,7,0.9546769261360168,88.43389129638672,89.98235321044922,91.53731536865234,92.63227081298828,2.9152748584747314,9.134239196777344,0,2,7,0.9546769261360168
CN(CCCOCCOCCc1ccccc1)CCc1ccc(O)c2nc(O)sc12,150.0,False,88.79147338867188,89.88224029541016,91.16724395751953,99.0295181274414,9.009236335754395,24.50653839111328,0,2,15,0.8966162204742432,88.79147338867188,89.88224029541016,91.16724395751953,92.85282897949219,2.6118221282958984,9.223587036132812,0,2,10,0.9562602639198303
CN(CCNCCc1ccc(O)c2nc(O)sc12)C(=O)CCOCCc1ccccc1,140.0,False,88.79147338867188,88.96110534667969,90.3558120727539,98.78121185302734,9.573261260986328,24.50653839111328,0,2,14,0.898870050907135,88.79147338867188,88.96110534667969,90.3558120727539,91.78290557861328,2.2136967182159424,6.014335632324219,0,2,9,0.9674075245857239
CN(CCNC[C@H](O)c1ccc(O)c2[nH]c(=O)sc12)C(=O)CCOCCc1ccccc1,43.0,False,83.16484069824219,88.79147338867188,89.35318756103516,98.25921630859375,10.083584785461426,29.106407165527344,1,3,14,0.8463820815086365,83.16484069824219,88.79147338867188,89.35318756103516,91.04141235351562,3.4827775955200195,11.640968322753906,1,3,9,0.9134836196899414
CN(CCOc1ccc(NS(C)(=O)=O)cc1)CCc1ccc(NS(C)(=O)=O)cc1,8.93,False,86.60628509521484,89.60530853271484,89.68109893798828,100.4656982421875,9.825539588928223,26.062423706054688,0,3,11,0.862048327922821,86.60628509521484,89.60530853271484,89.68109893798828,94.06342315673828,6.22382926940918,16.658279418945312,0,3,7,0.920722246170044
CN(CCc1ccc(O)c2nc(O)sc12)CCN(C)C(=O)CCOCCc1ccccc1,150.0,False,88.79147338867188,89.88224029541016,90.4933090209961,98.24453735351562,9.447659492492676,24.50653839111328,0,2,15,0.9037802815437317,88.79147338867188,89.88224029541016,90.4933090209961,91.67535400390625,1.9878770112991333,6.014335632324219,0,2,10,0.9685424566268921
CN(c1ccnc(Nc2cc(N3CCOCC3)cc(N3CCOCC3)c2)n1)c1cccc2[nH]ncc12,51.29,False,90.21129608154297,91.77057647705078,96.68433380126953,106.16960906982422,8.554834365844727,24.272964477539062,0,0,11,0.8496903777122498,90.21129608154297,91.77057647705078,96.68433380126953,92.88873291015625,2.758352518081665,6.4730377197265625,0,0,3,0.9711758494377136
CN1C(=O)CN=C(c2ccccc2F)c2cc([N+](=O)[O-])ccc21,5.01,False,75.4006118774414,94.68811798095703,110.63709259033203,106.3380355834961,12.295408248901367,38.45263671875,1,1,9,0.709065318107605,75.4006118774414,94.68811798095703,94.68811798095703,85.04436492919922,9.643753051757812,19.287506103515625,1,1,2,0.8866032958030701
CN1CCC(Oc2cccc3ncnc(Nc4ccc(OCc5ccccn5)c(Cl)c4)c23)CC1,11.0,False,84.5837631225586,91.39372253417969,91.70124053955078,104.97644805908203,9.195239067077637,29.546493530273438,1,1,16,0.8057403564453125,84.5837631225586,91.39372253417969,91.70124053955078,92.35063934326172,4.9266228675842285,15.261306762695312,1,1,5,0.9158979654312134
CN1CCC[C@H]1CCN1CCCc2cc(NC(=N)c3cccs3)ccc21,40.74,False,84.49422454833984,88.58766174316406,89.1336898803711,99.76277160644531,10.81307601928711,31.672874450683594,1,4,16,0.846951425075531,84.49422454833984,88.58766174316406,89.1336898803711,91.84772491455078,4.0813164710998535,13.528472900390625,1,4,10,0.9199381470680237
CN1CCN(CC(=O)N2c3ccccc3C(=O)Nc3cccnc32)CC1,6.76,False,79.37506103515625,91.95611572265625,92.04810333251953,103.34339141845703,11.436984062194824,33.80394744873047,1,1,11,0.7680709958076477,79.37506103515625,91.95611572265625,92.04810333251953,88.94499969482422,5.527700424194336,13.025672912597656,1,1,4,0.8924061059951782
CN1CCN(CCOc2n[nH]c3ncnc(Nc4ccc(OCc5ccccn5)c(Cl)c4)c23)CC1,13.49,False,84.5837631225586,89.2685317993164,91.90662384033203,102.08295440673828,10.044840812683105,28.350738525390625,1,2,14,0.8285787105560303,84.5837631225586,89.2685317993164,91.90662384033203,91.02994537353516,3.53937029838562,11.697357177734375,1,2,6,0.9291861057281494
CN1CCN(c2ccc(-c3cnc4cccc(-c5cc(F)c(CN6CCOCC6)c(F)c5)c4n3)cc2)CC1,14.45,False,83.80973052978516,89.49110412597656,91.8827896118164,101.68434143066406,10.471037864685059,30.840835571289062,1,2,13,0.8242146968841553,83.80973052978516,89.49110412597656,91.8827896118164,90.89049530029297,3.631831645965576,11.776412963867188,1,2,6,0.9220956563949585
CN1CCN(c2nc3ccccc3cc2Cn2nc(-c3ccc4nc(N)sc4c3)c3c(N)ncnc32)CC1,44.295,False,89.89421844482422,91.95865631103516,92.04810333251953,105.05025482177734,9.189340591430664,23.36187744140625,0,1,13,0.8557258248329163,89.89421844482422,91.95865631103516,92.04810333251953,91.51542663574219,0.9387381672859192,2.2665023803710938,0,1,4,0.9822848439216614
CNC(=O)Cc1ccc2c(=O)cc(-c3cccnc3)[nH]c2c1,3.0,False,87.29450225830078,92.4892349243164,105.85913848876953,106.74726867675781,8.919661521911621,27.476089477539062,0,1,10,0.8177680373191833,87.29450225830078,92.4892349243164,92.4892349243164,89.8918685913086,2.5973663330078125,5.194732666015625,0,1,2,0.9711056351661682
CNC(=O)Nc1nc2ccc(-c3cncc(S(=O)(=O)NC(C)(C)C)c3)cn2n1,3.0,False,93.17152404785156,101.28670501708984,105.90960693359375,107.64886474609375,7.022979259490967,22.47852325439453,0,0,8,0.8655133247375488,93.17152404785156,101.28670501708984,101.28670501708984,97.22911071777344,4.057590484619141,8.115180969238281,0,0,2,0.9582678079605103
CNC(=O)c1c(F)cccc1Nc1nc(Nc2cc3c(cc2OC)CCN3C(=O)CN(C)C)nc2[nH]ccc12,21.88,False,82.99040985107422,84.12493896484375,90.34149932861328,102.75348663330078,12.64416217803955,35.67278289794922,2,2,13,0.8076651692390442,82.99040985107422,84.12493896484375,90.34149932861328,89.79053497314453,4.905285358428955,14.269569396972656,2,2,6,0.9242668151855469
CNC(=O)c1ccc(C)c(-n2c(C)cc(OCc3ccc(F)cc3F)c(Br)c2=O)c1,3.0,False,85.84223175048828,87.25555419921875,89.2931900024414,103.72993469238281,11.6843843460083,30.94640350341797,0,3,11,0.8275550603866577,85.84223175048828,87.25555419921875,89.2931900024414,88.6462631225586,2.387583017349243,6.3518524169921875,0,3,4,0.9683682918548584
CNC(=O)c1ccccc1Nc1nc(Nc2ccc(N3CCOCC3)cc2OC)ncc1Cl,16.22,False,90.11385345458984,92.21344757080078,96.68433380126953,104.6332015991211,7.778421401977539,22.163528442382812,0,0,12,0.8612357378005981,90.11385345458984,92.21344757080078,96.68433380126953,94.06026458740234,2.99642276763916,7.115570068359375,0,0,4,0.9580438137054443
CNC(=O)c1cnn(-c2ccccc2)c1NS(=O)(=O)c1ccc(C)cc1,64.0,False,89.17495727539062,92.0821304321289,111.02803802490234,106.71943664550781,9.375622749328613,25.433700561523438,0,1,8,0.8356018662452698,89.17495727539062,92.0821304321289,92.0821304321289,90.6285400390625,1.4535865783691406,2.9071731567382812,0,1,2,0.9839611053466797
CNC(=O)c1nc(-c2ccc(Cl)c(S(=O)(=O)Nc3cccc(F)c3F)c2)cnc1N,19.95,False,91.56436157226562,106.07384490966797,111.55661010742188,109.10462951660156,7.007911205291748,22.94788360595703,0,0,8,0.8392344117164612,91.56436157226562,91.56436157226562,91.56436157226562,91.56436157226562,0.0,0.0,0,0,1,1.0
CNC1=Nc2ccc(Cl)cc2C(c2ccccc2)=[N+]([O-])C1,3.89,False,,,,,,,0,0,0,,,,,,,,0,0,0,
CNCCC=C1c2ccccc2CCc2ccccc21,144.0,False,84.26095581054688,87.33246612548828,89.92616271972656,100.31472778320312,11.023170471191406,27.426864624023438,1,3,9,0.8399659395217896,84.26095581054688,87.33246612548828,89.92616271972656,88.27404022216797,2.767117738723755,7.315635681152344,1,3,4,0.9545383453369141
CNCCCN1c2ccccc2CCc2ccccc21,78.46,False,85.00093841552734,88.6624984741211,89.22547149658203,99.2364273071289,10.490882873535156,26.468612670898438,0,3,9,0.8565497398376465,85.00093841552734,88.6624984741211,89.22547149658203,90.22877502441406,3.892571449279785,11.825675964355469,0,3,5,0.9420602321624756
CNCC[C@@H](Oc1cc(Cl)ccc1C#N)c1ccccc1,150.0,False,86.26074981689453,89.17619323730469,91.49639129638672,103.7552490234375,10.716681480407715,28.098915100097656,0,2,10,0.8313868641853333,86.26074981689453,89.17619323730469,91.49639129638672,91.08988952636719,4.101752281188965,11.165496826171875,0,2,4,0.9469848871231079
CNCC[C@@H](Oc1cc(OC)ccc1C#N)c1ccccc1,142.0,False,86.26074981689453,89.17619323730469,91.49639129638672,102.84402465820312,10.144919395446777,26.64965057373047,0,2,11,0.8387531638145447,86.26074981689453,89.17619323730469,91.49639129638672,92.21913146972656,4.3081560134887695,11.165496826171875,0,2,5,0.9353888630867004
CNCc1ccc(-c2[nH]c3cc(F)cc4c3c2CCNC4=O)cc1,12.02,False,79.43167877197266,86.1130599975586,89.54804229736328,100.0724105834961,13.859498023986816,36.380271911621094,1,3,8,0.7937420606613159,79.43167877197266,86.1130599975586,89.54804229736328,86.71391296386719,4.661447525024414,12.331207275390625,1,3,4,0.9160199761390686
CN[C@@H](C)C(=O)N[C@H](C(=O)N1CC[C@H]2CCN(CCc3ccccc3)C[C@H]21)C1CCCCC1,10.47,False,86.15729522705078,87.20850372314453,87.57378387451172,95.78317260742188,7.338852882385254,25.074142456054688,0,4,20,0.8995034694671631,86.15729522705078,87.20850372314453,87.57378387451172,93.11851501464844,4.00197696685791,14.270919799804688,0,4,17,0.9252434372901917
CN[C@@H](C)C(=O)N[C@H](C(=O)N1CC[C@H]2CC[C@H](NC(=O)c3cccc4ccccc34)[C@H]21)C(C)(C)C,12.02,False,86.11219024658203,90.3390884399414,91.120849609375,100.60033416748047,8.791600227355957,25.537216186523438,0,1,19,0.8559831380844116,86.11219024658203,90.3390884399414,91.120849609375,94.37530517578125,4.138505935668945,14.316024780273438,0,1,12,0.9124441146850586
CN[C@@H](C)C(=O)N[C@H](C(=O)N[C@H]1C[C@@H]2CC[C@H]1N(CCc1ccccc1)C2)C1CCCCC1,19.95,False,85.74739837646484,86.15729522705078,87.4146499633789,96.34561157226562,7.360507965087891,25.484039306640625,0,3,20,0.8899979591369629,85.74739837646484,86.15729522705078,87.4146499633789,93.78021240234375,4.455447196960449,14.680816650390625,0,3,17,0.9143442511558533
CN[C@@H](C)C(=O)N[C@H]1CN(C(=O)CC(C)C)CC[C@H]2CC[C@@H](C(=O)NC(c3ccccc3)c3ccccc3)N2C1=O,16.98,False,81.23779296875,81.5411605834961,82.56295013427734,95.31302642822266,9.14436149597168,29.99364471435547,3,5,18,0.8523262143135071,81.23779296875,81.5411605834961,82.56295013427734,92.16990661621094,6.408078670501709,19.172752380371094,3,5,15,0.881391704082489
CNc1nc(C)c(-c2nc(Nc3cccc(N4CCCCC4)c3)ncc2C#N)s1,150.0,False,87.36315155029297,89.32710266113281,91.59537506103516,101.66838073730469,9.39404010772705,25.298133850097656,0,2,10,0.8592951893806458,87.36315155029297,89.32710266113281,91.59537506103516,92.90812683105469,4.47463846206665,11.173141479492188,0,2,5,0.9403176307678223
CNc1nc(C)c(-c2nc(Nc3cccc(N4CCCN(C(C)=O)CC4)c3)ncc2C#N)s1,150.0,False,87.36315155029297,89.23217010498047,89.40061950683594,99.00230407714844,9.553080558776855,25.298133850097656,0,3,13,0.8824355602264404,87.36315155029297,89.23217010498047,89.40061950683594,91.86082458496094,3.71884822845459,10.619949340820312,0,3,8,0.9510381817817688
CNc1nc(C)c(-c2nc(Nc3cccc(N4CCCNCC4)c3)ncc2C#N)s1,19.5,False,87.36315155029297,88.84850311279297,89.05104064941406,98.83023834228516,10.078715324401855,25.298133850097656,0,4,12,0.8839718699455261,87.36315155029297,88.84850311279297,89.05104064941406,90.54566955566406,2.6982829570770264,8.941390991210938,0,4,7,0.9648517966270447
CNc1nc(C)c(-c2nc(Nc3cccc(N4CCNCC4)c3)ncc2C#N)s1,12.3,False,87.36315155029297,89.67264556884766,91.59537506103516,101.38765716552734,10.257955551147461,25.298133850097656,0,2,9,0.861674427986145,87.36315155029297,89.67264556884766,91.59537506103516,90.08641815185547,1.7688301801681519,4.3513641357421875,0,2,4,0.9697704911231995
CNc1ncnc2c(CNc3cc(NC(=O)c4ccc5c(c4)OCCO5)ccc3C)cccc12,41.69,False,75.98723602294922,88.68030548095703,90.70406341552734,103.45472717285156,11.025880813598633,37.46266174316406,1,2,15,0.7344974875450134,75.98723602294922,88.68030548095703,90.70406341552734,89.17539978027344,7.076440334320068,19.30596923828125,1,2,5,0.8521098494529724
COC(=O)C1=C(C)NC(C)=C(C(=O)OC(C)C)[C@@H]1c1cccc2nonc12,137.945,False,72.1423568725586,90.06758880615234,90.06758880615234,98.46609497070312,12.67025375366211,41.94844055175781,1,1,9,0.7326619029045105,72.1423568725586,90.06758880615234,90.06758880615234,91.44434356689453,9.595357894897461,29.646446228027344,1,1,6,0.7889209389686584
COC(=O)C1=C(C)NC(C)=C(C(=O)OCCN(C)Cc2ccccc2)C1c1cccc([N+](=O)[O-])c1,150.0,False,74.1212387084961,83.7808837890625,89.39903259277344,99.73436737060547,12.509021759033203,39.93895721435547,2,4,15,0.7431865334510803,74.1212387084961,83.7808837890625,89.39903259277344,89.05036163330078,6.902060031890869,23.787506103515625,2,4,8,0.8323519229888916
COC(=O)C1=C(C)NC2=C(C(=O)CC(C)(C)C2)C1c1ccc(-c2ccc(C(F)(F)F)cc2)cc1,12.3,False,73.77291107177734,85.78546905517578,89.496826171875,98.52166748046875,12.470133781433105,38.91522979736328,1,3,10,0.7487988471984863,73.77291107177734,85.78546905517578,89.496826171875,90.0044174194336,8.79456901550293,26.933868408203125,1,3,6,0.8196587562561035
COC(=O)c1ccc(C)c(NS(=O)(=O)c2ccc3c(c2)c(=O)sn3C)c1,150.0,False,89.90547180175781,93.24169158935547,98.03861236572266,106.30416107177734,9.134259223937988,24.431068420410156,0,1,9,0.8457380533218384,89.90547180175781,93.24169158935547,98.03861236572266,93.72859954833984,3.3381431102752686,8.133140563964844,0,1,3,0.9592106342315674
COC1=CC(c2cc3ccccc3[nH]2)=N/C1=C\c1[nH]c(C)cc1C,22.39,False,86.4551773071289,87.12393188476562,98.20838165283203,107.24518585205078,11.095454216003418,32.220428466796875,0,2,11,0.8061450719833374,86.4551773071289,87.12393188476562,98.20838165283203,90.5958251953125,5.389805793762207,11.753204345703125,0,2,3,0.9542953968048096
COCC(C)n1nc(C)c(C(=O)N[C@@H](C)C(C)(C)C)c1NS(=O)(=O)c1ccc(C)cc1,3.0,False,89.17495727539062,91.53369903564453,93.32799530029297,98.49201965332031,7.167777061462402,23.086021423339844,0,1,11,0.9054028987884521,89.17495727539062,91.53369903564453,93.32799530029297,95.54058074951172,3.851093292236328,12.016647338867188,0,1,9,0.9333725571632385
COCC1=C(C(=O)O)N2C(=O)[C@@H](NC(=O)/C(=N\OC)c3csc(N)n3)[C@H]2SC1,3.0,False,73.90845489501953,74.498779296875,86.35649871826172,91.38270568847656,14.115800857543945,44.37567901611328,2,3,7,0.8087794780731201,73.90845489501953,74.498779296875,86.35649871826172,86.8991470336914,9.578536033630371,22.99493408203125,2,3,6,0.8505083918571472
COCC1=C(C(=O)OC(C)OC(=O)OC(C)C)N2C(=O)[C@@H](NC(=O)/C(=N\OC)c3csc(N)n3)[C@H]2SC1,114.82,False,74.17774963378906,74.79419708251953,86.35649871826172,94.3757553100586,11.898366928100586,44.10638427734375,2,3,11,0.7859830856323242,74.17774963378906,74.79419708251953,86.35649871826172,91.98490905761719,9.63592529296875,27.695945739746094,2,3,10,0.8064121603965759
COCCC(C)n1nc(C)c(C(=O)N[C@@H](C)C(C)(C)C)c1NS(=O)(=O)c1ccc(C)cc1,9.9,False,89.17495727539062,91.53369903564453,93.25885772705078,98.4679183959961,7.069746017456055,23.086021423339844,0,1,12,0.9056244492530823,89.17495727539062,91.53369903564453,93.25885772705078,95.80680847167969,4.176229000091553,12.419509887695312,0,1,10,0.9307789206504822
COCCN(C)c1ccc(Nc2ncc3cc(-c4ccncc4)ccc3n2)cc1,40.74,False,89.3660659790039,91.29850769042969,94.0727767944336,104.10579681396484,8.605915069580078,24.11810302734375,0,1,12,0.8584158420562744,89.3660659790039,91.29850769042969,94.0727767944336,92.51531982421875,2.3298254013061523,5.957855224609375,0,1,4,0.9659596681594849
COCCNc1nc(NCc2ccccc2F)c2sccc2n1,147.91,False,80.32421112060547,92.17306518554688,95.51496124267578,104.39090728759766,11.759880065917969,35.34388732910156,1,1,10,0.7694560289382935,80.32421112060547,92.17306518554688,95.51496124267578,90.94129943847656,6.291071891784668,15.428756713867188,1,1,4,0.8832533955574036
COCCOc1cc(-c2cccc3c(=O)cc(N4CCOCC4)oc23)ccc1NC(=O)CN1CCOCC1,43.65,False,86.55756378173828,90.39550018310547,93.55408477783203,102.59254455566406,9.836587905883789,28.865463256835938,0,1,15,0.8437022566795349,86.55756378173828,90.39550018310547,93.55408477783203,93.71943664550781,3.3458762168884277,10.713981628417969,0,1,8,0.9235817790031433
COCCOc1nc(N)c2[nH]c(=O)n(Cc3cccc(CC(=O)OC)c3)c2n1,125.0,False,86.5964584350586,87.29634857177734,94.47977447509766,100.57522583007812,9.510533332824707,24.851806640625,0,2,10,0.861011803150177,86.5964584350586,87.29634857177734,94.47977447509766,93.42597198486328,4.789377212524414,11.843353271484375,0,2,6,0.9268991947174072
COC[C@@H](O)Cn1c(=O)cnn(-c2ccc(Cl)c(C(=O)NCC3(O)CCCCCC3)c2)c1=O,5.5,False,91.4006576538086,92.27758026123047,94.8218002319336,100.79357147216797,8.567795753479004,21.870384216308594,0,0,12,0.9068104028701782,91.4006576538086,92.27758026123047,94.8218002319336,94.84219360351562,1.9110493659973145,5.861785888671875,0,0,8,0.9637130498886108
COC[C@H](O)Cn1c(=O)cnn(-c2ccc(Cl)c(C(=O)NCC3(O)CCCCCC3)c2)c1=O,4.0,False,91.7413101196289,92.27758026123047,94.8218002319336,100.94867706298828,8.47091007232666,21.52973175048828,0,0,12,0.9087916016578674,91.7413101196289,92.27758026123047,94.8218002319336,95.07487487792969,1.9817733764648438,5.5211334228515625,0,0,8,0.9649375081062317
COCc1c(C(C)C)nc(C(C)C)c(/C=C/[C@@H](O)C[C@@H](O)CC(=O)O)c1-c1ccc(F)cc1,10.36,False,75.07241821289062,84.0036849975586,85.71637725830078,96.30347442626953,10.538351058959961,38.80634307861328,2,4,14,0.7795400619506836,75.07241821289062,84.0036849975586,85.71637725830078,92.26419067382812,7.965575218200684,25.681716918945312,2,4,11,0.8136680126190186
COCc1ccoc1C(=O)N(c1ccc(OC)cc1OC)C(C(=O)NC[C@@H](C)O)c1ccccc1F,34.5,False,82.47490692138672,86.19922637939453,90.66200256347656,103.8722915649414,11.244582176208496,36.68915557861328,1,2,17,0.7940029501914978,82.47490692138672,86.19922637939453,90.66200256347656,92.91886901855469,5.810634613037109,18.755111694335938,1,2,8,0.8876012563705444
CO[C@H]1/C=C/O[C@@]2(C)Oc3c(C)c(O)c4c(O)c(cc(O)c4c3C2=O)NC(=O)/C(C)=C\C=C\[C@H](C)[C@H](O)[C@@H](C)[C@@H](O)[C@@H](C)[C@H](OC(C)=O)[C@@H]1C,3.0,False,75.01054382324219,79.06273651123047,82.31006622314453,97.69490051269531,10.001492500305176,38.641136169433594,3,3,23,0.7678040862083435,75.01054382324219,79.06273651123047,82.31006622314453,93.17758178710938,7.462137222290039,28.375953674316406,3,3,17,0.8050277829170227
CO[C@H]1CC[C@]2(CC1)Cc1ccc(-c3cc(Cl)cc(C#N)c3)cc1C21N=C(C)C(N)=N1,12.59,False,86.92881774902344,92.03104400634766,92.84333038330078,102.27113342285156,9.086130142211914,27.78156280517578,0,1,14,0.8499839305877686,86.92881774902344,92.03104400634766,92.84333038330078,94.87256622314453,3.881943941116333,11.446220397949219,0,1,8,0.9162693023681641
CO[C@H]1CC[C@]2(CC1)Cc1ccc(OCC(C)C)cc1C21N=C(C)C(N)=N1,7.24,False,86.92881774902344,92.03104400634766,92.84333038330078,98.90096282958984,7.176805019378662,24.561614990234375,0,1,14,0.8789481520652771,86.92881774902344,92.03104400634766,92.84333038330078,95.5798110961914,3.7489843368530273,14.10888671875,0,1,11,0.9094893336296082
CO[C@H]1C[C@@H]2CC[C@@H](C)[C@@](O)(O2)C(=O)C(=O)N2CCCC[C@H]2C(=O)O[C@H]([C@H](C)C[C@@H]2CC[C@@H](OC(=O)C(C)(CO)CO)[C@H](OC)C2)CC(=O)[C@H](C)/C=C(\C)[C@@H](O)[C@@H](OC)C(=O)[C@H](C)C[C@H](C)/C=C/C=C/C=C/1C,150.0,False,74.23149108886719,74.47982025146484,74.734619140625,94.35494995117188,8.921565055847168,34.07311248779297,7,9,45,0.7867259979248047,74.23149108886719,74.47982025146484,74.734619140625,93.13529205322266,8.397488594055176,30.639366149902344,7,9,41,0.7970286011695862
COc1c(C)c2c(c(O)c1C/C=C(\C)CCC(=O)O)C(=O)OC2,14.79,False,78.27867889404297,83.38733673095703,86.0800552368164,89.77592468261719,8.09282112121582,28.534042358398438,2,5,8,0.8719339966773987,78.27867889404297,83.38733673095703,86.0800552368164,87.34209442138672,5.2404069900512695,17.394393920898438,2,5,7,0.8962308168411255
COc1c(Nc2ccc(S(C)(=O)=O)nc2C)ncnc1OC1CCN(C(=O)OC(C)C)CC1,6.31,False,90.9875717163086,94.30500030517578,96.19451141357422,101.05863952636719,6.8702898025512695,23.346649169921875,0,0,11,0.9003443121910095,90.9875717163086,94.30500030517578,96.19451141357422,97.52389526367188,3.86667799949646,12.667404174804688,0,0,8,0.9329771995544434
COc1c2occc2cc2ccc(=O)oc12,52.0,False,97.24495697021484,110.66848754882812,112.03008270263672,111.75042724609375,7.052645206451416,21.454269409179688,0,0,6,0.8701976537704468,97.24495697021484,97.24495697021484,97.24495697021484,97.24495697021484,0.0,0.0,0,0,1,1.0
COc1cc(-c2ccc(Nc3ccccc3C(=O)O)c(OC)c2)ccc1Nc1ccccc1C(=O)O,31.62,False,97.22942352294922,109.91381072998047,109.9321060180664,109.22655487060547,4.610857963562012,15.491294860839844,0,0,8,0.8901628851890564,97.22942352294922,97.22942352294922,97.22942352294922,97.22942352294922,0.0,0.0,0,0,1,1.0
COc1cc(-c2cccc3c(=O)cc(N4CCOCC4)oc23)ccc1NC(=O)CN1CCOCC1,27.54,False,86.55756378173828,90.39550018310547,93.55408477783203,103.82161712646484,10.018245697021484,28.865463256835938,0,1,13,0.8337142467498779,86.55756378173828,90.39550018310547,93.55408477783203,93.43473052978516,3.880659341812134,10.713981628417969,0,1,6,0.9263960123062134
COc1cc(-n2cnc3cc(-c4ccc(Cl)cc4)sc3c2=O)ccc1OC[C@H](O)C1CC1,16.34,False,92.5074234008789,97.02452850341797,97.24507141113281,106.471435546875,6.952775955200195,22.908828735351562,0,0,12,0.8688473105430603,92.5074234008789,97.02452850341797,97.24507141113281,95.59233856201172,2.1832234859466553,4.737648010253906,0,0,3,0.9677284359931946
COc1cc(-n2cnc3cc(-c4ccc(Cl)cc4)sc3c2=O)ccc1OC[C@H](OP(=O)(O)O)C1CC1,12.3,False,95.39908599853516,97.02452850341797,97.8292465209961,106.87694549560547,6.420467376708984,20.017166137695312,0,0,12,0.892606794834137,95.39908599853516,97.02452850341797,97.8292465209961,96.7509536743164,1.01079261302948,2.4301605224609375,0,0,3,0.9860273599624634
COc1cc(C(=O)OCCCCNC(=N)N)cc(OC)c1O,138.04,False,95.29415130615234,96.67194366455078,97.45771026611328,99.51483154296875,5.703178405761719,16.826950073242188,0,0,6,0.9575874209403992,95.29415130615234,96.67194366455078,97.45771026611328,96.99358367919922,0.9440189003944397,2.613739013671875,0,0,5,0.98247891664505
COc1cc(C(CO)CO)ccc1Nc1ncc(Cl)c(-c2cnc3ccccn23)n1,19.95,False,88.1534652709961,93.54244995117188,97.22942352294922,107.23615264892578,8.709640502929688,26.31640625,0,1,12,0.8220498561859131,88.1534652709961,93.54244995117188,97.22942352294922,92.9751205444336,3.726898431777954,9.075958251953125,0,1,3,0.9481403827667236
COc1cc(C2CCN(C(C)=O)CC2)ccc1Nc1ncc(Cl)c(-c2cnc3ccccn23)n1,23.99,False,87.25180053710938,91.83041381835938,97.22942352294922,105.8399887084961,8.974136352539062,27.21807098388672,0,1,14,0.8243746161460876,87.25180053710938,91.83041381835938,97.22942352294922,94.63710021972656,4.436882495880127,11.638961791992188,0,1,5,0.9219619035720825
COc1cc(N2CC3CNCC(C2)O3)ccc1Nc1ncc(Cl)c(-c2cnc3ccccn23)n1,13.8,False,89.87812042236328,90.4457778930664,97.22942352294922,106.44129943847656,8.782769203186035,24.591751098632812,0,1,13,0.844391405582428,89.87812042236328,90.4457778930664,97.22942352294922,94.0669174194336,3.9452099800109863,8.836227416992188,0,1,4,0.9554700255393982
COc1cc(N2CCN(C(=O)CO)CC2)ccc1Nc1ncc(Cl)c(-c2cnc3ccccn23)n1,12.3,False,83.73078155517578,90.33829498291016,93.07694244384766,105.52494812011719,10.211151123046875,30.739089965820312,1,1,13,0.7934690713882446,83.73078155517578,90.33829498291016,93.07694244384766,91.09385681152344,4.908246994018555,13.498641967773438,1,1,4,0.9191704392433167
COc1cc(N2CCN(C(=O)[C@@H](C)O)CC2)ccc1Nc1ncc(Cl)c(-c2cnc3ccccn23)n1,12.59,False,83.8414077758789,90.3692855834961,93.06892395019531,105.2134017944336,9.887853622436523,30.628463745117188,1,1,14,0.7968700528144836,83.8414077758789,90.3692855834961,93.06892395019531,93.1077880859375,5.884125709533691,17.188507080078125,1,1,5,0.90047687292099
COc1cc(NC(=O)Nc2cccc(CNC(=O)O[C@H]3CCOC3)c2)ccc1-c1cnco1,13.0,False,81.9920654296875,91.89927673339844,92.5869369506836,104.98270416259766,10.349283218383789,35.08946228027344,1,1,15,0.7810054421424866,81.9920654296875,91.89927673339844,92.5869369506836,93.2726821899414,5.617936134338379,16.212181091308594,1,1,6,0.8790576457977295
COc1cc(NC(=O)c2ccccn2)ccc1Cl,150.0,False,97.1993408203125,106.54779815673828,110.51988983154297,109.67886352539062,5.1747212409973145,17.124488830566406,0,0,8,0.8862175941467285,97.1993408203125,97.1993408203125,97.1993408203125,97.1993408203125,0.0,0.0,0,0,1,1.0
COc1cc(Nc2nc3c(cc2F)ncn3[C@@H](CO)c2ccc(F)cn2)n[nH]1,27.54,False,87.93524169921875,94.72191619873047,98.26592254638672,107.01878356933594,10.222529411315918,32.30553436279297,0,1,9,0.8216804265975952,87.93524169921875,94.72191619873047,98.26592254638672,93.64102935791016,4.286177635192871,10.330680847167969,0,1,3,0.9390674233436584
COc1cc(O)c(C(CC(=O)N2CC(C)CC(C)C2)c2ccc3c(c2)OCO3)c(OC)c1,150.0,False,83.42735290527344,91.08922576904297,91.43956756591797,101.05329895019531,9.861919403076172,30.832916259765625,1,1,14,0.8255777359008789,83.42735290527344,91.08922576904297,91.43956756591797,94.28556060791016,4.7425031661987305,16.72930908203125,1,1,9,0.8848370313644409
COc1cc2c(Nc3ccc(F)c(Cl)c3)c(C(N)=O)cnc2cc1OCCN(C)CCO,12.59,False,89.99993896484375,91.09283447265625,91.56586456298828,101.49847412109375,9.363565444946289,23.487754821777344,0,1,12,0.8867122530937195,89.99993896484375,91.09283447265625,91.56586456298828,94.06847381591797,4.069450855255127,12.386833190917969,0,1,7,0.9567492008209229
COc1cc2c(cc1-c1c(C)noc1C)ncc1[nH]c(=O)n([C@H](C)c3ccccn3)c12,3.3150000000000004,False,87.05220794677734,88.32852935791016,92.6845474243164,103.13192749023438,9.288839340209961,25.850486755371094,0,2,12,0.8440859317779541,87.05220794677734,88.32852935791016,92.6845474243164,93.23258972167969,5.2261834144592285,13.779953002929688,0,2,5,0.9337100982666016
COc1cc2c(ccc(=O)n2CCN2CCC(NCc3cc4c(cn3)OCCO4)CC2)cn1,35.48,False,74.51132202148438,90.47833251953125,91.0816421508789,99.88167572021484,10.98088550567627,41.109046936035156,1,1,15,0.7459959387779236,74.51132202148438,90.47833251953125,91.0816421508789,92.29969787597656,6.89764928817749,24.838584899902344,1,1,9,0.8072758913040161
COc1cc2cc(-c3ccc(O)cc3O)nc(C)c2cc1OC,150.0,False,90.0748519897461,97.02452850341797,97.02452850341797,106.39240264892578,8.557848930358887,24.244239807128906,0,0,9,0.8466286063194275,90.0748519897461,97.02452850341797,97.02452850341797,94.70796966552734,3.276108980178833,6.949676513671875,0,0,3,0.9510799646377563
COc1cc2nc(N3CCN(C(=O)c4ccco4)CC3)nc(N)c2cc1OC,8.695,False,91.82181549072266,92.99443817138672,97.02452850341797,106.31016540527344,10.875755310058594,27.623641967773438,0,0,9,0.8637162446975708,91.82181549072266,92.99443817138672,97.02452850341797,94.7163314819336,2.34513783454895,5.2027130126953125,0,0,4,0.9694401621818542
COc1cc2ncnc(Nc3cc4ccccc4cn3)c2cc1OC,3.0,False,97.02452850341797,97.02452850341797,105.47354888916016,107.99492645263672,5.704951286315918,16.282920837402344,0,0,11,0.8984174728393555,97.02452850341797,97.02452850341797,97.02452850341797,97.02452850341797,0.0,0.0,0,0,2,1.0
COc1cc2ncnc(Nc3ccc(F)c(Cl)c3)c2cc1NC(=O)/C=C/CN1CCCCC1,6.385,False,74.4141616821289,91.3451919555664,97.22942352294922,103.61780548095703,11.088406562805176,39.44267272949219,1,1,13,0.7181599736213684,74.4141616821289,91.3451919555664,97.22942352294922,91.84812927246094,9.080832481384277,24.11896514892578,1,1,5,0.810187041759491
COc1cc2nnc(C(N)=O)c(Nc3ccc(F)cc3F)c2cc1N1CCN(C)CC1,16.0,False,91.01973724365234,91.89615631103516,92.04810333251953,103.91732788085938,10.059487342834473,25.337318420410156,0,0,9,0.8758860230445862,91.01973724365234,91.89615631103516,92.04810333251953,93.02462005615234,2.4050750732421875,6.11474609375,0,0,4,0.9784478545188904
COc1ccc(-c2cc3c(C)nc(N)nc3n([C@H]3CC[C@H](OCCO)CC3)c2=O)cn1,6.86,False,90.43963623046875,93.96465301513672,94.03031921386719,99.38835906982422,7.283753871917725,23.246742248535156,0,0,14,0.9099620580673218,90.43963623046875,93.96465301513672,94.03031921386719,94.99190521240234,1.8923269510269165,6.833992004394531,0,0,10,0.9520772695541382
COc1ccc(-c2ccc3c(N4CCOC[C@@H]4C)nc(N4CCOC[C@@H]4C)nc3n2)cc1C(=O)N(C)C,4.27,False,89.66197967529297,90.18317413330078,90.38406372070312,99.60579681396484,8.195863723754883,22.666343688964844,0,1,17,0.9001682996749878,89.66197967529297,90.18317413330078,90.38406372070312,94.7720947265625,3.947850227355957,11.80950927734375,0,1,12,0.9460799694061279
COc1ccc(-c2ccc3c(N4CCOC[C@@H]4C)nc(N4CCOC[C@@H]4C)nc3n2)cc1C(C)O,38.02,False,81.9873046875,89.66197967529297,90.18317413330078,99.17257690429688,8.820539474487305,30.341018676757812,1,2,18,0.8267134428024292,81.9873046875,89.66197967529297,90.18317413330078,94.513671875,5.425255298614502,19.48418426513672,1,2,13,0.8674650192260742
COc1ccc(-c2nc(O)c3ccccc3n2)cc1,150.0,False,96.56866455078125,110.85843658447266,111.04883575439453,109.95233917236328,5.551521301269531,17.441551208496094,0,0,7,0.8782774806022644,96.56866455078125,96.56866455078125,96.56866455078125,96.56866455078125,0.0,0.0,0,0,1,1.0
COc1ccc(-c2nc3c(NCCCN(C)C(=O)C4CCC4)c(Br)cnc3[nH]2)cc1,138.04,False,90.59679412841797,91.48519134521484,92.23892974853516,99.44833374023438,7.60455846786499,22.64569854736328,0,0,11,0.9109935760498047,90.59679412841797,91.48519134521484,92.23892974853516,95.22990417480469,3.5270302295684814,9.112228393554688,0,0,8,0.9513481855392456
COc1ccc(/C=C2\NC(=O)NC2=O)cc1,39.81,False,96.56866455078125,106.97675323486328,110.76725769042969,106.85467529296875,6.328605651855469,16.537391662597656,0,0,4,0.9037383198738098,96.56866455078125,96.56866455078125,96.56866455078125,96.56866455078125,0.0,0.0,0,0,1,1.0
COc1ccc(C#Cc2ccc([C@@H]3[C@H](CO)N4CCCCN(C(=O)Nc5cccc(F)c5)C[C@@H]34)cc2)cc1,18.2,False,86.8541488647461,90.7595443725586,91.20049285888672,101.81305694580078,9.996227264404297,27.829345703125,0,1,18,0.8530747294425964,86.8541488647461,90.7595443725586,91.20049285888672,93.2256851196289,3.519073009490967,11.857933044433594,0,1,10,0.931654691696167
COc1ccc(C(=O)NCc2cn(-c3cc(C)nc4ccc(OC)cc34)nn2)cc1,13.8,False,80.91382598876953,90.89370727539062,96.56866455078125,104.7977523803711,11.32235336303711,39.648353576660156,1,1,11,0.7720950245857239,80.91382598876953,90.89370727539062,96.56866455078125,91.27806854248047,6.4293389320373535,15.822257995605469,1,1,4,0.886454164981842
COc1ccc(C)c(Nc2ncc3ccn(-c4ccccn4)c3n2)c1,92.755,False,89.0143051147461,96.736083984375,105.05400848388672,108.72989654541016,8.042593002319336,29.07390594482422,0,1,12,0.8186736702919006,89.0143051147461,96.736083984375,96.736083984375,92.87519836425781,3.860889434814453,7.721778869628906,0,1,2,0.958429217338562
COc1ccc(C2CC(c3ccc(Br)cc3)=NN2C(C)=O)cc1,16.6,False,79.43463897705078,82.27301025390625,96.56866455078125,100.2041015625,12.713634490966797,33.00389099121094,2,2,8,0.7927284240722656,79.43463897705078,82.27301025390625,96.56866455078125,88.85073852539062,8.062050819396973,17.6920166015625,2,2,4,0.8940234184265137
COc1ccc(CC(=O)NC(N/C(=N/C#N)Nc2ccccc2C)C(C)(C)C)cc1OC,26.0,False,88.49565124511719,90.53324890136719,92.56571960449219,103.26872253417969,8.835946083068848,23.309173583984375,0,1,13,0.8569453358650208,88.49565124511719,90.53324890136719,92.56571960449219,94.18255615234375,3.9564123153686523,11.2713623046875,0,1,6,0.9396182894706726
COc1ccc(CC(=O)Nc2nc3ccccc3[nH]2)cc1,12.88,False,88.16297149658203,96.56866455078125,110.6797866821289,106.936279296875,8.6930513381958,24.739219665527344,0,1,8,0.8244439959526062,88.16297149658203,96.56866455078125,96.56866455078125,92.36581420898438,4.202846527099609,8.405693054199219,0,1,2,0.9544978737831116
COc1ccc(CC(C)(C)NC[C@H](O)c2cc(O)cc3c2OCC(=O)N3)cc1,14.0,False,84.37325286865234,86.15592193603516,91.29888153076172,99.75965118408203,10.811616897583008,28.658615112304688,1,2,10,0.8457652926445007,84.37325286865234,86.15592193603516,91.29888153076172,91.63479614257812,5.396268367767334,15.477920532226562,1,2,6,0.9207556247711182
COc1ccc(CCN2C(=O)N(NS(C)(=O)=O)C[C@@H]2c2ccc(OC)cc2)cc1,19.05,False,79.57557678222656,88.1455078125,92.61136627197266,99.6906967163086,10.386730194091797,32.45622253417969,1,2,11,0.798224687576294,79.57557678222656,88.1455078125,92.61136627197266,93.07576751708984,6.992010593414307,23.933876037597656,1,2,7,0.8549548387527466
COc1ccc(CCN2C(=O)N(NS(C)(=O)=O)C[C@H]2c2ccc(OC)cc2)cc1,21.88,False,79.20471954345703,88.1891098022461,92.8932876586914,99.64167785644531,10.492982864379883,32.97270202636719,1,2,11,0.7948954701423645,79.20471954345703,88.1891098022461,92.8932876586914,92.96321105957031,7.0713653564453125,24.304733276367188,1,2,7,0.8520007133483887
COc1ccc(CCO[C@@H]2CCCC[C@H]2N2CC[C@@H](O)C2)cc1OC,6.46,False,88.54554748535156,89.63617706298828,89.8025131225586,97.27193450927734,6.896416664123535,22.55919647216797,0,3,17,0.9102887511253357,88.54554748535156,89.63617706298828,89.8025131225586,94.39183044433594,3.2754769325256348,9.5340576171875,0,3,14,0.9380636811256409
COc1ccc(CNC(=O)CSc2nc3cccnc3s2)cc1,105.13,False,80.81961822509766,94.20934295654297,96.56866455078125,103.33927154541016,10.906554222106934,31.79010009765625,1,1,8,0.7820804119110107,80.81961822509766,94.20934295654297,96.56866455078125,90.53253936767578,6.935284614562988,15.749046325683594,1,1,3,0.8927134871482849
COc1ccc(CNC(=O)Nc2ncc([N+](=O)[O-])s2)cc1,91.0,False,82.10977172851562,96.56866455078125,110.7240982055664,103.28730773925781,12.346352577209473,32.80980682373047,1,1,5,0.7949647903442383,82.10977172851562,96.56866455078125,96.56866455078125,89.33921813964844,7.2294464111328125,14.458892822265625,1,1,2,0.9190787076950073
COc1ccc(CNCc2cccc(CCNC[C@H](O)c3ccc(O)c4[nH]c(=O)sc34)c2)cc1,13.0,False,78.91996002197266,79.05252075195312,83.16484069824219,99.80248260498047,12.90680980682373,33.351287841796875,3,5,15,0.7907614707946777,78.91996002197266,79.05252075195312,83.16484069824219,86.77283477783203,6.182030200958252,17.648704528808594,3,5,7,0.909500777721405
COc1ccc(COc2nc(Br)cnc2NS(=O)(=O)c2ccc(C)cc2)cc1OCCN(C)C,31.0,False,85.14839935302734,89.17495727539062,89.4236831665039,101.17446899414062,10.341357231140137,27.01214599609375,0,3,12,0.8415996432304382,85.14839935302734,89.17495727539062,89.4236831665039,91.20511627197266,3.849388837814331,11.560760498046875,0,3,6,0.9335923790931702
COc1ccc(C[C@@H](C)NC[C@H](O)c2ccc(O)c(NC=O)c2)cc1,3.91,False,82.66446685791016,87.84294891357422,89.83370208740234,99.79450225830078,10.766190528869629,30.470291137695312,1,3,12,0.8283469080924988,82.66446685791016,87.84294891357422,89.83370208740234,91.3611068725586,5.234646320343018,17.298828125,1,3,7,0.9048102498054504
COc1ccc(Cc2c(N)n[nH]c2N)cc1,3.63,False,81.80976867675781,96.56866455078125,110.7139663696289,100.32241821289062,12.306559562683105,30.38751983642578,1,1,4,0.8154684901237488,81.80976867675781,96.56866455078125,96.56866455078125,89.18921661376953,7.379447937011719,14.758895874023438,1,1,2,0.9172607660293579
COc1ccc(Cl)cc1C(=O)NCCc1ccc(S(=O)(=O)NC(=O)NC2CCCCC2)cc1,14.45,False,90.71150970458984,91.46176147460938,92.22457122802734,101.87914276123047,8.720261573791504,21.927444458007812,0,0,12,0.8903835415840149,90.71150970458984,91.46176147460938,92.22457122802734,94.76109313964844,2.899491786956787,6.860687255859375,0,0,7,0.957265317440033
COc1ccc(N(C(=O)Oc2c(C)cccc2C)c2ccnc(Nc3ccc(N4CCN(C)CC4)cc3)n2)c(OC)c1,35.48,False,89.49110412597656,89.97599792480469,91.8827896118164,103.82036590576172,9.328316688537598,25.789199829101562,0,2,15,0.8619802594184875,89.49110412597656,89.97599792480469,91.8827896118164,92.8846206665039,3.025156259536743,7.682594299316406,0,2,6,0.9634652733802795
COc1ccc(N(C(=O)c2ccccc2)C(C(=O)NC2CCCC2)c2ccccc2F)c(OC)c1,150.0,False,85.66572570800781,89.64337158203125,94.62751007080078,104.77433013916016,9.372734069824219,27.960792541503906,0,2,16,0.8176212906837463,85.66572570800781,89.64337158203125,94.62751007080078,93.17391204833984,4.157947063446045,11.507972717285156,0,2,6,0.9194175004959106
COc1ccc(N(C(=O)c2ccccc2)C(C(=O)NC[C@@H](C)O)c2ccccc2F)c(OC)c1,150.0,False,86.05870819091797,90.66200256347656,92.95051574707031,105.13480377197266,9.070978164672852,27.56781005859375,0,1,16,0.8185558319091797,86.05870819091797,90.66200256347656,92.95051574707031,94.13516235351562,4.916465759277344,15.171310424804688,0,1,6,0.9142036437988281
COc1ccc(N(C(=O)c2ccco2)C(C(=O)NC2CCCC2)c2ccccc2F)c(OC)c1,150.0,False,85.86785125732422,89.64337158203125,94.62751007080078,106.29254150390625,10.716689109802246,33.857566833496094,0,2,16,0.8078445792198181,85.86785125732422,89.64337158203125,94.62751007080078,93.20760345458984,4.097356796264648,11.30584716796875,0,2,6,0.9212537407875061
COc1ccc(N(C(=O)c2ccoc2Cl)C(C(=O)NC[C@@H](C)O)c2ccccc2F)c(OC)c1,33.0,False,85.66718292236328,90.66200256347656,92.95051574707031,105.83616638183594,10.354887962341309,33.56641387939453,0,1,15,0.8094320297241211,85.66718292236328,90.66200256347656,92.95051574707031,94.06990814208984,5.024636745452881,15.562835693359375,0,1,6,0.9106757640838623
COc1ccc(N(C(=O)c2occc2C)C(C(=O)NC[C@@H](C)O)c2ccccc2F)c(OC)c1,87.0,False,86.19922637939453,88.98949432373047,90.66200256347656,104.68104553222656,10.594650268554688,32.19279479980469,0,2,16,0.8234463930130005,86.19922637939453,88.98949432373047,90.66200256347656,93.42015075683594,4.865020751953125,15.030792236328125,0,2,7,0.9227048754692078
COc1ccc(N(C(=O)c2occc2CO)C(C(=O)NC[C@@H](C)O)c2ccccc2F)c(OC)c1,8.0,False,78.55990600585938,86.19922637939453,90.66200256347656,104.11105346679688,11.890796661376953,40.57402801513672,1,2,16,0.7545779347419739,78.55990600585938,86.19922637939453,90.66200256347656,91.93021392822266,7.08454704284668,22.67011260986328,1,2,7,0.8545602560043335
COc1ccc(N(C(=O)c2occc2Cl)C(C(=O)NC[C@@H](C)O)c2ccccc2F)c(OC)c1,59.0,False,86.19922637939453,90.66200256347656,92.95051574707031,105.8720932006836,10.297119140625,33.97740173339844,0,1,15,0.814182698726654,86.19922637939453,90.66200256347656,92.95051574707031,94.15857696533203,4.878122806549072,15.030792236328125,0,1,6,0.9154686331748962
COc1ccc(N(C(C)=O)C(C(=O)NC2CCCC2)c2ccccc2F)c(OC)c1,150.0,False,85.1342544555664,89.64337158203125,94.62751007080078,102.923095703125,9.754745483398438,28.492263793945312,0,2,14,0.8271637558937073,85.1342544555664,89.64337158203125,94.62751007080078,93.64940643310547,4.231016635894775,12.039443969726562,0,2,7,0.9090741276741028
COc1ccc(N2CCN(C(=O)[C@@H]3CCCC[C@H]3C(=O)NC3(C#N)CC3)[C@H](C)C2)cc1OC,3.0,False,89.88912963867188,90.36954498291016,91.78043365478516,98.4508285522461,7.000385284423828,20.546340942382812,0,1,17,0.9130358099937439,89.88912963867188,90.36954498291016,91.78043365478516,94.92586517333984,3.3370585441589355,10.168266296386719,0,1,13,0.9469403028488159
COc1ccc(NC(=O)CCc2c(C)nc3nc(C)nn3c2C)cc1,3.09,False,88.93187713623047,89.26712799072266,91.130126953125,96.83888244628906,9.194384574890137,24.293914794921875,0,2,8,0.9183488488197327,88.93187713623047,89.26712799072266,91.130126953125,91.6930923461914,2.5492255687713623,7.636787414550781,0,2,6,0.9698863625526428
COc1ccc(OC)c(C(O)CN)c1,3.0,False,84.72994232177734,92.1543197631836,96.736083984375,100.46076202392578,9.772915840148926,26.68524932861328,1,1,7,0.8434132933616638,84.72994232177734,92.1543197631836,96.736083984375,92.64942169189453,4.9597086906433105,12.247383117675781,1,1,4,0.914522111415863
COc1ccc(OC)c(C(O)CNC(=O)CN)c1,3.0,False,85.60476684570312,85.6643295288086,91.85193634033203,98.68180847167969,10.249245643615723,25.80280303955078,0,2,8,0.8674827814102173,85.60476684570312,85.6643295288086,91.85193634033203,91.36688995361328,5.025171756744385,11.37255859375,0,2,5,0.936934232711792
COc1ccc([C@@H]2Sc3ccccc3N(CCN(C)C)C(=O)[C@@H]2OC(C)=O)cc1,79.665,False,80.10692596435547,85.50739288330078,88.87450408935547,100.06796264648438,10.952446937561035,32.064170837402344,1,3,13,0.8005251884460449,80.10692596435547,85.50739288330078,88.87450408935547,90.7610092163086,5.87791109085083,17.074813842773438,1,3,7,0.8826138973236084
COc1ccc([C@]2(C#N)CC[C@@H](C(=O)O)CC2)cc1OC1CCCC1,28.0,False,88.81780242919922,93.06196594238281,94.96556854248047,99.68595123291016,6.810750484466553,21.923599243164062,0,1,12,0.8909761309623718,88.81780242919922,93.06196594238281,94.96556854248047,96.08611297607422,3.1623306274414062,9.992652893066406,0,1,9,0.9243562817573547
COc1ccc2c(Oc3ccc(CC(=O)Nc4cn(C)nc4C)c(OC)c3)ccnc2c1,23.44,False,85.26166534423828,91.84435272216797,91.9271011352539,104.94952392578125,9.845207214355469,30.90441131591797,0,1,14,0.8124064207077026,85.26166534423828,91.84435272216797,91.9271011352539,94.64483642578125,6.063036918640137,19.716766357421875,0,1,6,0.9008591175079346
COc1ccc2nc(C)cc(-n3cc(CN4CCN(C(C)=O)CC4)nn3)c2c1,5.13,False,84.92491912841797,90.89370727539062,91.99369812011719,101.9662094116211,11.07542610168457,35.51686096191406,1,1,11,0.8328731656074524,84.92491912841797,90.89370727539062,91.99369812011719,92.56170654296875,4.248902797698975,13.058181762695312,1,1,6,0.9174951910972595
COc1ccc2nc(C)cc(-n3cc(CNC(C)=O)nn3)c2c1,6.76,False,81.36725616455078,90.89370727539062,96.736083984375,103.62832641601562,11.95438289642334,39.194923400878906,1,1,9,0.7851835489273071,81.36725616455078,90.89370727539062,96.736083984375,91.56912231445312,6.399988651275635,15.912178039550781,1,1,4,0.8885883688926697
COc1ccc2nc(C)cc(N3CC(CNC(=O)C4CC4)OC3=O)c2c1,19.5,False,91.15821075439453,91.92151641845703,92.84970092773438,102.49872589111328,8.132267951965332,21.517364501953125,0,0,11,0.8893594741821289,91.15821075439453,91.92151641845703,92.84970092773438,93.89824676513672,2.4140517711639404,5.6675262451171875,0,0,5,0.9708191156387329
COc1ccc2nc(C)cc(OCC(=O)NCc3ccccc3)c2c1,120.23,False,81.36947631835938,91.15819549560547,91.2800064086914,103.53950500488281,10.687755584716797,31.359901428222656,1,1,11,0.7858785390853882,81.36947631835938,91.15819549560547,91.2800064086914,90.13594055175781,5.540006637573242,15.366607666015625,1,1,4,0.9027417302131653
COc1ccc2nc(C)cc(OCC(=O)Nc3ccccc3OC)c2c1,150.0,False,90.15520477294922,91.15819549560547,96.736083984375,105.5623779296875,8.541167259216309,22.574172973632812,0,0,12,0.8540467619895935,90.15520477294922,91.15819549560547,96.736083984375,93.79248046875,3.1586897373199463,6.9652252197265625,0,0,4,0.9612199664115906
COc1ccc2nc(NC(=O)CCc3ccc(OC)c(OC)c3)sc2c1,150.0,False,88.12288665771484,92.61493682861328,96.63890838623047,103.63972473144531,8.930943489074707,24.515594482421875,0,1,11,0.8502810001373291,88.12288665771484,92.61493682861328,96.63890838623047,94.22209167480469,3.454371690750122,8.901641845703125,0,1,5,0.9352678060531616
COc1ccc2ncc(=O)n(CCN3CCC(NCc4cc5c(cn4)OCCO5)CC3)c2c1,150.0,False,74.51132202148438,90.47833251953125,91.0816421508789,99.62958526611328,10.713021278381348,39.71287536621094,1,1,15,0.7478834986686707,74.51132202148438,90.47833251953125,91.0816421508789,92.20874786376953,6.840137004852295,24.838584899902344,1,1,9,0.8080721497535706
COc1ccc2ncc(C#N)c(CCN3CCC(NCc4cc5c(cn4)OCS5)CC3)c2c1,72.44,False,74.63904571533203,89.0372085571289,89.54216766357422,98.68656158447266,11.031696319580078,38.28868103027344,1,3,14,0.756324291229248,74.63904571533203,89.0372085571289,89.54216766357422,90.34979248046875,6.8312907218933105,24.710861206054688,1,3,8,0.8261119723320007
COc1ccc2ncc(F)c(CCN3CCC(NCc4cc5c(cn4)OCCO5)CC3)c2n1,138.04,False,74.51132202148438,88.05183410644531,90.22879791259766,98.37957763671875,10.935669898986816,39.71287536621094,1,2,14,0.7573860883712769,74.51132202148438,88.05183410644531,90.22879791259766,91.5350341796875,6.954915523529053,24.838584899902344,1,2,9,0.8140197396278381
COc1ccc2ncc(F)c(CCN3CCC(NCc4ccc5c(n4)NC(=O)CO5)CC3)c2n1,39.81,False,74.50606536865234,86.20732116699219,88.05183410644531,98.18736267089844,12.084814071655273,39.01416015625,1,3,13,0.7588152289390564,74.50606536865234,86.20732116699219,88.05183410644531,89.81484985351562,7.107504367828369,24.843841552734375,1,3,8,0.8295517563819885
COc1cccc(CNc2nc(NC(C)C)nc3ccsc23)c1OC,150.0,False,81.79534149169922,91.91043853759766,96.26272583007812,103.2779541015625,10.850732803344727,33.87275695800781,1,1,10,0.7919922471046448,81.79534149169922,91.91043853759766,96.26272583007812,93.60506439208984,6.594210147857666,19.376449584960938,1,1,5,0.8738345503807068
COc1cccc(NC(=O)c2cccc(Cc3c(C)nn(CCO)c3-c3ccccc3)c2)c1,150.0,False,82.41350555419922,91.51194763183594,92.98072052001953,105.37397766113281,9.394192695617676,31.31275177001953,1,1,16,0.7821049094200134,82.41350555419922,91.51194763183594,92.98072052001953,92.2890853881836,5.455094814300537,15.389663696289062,1,1,5,0.8929929733276367
COc1cccc(Nc2c(C(N)=O)cnc3c(C)cc(S(=O)(=O)c4cccc(C(=O)N(C)C)c4)cc23)c1,75.025,False,89.17768096923828,91.520263671875,96.736083984375,106.90385437011719,8.07693099975586,23.865501403808594,0,1,14,0.8341858386993408,89.17768096923828,91.520263671875,96.736083984375,94.97014617919922,5.110520839691162,13.268882751464844,0,1,4,0.9390075206756592
COc1cccc(Nc2nc(NCC3CCCO3)c3ccccc3n2)c1,150.0,False,90.56986236572266,92.47872924804688,93.1563491821289,104.46630096435547,8.884100914001465,22.853607177734375,0,0,14,0.8669768571853638,90.56986236572266,92.47872924804688,93.1563491821289,94.43988800048828,2.5077550411224365,6.7155303955078125,0,0,6,0.959021270275116
COc1cccc2c1c(NS(=O)(=O)c1ccc(Cl)s1)nn2Cc1cccc(CNC(=O)C(C)(C)O)c1,32.5,False,81.45945739746094,85.48790740966797,96.9930648803711,106.03672790527344,10.856948852539062,34.681541442871094,1,2,13,0.7682192921638489,81.45945739746094,85.48790740966797,96.9930648803711,91.54010009765625,8.397063255310059,20.76050567626953,1,2,4,0.8898773193359375
COc1cccc2c1c(NS(=O)(=O)c1ccc(Cl)s1)nn2Cc1cccc(CNC(=O)[C@@H]2COCCN2)c1,23.0,False,81.5457763671875,84.83185577392578,85.48790740966797,103.07373809814453,11.52823257446289,34.59522247314453,2,3,16,0.7911401987075806,81.5457763671875,84.83185577392578,85.48790740966797,90.98040008544922,6.214256286621094,15.447288513183594,2,3,7,0.8963004946708679
COc1cccc2c1c(NS(=O)(=O)c1ccc(Cl)s1)nn2Cc1cccc(CNC(=O)[C@H]2COCCN2)c1,22.0,False,81.41683197021484,85.11148834228516,85.48790740966797,103.12531280517578,11.486087799072266,34.72416687011719,1,3,16,0.7894941568374634,81.41683197021484,85.11148834228516,85.48790740966797,91.09827423095703,6.264441967010498,15.57623291015625,1,3,7,0.8937252759933472
COc1cccc2c1c(NS(=O)(=O)c1ccc(Cl)s1)nn2Cc1cccc(CNC(C)=O)c1,81.5,False,81.51644897460938,85.48790740966797,96.9930648803711,105.66084289550781,11.058907508850098,34.624549865722656,1,2,13,0.7714915871620178,81.51644897460938,85.48790740966797,96.9930648803711,90.3184814453125,6.960137367248535,15.760032653808594,1,2,4,0.9025444984436035
COc1cccc2sc(NC(=O)c3ccccc3)nc12,16.0,False,97.16407012939453,109.10538482666016,110.88227081298828,109.2060775756836,5.024563312530518,15.635009765625,0,0,7,0.8897313475608826,97.16407012939453,97.16407012939453,97.16407012939453,97.16407012939453,0.0,0.0,0,0,1,1.0
COc1ccccc1-c1csc(-n2ncc(C#N)c2N)n1,54.95,False,97.1100082397461,110.33668518066406,110.84066772460938,110.98652648925781,6.383400917053223,21.859573364257812,0,0,7,0.8749711513519287,97.1100082397461,97.1100082397461,97.1100082397461,97.1100082397461,0.0,0.0,0,0,1,1.0
COc1ccccc1C(=O)/C=C/c1ccccc1C(F)(F)F,150.0,False,97.316162109375,102.17952728271484,104.62825775146484,108.71259307861328,4.796759605407715,15.011886596679688,0,0,11,0.895169198513031,97.316162109375,102.17952728271484,104.62825775146484,101.3746566772461,3.0389206409454346,7.312095642089844,0,0,3,0.9599654078483582
COc1ccccc1C(=O)Nc1ccc(Cc2ccncc2)cc1,103.2,False,82.05199432373047,97.316162109375,105.90755462646484,106.4738998413086,9.216739654541016,30.170265197753906,1,1,10,0.7706301212310791,82.05199432373047,97.316162109375,97.316162109375,89.68408203125,7.632083892822266,15.264167785644531,1,1,2,0.9149003028869629
COc1ccccc1CCNCc1ccc(CCNC[C@H](O)c2ccc(O)c3[nH]c(=O)sc23)cc1,29.0,False,79.77339172363281,83.16484069824219,88.16448211669922,99.84468841552734,11.761033058166504,32.49785614013672,2,5,16,0.7989748120307922,79.77339172363281,83.16484069824219,88.16448211669922,88.62666320800781,4.959969520568848,17.187705993652344,2,5,8,0.9001060128211975
COc1ccccc1CCNCc1cccc(CCNC[C@H](O)c2ccc(O)c3[nH]c(=O)sc23)c1,29.0,False,79.5758285522461,83.16484069824219,88.70410919189453,101.10235595703125,11.619173049926758,32.69541931152344,2,5,18,0.7870818376541138,79.5758285522461,83.16484069824219,88.70410919189453,88.66635131835938,5.001476287841797,17.385269165039062,2,5,8,0.8974749445915222
COc1ccccc1CN(C)Cc1cccc(CCNC[C@H](O)c2ccc(O)c3[nH]c(=O)sc23)c1,33.0,False,83.16484069824219,83.87486267089844,84.61116027832031,101.27842712402344,11.504783630371094,29.106407165527344,3,5,18,0.8211506009101868,83.16484069824219,83.87486267089844,84.61116027832031,88.88232421875,4.571728706359863,13.796257019042969,3,5,8,0.9356735348701477
COc1ccccc1CN1C(=O)c2ccccc2C1C(=O)NC1CCC(C)CC1,150.0,False,80.25550842285156,84.41497039794922,93.73375701904297,102.46721649169922,10.31122875213623,32.689002990722656,2,2,16,0.7832310795783997,80.25550842285156,84.41497039794922,93.73375701904297,93.30827331542969,6.659612655639648,20.101211547851562,2,2,8,0.8601114153862
COc1ccccc1OCCNCC(O)COc1cccc2[nH]c3ccccc3c12,26.3,False,90.7250747680664,92.29080200195312,92.83528900146484,105.3979721069336,8.34007453918457,22.287521362304688,0,0,17,0.8607857823371887,90.7250747680664,92.29080200195312,92.83528900146484,94.30333709716797,2.438514232635498,6.071296691894531,0,0,6,0.9620558023452759
COc1ccccc1Oc1c(NS(=O)(=O)c2ccc(C(C)(C)C)cc2)nc(-c2ncccn2)nc1OCCO,4.79,False,94.27339172363281,96.70915985107422,98.30290985107422,106.34699249267578,6.709997177124023,19.834373474121094,0,0,12,0.8864697217941284,94.27339172363281,96.70915985107422,98.30290985107422,97.39115905761719,2.199859142303467,6.0057830810546875,0,0,4,0.9679871797561646
COc1ccccc1SC[C@@H](C)CN[C@@H]1COc2ccccc2SC1,51.29,False,89.70258331298828,89.95865631103516,91.47570037841797,102.28182983398438,9.073813438415527,23.326316833496094,0,2,16,0.8770138621330261,89.70258331298828,89.95865631103516,91.47570037841797,93.55209350585938,3.230803966522217,10.004570007324219,0,2,8,0.95885169506073
COc1ccnc(CCc2nc3c(C)ccnc3[nH]2)c1,3.0,False,87.87735748291016,89.74179077148438,89.8812026977539,101.99923706054688,10.401299476623535,26.456283569335938,0,3,9,0.8615491390228271,87.87735748291016,89.74179077148438,89.8812026977539,91.0591049194336,3.371734619140625,8.858726501464844,0,3,4,0.965058445930481
COc1ccnc(CCc2nc3cc(Br)cnc3[nH]2)c1,16.1,False,87.87735748291016,89.76102447509766,96.736083984375,103.79423522949219,10.228019714355469,26.456283569335938,0,2,8,0.846649706363678,87.87735748291016,89.76102447509766,96.736083984375,91.4581527709961,3.8104636669158936,8.858726501464844,0,2,3,0.9608477354049683
COc1ccnc(CCc2nc3cccnc3[nH]2)c1,18.89,False,87.87735748291016,89.76102447509766,96.736083984375,104.53621673583984,9.892678260803223,26.456283569335938,0,2,9,0.8406403064727783,87.87735748291016,89.76102447509766,96.736083984375,91.4581527709961,3.8104636669158936,8.858726501464844,0,2,3,0.9608477354049683
COc1ccnc(CSc2nc3ccccc3[nH]2)c1,150.0,False,85.49483489990234,96.736083984375,105.91372680664062,107.16416931152344,9.270065307617188,28.83880615234375,0,1,9,0.7977930903434753,85.49483489990234,96.736083984375,96.736083984375,91.11546325683594,5.620624542236328,11.241249084472656,0,1,2,0.9383131265640259
COc1ccncc1-c1ccccc1CN(C(=O)c1ccc(-c2ccc(C#N)cc2)o1)c1ccc(N2CCNCC2)cc1,25.7,False,89.37999725341797,89.87931823730469,91.71451568603516,107.15262603759766,9.11013412475586,30.149826049804688,0,2,17,0.8341372609138489,89.37999725341797,89.87931823730469,91.71451568603516,92.02910614013672,3.077580690383911,7.7625885009765625,0,2,4,0.9712144732475281
COc1cnc(-c2ccccn2)nc1N(C)c1ccccc1,150.0,False,93.2608871459961,97.06072235107422,104.33456420898438,106.99800872802734,6.531365871429443,20.325347900390625,0,0,10,0.8716133236885071,93.2608871459961,97.06072235107422,104.33456420898438,98.2187271118164,4.594366550445557,11.073677062988281,0,0,3,0.9495224356651306
COc1nc(Br)cnc1NS(=O)(=O)c1ccc(Cl)s1,3.0,False,98.1563491821289,110.432861328125,115.89779663085938,110.15699768066406,7.294804573059082,17.984649658203125,0,0,4,0.8910586833953857,98.1563491821289,98.1563491821289,98.1563491821289,98.1563491821289,0.0,0.0,0,0,1,1.0
COc1nc(C)nc(Cl)c1NC1=NCCN1,3.0,False,86.23672485351562,91.50763702392578,92.0114517211914,91.94577026367188,4.176541328430176,11.790534973144531,0,1,4,0.9379085302352905,86.23672485351562,91.50763702392578,92.0114517211914,91.94577026367188,4.176541328430176,11.790534973144531,0,1,4,0.9379085302352905
COc1nc(N)nc2c1ncn2[C@@H]1O[C@H](CO)[C@@H](O)[C@H]1O,10.47,False,91.83966827392578,92.86455535888672,93.26363372802734,97.2218017578125,7.200336933135986,22.393157958984375,0,0,7,0.9446406960487366,91.83966827392578,92.86455535888672,93.26363372802734,94.38662719726562,2.053856611251831,6.111053466796875,0,0,6,0.9730156660079956
COc1nc2ccc(Br)cc2cc1[C@@H](c1ccccc1)[C@@](O)(CCN(C)C)c1cccc2ccccc12,14.13,False,86.3413314819336,91.7579574584961,92.2691879272461,106.54457092285156,8.303675651550293,27.221641540527344,0,1,19,0.8103775978088379,86.3413314819336,91.7579574584961,92.2691879272461,93.24561309814453,4.357102870941162,11.907257080078125,0,1,5,0.9259559512138367
COc1ncccc1-c1cccc2c(N)c3c(nc12)CN(C1CCC1)C3=O,4.88,False,79.11266326904297,91.2933578491211,97.74922943115234,102.7035140991211,10.122354507446289,33.716827392578125,1,1,11,0.7703014016151428,79.11266326904297,91.2933578491211,97.74922943115234,93.29489135742188,7.665966987609863,20.223617553710938,1,1,5,0.8479849696159363
CS(=O)(=O)C1(c2cc(N3CCOCC3)nc(-c3cccc4[nH]ncc34)n2)CC1,3.0,False,90.70357513427734,96.7226791381836,103.55399322509766,107.19168853759766,8.066929817199707,25.129989624023438,0,0,9,0.8461810350418091,90.70357513427734,96.7226791381836,103.55399322509766,96.99341583251953,5.249652862548828,12.850418090820312,0,0,3,0.9351518750190735
CS(=O)(=O)CCNCc1ccc(-c2ccc3ncnc(Nc4ccc(OCc5cccc(F)c5)c(Cl)c4)c3c2)o1,91.2,False,76.55750274658203,84.29651641845703,86.52975463867188,106.36946868896484,11.69754695892334,41.8133544921875,2,3,18,0.7197319269180298,76.55750274658203,84.29651641845703,86.52975463867188,90.08174133300781,10.000326156616211,27.159408569335938,2,3,5,0.849867045879364
CS(=O)(=O)N1CCN(Cc2cc3nc(-c4cccc5[nH]ncc45)nc(N4CCOCC4)c3s2)CC1,33.11,False,79.12584686279297,90.92701721191406,92.6033706665039,102.28044891357422,11.7732572555542,36.82771301269531,1,1,11,0.7736165523529053,79.12584686279297,90.92701721191406,92.6033706665039,92.75311279296875,7.171918869018555,23.581710815429688,1,1,6,0.8530802130699158
CS(=O)(=O)N1CC[C@H](N(Cc2ccccc2Cl)c2ccc(C#N)c(Cl)c2)C1,72.44,False,85.33941650390625,90.46708679199219,91.53380584716797,103.24149322509766,10.009160995483398,27.158218383789062,0,1,13,0.8265999555587769,85.33941650390625,90.46708679199219,91.53380584716797,93.20166015625,5.436201572418213,17.195648193359375,0,1,6,0.9156426787376404
CS(=O)(=O)N1CCc2c(-c3cnc(N)nc3)nc(N3CCOCC3)nc21,4.1850000000000005,False,83.92178344726562,90.9990005493164,91.36492156982422,95.1330795288086,7.258792877197266,21.08971405029297,1,1,6,0.8821514248847961,83.92178344726562,90.9990005493164,91.36492156982422,93.15738677978516,6.309366703033447,18.90545654296875,1,1,5,0.9008601903915405
CS(=O)(=O)NC(=O)CCCc1c(-c2ccc(F)cc2)[nH]c2ccc(C#N)cc12,14.3,False,87.63834381103516,93.19483947753906,97.89594268798828,105.21359252929688,9.479619979858398,26.28491973876953,0,1,9,0.8329564929008484,87.63834381103516,93.19483947753906,97.89594268798828,95.58979797363281,5.893344402313232,15.991744995117188,0,1,4,0.9168168902397156
CS(=O)(=O)Nc1ccc(CCOCCCS(=O)(=O)CCNCCc2ccc(O)c3nc(O)sc23)cc1,105.0,False,85.90985107421875,88.49341583251953,91.0238265991211,99.24028015136719,8.964886665344238,27.388160705566406,0,2,14,0.8656752109527588,85.90985107421875,88.49341583251953,91.0238265991211,94.26921081542969,5.062039852142334,17.354721069335938,0,2,10,0.9113246202468872
CS(=O)(=O)c1ccc(-c2cnc(N)c(-c3ccc(C(F)(F)F)nc3)c2)cc1,4.79,False,103.43302154541016,105.0936050415039,106.69448852539062,109.18049621582031,3.3892874717712402,9.73248291015625,0,0,8,0.9473580718040466,103.43302154541016,103.43302154541016,103.43302154541016,103.43302154541016,0.0,0.0,0,0,1,1.0
CS(=O)(=O)c1ccc(-c2cnc(N)c(C(=O)Nc3ccccc3)n2)cc1,19.05,False,103.43302154541016,106.04483032226562,111.02165985107422,109.68717193603516,3.2409682273864746,9.13824462890625,0,0,7,0.9429819583892822,103.43302154541016,103.43302154541016,103.43302154541016,103.43302154541016,0.0,0.0,0,0,1,1.0
CS(=O)(=O)c1ccc([C@@H](CC2CCCC2)C(=O)Nc2nccs2)cc1,20.89,False,84.31918334960938,92.60102844238281,94.81356048583984,102.30721282958984,10.4848051071167,33.748687744140625,1,1,10,0.8241763114929199,84.31918334960938,92.60102844238281,94.81356048583984,94.67308807373047,5.750057697296143,19.11383819580078,1,1,6,0.8906351923942566
CS(=O)(=O)c1ccc([C@@H](O)[C@@H](CF)NC(=O)C(Cl)Cl)cc1,69.18,False,83.01654052734375,88.96300506591797,93.53734588623047,98.97229766845703,10.318780899047852,29.562705993652344,1,2,7,0.8387856483459473,83.01654052734375,88.96300506591797,93.53734588623047,93.75917053222656,7.33605432510376,20.416481018066406,1,2,5,0.8854231834411621
CS(=O)(=O)c1ccc([C@H](CC2CCCC2)C(=O)Nc2nccs2)cc1,35.48,False,84.33953857421875,92.47203826904297,94.81031036376953,102.25870513916016,10.45101261138916,33.72833251953125,1,1,10,0.8247663378715515,84.33953857421875,92.47203826904297,94.81031036376953,94.66999053955078,5.763679027557373,19.093482971191406,1,1,6,0.8908793330192566
CS(=O)(=O)c1ccc2nc(N3CCN(C(=O)[C@@H]4CCCC[C@H]4C(=O)NC4(C#N)CC4)CC3)sc2c1,3.0,False,91.54695892333984,91.60686492919922,91.83606719970703,100.79949188232422,8.287103652954102,21.94664764404297,0,0,13,0.9082085490226746,91.54695892333984,91.60686492919922,91.83606719970703,95.77491760253906,3.9354686737060547,11.918746948242188,0,0,9,0.9558552503585815
CSCCC(NC(=O)c1ccccc1)c1nc2ccccc2n1Cc1ccc(C#N)cc1,150.0,False,81.75487518310547,86.33831787109375,91.57540893554688,104.04277038574219,10.766552925109863,31.141403198242188,1,2,14,0.7857814431190491,81.75487518310547,86.33831787109375,91.57540893554688,90.52848052978516,6.200072288513184,18.307594299316406,1,2,5,0.9030845761299133
CSCCC(NC(=O)c1cnccn1)c1nc2ccccc2[nH]1,74.0,False,84.74613189697266,91.99092864990234,92.91130828857422,103.6903305053711,9.345514297485352,28.319320678710938,1,1,11,0.8173002600669861,84.74613189697266,91.99092864990234,92.91130828857422,92.29938507080078,5.245965957641602,14.80303955078125,1,1,4,0.9181657433509827
CSCCC(NC(=O)c1sccc1Cl)c1nc2ccccc2[nH]1,150.0,False,84.71053314208984,91.99092864990234,92.91130828857422,104.8428955078125,10.932439804077148,31.525360107421875,1,1,10,0.8079758882522583,84.71053314208984,91.99092864990234,92.91130828857422,92.17945098876953,5.106850624084473,14.394508361816406,1,1,4,0.9189741611480713
CSc1c(C(=O)NC2C3CC4CC(C3)CC2C4)cnn1-c1ccc(C(=O)O)cc1,12.3,False,92.39514923095703,96.28062438964844,98.53644561767578,102.92942810058594,7.339255332946777,21.37065887451172,0,0,9,0.8976553082466125,92.39514923095703,96.28062438964844,98.53644561767578,98.05335235595703,3.0285253524780273,9.167045593261719,0,0,6,0.9422946572303772
CSc1ccc(N2C(N)=NC(N)=NC2(C)C)cc1,70.79,False,93.68915557861328,101.53181457519531,110.34427642822266,104.11285400390625,7.071488380432129,17.197021484375,0,0,4,0.8998807668685913,93.68915557861328,101.53181457519531,101.53181457519531,97.61048889160156,3.9213294982910156,7.842658996582031,0,0,2,0.9598267078399658
CSc1ccc2c(c1)N(CCC1CCCCN1C)c1ccccc1S2,114.0,False,89.2223892211914,89.44988250732422,89.96663665771484,101.02389526367188,8.976600646972656,22.395401000976562,0,3,16,0.8831810355186462,89.2223892211914,89.44988250732422,89.96663665771484,93.48976135253906,3.6035664081573486,9.270614624023438,0,3,9,0.9543546438217163
C[C@@H](C(=O)NCCN1CCCC1)c1ccc(OS(=O)(=O)C(F)(F)F)cc1,6.0,False,85.38475799560547,89.55419158935547,89.94556427001953,97.09878540039062,9.427961349487305,27.155563354492188,0,3,8,0.8793596625328064,85.38475799560547,89.55419158935547,89.94556427001953,92.1866455078125,4.6725616455078125,14.5062255859375,0,3,6,0.9262161254882812
C[C@@H](C(=O)NS(C)(=O)=O)c1ccc(OS(=O)(=O)C(F)(F)F)cc1,3.0,False,84.37239837646484,100.58219909667969,103.6331787109375,102.45164489746094,10.088088035583496,28.167922973632812,1,1,5,0.823533833026886,84.37239837646484,100.58219909667969,103.6331787109375,96.1959228515625,8.45276927947998,19.260780334472656,1,1,3,0.8770891427993774
C[C@@H](C(=O)O)c1cccc(C(=O)c2ccccc2)c1,21.3,False,83.58432006835938,100.92471313476562,109.79236602783203,106.69074249267578,8.749024391174316,27.79388427734375,1,1,9,0.7834261655807495,83.58432006835938,100.92471313476562,100.92471313476562,92.2545166015625,8.670196533203125,17.34039306640625,1,1,2,0.9060187339782715
C[C@@H](C(N)=O)c1ccc(OS(=O)(=O)C(F)(F)F)cc1,3.0,False,85.26959228515625,100.14893341064453,111.13493347167969,102.27344512939453,10.926794052124023,27.270729064941406,0,1,4,0.8337412476539612,85.26959228515625,100.14893341064453,100.14893341064453,92.70925903320312,7.439670562744141,14.879341125488281,0,1,2,0.9197527170181274
C[C@@H](NC(=O)C1CCNCC1)c1ccc(Nc2ncc3cc(-c4ccncc4)ccc3n2)cc1,3.0,False,84.22769927978516,89.88414764404297,90.53508758544922,103.38666534423828,9.457572937011719,29.2564697265625,1,2,13,0.8146862983703613,84.22769927978516,89.88414764404297,90.53508758544922,92.7671127319336,6.078555107116699,16.995704650878906,1,2,5,0.907947838306427
C[C@@H](NCc1ccccc1-c1ccc(CCNC[C@H](O)c2ccc(O)c3[nH]c(=O)sc23)cc1)c1ccccc1,108.0,False,80.1301040649414,83.1075668334961,83.16484069824219,102.10919189453125,11.920445442199707,32.141143798828125,3,5,18,0.7847491502761841,80.1301040649414,83.1075668334961,83.16484069824219,88.04286193847656,6.426276683807373,20.578636169433594,3,5,7,0.9101260900497437
C[C@@H](O)[C@H](NC(=O)c1ccc(C#Cc2ccc(CN3CCOCC3)cc2)cc1)C(=O)NO,27.02,False,84.16020965576172,89.11799621582031,92.41183471679688,100.30557250976562,10.010175704956055,28.636566162109375,1,2,10,0.8390382528305054,84.16020965576172,89.11799621582031,92.41183471679688,92.8973617553711,5.341347694396973,17.049072265625,1,2,6,0.9059483408927917
C[C@@H](O)[C@H]1C(=O)N2C(C(=O)O)=C(SC3CN(C4=NCCS4)C3)[C@H](C)[C@H]12,4.79,False,81.18817138671875,84.29878997802734,91.12108612060547,93.37922668457031,6.237127780914307,19.75513458251953,2,2,10,0.8694457411766052,81.18817138671875,84.29878997802734,91.12108612060547,93.37922668457031,6.237127780914307,19.75513458251953,2,2,10,0.8694457411766052
C[C@@H](O)[C@H]1C(=O)N2C(C(=O)OCOC(=O)C(C)(C)C)=C(SC3CN(C4=NCCS4)C3)[C@H](C)[C@H]12,150.0,False,80.70719909667969,84.29878997802734,91.12108612060547,94.298583984375,6.247457027435303,20.77056121826172,2,2,12,0.8558686375617981,80.70719909667969,84.29878997802734,91.12108612060547,94.298583984375,6.247457027435303,20.77056121826172,2,2,12,0.8558686375617981
C[C@@H](c1ccc(-c2ccc(F)cc2F)cc1)N1CC[C@@](CCO)(c2ccc(F)cc2)OC1=O,64.57,False,86.93169403076172,89.77515411376953,91.60449981689453,104.24851989746094,9.927385330200195,29.88903045654297,0,2,13,0.8338890075683594,86.93169403076172,89.77515411376953,91.60449981689453,94.36397552490234,5.13625955581665,13.330581665039062,0,2,6,0.921238124370575
C[C@@H](c1ccc(-c2ccc(F)cc2F)cc1)N1CC[C@](CCO)(c2ccc(F)cc2)OC1=O,3.3600000000000003,False,86.9560775756836,91.29166412353516,91.82071685791016,104.25434875488281,9.721291542053223,29.864646911621094,0,1,13,0.8340762853622437,86.9560775756836,91.29166412353516,91.82071685791016,94.54334259033203,4.8137102127075195,13.306198120117188,0,1,6,0.9197483062744141
C[C@@H]1CN(C(=O)N[C@H](Cc2ccc(F)cc2)C(=O)N2CCC(C(=O)NC(C)(C)C)(C3CCCCC3)CC2)C[C@H](C)N1,10.72,False,84.30005645751953,89.99340057373047,90.4212875366211,96.40081024169922,7.386990547180176,29.406845092773438,1,2,17,0.8744745850563049,84.30005645751953,89.99340057373047,90.4212875366211,94.2713623046875,4.8022894859313965,17.456069946289062,1,2,15,0.8942276239395142
C[C@@H]1CN(C(=O)[C@@H]2CN(C(C)(C)C)C[C@H]2c2ccc(F)cc2F)C[C@H](C)[C@@]1(O)c1ccccc1,25.12,False,86.79351043701172,89.62274932861328,90.1300048828125,100.58692932128906,9.553049087524414,29.675521850585938,0,2,17,0.8628706932067871,86.79351043701172,89.62274932861328,90.1300048828125,94.0984878540039,4.359923839569092,13.07415771484375,0,2,11,0.9223688244819641
C[C@@H]1CN(Cc2cc(Cl)ccc2OCC(=O)O)CCN1S(=O)(=O)c1ccccc1,7.48,False,83.0752182006836,87.2426986694336,92.38153839111328,101.23085021972656,10.636837005615234,29.81696319580078,1,2,13,0.8206511735916138,83.0752182006836,87.2426986694336,92.38153839111328,92.03496551513672,5.140743255615234,17.138412475585938,1,2,7,0.9026484489440918
C[C@@H]1CN(Cc2cc(Cl)ccc2OCC(=O)O)C[C@H](C)N1C(=O)Cc1ccccc1,20.0,False,82.93732452392578,87.2426986694336,88.09953308105469,99.48524475097656,10.657808303833008,29.954856872558594,1,3,15,0.83366459608078,82.93732452392578,87.2426986694336,88.09953308105469,91.3895034790039,5.001560688018799,16.376510620117188,1,3,9,0.907514750957489
C[C@@H]1CN(Cc2nnc(-c3cc(-c4cccc5[nH]ccc45)cc4[nH]ncc34)o2)C[C@H](C)O1,54.95,False,81.29186248779297,92.55911254882812,92.55911254882812,104.65409851074219,11.034789085388184,36.49750518798828,1,1,15,0.7767671346664429,81.29186248779297,92.55911254882812,92.55911254882812,93.96080780029297,6.319509029388428,20.25433349609375,1,1,7,0.8651677966117859
C[C@@H]1CN(c2ccc(F)cc2C(F)(F)F)CCN1S(=O)(=O)c1ccc(C(N)=O)cc1Cl,63.1,False,91.4373550415039,91.64229583740234,93.29559326171875,104.1064453125,9.120393753051758,22.59961700439453,0,0,11,0.8783063888549805,91.4373550415039,91.64229583740234,93.29559326171875,94.50321960449219,3.293539524078369,8.840362548828125,0,0,5,0.9675580859184265
C[C@@H]1CN(c2ccc3c(n2)NC(=O)CO3)[C@H](c2ccccc2)CO1,52.48,False,82.4811019897461,86.20732116699219,90.53548431396484,100.78511047363281,10.98625373840332,30.5802001953125,1,2,11,0.8183857798576355,82.4811019897461,86.20732116699219,90.53548431396484,91.71085357666016,6.292747497558594,19.392044067382812,1,2,6,0.8993602991104126
C[C@@H]1CN[C@@H](C2CC2)C(=O)N(C)[C@H](C)C(=O)N[C@H](Cc2ccc(F)cc2)C(=O)NCCCc2ccccc2O1,26.92,False,79.18118286132812,79.87810516357422,80.65038299560547,98.43279266357422,11.491175651550293,34.49882507324219,3,4,20,0.8044187426567078,79.18118286132812,79.87810516357422,80.65038299560547,90.39933013916016,7.354433059692383,21.916893005371094,3,4,12,0.8759045600891113
C[C@@H]1C[C@H]2[C@@H]3CCC4=CC(=O)C=C[C@]4(C)[C@@]3(F)[C@@H](O)C[C@]2(C)[C@@]1(O)C(=O)CO,31.0,False,78.05445861816406,83.23790740966797,88.94527435302734,95.87205505371094,9.00027847290039,33.973655700683594,2,4,15,0.8141523599624634,78.05445861816406,83.23790740966797,88.94527435302734,92.3905258178711,6.2340521812438965,21.608131408691406,2,4,12,0.8448318243026733
C[C@@H]1Cc2c([nH]c3cc(Cl)c(F)cc23)[C@]2(N1)C(=O)Nc1ccc(Cl)cc12,7.24,False,87.78575897216797,90.40680694580078,101.00814056396484,105.7860336303711,10.471553802490234,26.544967651367188,0,1,8,0.8298426270484924,87.78575897216797,90.40680694580078,101.00814056396484,93.06690216064453,5.716346263885498,13.222381591796875,0,1,3,0.9432543516159058
C[C@@](C(=O)OC1CC[N+](C)(C)CC1)(c1ccccc1)C1CCCC1,128.0,False,92.90091705322266,94.54788970947266,95.19605255126953,101.169189453125,6.362680435180664,18.330520629882812,0,0,11,0.9182727932929993,92.90091705322266,94.54788970947266,95.19605255126953,97.56654357910156,2.8314905166625977,8.861602783203125,0,0,8,0.952180027961731
C[C@@](C(=O)O[C@H]1C[N+]2(CC(=O)Nc3cccc(F)c3)CCC1CC2)(c1ccccc1)N1CCCCC1,67.0,False,92.53597259521484,94.32182312011719,97.06879425048828,103.59111785888672,7.462497711181641,22.14752197265625,0,0,17,0.8932809829711914,92.53597259521484,94.32182312011719,97.06879425048828,97.58700561523438,2.3578035831451416,8.093826293945312,0,0,10,0.9482406973838806
C[C@@](C(=O)O[C@H]1C[N+]2(CC(=O)Nc3ccccc3)CCC1CC2)(c1ccccc1)N1CCCCC1,64.0,False,92.53597259521484,94.32182312011719,97.06879425048828,102.70629119873047,6.871535301208496,19.4490966796875,0,0,16,0.9009766578674316,92.53597259521484,94.32182312011719,97.06879425048828,97.58700561523438,2.3578035831451416,8.093826293945312,0,0,10,0.9482406973838806
C[C@@](C(=O)O[C@H]1C[N+]2(CC(=O)Nc3ccccn3)CCC1CC2)(c1ccccc1)N1CCCCC1,64.0,False,92.53597259521484,94.27340698242188,97.06879425048828,103.09957885742188,6.9726786613464355,20.889083862304688,0,0,17,0.8975397944450378,92.53597259521484,94.27340698242188,97.06879425048828,97.58216857910156,2.3645436763763428,8.093826293945312,0,0,10,0.9482877254486084
C[C@@](C(=O)O[C@H]1C[N+]2(CC(=O)Nc3ccncn3)CCC1CC2)(c1ccccc1)N1CCCCC1,39.0,False,92.53597259521484,94.27340698242188,97.06879425048828,102.25936889648438,6.576128959655762,22.23480224609375,0,0,16,0.904914379119873,92.53597259521484,94.27340698242188,97.06879425048828,97.58216857910156,2.3645436763763428,8.093826293945312,0,0,10,0.9482877254486084
C[C@@](C(=O)O[C@H]1C[N+]2(CCCOc3ccc(F)cc3)CCC1CC2)(c1ccccc1)N1CCCCC1,66.0,False,92.53597259521484,94.98860168457031,96.66607666015625,101.61237335205078,6.692394256591797,20.958267211914062,0,0,17,0.9106762409210205,92.53597259521484,94.98860168457031,96.66607666015625,97.45806121826172,2.088228940963745,8.093826293945312,0,0,12,0.9494953155517578
C[C@@](C(=O)O[C@H]1C[N+]2(CCCc3cc4ccccc4s3)CCC1CC2)(c1ccccc1)N1CCCCC1,65.0,False,84.88817596435547,92.53597259521484,95.90929412841797,102.57911682128906,8.056467056274414,29.308059692382812,1,1,20,0.8275385499000549,84.88817596435547,92.53597259521484,95.90929412841797,96.54122161865234,4.043088912963867,15.741622924804688,1,1,12,0.8792946338653564
C[C@@](C(=O)O[C@H]1C[N+]2(CCCc3ccc4ncsc4c3)CCC1CC2)(c1ccccc1)N1CCCCC1,66.0,False,87.87627410888672,92.53597259521484,96.3656997680664,102.0897445678711,7.331639766693115,24.976585388183594,0,1,19,0.8607747554779053,87.87627410888672,92.53597259521484,96.3656997680664,96.89041137695312,3.343928337097168,12.753524780273438,0,1,12,0.9069656133651733
C[C@@](C(=O)O[C@H]1C[N+]2(CCCc3ccncc3)CCC1CC2)(c1ccccc1)N1CCCCC1,82.0,False,88.77803802490234,92.53597259521484,96.2613296508789,100.81654357910156,6.636778354644775,22.831893920898438,0,1,17,0.8805899620056152,88.77803802490234,92.53597259521484,96.2613296508789,96.95685577392578,3.146501064300537,11.851760864257812,0,1,12,0.9156447649002075
C[C@@](C(=O)O[C@H]1C[N+]2(CCCc3cncnc3)CCC1CC2)(c1ccccc1)N1CCCCC1,66.0,False,88.67281341552734,92.53597259521484,96.75872039794922,100.52880859375,6.244420528411865,22.558624267578125,0,1,17,0.8820636868476868,88.67281341552734,92.53597259521484,96.75872039794922,97.59050750732422,3.6838672161102295,16.1292724609375,0,1,13,0.9086213111877441
C[C@@](C(=O)O[C@H]1C[N+]2(CCOCCc3ccccc3)CCC1CC2)(c1ccccc1)N1CCCCC1,77.0,False,88.79147338867188,92.53597259521484,92.9894790649414,101.09223175048828,7.2227091789245605,22.439964294433594,0,1,19,0.8783214092254639,88.79147338867188,92.53597259521484,92.9894790649414,96.54527282714844,3.2794997692108154,11.838325500488281,0,1,13,0.9196874499320984
C[C@@](C(=O)O[C@H]1C[N+]2(CCOc3ccc(Cl)cc3)CCC1CC2)(c1ccccc1)N1CCCCC1,60.0,False,92.53597259521484,94.26970672607422,96.88603973388672,101.79826354980469,6.647374629974365,19.85235595703125,0,0,16,0.9090132713317871,92.53597259521484,94.26970672607422,96.88603973388672,97.50397491455078,2.2591476440429688,8.093826293945312,0,0,11,0.9490482211112976
C[C@@](C(=O)O[C@H]1C[N+]2(CCc3c[nH]c4ccccc34)CCC1CC2)(c1ccccc1)N1CCCCC1,53.0,False,86.03120422363281,92.53597259521484,97.06368255615234,103.24639892578125,8.258663177490234,31.67949676513672,0,1,19,0.8332610726356506,86.03120422363281,92.53597259521484,97.06368255615234,96.7940673828125,3.9472742080688477,14.598594665527344,0,1,11,0.8888065814971924
C[C@@](C(=O)O[C@H]1C[N+]2(CCc3ccccc3)CCC1CC2)(c1ccccc1)N1CCCCC1,76.0,False,87.5687026977539,92.53597259521484,96.73538970947266,101.84051513671875,7.302542209625244,23.662734985351562,0,1,17,0.8598611354827881,87.5687026977539,92.53597259521484,96.73538970947266,96.88334655761719,3.5725746154785156,13.06109619140625,0,1,11,0.9038571119308472
C[C@@](C(=O)O[C@H]1C[N+]2(CCc3ccccc3F)CCC1CC2)(c1ccccc1)N1CCCCC1,130.0,False,88.84880828857422,92.53597259521484,97.06368255615234,102.67892456054688,7.542613983154297,24.6640625,0,1,18,0.8653071522712708,88.84880828857422,92.53597259521484,97.06368255615234,97.03518676757812,3.2748427391052246,11.780990600585938,0,1,11,0.9156349301338196
C[C@@](C(=O)O[C@H]1C[N+]2(Cc3cc(-c4ccccc4)on3)CCC1CC2)(c1ccccc1)N1CCCCC1,110.0,False,91.40476989746094,92.53597259521484,97.0705795288086,103.52165222167969,8.044716835021973,28.939476013183594,0,0,17,0.8829531669616699,91.40476989746094,92.53597259521484,97.0705795288086,97.28474426269531,2.864868640899658,9.225028991699219,0,0,10,0.9395591616630554
C[C@@](C(=O)O[C@H]1C[N+]2(Cc3nc(-c4ccccc4)no3)CCC1CC2)(c1ccccc1)N1CCCCC1,55.0,False,90.70438385009766,92.53597259521484,97.0705795288086,102.47077941894531,7.198156833648682,21.361770629882812,0,0,16,0.8851731419563293,90.70438385009766,92.53597259521484,97.0705795288086,97.21240997314453,3.0096213817596436,9.9254150390625,0,0,10,0.9330535531044006
C[C@@](CCc1ccc(-c2ccc(Cl)cc2)cc1)(C(=O)NO)S(C)(=O)=O,3.0,False,88.34559631347656,97.8858642578125,100.32530975341797,104.32002258300781,7.924964904785156,24.39653778076172,0,1,8,0.8468709588050842,88.34559631347656,97.8858642578125,100.32530975341797,97.50647735595703,5.6472296714782715,15.123542785644531,0,1,4,0.9060484766960144
C[C@@]1(C(=O)Nc2ccc(F)nc2)CCCN1c1nc(Nc2cc(C3CC3)n[nH]2)c2cccn2n1,70.79,False,90.01454162597656,96.43018341064453,97.2457046508789,107.710205078125,9.671578407287598,30.110305786132812,0,0,13,0.8357104063034058,90.01454162597656,96.43018341064453,97.2457046508789,96.95325469970703,3.873086452484131,11.155632019042969,0,0,5,0.9284324049949646
C[C@H](C#Cc1ccc(Cc2ccc(F)cc2)s1)N(O)C(N)=O,3.0,False,79.17171478271484,83.26256561279297,102.6494369506836,102.96067810058594,14.368074417114258,36.74449157714844,2,2,7,0.7689509987831116,79.17171478271484,83.26256561279297,102.6494369506836,88.36123657226562,10.240385055541992,23.47772216796875,2,2,3,0.8960005044937134
C[C@H](C(=O)O)c1cccc(C(=O)c2ccccc2)c1,21.0,False,83.69544219970703,100.84471893310547,109.74005889892578,106.68807983398438,8.720169067382812,27.677696228027344,1,1,9,0.7844873070716858,83.69544219970703,100.84471893310547,100.84471893310547,92.27008056640625,8.574638366699219,17.149276733398438,1,1,2,0.9070702195167542
C[C@H](CO)Nc1nc(SCc2cccc(Cl)c2F)nc2[nH]c(=O)sc12,18.455,False,86.87334442138672,91.60237121582031,92.19576263427734,101.280517578125,10.385168075561523,26.054702758789062,0,1,7,0.8577498197555542,86.87334442138672,91.60237121582031,92.19576263427734,92.94489288330078,5.144538402557373,14.234748840332031,0,1,4,0.9346758127212524
C[C@H](CO)Nc1nc(SCc2cccc(F)c2F)nc2[nH]c(=O)cnc12,32.61,False,86.87525177001953,90.50643920898438,92.0889663696289,102.03895568847656,10.264697074890137,27.080917358398438,0,1,8,0.8513929843902588,86.87525177001953,90.50643920898438,92.0889663696289,92.62539672851562,5.208044052124023,14.155677795410156,0,1,4,0.9379204511642456
C[C@H](CO)Nc1nc(SCc2cccc(F)c2F)nc2[nH]ncc12,17.78,False,86.86705017089844,91.51091003417969,92.19576263427734,102.99830627441406,10.732112884521484,27.08911895751953,0,1,8,0.8433833122253418,86.86705017089844,91.51091003417969,92.19576263427734,92.92045593261719,5.152502536773682,14.241043090820312,0,1,4,0.9348539113998413
C[C@H](CO)Nc1nc(SCc2cccc(F)c2F)nc2nc(N)sc12,12.375,False,86.86705017089844,91.60237121582031,92.19576263427734,101.47417449951172,10.605157852172852,27.08911895751953,0,1,7,0.8560507893562317,86.86705017089844,91.60237121582031,92.19576263427734,92.94331359863281,5.146395683288574,14.241043090820312,0,1,4,0.9346239566802979
C[C@H](CO)Nc1nc(SCc2ccccc2)nc2[nH]c(=O)sc12,11.225,False,86.7335433959961,91.60237121582031,92.19576263427734,100.66099548339844,9.77166748046875,24.497894287109375,0,1,7,0.8616400361061096,86.7335433959961,91.60237121582031,92.19576263427734,92.90994262695312,5.185975551605225,14.374549865722656,0,1,4,0.9335227608680725
C[C@H](CO)Nc1nc(SCc2ccccc2F)nc2[nH]c(=O)sc12,29.060000000000002,False,86.8581771850586,91.60237121582031,92.19576263427734,102.54396057128906,10.29110336303711,26.887916564941406,0,1,8,0.8470335602760315,86.8581771850586,91.60237121582031,92.19576263427734,92.94110107421875,5.1490159034729,14.249916076660156,0,1,4,0.9345507621765137
C[C@H](CO)Nc1nc(SCc2ccccc2F)nc2nc(N)sc12,12.375,False,86.8581771850586,91.60237121582031,92.19576263427734,102.54396057128906,10.29110336303711,26.887916564941406,0,1,8,0.8470335602760315,86.8581771850586,91.60237121582031,92.19576263427734,92.94110107421875,5.1490159034729,14.249916076660156,0,1,4,0.9345507621765137
C[C@H](CO)Nc1nc(SCc2ccco2)nc2[nH]c(=O)sc12,44.15,False,82.1213150024414,91.60237121582031,92.19576263427734,103.05562591552734,14.001386642456055,36.334800720214844,1,1,7,0.7968639731407166,82.1213150024414,91.60237121582031,92.19576263427734,91.75688171386719,6.71762228012085,18.986778259277344,1,1,4,0.8949880599975586
C[C@H](CO)n1ccc2c(NC(=O)Cc3ccc(Cl)c(C(F)(F)F)c3)cccc2c1=O,29.0,False,89.00409698486328,90.8408203125,92.71753692626953,105.87755584716797,9.333845138549805,25.571304321289062,0,1,12,0.8406323194503784,89.00409698486328,90.8408203125,92.71753692626953,93.21944427490234,4.30204963684082,11.311233520507812,0,1,4,0.9547803997993469
C[C@H](CS)C(=O)N1CCC[C@H]1C(=O)O,57.11,False,80.64384460449219,90.93263244628906,91.4184799194336,93.17048645019531,6.087340831756592,19.191444396972656,1,1,7,0.8655514121055603,80.64384460449219,90.93263244628906,91.4184799194336,93.17048645019531,6.087340831756592,19.191444396972656,1,1,7,0.8655514121055603
C[C@H](Cc1cccc(CC(=O)NC23CC4CC(CC(C4)C2)C3)c1)NC[C@H](O)c1ccc(O)c(CO)c1,32.45,False,82.68639373779297,83.39356994628906,88.1438217163086,100.04592895507812,10.669325828552246,30.421302795410156,2,5,17,0.8264843225479126,82.68639373779297,83.39356994628906,88.1438217163086,92.17772674560547,6.537199020385742,17.857330322265625,2,5,10,0.8970322608947754
C[C@H](NC(=O)c1cccc2c1N(Cc1ccc(Cl)cc1)CC2)c1ccc(C(=O)O)cc1,13.18,False,80.04745483398438,83.50514221191406,84.68339538574219,101.48563385009766,12.663220405578613,32.69093322753906,3,4,12,0.7887564897537231,80.04745483398438,83.50514221191406,84.68339538574219,87.61244201660156,7.339572429656982,21.19293212890625,3,4,5,0.9136539697647095
C[C@H](Nc1nc(Nc2cc(C3CC3)[nH]n2)cnc1C#N)c1ccc(F)cn1,5.470000000000001,False,79.94499969482422,97.4835433959961,101.90503692626953,105.37075805664062,10.830780982971191,39.764732360839844,1,1,9,0.7587019801139832,79.94499969482422,97.4835433959961,101.90503692626953,93.11119842529297,9.483280181884766,21.960037231445312,1,1,3,0.8585970401763916
C[C@H](Oc1ccc(Cl)cc1CN1CCN(C(=O)Cc2ccc(Cl)cc2)[C@@H](C)C1)C(=O)O,3.85,False,82.9505615234375,86.03058624267578,87.56877136230469,99.23576354980469,10.725027084350586,29.917274475097656,1,3,14,0.8358938097953796,82.9505615234375,86.03058624267578,87.56877136230469,92.0657730102539,5.885261058807373,19.068748474121094,1,3,9,0.9009923934936523
C[C@H](c1nc2ncccc2c(=O)n1-c1ccc(Cl)cc1)N(CC1CCS(=O)(=O)CC1)C(=O)Cc1ccc(C(F)(F)F)c(F)c1,6.105,False,86.50139617919922,87.91889190673828,93.76021575927734,103.86273956298828,9.536758422851562,27.91364288330078,0,2,15,0.8328433632850647,86.50139617919922,87.91889190673828,93.76021575927734,95.88321685791016,5.8073039054870605,17.749412536621094,0,2,8,0.9021536707878113
C[C@H]1CN(Cc2cc(Cl)ccc2CC(=O)O)CCN1C(=O)Cc1ccc(Cl)cc1,8.25,False,83.4388198852539,87.53370666503906,87.56877136230469,99.17517852783203,10.921388626098633,29.704620361328125,1,3,13,0.8413276672363281,83.4388198852539,87.53370666503906,87.56877136230469,91.07050323486328,4.745822906494141,17.105880737304688,1,3,8,0.9162002801895142
C[C@H]1CN(Cc2cc(Cl)ccc2CC(=O)O)CCN1S(=O)(=O)Cc1ccccc1,8.85,False,83.4388198852539,87.53370666503906,88.26529693603516,100.42329406738281,10.537001609802246,29.704620361328125,1,3,14,0.8308711647987366,83.4388198852539,87.53370666503906,88.26529693603516,91.94953918457031,5.119034290313721,17.4765625,1,3,8,0.9074414372444153
C[C@H]1CN(Cc2cc(Cl)ccc2CCC(=O)O)CCN1C(=O)Cc1ccccc1,3.0,False,83.77239227294922,87.89325714111328,88.37413787841797,99.38642883300781,10.490041732788086,29.169418334960938,1,3,15,0.8428956866264343,83.77239227294922,87.89325714111328,88.37413787841797,91.27836608886719,4.314657688140869,16.772308349609375,1,3,9,0.9177682995796204
C[C@H]1CN(Cc2cc(Cl)ccc2OC(C)(C)C(=O)O)CCN1S(=O)(=O)c1ccccc1,17.0,False,82.70157623291016,92.29405975341797,92.4615249633789,102.47550201416016,9.817843437194824,30.143577575683594,1,1,13,0.8070375323295593,82.70157623291016,92.29405975341797,92.4615249633789,94.32374572753906,5.883296966552734,18.977157592773438,1,1,7,0.8767842650413513
C[C@H]1CN(Cc2cc(Cl)ccc2OCC(=O)O)CCN1C(=O)Cc1ccc(Cl)cc1,3.0,False,83.06218719482422,87.2426986694336,87.56877136230469,99.1072998046875,10.965802192687988,29.829994201660156,1,3,13,0.8381036520004272,83.06218719482422,87.2426986694336,87.56877136230469,90.98704528808594,4.849750518798828,17.482513427734375,1,3,8,0.9129012227058411
C[C@H]1CN(Cc2cc(Cl)ccc2OCC(=O)O)CCN1C(=O)Cc1ccc(F)cc1,3.0,False,83.06218719482422,87.2426986694336,87.56877136230469,99.19574737548828,11.077598571777344,30.767913818359375,1,3,13,0.8373563289642334,83.06218719482422,87.2426986694336,87.56877136230469,90.98704528808594,4.849750518798828,17.482513427734375,1,3,8,0.9129012227058411
C[C@H]1CN(Cc2cc(Cl)ccc2OCC(=O)O)CCN1C(=O)Cc1cccc(Cl)c1,12.0,False,83.06218719482422,87.2426986694336,89.0439682006836,100.95970916748047,11.035219192504883,29.925010681152344,1,3,15,0.8227260708808899,83.06218719482422,87.2426986694336,89.0439682006836,91.17144775390625,4.743147373199463,17.482513427734375,1,3,8,0.9110548496246338
C[C@H]1CN(Cc2cc(Cl)ccc2OCC(=O)O)CCN1C(=O)Cc1ccccc1,3.5,False,83.06218719482422,87.2426986694336,88.37413787841797,99.89106750488281,10.803067207336426,29.829994201660156,1,3,14,0.8315276503562927,83.06218719482422,87.2426986694336,88.37413787841797,91.08772277832031,4.785685062408447,17.482513427734375,1,3,8,0.9118922352790833
C[C@H]1CN(Cc2cc(Cl)ccc2OCC(=O)O)CCN1C(=O)Cc1ccccc1Cl,13.0,False,83.06218719482422,87.2426986694336,90.31073760986328,100.94255065917969,10.842025756835938,29.829994201660156,1,2,15,0.8228659629821777,83.06218719482422,87.2426986694336,90.31073760986328,91.32979583740234,4.690330982208252,17.482513427734375,1,2,8,0.9094752073287964
C[C@H]1CN(Cc2cc(Cl)ccc2OCC(=O)O)CCN1S(=O)(=O)c1ccccc1,3.0,False,83.06218719482422,87.2426986694336,92.29405975341797,101.37934875488281,10.567553520202637,29.829994201660156,1,2,13,0.819320559501648,83.06218719482422,87.2426986694336,92.29405975341797,92.31297302246094,5.368998050689697,17.885101318359375,1,2,7,0.8997889161109924
C[C@H]1COCCN1c1nc(N2CCOC[C@@H]2C)c2ccc(-c3ccc4nc[nH]c(=O)c4c3)nc2n1,150.0,False,89.66197967529297,90.18317413330078,90.83262634277344,100.85990905761719,8.625234603881836,24.094314575195312,0,1,16,0.8889754414558411,89.66197967529297,90.18317413330078,90.83262634277344,94.76870727539062,4.0099639892578125,11.385162353515625,0,1,10,0.9461137652397156
C[C@H]1COCCN1c1nc(N2CCOC[C@@H]2C)c2ccc(-c3cccc(C(=O)NCCO)c3)nc2n1,10.0,False,89.66197967529297,90.18317413330078,90.83262634277344,99.75293731689453,8.43480396270752,22.666343688964844,0,1,18,0.8988404870033264,89.66197967529297,90.18317413330078,90.83262634277344,94.23638153076172,3.852520227432251,11.385162353515625,0,1,12,0.951458215713501
C[C@H]1C[C@@H](NS(=O)(=O)c2cc(Br)ccc2Br)CN1C#N,39.0,False,91.23884582519531,91.44007873535156,93.20417022705078,101.68637084960938,9.2166166305542,22.36687469482422,0,0,8,0.897257387638092,91.23884582519531,91.44007873535156,93.20417022705078,94.9997787475586,4.058330059051514,10.638191223144531,0,0,5,0.9604111313819885
C[C@H]1C[C@@H]2[C@H]([C@@H](O)C[C@@]3(C)[C@H]2CC[C@]3(O)C(=O)CO)[C@@]2(C)C=CC(=O)C=C12,79.56,False,77.51094818115234,81.63922119140625,89.39151763916016,96.09561157226562,8.825050354003906,34.318321228027344,2,3,16,0.8066023588180542,77.51094818115234,81.63922119140625,89.39151763916016,93.00887298583984,6.613200664520264,22.879112243652344,2,3,13,0.8333715200424194
C[C@H]1Cc2c([nH]c3cc(Cl)c(F)cc23)[C@@]2(N1)C(=O)Nc1ccc(Cl)cc12,8.71,False,87.8808822631836,90.31645965576172,100.87837219238281,105.77545166015625,10.480480194091797,26.491668701171875,0,1,8,0.8308249115943909,87.8808822631836,90.31645965576172,100.87837219238281,93.02523803710938,5.641323566436768,12.997489929199219,0,1,3,0.9446993470191956
C[C@]1(O)C[C@@H](c2nc(-c3ccc4ccc(-c5ccccc5)nc4c3)c3c(N)nccn32)C1,16.98,False,86.181640625,100.5307846069336,100.86882019042969,107.5487289428711,7.521078109741211,29.190650939941406,0,1,14,0.8013264536857605,86.181640625,100.5307846069336,100.86882019042969,97.11251831054688,6.312452793121338,14.687179565429688,0,1,4,0.887441098690033
C[C@]12CCC(=O)C=C1C=C[C@@H]1[C@@H]2CC[C@@]2(C)[C@H]1CC[C@@]21CCC(=O)O1,26.16,False,71.62638092041016,90.5295181274414,90.75249481201172,96.7769546508789,9.000248908996582,40.19178771972656,1,1,16,0.740118145942688,71.62638092041016,90.5295181274414,90.75249481201172,93.67565155029297,6.89461612701416,26.78045654296875,1,1,13,0.7646211385726929
C[C@]12CCC(=O)C=C1CC[C@@H]1[C@@H]2C(=O)C[C@@]2(C)[C@H]1CC[C@]2(O)C(=O)CO,17.38,False,77.51094818115234,78.99504852294922,82.1156234741211,92.865234375,8.502792358398438,33.397857666015625,3,3,14,0.834660530090332,77.51094818115234,78.99504852294922,82.1156234741211,91.47726440429688,7.133616924285889,21.003456115722656,3,3,13,0.8473247289657593
C[C@]12CC[C@H](O)CC1=CCC1C2CC[C@]2(C)C(n3cnc4ccccc43)=CCC12,34.67,False,82.19538879394531,82.1985855102539,82.40471649169922,98.73377990722656,10.586807250976562,31.53246307373047,3,4,20,0.8324950933456421,82.19538879394531,82.1985855102539,82.40471649169922,91.982421875,6.32309627532959,17.347091674804688,3,4,13,0.8935988545417786
C[C@]12CC[C@H]3[C@@H](CCC4=CC(=O)CC[C@@]43C)[C@@H]1CC[C@@H]2O,150.0,False,82.3974838256836,90.23185729980469,90.77436065673828,95.43328094482422,5.912247657775879,28.546493530273438,1,1,15,0.8634040951728821,82.3974838256836,90.23185729980469,90.77436065673828,94.32537841796875,4.363437652587891,16.34039306640625,1,1,14,0.873545229434967
C[C@]12Cc3cnn(-c4ccc(F)cc4)c3C=C1CC[C@@]2(O)CCc1ccc(F)cc1C(N)=O,52.48,False,79.89026641845703,85.3442611694336,87.18692779541016,102.85690307617188,11.928756713867188,35.045745849609375,1,3,13,0.7767127156257629,79.89026641845703,85.3442611694336,87.18692779541016,91.25006103515625,7.482718467712402,20.076690673828125,1,3,6,0.8755092024803162
C[N+]1(C)CCC(OC(=O)C(O)(c2ccccc2)C2CCCC2)C1,91.0,False,,,,,,,0,0,0,,,,,,,,0,0,0,
C[N+]1(C)[C@@H]2C[C@@H](OC(=O)C(O)(c3cccs3)c3cccs3)C[C@H]1[C@@H]1O[C@@H]12,69.0,False,,,,,,,0,0,0,,,,,,,,0,0,0,
Cc1[nH]c2ccc(-c3nnc(SCC(=O)N4CCCc5ccccc54)o3)cc2c1C,150.0,False,84.77169036865234,85.41809844970703,87.94239044189453,101.78839874267578,11.016948699951172,27.78343963623047,1,3,13,0.8328227400779724,84.77169036865234,85.41809844970703,87.94239044189453,90.4503173828125,4.831557273864746,13.380210876464844,1,3,6,0.9372182488441467
Cc1[nH]c2nc(NCc3cccc(Br)c3)nn2c(=O)c1Cc1ccccc1,3.0,False,80.31271362304688,82.70475006103516,89.48814392089844,103.29307556152344,12.70969009399414,32.17725372314453,2,3,10,0.7775227427482605,80.31271362304688,82.70475006103516,89.48814392089844,84.16854095458984,3.8862264156341553,9.175430297851562,2,3,3,0.9541891813278198
Cc1c(-c2ccc(O)cc2)n(Cc2ccc(OCCN3CCCCCC3)cc2)c2ccc(O)cc12,26.63,False,86.5215072631836,86.6321029663086,89.16080474853516,101.40670013427734,10.592540740966797,25.94324493408203,0,3,14,0.8532129526138306,86.5215072631836,86.6321029663086,89.16080474853516,91.12569427490234,3.550619602203369,8.777999877929688,0,3,7,0.9494743347167969
Cc1c(C(=O)NC2C3CC4CC(C3)CC2C4)cnn1-c1ccc(C(=O)O)cc1,3.0,False,88.43730926513672,92.39514923095703,98.53644561767578,102.02297973632812,8.411706924438477,25.123199462890625,0,1,9,0.8668371438980103,88.43730926513672,92.39514923095703,98.53644561767578,96.74613189697266,4.727660655975342,13.124885559082031,0,1,6,0.9141172766685486
Cc1c(C(=O)Nc2ccccc2)sc2ncnc(O)c12,150.0,False,88.33403778076172,107.66159057617188,111.02165985107422,106.10896301269531,9.017148971557617,23.651031494140625,0,1,5,0.832484245300293,88.33403778076172,88.33403778076172,88.33403778076172,88.33403778076172,0.0,0.0,0,1,1,1.0
Cc1c(C)c2c(c(C)c1O)CCC(C)(COc1ccc(CC3SC(=O)NC3=O)cc1)O2,89.09,False,82.87096405029297,86.7197265625,88.62179565429688,94.96623992919922,9.121438980102539,28.181076049804688,1,6,11,0.8726360201835632,82.87096405029297,86.7197265625,88.62179565429688,91.4668960571289,5.857839584350586,19.30785369873047,1,6,9,0.9060214161872864
Cc1c(CC(=O)O)c2cc(F)ccc2n1S(=O)(=O)c1ccc(S(C)(=O)=O)cc1,5.45,False,81.08715057373047,87.23177337646484,103.43302154541016,104.78077697753906,12.433465957641602,33.25108337402344,1,2,8,0.7738742828369141,81.08715057373047,87.23177337646484,103.43302154541016,90.583984375,9.42558479309082,22.345870971679688,1,2,3,0.895159900188446
Cc1c(CN2CCN(C(=O)[C@H](C)O)CC2)sc2c(N3CCOCC3)nc(-c3cnc(N)nc3)nc12,3.0,False,80.37348175048828,84.11168670654297,88.39469146728516,92.52230072021484,7.390141010284424,24.76666259765625,2,3,9,0.8686930537223816,80.37348175048828,84.11168670654297,88.39469146728516,90.945068359375,6.249164581298828,20.715530395507812,2,3,8,0.883758544921875
Cc1c(Cc2ccc3ccccc3n2)c2cc(F)ccc2n1CC(=O)O,7.02,False,82.04523468017578,86.59424591064453,88.95858001708984,105.68758392333984,11.583372116088867,32.291168212890625,1,3,12,0.7762996554374695,82.04523468017578,86.59424591064453,88.95858001708984,85.86602020263672,2.8689510822296143,6.9133453369140625,1,3,3,0.9555029273033142
Cc1c(Cl)ccc(OC2CCN(CC3CCN([C@@H](Cc4ccc(F)cc4)C(=O)O)CC3)CC2)c1Cl,13.78,False,84.72189331054688,88.5868148803711,90.18982696533203,98.34354400634766,9.570292472839355,28.978675842285156,1,2,14,0.8614891171455383,84.72189331054688,88.5868148803711,90.18982696533203,92.77336120605469,4.383844375610352,15.413352966308594,1,2,10,0.9132135510444641
Cc1c(Cl)cccc1S(=O)(=O)N1CCC[C@H](C(=O)NC2CCCCC2)C1,18.62,False,89.88219451904297,91.87429809570312,92.65520477294922,99.06271362304688,7.898575782775879,23.407119750976562,0,1,13,0.9073261618614197,89.88219451904297,91.87429809570312,92.65520477294922,94.97879791259766,2.9577174186706543,8.711959838867188,0,1,10,0.9463395476341248
Cc1c(F)cc(C(=O)NC2CC2)cc1-c1ccc(C(=O)NCC(C)(C)C)cn1,5.055,False,89.5501708984375,92.55615997314453,100.12126159667969,103.4998550415039,7.560011386871338,22.94940948486328,0,1,10,0.8652202486991882,89.5501708984375,92.55615997314453,100.12126159667969,96.97063446044922,4.977687358856201,12.684776306152344,0,1,5,0.9234772324562073
Cc1c(N(C)C)c(=O)n(-c2ccccc2)n1C,3.47,False,86.68370819091797,91.60663604736328,91.9089584350586,100.71907806396484,10.789508819580078,25.023582458496094,0,1,6,0.8606483340263367,86.68370819091797,91.60663604736328,91.9089584350586,90.06643676757812,2.3951306343078613,5.225250244140625,0,1,3,0.9624418616294861
Cc1c(OC2CCN(CC3CCN([C@@H](Cc4ccc(F)cc4)C(=O)O)CC3)CC2)ccc(C#N)c1Cl,3.0,False,84.72189331054688,88.5868148803711,89.4190673828125,98.30091857910156,9.69031810760498,28.978675842285156,1,3,14,0.8618626594543457,84.72189331054688,88.5868148803711,89.4190673828125,92.65594482421875,4.417067050933838,15.413352966308594,1,3,10,0.9143708348274231
Cc1c(OC2CCN(CC3CCN([C@@](C)(Cc4ccc(F)cc4)C(=O)O)CC3)CC2)ccc(Cl)c1Cl,3.0,False,88.84319305419922,89.07791137695312,91.3822250366211,99.50269317626953,8.74840259552002,24.909835815429688,0,2,14,0.8928722739219666,88.84319305419922,89.07791137695312,91.3822250366211,94.4155502319336,4.012043476104736,11.29205322265625,0,2,10,0.9409804940223694
Cc1c(Oc2ccc(Cl)cc2)c2c(NS(C)(=O)=O)cccc2n1CC(=O)O,3.0,False,86.6978530883789,88.89862823486328,103.30379486083984,105.06089782714844,10.419201850891113,26.39826202392578,0,2,8,0.825215220451355,86.6978530883789,88.89862823486328,103.30379486083984,92.96675872802734,7.364400386810303,16.605941772460938,0,2,3,0.9325683116912842
Cc1c(S(=O)(=O)c2ccc(Cl)cc2)c2c(NS(C)(=O)=O)cccc2n1CC(=O)O,3.0,False,85.53243255615234,89.12421417236328,103.30379486083984,105.18424224853516,10.810275077819824,27.9420166015625,0,2,8,0.8131677508354187,85.53243255615234,89.12421417236328,103.30379486083984,92.65348052978516,7.672336578369141,17.7713623046875,0,2,3,0.923143208026886
Cc1c(Sc2ccc(Cl)cc2)c2c(NS(C)(=O)=O)cccc2n1CC(=O)O,4.88,False,85.34271240234375,88.98365020751953,103.30379486083984,104.85145568847656,10.675342559814453,27.836669921875,0,2,8,0.8139392137527466,85.34271240234375,88.98365020751953,103.30379486083984,92.54338836669922,7.752586841583252,17.961082458496094,0,2,3,0.922191321849823
Cc1c(Sc2ccc(Cl)cc2)c2cc(F)ccc2n1CC(=O)O,34.0,False,85.18779754638672,88.9902114868164,111.42552947998047,105.66532135009766,11.833155632019043,29.600296020507812,0,2,7,0.8062039613723755,85.18779754638672,88.9902114868164,88.9902114868164,87.08900451660156,1.9012069702148438,3.8024139404296875,0,2,2,0.9781693816184998
Cc1c2c(=O)n(-c3ccccc3Cl)[nH]c2cc(=O)n1Cc1ccccn1,3.0,False,86.5970230102539,90.11640167236328,106.04800415039062,107.62256622314453,9.40170955657959,29.594032287597656,0,1,11,0.8046362996101379,86.5970230102539,90.11640167236328,90.11640167236328,88.3567123413086,1.7596893310546875,3.519378662109375,0,1,2,0.980084240436554
Cc1c[nH]c(-c2cnc(NCCNc3ccc(C#N)cn3)nc2-c2ccc(Cl)cc2Cl)n1,108.0,False,89.12886047363281,90.10956573486328,91.2607650756836,106.10974884033203,10.27649974822998,29.842018127441406,0,1,11,0.8399686217308044,89.12886047363281,90.10956573486328,91.2607650756836,90.1664047241211,0.8712736368179321,2.1319046020507812,0,1,3,0.988493025302887
Cc1cc(-c2ccc(Cl)c(C(=O)NCC3(O)CCCCCC3)c2)n[nH]1,57.0,False,90.34001922607422,92.27758026123047,94.8218002319336,102.75531768798828,10.24993896484375,28.750320434570312,0,0,9,0.8791760802268982,90.34001922607422,92.27758026123047,94.8218002319336,93.9139633178711,2.383169174194336,6.92242431640625,0,0,5,0.9619444608688354
Cc1cc(-c2ccc(Cl)c(C(=O)NCC3(O)CCCCCC3)c2)nn1C[C@H](O)CN,3.0,False,90.5799560546875,92.27758026123047,92.4816665649414,100.4287109375,9.73737907409668,28.431747436523438,0,0,12,0.9019328951835632,90.5799560546875,92.27758026123047,92.4816665649414,93.74954223632812,1.9430330991744995,6.682487487792969,0,0,8,0.9661909341812134
Cc1cc(=O)n(-c2ccccc2)n1C,3.735,False,91.24039459228516,91.9874267578125,110.86600494384766,106.19300079345703,10.73753547668457,28.573089599609375,0,0,6,0.8591940402984619,91.24039459228516,91.9874267578125,91.9874267578125,91.61390686035156,0.3735160827636719,0.7470321655273438,0,0,2,0.9959229826927185
Cc1cc(C(=O)Cn2cc(C(F)(F)F)ccc2=O)c(C)n1Cc1ccccc1,150.0,False,85.20069885253906,86.07807159423828,86.58411407470703,102.9421157836914,12.752196311950684,31.275299072265625,0,4,11,0.8276563882827759,85.20069885253906,86.07807159423828,86.58411407470703,86.22625732421875,0.6832826137542725,1.8414688110351562,0,4,4,0.9881061911582947
Cc1cc(C)c(CNC(=O)c2cc(C3CC3)nc3c2cnn3C(C)C)c(O)n1,128.82,False,82.68275451660156,89.5707015991211,91.60208892822266,100.77534484863281,10.723406791687012,33.264137268066406,1,2,10,0.8204661011695862,82.68275451660156,89.5707015991211,91.60208892822266,93.09554290771484,6.320704936981201,18.731727600097656,1,2,6,0.8881494402885437
Cc1cc(C)cc(-c2nnc(SCC(=O)N3CCN(C(=O)c4ccco4)CC3)o2)c1,89.13,False,89.68372344970703,92.89759063720703,93.69071960449219,105.56790924072266,11.853565216064453,29.761734008789062,0,1,9,0.8495358228683472,89.68372344970703,92.89759063720703,93.69071960449219,92.69718933105469,1.831595778465271,4.8330078125,0,1,4,0.9674912691116333
Cc1cc(C)nc(Nc2cccc(C(F)(F)F)c2)n1,36.31,False,91.97362518310547,111.35467529296875,112.00521087646484,109.35375213623047,7.8289008140563965,22.272422790527344,0,0,6,0.8410651087760925,91.97362518310547,91.97362518310547,91.97362518310547,91.97362518310547,0.0,0.0,0,0,1,1.0
Cc1cc(C)nc(SCC(=O)Nc2cc(C)on2)n1,141.25,False,90.11290740966797,92.11676788330078,92.27591705322266,101.93360137939453,13.032278060913086,31.35009765625,0,0,5,0.8840353488922119,90.11290740966797,92.11676788330078,92.27591705322266,91.50186157226562,0.984287440776825,2.1630096435546875,0,0,3,0.9848204851150513
Cc1cc(C)nc(SCC(N)=O)n1,3.0,False,92.27591705322266,92.93970489501953,113.69939422607422,99.63833618164062,9.946359634399414,21.423477172851562,0,0,3,0.9261085987091064,92.27591705322266,92.93970489501953,92.93970489501953,92.6078109741211,0.3318939208984375,0.663787841796875,0,0,2,0.9964161515235901
Cc1cc(CC(=O)O)n(C)c1C(=O)c1ccc(Cl)cc1,3.0,False,77.2174072265625,88.33184814453125,93.09656524658203,99.82318878173828,14.56568717956543,40.2364501953125,1,2,6,0.7735418081283569,77.2174072265625,88.33184814453125,93.09656524658203,86.21527099609375,6.653161525726318,15.879158020019531,1,2,3,0.8956348896026611
Cc1cc(CCCOc2c(C)cc(-c3noc(C(F)(F)F)n3)cc2C)on1,13.49,False,87.01189422607422,90.05438232421875,92.79545593261719,99.06560516357422,11.30575180053711,32.678565979003906,0,1,7,0.8783259987831116,87.01189422607422,90.05438232421875,92.79545593261719,92.371337890625,4.006433010101318,12.123092651367188,0,1,5,0.9419793486595154
Cc1cc(CCCOc2c(Cl)cc(C3=NCCO3)cc2Cl)on1,150.0,False,82.07014465332031,87.01189422607422,92.79545593261719,97.8091049194336,11.958213806152344,37.62031555175781,1,2,8,0.8390849232673645,82.07014465332031,87.01189422607422,92.79545593261719,91.54360961914062,5.519771099090576,17.064842224121094,1,2,6,0.8965141773223877
Cc1cc(CCC[N+]23CCC(CC2)[C@@H](OC(=O)[C@](C)(c2ccccc2)N2CCCCC2)C3)ccn1,36.08,False,88.69471740722656,90.99808502197266,93.67687225341797,100.99026489257812,7.1012043952941895,23.50397491455078,0,1,19,0.8782501816749573,88.69471740722656,90.99808502197266,93.67687225341797,96.64048767089844,3.397043466567993,11.935081481933594,0,1,13,0.9177801012992859
Cc1cc(CN(CC(=O)Nc2ccc(Cl)cc2Cl)C2CCCCC2)ccc1OCC(=O)O,43.43,False,83.83245086669922,87.03797149658203,87.16596221923828,100.20733642578125,10.866083145141602,30.27020263671875,1,4,14,0.8365899324417114,83.83245086669922,87.03797149658203,87.16596221923828,91.43223571777344,5.064248085021973,13.73974609375,1,4,8,0.9168806672096252
Cc1cc(CN2CCc3ccccc3C2C(=O)Nc2ccc(Cl)cc2Cl)ccc1OCC(=O)O,20.0,False,78.49319458007812,83.41209411621094,87.03797149658203,102.044677734375,12.60997486114502,35.609458923339844,2,5,16,0.7692041993141174,78.49319458007812,83.41209411621094,87.03797149658203,86.13201904296875,4.109411716461182,12.120246887207031,2,5,6,0.9113125801086426
Cc1cc(CN2Cc3ccccc3C2C(=O)Nc2ccc(Cl)cc2Cl)ccc1OCC(=O)O,15.0,False,75.0650634765625,79.4236831665039,82.53670501708984,102.05438995361328,14.006914138793945,39.03759002685547,3,5,15,0.7355397939682007,75.0650634765625,79.4236831665039,82.53670501708984,82.75129699707031,5.229931354522705,14.627998352050781,3,5,5,0.9071164727210999
Cc1cc(CN2Cc3ccccc3C[C@H]2C(=O)Nc2ccc(Cl)cc2Cl)ccc1OCC(=O)O,31.0,False,79.32982635498047,83.97966766357422,86.66999053955078,101.84098815917969,12.760878562927246,34.7728271484375,2,6,16,0.778957724571228,79.32982635498047,83.97966766357422,86.66999053955078,85.60824584960938,3.2582907676696777,10.363235473632812,2,6,6,0.9266610145568848
Cc1cc(Cl)ccc1OC1CCN(CC2CCN([C@@H](Cc3ccc(F)cc3)C(=O)O)CC2)CC1,3.0,False,84.72189331054688,88.5868148803711,89.7939453125,99.16979217529297,9.873006820678711,28.978675842285156,1,3,15,0.854311466217041,84.72189331054688,88.5868148803711,89.7939453125,92.67909240722656,4.3854217529296875,15.413352966308594,1,3,10,0.9141424298286438
Cc1cc(F)ccc1-n1nc(C(F)(F)F)cc1-c1ccc2c(c1)NC(=O)CO2,19.45,False,86.07360076904297,90.73477935791016,111.64432525634766,108.2927474975586,10.9125337600708,33.54725646972656,0,1,9,0.7948232889175415,86.07360076904297,90.73477935791016,90.73477935791016,88.40419006347656,2.3305892944335938,4.6611785888671875,0,1,2,0.9736371040344238
Cc1cc(F)ccc1OC1CCN(CC2CCN([C@@H](Cc3ccc(F)cc3)C(=O)O)CC2)CC1,3.0,False,84.72189331054688,88.5868148803711,89.54165649414062,99.28617858886719,10.075675964355469,29.098983764648438,1,3,15,0.8533100485801697,84.72189331054688,88.5868148803711,89.54165649414062,92.65385437011719,4.402638912200928,15.413352966308594,1,3,10,0.9143914580345154
Cc1cc(F)ccc1OC1CCN(CC2CCN([C@@](C)(Cc3ccc(F)cc3)C(=O)O)CC2)CC1,6.815,False,88.84319305419922,89.54165649414062,91.3822250366211,100.4786605834961,9.155045509338379,24.977684020996094,0,2,15,0.8841996192932129,88.84319305419922,89.54165649414062,91.3822250366211,94.44758605957031,3.9525954723358154,11.29205322265625,0,2,10,0.9406613707542419
Cc1cc(NC(=O)Nc2cccc3ccccc23)no1,95.5,False,90.11290740966797,109.92830657958984,110.46671295166016,109.84864807128906,7.722352981567383,31.35009765625,0,0,9,0.8203369975090027,90.11290740966797,90.11290740966797,90.11290740966797,90.11290740966797,0.0,0.0,0,0,1,1.0
Cc1cc(NS(=O)(=O)c2ccc(Cl)cc2)no1,8.51,False,90.11290740966797,112.6246109008789,113.17337799072266,109.54612731933594,11.856148719787598,32.16071319580078,0,0,4,0.822602391242981,90.11290740966797,90.11290740966797,90.11290740966797,90.11290740966797,0.0,0.0,0,0,1,1.0
Cc1cc(NS(=O)(=O)c2ccc(N)cc2)no1,3.0,False,90.11290740966797,112.02172088623047,112.14960479736328,109.13946533203125,11.746108055114746,32.16071319580078,0,0,4,0.8256675004959106,90.11290740966797,90.11290740966797,90.11290740966797,90.11290740966797,0.0,0.0,0,0,1,1.0
Cc1cc(Nc2nc(N[C@@H](C)c3ccc(F)cn3)c(C#N)cc2Cl)n[nH]1,6.17,False,79.81529998779297,89.4431381225586,101.86638641357422,104.66574096679688,12.772830963134766,40.12549591064453,1,2,8,0.7625733017921448,79.81529998779297,89.4431381225586,101.86638641357422,90.37493896484375,9.026397705078125,22.05108642578125,1,2,3,0.8831574320793152
Cc1cc(OC2CCN(CC3CCN([C@@H](Cc4ccc(F)cc4)C(=O)O)CC3)CC2)ccc1Cl,3.87,False,84.72189331054688,88.5868148803711,90.98638916015625,99.09268951416016,9.587634086608887,28.978675842285156,1,2,15,0.854976236820221,84.72189331054688,88.5868148803711,90.98638916015625,92.81021881103516,4.325382709503174,15.413352966308594,1,2,10,0.9128509163856506
Cc1cc(OC2CCN(CC3CCN([C@@](C)(Cc4ccc(F)cc4)C(=O)O)CC3)CC2)ccc1Cl,3.0,False,88.84319305419922,90.98638916015625,91.3822250366211,100.2851791381836,8.641749382019043,24.909835815429688,0,1,15,0.8859055042266846,88.84319305419922,90.98638916015625,91.3822250366211,94.60394287109375,3.793121814727783,11.29205322265625,0,1,10,0.9391066431999207
Cc1cc(OCC(=O)NCc2ccccc2)c2cc(Br)ccc2n1,51.29,False,81.36947631835938,91.15819549560547,91.2800064086914,104.780029296875,11.353116035461426,32.33110809326172,1,1,10,0.7765743136405945,81.36947631835938,91.15819549560547,91.2800064086914,87.9358901977539,4.643424034118652,9.910530090332031,1,1,3,0.9253272414207458
Cc1cc(OCC(=O)Nc2ccccc2)c2cc(Br)ccc2n1,150.0,False,90.15520477294922,91.15819549560547,111.02165985107422,107.44033813476562,9.009777069091797,23.545379638671875,0,0,9,0.8391187787055969,90.15520477294922,91.15819549560547,91.15819549560547,90.65670013427734,0.501495361328125,1.00299072265625,0,0,2,0.9944682121276855
Cc1cc(OCCCS(C)(=O)=O)cc(C)c1-c1cccc(COc2ccc3c(c2)OC[C@H]3CC(=O)O)c1,7.625,False,83.89228057861328,84.4313735961914,89.8771743774414,101.95382690429688,10.232666015625,30.707138061523438,2,3,17,0.8228458166122437,83.89228057861328,84.4313735961914,89.8771743774414,93.30196380615234,6.113890171051025,19.872703552246094,2,3,9,0.8991480469703674
Cc1cc(Oc2cc(S(=O)(=O)N3CCC[C@H](n4cc(C)c(=O)[nH]c4=O)C3)ccc2O)ccc1Cl,20.42,False,88.10420227050781,90.98638916015625,93.5086441040039,103.31803894042969,9.427971839904785,25.878135681152344,0,1,14,0.8527474999427795,88.10420227050781,90.98638916015625,93.5086441040039,94.23561096191406,3.485089063644409,10.240028381347656,0,1,7,0.9349353313446045
Cc1cc2cc(C)c3nnc(SCC(=O)N4CCN(C(=O)c5ccco5)CC4)n3c2cc1C,57.54,False,87.23163604736328,88.66685485839844,89.03762817382812,103.01892852783203,12.456131935119629,32.21382141113281,0,3,12,0.8467534780502319,87.23163604736328,88.66685485839844,89.03762817382812,90.98381805419922,2.761293649673462,7.1468505859375,0,3,6,0.9587599039077759
Cc1ccc(-c2cc(-c3ccccc3)nn2-c2ccc(S(N)(=O)=O)cc2)cc1,13.49,False,89.17495727539062,110.86089324951172,110.89783477783203,109.70709228515625,7.579981803894043,29.031051635742188,0,1,9,0.8128458857536316,89.17495727539062,89.17495727539062,89.17495727539062,89.17495727539062,0.0,0.0,0,1,1,1.0
Cc1ccc(-c2cc(C(F)(F)F)nn2-c2ccc(C(=O)O)cc2)cc1,10.72,False,89.17495727539062,110.89783477783203,111.12801361083984,109.18896484375,9.431191444396973,30.445899963378906,0,1,6,0.8167030215263367,89.17495727539062,89.17495727539062,89.17495727539062,89.17495727539062,0.0,0.0,0,1,1,1.0
Cc1ccc(-c2cc(C(F)(F)F)nn2-c2ccc(CC(=O)O)cc2)cc1,4.79,False,88.43891906738281,89.17495727539062,110.89783477783203,106.04191589355469,11.264307975769043,31.18193817138672,0,2,7,0.8339996337890625,88.43891906738281,89.17495727539062,89.17495727539062,88.80693817138672,0.36801910400390625,0.7360382080078125,0,2,2,0.995855987071991
Cc1ccc(-c2cc(C(F)(F)F)nn2-c2ccc(S(C)(=O)=O)cc2)cc1,17.38,False,89.17495727539062,103.43302154541016,110.89783477783203,108.4311294555664,8.989943504333496,30.445899963378906,0,1,7,0.822411060333252,89.17495727539062,103.43302154541016,103.43302154541016,96.30398559570312,7.129032135009766,14.258064270019531,0,1,2,0.9259737133979797
Cc1ccc(-c2cc(C(F)(F)F)nn2-c2ccc(S(N)(=O)=O)cc2)cc1,25.7,False,89.17495727539062,110.89783477783203,111.12801361083984,109.2475357055664,9.451004981994629,30.445899963378906,0,1,6,0.8162651658058167,89.17495727539062,89.17495727539062,89.17495727539062,89.17495727539062,0.0,0.0,0,1,1,1.0
Cc1ccc(-c2cc(C(F)(F)F)nn2-c2ccc([S+](C)[O-])cc2)cc1,14.79,False,,,,,,,0,0,0,,,,,,,,0,0,0,
Cc1ccc(-c2ccc3c(ccc4sc5c(c43)NC[C@@H](C)NC5=O)n2)cn1,6.92,False,89.49356842041016,89.66401672363281,90.67630004882812,104.17902374267578,9.327526092529297,23.576034545898438,0,2,11,0.8590363264083862,89.49356842041016,89.66401672363281,90.67630004882812,92.7530746459961,4.88532829284668,11.684829711914062,0,2,4,0.9648582339286804
Cc1ccc(-c2cccc(-c3nn[nH]n3)c2)cc1,52.48,False,89.17495727539062,110.4161148071289,110.8830337524414,108.10416412353516,7.752758979797363,23.27752685546875,0,1,7,0.8248984217643738,89.17495727539062,89.17495727539062,89.17495727539062,89.17495727539062,0.0,0.0,0,1,1,1.0
Cc1ccc(-c2cccc([S@]3(=O)=NC(=O)[C@H](C)N3)c2)cc1,19.5,False,,,,,,,0,0,0,,,,,,,,0,0,0,
Cc1ccc(-c2nc3ccccc3[nH]2)cc1NC(=O)c1ccc(OCc2ccccn2)cc1,10.23,False,84.25572967529297,89.9036865234375,105.97872161865234,107.90062713623047,8.416279792785645,28.980453491210938,1,2,15,0.7808641195297241,84.25572967529297,89.9036865234375,89.9036865234375,87.0797119140625,2.8239784240722656,5.647956848144531,1,2,2,0.9675701260566711
Cc1ccc(-c2nnc(SCC(=O)N3CCN(c4ccccc4)CC3)o2)cc1,150.0,False,89.17495727539062,90.10570526123047,93.60672760009766,102.55996704101562,9.714761734008789,22.83129119873047,0,1,9,0.869490921497345,89.17495727539062,90.10570526123047,93.60672760009766,91.85102844238281,2.258094310760498,5.341773986816406,0,1,4,0.9708650708198547
Cc1ccc(-n2c(C)cc(/C=C3\SC(=O)NC3=O)c2C)cc1,17.78,False,83.24028015136719,87.9291000366211,89.17495727539062,100.59139251708984,12.544095039367676,34.29881286621094,1,3,7,0.8275089859962463,83.24028015136719,87.9291000366211,89.17495727539062,91.30152893066406,8.13571834564209,21.621498107910156,1,3,4,0.9117074012756348
Cc1ccc(-n2nc(C(C)(C)C)cc2NC(=O)Nc2ccc(OCCN3CCOCC3)c3ccccc23)cc1,55.92,False,89.17495727539062,89.44281768798828,91.98540496826172,104.5877685546875,9.453080177307129,29.04247283935547,0,2,15,0.8526327610015869,89.17495727539062,89.44281768798828,91.98540496826172,93.6414566040039,3.997201919555664,11.547172546386719,0,2,6,0.952302098274231
Cc1ccc(/C(=C\CN2CCCC2)c2ccccn2)cc1,84.0,False,68.37059783935547,89.17495727539062,90.0046615600586,101.05956268310547,13.251259803771973,44.14586639404297,1,2,11,0.6765376329421997,68.37059783935547,89.17495727539062,90.0046615600586,85.86544799804688,10.429285049438477,27.54095458984375,1,2,4,0.7962527275085449
Cc1ccc(C(=O)N2CC3CNCC(C2)O3)cc1NC(=O)CC12CC3CC(CC(C3)C1)C2,16.25,False,89.47883605957031,89.9036865234375,92.02877044677734,99.10259246826172,7.477168083190918,21.496376037597656,0,2,11,0.9028909802436829,89.47883605957031,89.9036865234375,92.02877044677734,95.0958251953125,4.212150573730469,10.466598510742188,0,2,8,0.9409334063529968
Cc1ccc(C(=O)NC2CC2)cc1-c1ccc(C(=O)NCC2CC2)nc1,21.0,False,89.12439727783203,89.66889190673828,100.39065551757812,104.98107147216797,7.686099052429199,24.966880798339844,0,2,12,0.848956823348999,89.12439727783203,89.66889190673828,100.39065551757812,93.06130981445312,5.18739128112793,11.266258239746094,0,2,3,0.957695484161377
Cc1ccc(C(=O)c2ccc(CC(=O)O)n2C)cc1,8.225,False,77.5099868774414,89.17495727539062,93.36396789550781,102.17981719970703,14.3488130569458,40.35816955566406,1,2,7,0.7585645318031311,77.5099868774414,89.17495727539062,93.36396789550781,86.6829605102539,6.707939147949219,15.853981018066406,1,2,3,0.8941779136657715
Cc1ccc(C(NC(=O)c2ccccc2O)C(=O)Nc2c(C)cccc2C)s1,70.0,False,78.74580383300781,86.6202621459961,91.31987762451172,104.64350891113281,12.118669509887695,35.36834716796875,1,2,11,0.7525149583816528,78.74580383300781,86.6202621459961,91.31987762451172,85.56198120117188,5.187600612640381,12.574073791503906,1,2,3,0.9203363656997681
Cc1ccc(C)c(OCCCC(C)(C)C(=O)O)c1,108.035,False,89.07259368896484,89.22972869873047,94.48271942138672,99.78693389892578,8.548812866210938,22.580032348632812,0,2,9,0.8926278352737427,89.07259368896484,89.22972869873047,94.48271942138672,94.24127960205078,4.147705078125,11.804763793945312,0,2,6,0.9451547861099243
Cc1ccc(CCNC(=O)c2ccc3sc(CO)nc3c2)cc1,96.33,False,77.8814468383789,89.17495727539062,90.68846893310547,100.28817749023438,12.199667930603027,34.272499084472656,1,2,9,0.776576578617096,77.8814468383789,89.17495727539062,90.68846893310547,87.3016586303711,5.500603675842285,13.580314636230469,1,2,4,0.8920958638191223
Cc1ccc(CCOCCNS(=O)(=O)CCCNCCc2ccc(O)c3nc(O)sc23)cc1,150.0,False,88.49341583251953,89.17495727539062,90.33715057373047,98.0610122680664,8.784699440002441,24.804595947265625,0,2,14,0.9024322032928467,88.49341583251953,89.17495727539062,90.33715057373047,92.73529052734375,2.876134157180786,9.1387939453125,0,2,10,0.9542582631111145
Cc1ccc(CNC(=O)C2CCCN2S(=O)(=O)c2ccc(F)cc2)cc1,150.0,False,81.0440444946289,84.84906768798828,89.17495727539062,99.10737609863281,11.66935920715332,33.11988067626953,2,3,10,0.8177397847175598,81.0440444946289,84.84906768798828,89.17495727539062,90.44623565673828,6.172571659088135,17.12250518798828,2,3,6,0.8960466384887695
Cc1ccc(CO)cc1N(C)c1ccnc(Nc2cc(N3CCOCC3)cc(N3CCOCC3)c2)n1,31.62,False,83.01714324951172,89.2470932006836,90.21129608154297,101.98370361328125,10.418112754821777,30.205299377441406,1,2,12,0.8140236139297485,83.01714324951172,89.2470932006836,90.21129608154297,90.31596374511719,4.458906173706055,13.667190551757812,1,2,5,0.9191856980323792
Cc1ccc(CO)cc1N(c1ccnc(Nc2cc(N3CCOCC3)cc(S(C)(=O)=O)c2)n1)C(C)C,53.7,False,83.01714324951172,88.830810546875,89.27689361572266,102.63278198242188,10.233633041381836,31.041763305664062,1,3,15,0.8088755011558533,83.01714324951172,88.830810546875,89.27689361572266,92.98136138916016,6.574963092803955,20.458633422851562,1,3,7,0.8928363919258118
Cc1ccc(C[C@@H](C(=O)O)N2CCC(CN3CCC(Oc4ccc(Cl)c(Cl)c4)CC3)CC2)cc1,3.0,False,84.72188568115234,88.5868148803711,89.17495727539062,98.84748077392578,9.516861915588379,27.636734008789062,1,3,15,0.8570970892906189,84.72188568115234,88.5868148803711,89.17495727539062,92.62907409667969,4.434525012969971,15.413360595703125,1,3,10,0.9146360158920288
Cc1ccc(F)cc1S(=O)(=O)N[C@@H]1CCN(Cc2ccc(-c3ccccc3)cc2)C1,150.0,False,80.53221893310547,89.90294647216797,90.0293960571289,102.5251235961914,11.28235912322998,34.53773498535156,1,2,14,0.7854876518249512,80.53221893310547,89.90294647216797,90.0293960571289,90.1114273071289,4.888020038604736,15.913436889648438,1,2,6,0.8936959505081177
Cc1ccc(N2CC(COc3ccc(-c4noc(C)n4)cc3)C2)nn1,16.205,False,91.13572692871094,91.55264282226562,93.17776489257812,101.76091766357422,8.750885009765625,20.76201629638672,0,0,9,0.8955867290496826,91.13572692871094,91.55264282226562,93.17776489257812,94.29093933105469,3.434399366378784,9.463539123535156,0,0,5,0.9665374755859375
Cc1ccc(NC(=O)[C@@H]2CCCN2S(=O)(=O)c2cccc3cccnc23)c(C)c1,150.0,False,86.03417205810547,89.15401458740234,90.26556396484375,103.4531478881836,9.731080055236816,27.62799072265625,0,2,15,0.8316245079040527,86.03417205810547,89.15401458740234,90.26556396484375,94.03954315185547,5.991476058959961,18.83783721923828,0,2,7,0.9148722887039185
Cc1ccc(NC(=O)[C@H]2CCCN2S(=O)(=O)c2cccc3cccnc23)c(C)c1,150.0,False,85.97377014160156,89.15401458740234,90.26556396484375,103.43545532226562,9.723840713500977,27.68072509765625,0,2,15,0.8311827778816223,85.97377014160156,89.15401458740234,90.26556396484375,94.00372314453125,5.9125566482543945,18.898239135742188,0,2,7,0.914578378200531
Cc1ccc(NC(=O)c2cccc(N(C)S(C)(=O)=O)c2)cc1NC(=O)c1ccc2ncccc2c1,37.72,False,89.9036865234375,93.9266586303711,102.66756439208984,107.60124969482422,6.531843185424805,23.48113250732422,0,1,16,0.8355264067649841,89.9036865234375,93.9266586303711,102.66756439208984,97.80384063720703,6.101202964782715,14.813758850097656,0,1,4,0.9192245006561279
Cc1ccc(NC(=O)c2cccc(N3CCOCC3)c2)cc1-n1cnc2ccc(N3CCN(C)CC3)cc2c1=O,6.0,False,89.7599105834961,90.04869079589844,90.11385345458984,103.73087310791016,9.12929630279541,23.4794921875,0,1,17,0.865315318107605,89.7599105834961,90.04869079589844,90.11385345458984,93.52149963378906,4.8529534339904785,14.352920532226562,0,1,7,0.959778368473053
Cc1ccc(NC(=O)c2cccc(N3CCOCC3)c2)cc1NC(=O)c1ccc(OCc2cscn2)cc1,20.0,False,87.23332214355469,89.9036865234375,90.11385345458984,105.9035415649414,9.427877426147461,31.45439910888672,0,2,15,0.8237054347991943,87.23332214355469,89.9036865234375,90.11385345458984,90.98379516601562,3.4815807342529297,9.451011657714844,0,2,4,0.9587786793708801
Cc1ccc(NC(=O)c2ccoc2)cc1-n1cnc2ccc(N3CCN(C)CC3)cc2c1=O,3.0,False,89.7599105834961,90.04869079589844,91.8827896118164,106.38509368896484,10.373273849487305,28.26061248779297,0,1,14,0.843726396560669,89.7599105834961,90.04869079589844,91.8827896118164,93.57046508789062,5.352205753326416,14.352920532226562,0,1,5,0.9592760801315308
Cc1ccc(S(=O)(=O)N2N=Cc3ccccc3B2O)cc1,6.17,False,,,,,,,0,0,0,,,,,,,,0,0,0,
Cc1ccc(S(=O)(=O)Nc2c(C(=O)N(C)C3CCCCC3)c(C)nn2-c2ccccc2)cc1,21.0,False,89.17495727539062,91.3093490600586,91.36212921142578,101.48470306396484,8.900952339172363,23.086021423339844,0,1,12,0.8787034153938293,89.17495727539062,91.3093490600586,91.36212921142578,94.28076934814453,3.3376731872558594,8.642738342285156,0,1,7,0.9458445906639099
Cc1ccc(S(=O)(=O)Nc2c(C(=O)N(C)C3CCCCC3)cnn2-c2ccccc2)cc1,48.44,False,89.17495727539062,91.40247344970703,95.4559555053711,103.4714126586914,9.017830848693848,25.678482055664062,0,1,12,0.8618318438529968,89.17495727539062,91.40247344970703,95.4559555053711,94.8189697265625,3.357652425765991,8.642738342285156,0,1,6,0.9404759407043457
Cc1ccc(S(=O)(=O)Nc2c(C(=O)NC(C)C(C)(C)C)c(C)nn2-c2ccccc2)cc1,7.0,False,89.17495727539062,91.66571807861328,93.93378448486328,103.26335144042969,8.87255573272705,23.086021423339844,0,1,10,0.8635683059692383,89.17495727539062,91.66571807861328,93.93378448486328,94.95649719238281,4.388716697692871,10.984031677246094,0,1,5,0.9391137957572937
Cc1ccc(S(=O)(=O)Nc2c(C(=O)NC(C)C)c(C)nn2-c2ccccc2)cc1,51.0,False,89.17495727539062,91.66571807861328,92.2574234008789,103.54359436035156,9.455710411071777,23.086021423339844,0,1,9,0.8612310290336609,89.17495727539062,91.66571807861328,92.2574234008789,93.51030731201172,4.444504261016846,11.768180847167969,0,1,4,0.9536377191543579
Cc1ccc(S(=O)(=O)Nc2c(C(=O)NC3CCCCC3)c(C)nn2-c2ccccc2)cc1,12.0,False,89.17495727539062,91.66571807861328,92.5787582397461,102.1216812133789,8.96716594696045,23.086021423339844,0,1,11,0.8732225894927979,89.17495727539062,91.66571807861328,92.5787582397461,94.2479248046875,3.298499584197998,8.794364929199219,0,1,6,0.9461742043495178
Cc1ccc(S(=O)(=O)Nc2c(C(=O)NC3CCCCC3)cnn2-c2ccccc2)cc1,27.0,False,89.17495727539062,92.5787582397461,96.52654266357422,104.21092987060547,8.963761329650879,25.433700561523438,0,1,11,0.8557159900665283,89.17495727539062,92.5787582397461,96.52654266357422,94.76435852050781,3.384650468826294,8.794364929199219,0,1,5,0.9410179257392883
Cc1ccc(S(=O)(=O)Nc2c(C(=O)NC3CCCCC3C)c(C)nn2-c2ccccc2)cc1,17.0,False,89.17495727539062,91.66571807861328,92.39522552490234,101.05342864990234,8.246496200561523,23.086021423339844,0,1,14,0.8824535608291626,89.17495727539062,91.66571807861328,92.39522552490234,95.21077728271484,3.178804874420166,10.343467712402344,0,1,9,0.93660569190979
Cc1ccc(S(=O)(=O)Nc2c(C(=O)NC3CCCCC3C)cnn2-c2ccccc2)cc1,5.0,False,89.17495727539062,92.3705825805664,95.72693634033203,102.69322204589844,8.499124526977539,25.433700561523438,0,1,14,0.8683626651763916,89.17495727539062,92.3705825805664,95.72693634033203,95.65082550048828,3.101733446121216,10.343467712402344,0,1,8,0.9322968125343323
Cc1ccc(S(=O)(=O)Nc2c(C(=O)NC3CCOCC3)c(C)nn2-c2ccccc2)cc1,14.0,False,89.17495727539062,91.66571807861328,93.1413803100586,102.57539367675781,9.356632232666016,23.086021423339844,0,1,10,0.8693601489067078,89.17495727539062,91.66571807861328,93.1413803100586,93.58055877685547,3.6198716163635254,10.900077819824219,0,1,5,0.9529218077659607
Cc1ccc(S(=O)(=O)Nc2c(C(=O)NCC(C)(C)C)c(C)nn2-c2ccccc2)cc1,18.0,False,89.17495727539062,91.66571807861328,92.25309753417969,103.45178985595703,9.484875679016113,23.086021423339844,0,1,9,0.861995279788971,89.17495727539062,91.66571807861328,92.25309753417969,93.30375671386719,4.102207183837891,10.946304321289062,0,1,4,0.9557488560676575
Cc1ccc(S(=O)(=O)Nc2c(C(=O)NCc3ccccc3)cnn2-c2ccccc2)cc1,40.0,False,80.83557891845703,89.17495727539062,110.82857513427734,106.85466003417969,10.500645637512207,33.77307891845703,1,2,11,0.756500244140625,80.83557891845703,89.17495727539062,89.17495727539062,85.00526428222656,4.169689178466797,8.339378356933594,1,2,2,0.9509479403495789
Cc1ccc(S(=O)(=O)Nc2c(C(=O)N[C@@H](C)C(C)(C)C)c(C(F)(F)F)nn2-c2ccccc2)cc1,18.84,False,89.17495727539062,93.32799530029297,99.55870056152344,104.42536926269531,8.536672592163086,23.086021423339844,0,1,9,0.8539587259292603,89.17495727539062,93.32799530029297,99.55870056152344,95.49430084228516,4.491489410400391,10.740608215332031,0,1,4,0.933824896812439
Cc1ccc(S(=O)(=O)Nc2c(C(=O)N[C@@H](C)C(C)(C)C)c(C)nn2-c2ccccc2)cc1,9.57,False,89.17495727539062,91.66571807861328,93.32799530029297,103.14939880371094,8.957681655883789,23.086021423339844,0,1,10,0.8645223379135132,89.17495727539062,91.66571807861328,93.32799530029297,94.72858428955078,4.299310684204102,10.740608215332031,0,1,5,0.9413732886314392
Cc1ccc(S(=O)(=O)Nc2c(C(=O)N[C@@H](C)C(C)(C)C)c(C)nn2C(C)(C)C)cc1,53.0,False,89.17495727539062,91.43363189697266,93.32799530029297,99.3909912109375,8.010685920715332,23.086021423339844,0,1,8,0.8972136974334717,89.17495727539062,91.43363189697266,93.32799530029297,95.26348876953125,4.16379451751709,10.740608215332031,0,1,6,0.9360874891281128
Cc1ccc(S(=O)(=O)Nc2c(C(=O)N[C@@H](C)C(C)(C)C)c(C)nn2C(C)C)cc1,6.5,False,89.17495727539062,91.53370666503906,92.71005249023438,99.07417297363281,7.8903608322143555,23.086021423339844,0,1,9,0.9000827670097351,89.17495727539062,91.53370666503906,92.71005249023438,95.44579315185547,4.553549766540527,12.724647521972656,0,1,7,0.9342995285987854
Cc1ccc(S(=O)(=O)Nc2c(C(=O)N[C@@H](C)C(C)(C)C)c(C)nn2C2CCC2)cc1,17.0,False,89.17495727539062,91.40775299072266,91.5698013305664,98.51173400878906,7.550961494445801,23.086021423339844,0,1,10,0.905221700668335,89.17495727539062,91.40775299072266,91.5698013305664,95.1962890625,4.031272888183594,10.740608215332031,0,1,8,0.9367482662200928
Cc1ccc(S(=O)(=O)Nc2c(C(=O)N[C@@H](C)C(C)(C)C)c(C)nn2C2CCCC2)cc1,8.0,False,89.17495727539062,89.59906768798828,91.40328216552734,97.84229278564453,7.800927639007568,23.086021423339844,0,2,10,0.9114152193069458,89.17495727539062,89.59906768798828,91.40328216552734,94.3594970703125,3.919086217880249,10.740608215332031,0,2,8,0.9450554251670837
Cc1ccc(S(=O)(=O)Nc2c(C(=O)N[C@@H](C)C(C)(C)C)c(C)nn2C2CCCCC2)cc1,8.0,False,89.17495727539062,91.4228286743164,93.32799530029297,98.33989715576172,7.076539039611816,23.086021423339844,0,1,11,0.9068034291267395,89.17495727539062,91.4228286743164,93.32799530029297,95.35466766357422,3.48407244682312,10.740608215332031,0,1,9,0.935192346572876
Cc1ccc(S(=O)(=O)Nc2c(C(=O)N[C@@H](C)C(C)(C)C)c(C)nn2C2CCN(C)CC2)cc1,3.0,False,89.17495727539062,91.25298309326172,91.4228286743164,97.4701156616211,7.514559745788574,23.086021423339844,0,1,11,0.9148953557014465,89.17495727539062,91.25298309326172,91.4228286743164,94.29159545898438,3.660287380218506,10.740608215332031,0,1,9,0.9457359910011292
Cc1ccc(S(=O)(=O)Nc2c(C(=O)N[C@@H](C)C(C)(C)C)c(C)nn2C2CCN(CC(F)(F)F)CC2)cc1,3.0,False,89.17495727539062,91.40664672851562,91.4228286743164,97.51547241210938,7.498240947723389,23.086021423339844,0,1,11,0.914469838142395,89.17495727539062,91.40664672851562,91.4228286743164,94.34701538085938,3.667433977127075,10.740608215332031,0,1,9,0.9451804757118225
Cc1ccc(S(=O)(=O)Nc2c(C(=O)N[C@@H](C)C(C)(C)C)c(C)nn2C2CCOC2)cc1,3.0,False,89.17495727539062,90.53711700439453,91.40328216552734,97.3201675415039,7.591407775878906,23.086021423339844,0,1,11,0.9163050055503845,89.17495727539062,90.53711700439453,91.40328216552734,94.10830688476562,3.693953037261963,10.740608215332031,0,1,9,0.947577953338623
Cc1ccc(S(=O)(=O)Nc2c(C(=O)N[C@@H](C)C(C)(C)C)c(C)nn2C2CCOCC2)cc1,3.0,False,89.17495727539062,91.4228286743164,93.32799530029297,98.39118957519531,7.417911529541016,23.086021423339844,0,1,10,0.9063307046890259,89.17495727539062,91.4228286743164,93.32799530029297,95.04562377929688,3.571836233139038,10.740608215332031,0,1,8,0.9382331967353821
Cc1ccc(S(=O)(=O)Nc2c(C(=O)N[C@@H](C)C(C)(C)C)c(C)nn2C2CCS(=O)(=O)CC2)cc1,4.0,False,89.17495727539062,91.4228286743164,93.32799530029297,98.83021545410156,7.378753185272217,23.086021423339844,0,1,10,0.9023045897483826,89.17495727539062,91.4228286743164,93.32799530029297,95.59439849853516,3.9554331302642822,11.176567077636719,0,1,8,0.9328470826148987
Cc1ccc(S(=O)(=O)Nc2c(C(=O)N[C@@H](C)C(C)(C)C)c(C)nn2C2CCSCC2)cc1,5.0,False,89.17495727539062,91.4228286743164,93.02533721923828,98.14064025878906,7.524537563323975,23.086021423339844,0,1,10,0.9086445569992065,89.17495727539062,91.4228286743164,93.02533721923828,94.73243713378906,3.5544891357421875,10.740608215332031,0,1,8,0.9413349628448486
Cc1ccc(S(=O)(=O)Nc2c(C(=O)N[C@@H](C)C(C)(C)C)c(C)nn2CC(F)(F)F)cc1,18.0,False,89.17495727539062,91.39359283447266,93.32799530029297,99.08733367919922,8.099475860595703,23.086021423339844,0,1,8,0.8999632596969604,89.17495727539062,91.39359283447266,93.32799530029297,94.85861206054688,3.9826135635375977,10.740608215332031,0,1,6,0.9400829076766968
Cc1ccc(S(=O)(=O)Nc2c(C(=O)N[C@H](C)C(C)(C)C)c(C)nn2-c2ccccc2)cc1,8.0,False,89.17495727539062,91.66571807861328,93.248046875,103.15623474121094,8.960606575012207,23.086021423339844,0,1,10,0.8644649982452393,89.17495727539062,91.66571807861328,93.248046875,94.74227142333984,4.338127613067627,10.717559814453125,0,1,5,0.9412372708320618
Cc1ccc2[nH]c(C(=O)O)nc2c1,9.77,False,88.96060943603516,111.18013763427734,112.13057708740234,106.35741424560547,10.068382263183594,24.197715759277344,0,1,4,0.8364307284355164,88.96060943603516,88.96060943603516,88.96060943603516,88.96060943603516,0.0,0.0,0,1,1,1.0
Cc1ccc2c(NC[C@](O)(CC(C)(C)c3cc(F)cc4c3OCC4)C(F)(F)F)cccc2n1,50.12,False,84.5855941772461,90.8949966430664,91.0578384399414,103.00963592529297,10.282403945922852,29.438827514648438,1,1,13,0.8211425542831421,84.5855941772461,90.8949966430664,91.0578384399414,92.53742218017578,4.718664169311523,15.327804565429688,1,1,6,0.9140690565109253
Cc1ccc2c(c1)c(Sc1ccc(S(C)(=O)=O)cc1)c(C)n2CC(=O)O,3.0,False,85.18779754638672,88.9562759399414,88.9902114868164,102.82726287841797,11.040114402770996,27.235870361328125,0,3,9,0.82845538854599,85.18779754638672,88.9562759399414,88.9902114868164,91.6418228149414,6.980866432189941,18.245223999023438,0,3,4,0.9295733571052551
Cc1ccc2cc(C)c3nnc(SCC(=O)N4CCN(C(=O)c5ccco5)CC4)n3c2c1,87.1,False,87.23163604736328,88.72420501708984,92.89759063720703,104.91498565673828,11.897440910339355,32.21382141113281,0,2,12,0.8314507007598877,87.23163604736328,88.72420501708984,92.89759063720703,91.384521484375,2.859912395477295,7.1468505859375,0,2,5,0.9545559287071228
Cc1ccc2nc(C[N+]34CCC(CC3)[C@@H](OC(=O)[C@](C)(c3ccccc3)N3CCCCC3)C4)oc2c1,150.0,False,88.60600280761719,88.95654296875,93.67687225341797,101.87229919433594,8.064217567443848,24.822479248046875,0,2,17,0.8697752356529236,88.60600280761719,88.95654296875,93.67687225341797,96.43877410888672,4.030272006988525,12.023796081542969,0,2,11,0.9187798500061035
Cc1cccc(-c2ccc(CNC(=O)CCCc3ccc4cccnc4n3)cc2)c1,60.26,False,81.27774047851562,86.9863510131836,89.78028869628906,103.79041290283203,10.394384384155273,31.288284301757812,1,3,16,0.7830948829650879,81.27774047851562,86.9863510131836,89.78028869628906,91.65472412109375,7.196382999420166,22.89873504638672,1,3,6,0.8867818117141724
Cc1cccc(CN2CCC3(CC2)CCN(C(=O)c2ccccc2)CC3)c1,10.2,False,83.66848754882812,89.62531280517578,91.0075912475586,102.19947814941406,9.987105369567871,27.815093994140625,1,2,13,0.8186782002449036,83.66848754882812,89.62531280517578,91.0075912475586,92.08108520507812,5.035855770111084,14.625236511230469,1,2,6,0.9086392521858215
Cc1cccc(C[C@@H](C(=O)O)N2CCC(CN3CCC(Oc4ccc(Cl)c(Cl)c4)CC3)CC2)c1,3.0,False,84.79363250732422,89.06536102294922,89.62531280517578,100.35100555419922,9.706563949584961,27.564987182617188,1,3,17,0.8449704051017761,84.79363250732422,89.06536102294922,89.62531280517578,92.72914123535156,4.345944881439209,15.34161376953125,1,3,10,0.9144226908683777
Cc1cccc(NC(=O)Nc2cccc3ccccc23)c1,91.2,False,89.71343231201172,109.92830657958984,110.46671295166016,109.29755401611328,5.934334754943848,22.39825439453125,0,1,12,0.820818305015564,89.71343231201172,89.71343231201172,89.71343231201172,89.71343231201172,0.0,0.0,0,1,1,1.0
Cc1cccc([C@H](C)c2c[nH]c(=S)[nH]2)c1C,25.7,False,79.08097076416016,88.95316314697266,89.88477325439453,100.39168548583984,12.100678443908691,34.32855987548828,1,3,8,0.7877243161201477,79.08097076416016,88.95316314697266,89.88477325439453,89.5648193359375,7.524962425231934,21.25940704345703,1,3,4,0.882946789264679
Cc1cccc2c(CCNCc3cccc(CCNC[C@H](O)c4ccc(O)c5[nH]c(=O)sc45)c3)c[nH]c12,24.0,False,79.6385726928711,83.16484069824219,87.60883331298828,101.0182876586914,12.490967750549316,38.097503662109375,2,6,18,0.7883579730987549,79.6385726928711,83.16484069824219,87.60883331298828,87.45112609863281,3.8307251930236816,12.558990478515625,2,6,8,0.9106637835502625
Cc1cccc2c(O)nc(-c3ccc(C(F)(F)F)cc3)nc12,45.71,False,88.35173797607422,110.63298797607422,111.41423034667969,107.90563201904297,8.77170467376709,24.4654541015625,0,1,6,0.8187870979309082,88.35173797607422,88.35173797607422,88.35173797607422,88.35173797607422,0.0,0.0,0,1,1,1.0
Cc1ccccc1-c1c(C(=O)O)n(CCCOc2cccc3ccccc23)c2ccccc12,123.03,False,89.53298950195312,94.67046356201172,95.52458953857422,107.76818084716797,7.021315574645996,22.657936096191406,0,1,19,0.8307924270629883,89.53298950195312,94.67046356201172,95.52458953857422,94.49371337890625,3.153903007507324,8.713813781738281,0,1,4,0.947502076625824
Cc1ccccc1-n1c(Cn2cnc3c(N)ncnc32)nc2cccc(C)c2c1=O,17.475,False,88.07167053222656,88.12969207763672,90.19449615478516,105.82805633544922,10.00492000579834,26.71722412109375,0,2,12,0.8322147727012634,88.07167053222656,88.12969207763672,90.19449615478516,88.79862213134766,0.9873179793357849,2.1228256225585938,0,2,3,0.9918134808540344
Cc1ccccc1-n1c(Cn2nc(-c3ccc(O)c(F)c3)c3c(N)ncnc32)nc2cccc(C)c2c1=O,42.24,False,88.12969207763672,88.32283782958984,90.19449615478516,106.6895523071289,9.479375839233398,25.55487060546875,0,2,14,0.826038658618927,88.12969207763672,88.32283782958984,90.19449615478516,88.8823471069336,0.9311776757240295,2.0648040771484375,0,2,3,0.991532027721405
Cc1ccccc1/N=N/c1ccc(NC(=O)c2ccnn2C)c(C)c1,51.0,False,89.47879028320312,91.3307113647461,93.62871551513672,107.61441802978516,9.570375442504883,28.657875061035156,0,1,12,0.8314758539199829,89.47879028320312,91.3307113647461,93.62871551513672,91.47940826416016,1.69745934009552,4.149925231933594,0,1,3,0.9781304001808167
Cc1ccccc1C(OCCN(C)C)c1ccccc1,150.0,False,80.6294174194336,89.48326873779297,89.85932922363281,101.76019287109375,11.232047080993652,30.608245849609375,1,3,12,0.7923473119735718,80.6294174194336,89.48326873779297,89.85932922363281,88.88383483886719,4.292594909667969,12.028861999511719,1,3,5,0.9071325063705444
Cc1ccccc1CN1CCC(N2CCC(n3c(=O)[nH]c4ccccc43)CC2)CC1,19.0,False,83.95928192138672,89.56446075439453,90.89275360107422,101.77995300292969,10.360393524169922,29.752243041992188,1,2,16,0.8249098062515259,83.95928192138672,89.56446075439453,90.89275360107422,91.94212341308594,4.470190048217773,14.640655517578125,1,2,8,0.9131753444671631
Cc1ccccc1NC(=O)CCS(=O)(=O)c1ccc(Br)s1,150.0,False,90.53324890136719,95.31507873535156,99.30371856689453,106.84305572509766,8.763566970825195,25.192955017089844,0,0,9,0.8473479747772217,90.53324890136719,95.31507873535156,99.30371856689453,95.0506820678711,3.585407018661499,8.770469665527344,0,0,3,0.9524734020233154
Cc1ccccc1Nc1nc(N)nc(C)c1Br,150.0,False,89.80183410644531,93.1067123413086,110.60692596435547,104.48485565185547,9.271647453308105,22.00299072265625,0,1,6,0.8594722747802734,89.80183410644531,93.1067123413086,93.1067123413086,91.45426940917969,1.6524391174316406,3.3048782348632812,0,1,2,0.9819315671920776
Cc1cn([C@H]2CCCN(S(=O)(=O)c3ccc(O)c(Oc4cc(F)cc(Cl)c4)c3)C2)c(=O)[nH]c1=O,74.13,False,88.08521270751953,93.75740814208984,94.25914764404297,105.08045196533203,9.825223922729492,28.435775756835938,0,1,13,0.838264524936676,88.08521270751953,93.75740814208984,94.25914764404297,94.85657501220703,3.479785919189453,10.347000122070312,0,1,6,0.9286147356033325
Cc1cn([C@H]2CCCN(S(=O)(=O)c3ccc(O)c(Oc4ccc(Cl)cc4)c3)C2)c(=O)[nH]c1=O,89.13,False,88.08521270751953,93.75740814208984,94.25914764404297,103.68135833740234,9.182116508483887,25.897125244140625,0,1,12,0.8495761752128601,88.08521270751953,93.75740814208984,94.25914764404297,94.85657501220703,3.479785919189453,10.347000122070312,0,1,6,0.9286147356033325
Cc1cn([C@H]2CCCN(S(=O)(=O)c3ccc(O)c(Oc4cccc(Br)c4)c3)C2)c(=O)[nH]c1=O,38.02,False,88.08521270751953,93.75740814208984,94.25914764404297,104.96528625488281,9.070892333984375,25.897125244140625,0,1,14,0.8391842246055603,88.08521270751953,93.75740814208984,94.25914764404297,94.85657501220703,3.479785919189453,10.347000122070312,0,1,6,0.9286147356033325
Cc1cn([C@H]2CCCN([C@@H](CC(C)(C)C)c3ccc(C(=O)O)c(Oc4cccc(Br)c4)c3)C2)c(=O)[nH]c1=O,3.0,False,83.2889633178711,88.08521270751953,91.28681945800781,102.35011291503906,9.923306465148926,29.885589599609375,1,2,17,0.8137652277946472,83.2889633178711,88.08521270751953,91.28681945800781,93.71923065185547,5.218207359313965,16.648696899414062,1,2,9,0.8887072801589966
Cc1cn([C@H]2CCCN([C@@H](CC(C)C)c3ccc(C(=O)O)c(Oc4cccc(Cl)c4)c3)C2)c(=O)[nH]c1=O,9.55,False,83.77617645263672,88.08521270751953,91.14984130859375,102.07293701171875,9.804146766662598,29.974395751953125,1,2,18,0.8207481503486633,83.77617645263672,88.08521270751953,91.14984130859375,93.97270202636719,4.96466064453125,16.75042724609375,1,2,10,0.8914948105812073
Cc1cn([C@H]2CCCN([C@H](C)c3ccc(C(=O)O)c(Oc4cccc(Cl)c4)c3)C2)c(=O)[nH]c1=O,3.39,False,84.6035385131836,88.08521270751953,90.87869262695312,102.83212280273438,10.069535255432129,29.14703369140625,1,2,16,0.822734534740448,84.6035385131836,88.08521270751953,90.87869262695312,93.47529602050781,5.176098346710205,15.57501220703125,1,2,8,0.905089795589447
Cc1cn([C@H]2CCCN([C@H](CC(C)(C)C)c3ccc(C(=O)O)c(Oc4cccc(Br)c4)c3)C2)c(=O)[nH]c1=O,48.98,False,83.3211898803711,88.08521270751953,91.18534088134766,102.32380676269531,9.91091537475586,29.853363037109375,1,2,17,0.814289391040802,83.3211898803711,88.08521270751953,91.18534088134766,93.70369720458984,5.210834503173828,16.539810180664062,1,2,9,0.8891985416412354
Cc1cn([C@H]2CCCN([C@H](CC(C)C)c3ccc(C(=O)O)c(Oc4cccc(Cl)c4)c3)C2)c(=O)[nH]c1=O,9.12,False,83.58426666259766,88.08521270751953,91.01919555664062,102.05306243896484,9.816366195678711,30.166305541992188,1,2,18,0.8190275430679321,83.58426666259766,88.08521270751953,91.01919555664062,93.96070861816406,5.035976409912109,16.909751892089844,1,2,10,0.88956618309021
Cc1cn([C@H]2CCCN([C@H](CC3CCCCC3)c3ccc(C(=O)O)c(Oc4cccc(Cl)c4)c3)C2)c(=O)[nH]c1=O,42.66,False,83.95706939697266,88.08521270751953,91.0986099243164,101.48734283447266,9.400364875793457,29.793502807617188,1,2,20,0.8272663950920105,83.95706939697266,88.08521270751953,91.0986099243164,94.36798095703125,4.4656500816345215,14.497817993164062,1,2,12,0.8896775245666504
Cc1cn([C@H]2CCCN([C@H](CC3CCOCC3)c3ccc(C(=O)O)c(Oc4cccc(Cl)c4)c3)C2)c(=O)[nH]c1=O,19.05,False,83.95706939697266,88.08521270751953,91.0986099243164,101.62287139892578,9.661328315734863,29.793502807617188,1,2,19,0.826163113117218,83.95706939697266,88.08521270751953,91.0986099243164,93.95484161376953,4.571666240692139,14.925682067871094,1,2,11,0.8935896158218384
Cc1cnc(C(=O)NCCc2ccc(S(=O)(=O)NC(=O)NC3CCCCC3)cc2)cn1,4.27,False,89.37743377685547,90.50785064697266,91.46176147460938,99.41061401367188,8.226518630981445,23.03386688232422,0,1,11,0.8990733623504639,89.37743377685547,90.50785064697266,91.46176147460938,93.59789276123047,3.2409074306488037,8.19476318359375,0,1,7,0.9549086093902588
Cc1cnc(Nc2ccc(F)cc2Cl)nc1-c1c[nH]c(C(=O)N[C@H](CO)c2cccc(Cl)c2)c1,10.695,False,83.69857025146484,89.54033660888672,95.30209350585938,107.52039337158203,10.586392402648926,34.38836669921875,1,2,13,0.7784436941146851,83.69857025146484,89.54033660888672,95.30209350585938,89.513671875,4.737156391143799,11.603523254394531,1,2,3,0.9350367188453674
Cc1nc(C(=O)N2CCOC3(CCN(Cc4ccc(Cl)cc4)CC3)C2)cs1,47.0,False,83.72122192382812,89.4439697265625,91.18617248535156,98.65092468261719,11.117005348205566,35.433372497558594,1,2,10,0.8486613035202026,83.72122192382812,89.4439697265625,91.18617248535156,91.91539764404297,4.502303600311279,16.129005432128906,1,2,7,0.9108508825302124
Cc1nc(CSc2nc(N[C@H](C)CO)c3sc(=O)[nH]c3n2)cs1,3.3,False,85.81748962402344,88.53974914550781,91.60237121582031,96.1547622680664,10.71196174621582,31.847633361816406,0,2,6,0.8924933671951294,85.81748962402344,88.53974914550781,91.60237121582031,91.85269165039062,5.162209987640381,15.290603637695312,0,2,5,0.9342947602272034
Cc1nc2ccc(-c3ccc(Cl)cc3)cc2c(=O)n1C[C@H]1CCCN(C(C)C)C1,3.8,False,89.72066497802734,89.75870513916016,92.30387878417969,100.73014831542969,8.872268676757812,23.878067016601562,0,2,14,0.8907032012939453,89.72066497802734,89.75870513916016,92.30387878417969,94.45296478271484,3.351245641708374,9.739089965820312,0,2,9,0.949897825717926
Cc1nc2ccc(Oc3ccc(F)cc3)cc2c(=O)n1C[C@H]1CCCN(C(C)C)C1,10.47,False,89.72066497802734,89.75870513916016,92.30387878417969,100.63877868652344,8.7750883102417,24.00202178955078,0,2,14,0.891511857509613,89.72066497802734,89.75870513916016,92.30387878417969,94.45296478271484,3.351245641708374,9.739089965820312,0,2,9,0.949897825717926
Cc1nc2ccccn2c1-c1ccnc(N)n1,21.38,False,88.9070816040039,105.21116638183594,111.8539810180664,108.9849624633789,8.759827613830566,26.319732666015625,0,1,7,0.8157738447189331,88.9070816040039,88.9070816040039,88.9070816040039,88.9070816040039,0.0,0.0,0,1,1,1.0
Cc1nc2ncnn2c(O)c1CCOC(=O)c1c(F)cccc1F,64.34,False,89.69060516357422,91.6965103149414,96.70515441894531,103.3419418334961,10.905350685119629,25.776702880859375,0,1,6,0.8679012656211853,89.69060516357422,91.6965103149414,96.70515441894531,92.69742584228516,2.949841260910034,7.014549255371094,0,1,3,0.9675630331039429
Cc1nc2ncnn2c(O)c1CCOC(=O)c1ccccc1F,129.0,False,89.69060516357422,91.6965103149414,96.81136322021484,105.48238372802734,10.111257553100586,25.776702880859375,0,1,8,0.8502898812294006,89.69060516357422,91.6965103149414,96.81136322021484,92.73282623291016,2.9979729652404785,7.120758056640625,0,1,3,0.9671937227249146
Cc1nccn1CC1CCc2c(c3ccccc3n2C)C1=O,3.0,False,83.55718994140625,87.6700668334961,89.65995025634766,101.9183349609375,11.953434944152832,34.557823181152344,1,3,12,0.8198445439338684,83.55718994140625,87.6700668334961,89.65995025634766,90.51223754882812,4.3841753005981445,14.156623840332031,1,3,6,0.9231590628623962
Cc1nccn1CCC(C(N)=O)(c1ccccc1)c1ccccc1,46.0,False,89.4620590209961,92.55939483642578,98.65672302246094,105.83053588867188,10.083675384521484,28.802261352539062,0,1,8,0.8453331589698792,89.4620590209961,92.55939483642578,98.65672302246094,93.55938720703125,3.819725751876831,9.194664001464844,0,1,3,0.9562061429023743
Cc1nn(-c2ccc(F)cc2)c(NS(=O)(=O)c2ccc(C#N)cc2)c1C(=O)N[C@@H](C)C(C)(C)C,4.5,False,91.66571044921875,93.32799530029297,99.55870056152344,104.60781860351562,8.891477584838867,22.18321990966797,0,0,8,0.8762797117233276,91.66571044921875,93.32799530029297,99.55870056152344,96.11699676513672,3.6697046756744385,8.249855041503906,0,0,4,0.9536888599395752
Cc1nn(-c2ccc(F)cc2)c(NS(=O)(=O)c2ccc(C(F)(F)F)cc2)c1C(=O)N[C@@H](C)C(C)(C)C,4.005,False,91.66571044921875,93.32799530029297,99.55870056152344,104.53973388671875,8.825583457946777,22.18321990966797,0,0,8,0.876850426197052,91.66571044921875,93.32799530029297,99.55870056152344,96.11699676513672,3.6697046756744385,8.249855041503906,0,0,4,0.9536888599395752
Cc1nn(-c2ccc(F)cc2)c(NS(=O)(=O)c2cccnc2)c1C(=O)N[C@@H](C)C(C)(C)C,12.0,False,91.66571044921875,93.32799530029297,99.55870056152344,104.8492202758789,7.831118106842041,22.18321990966797,0,0,10,0.8742622137069702,91.66571044921875,93.32799530029297,99.55870056152344,96.11699676513672,3.6697046756744385,8.249855041503906,0,0,4,0.9536888599395752
Cc1nn(-c2ccccc2)c(N)c1-c1ccccc1,32.36,False,91.42542266845703,110.7310562133789,110.75558471679688,108.3766860961914,6.92966890335083,20.321365356445312,0,0,7,0.8435893654823303,91.42542266845703,91.42542266845703,91.42542266845703,91.42542266845703,0.0,0.0,0,0,1,1.0
Cc1nn(-c2ccccc2)c(NC(=O)NS(=O)(=O)c2ccc(Cl)cc2)c1C#N,12.235,False,91.48046112060547,111.02803802490234,111.54190826416016,108.62029266357422,7.699592590332031,21.692916870117188,0,0,6,0.8422041535377502,91.48046112060547,91.48046112060547,91.48046112060547,91.48046112060547,0.0,0.0,0,0,1,1.0
Cc1nn(-c2ccccc2)c(NS(=O)(=O)C2CCCCC2)c1C(=O)N[C@@H](C)C(C)(C)C,15.0,False,91.66571044921875,93.32799530029297,97.28472900390625,101.00165557861328,6.82512903213501,20.06841278076172,0,0,11,0.9075664281845093,91.66571044921875,93.32799530029297,97.28472900390625,97.08926391601562,2.809380292892456,8.249855041503906,0,0,8,0.9441384673118591
Cc1nn(-c2ccccc2)c(NS(=O)(=O)c2cccc(CN3CCOCC3)c2)c1C(=O)N[C@@H](C)C(C)(C)C,10.0,False,83.81990814208984,91.66571044921875,92.41183471679688,102.78241729736328,9.72228717803955,28.950424194335938,1,1,14,0.815508246421814,83.81990814208984,91.66571044921875,92.41183471679688,93.755126953125,5.071576118469238,16.095657348632812,1,1,7,0.8940301537513733
Cc1nn(C)c(C)c1-c1cccc2c(CCCOc3cccc4ccccc34)c(C(=O)O)[nH]c12,61.66,False,86.73252868652344,87.71717071533203,90.79547882080078,104.14441680908203,9.756072998046875,25.458396911621094,0,2,16,0.8328101634979248,86.73252868652344,87.71717071533203,90.79547882080078,92.01114654541016,4.236337184906006,12.164886474609375,0,2,6,0.9426306486129761
Cc1nn(C)c2cc(N3CCN(C(=O)[C@@H]4CCCC[C@H]4C(=O)NC4(C#N)CC4)[C@H](C)C3)ccc12,7.7700000000000005,False,89.83411407470703,90.33818817138672,90.41014862060547,97.91625213623047,7.638932704925537,21.91204833984375,0,1,17,0.9174586534500122,89.83411407470703,90.33818817138672,90.41014862060547,94.04182434082031,3.4786036014556885,10.223281860351562,0,1,13,0.9552570581436157
Cc1nn(C)c2ccc(N3CCN(C(=O)[C@@H]4CCCC[C@H]4C(=O)NC4(C#N)CC4)[C@H](C)C3)cc12,3.0,False,89.83411407470703,90.30567169189453,90.33818817138672,97.87210083007812,7.569730758666992,21.876243591308594,0,1,17,0.9178725481033325,89.83411407470703,90.30567169189453,90.33818817138672,94.03936004638672,3.4837589263916016,10.223281860351562,0,1,13,0.9552820920944214
Cc1nn(C2CCCCC2)c(N)c1-c1ccccc1,13.8,False,91.31986999511719,94.38239288330078,96.5182113647461,101.26787567138672,7.742035388946533,20.088111877441406,0,0,8,0.9017654061317444,91.31986999511719,94.38239288330078,96.5182113647461,95.4496841430664,2.3607370853424072,6.252326965332031,0,0,5,0.9567330479621887
Cc1nn(C2CCOCC2)c(NS(=O)(=O)c2ccc(C3CC3)cc2)c1C(=O)N[C@@H](C)C(C)(C)C,3.0,False,91.4228286743164,93.32799530029297,94.40050506591797,99.76956176757812,6.79698371887207,20.848167419433594,0,0,11,0.9163398742675781,91.4228286743164,93.32799530029297,94.40050506591797,95.93353271484375,2.8020458221435547,8.49273681640625,0,0,8,0.9529809355735779
Cc1nnc(C)c2cc(N3CCN(C(=O)[C@@H]4CCCC[C@H]4C(=O)NC4(C#N)CC4)[C@H](C)C3)ccc12,7.24,False,89.8629150390625,89.87305450439453,89.88912963867188,97.58013916015625,7.45028018951416,20.261199951171875,0,3,17,0.9209139943122864,89.8629150390625,89.87305450439453,89.88912963867188,93.84910583496094,3.6508708000183105,10.194480895996094,0,3,13,0.9575255513191223
Cc1noc(C)c1-c1ccc(CNS(=O)(=O)c2c(C)noc2C)cc1,19.05,False,83.41231536865234,88.29444122314453,89.9848403930664,95.67595672607422,10.07136058807373,27.483993530273438,1,3,7,0.8718210458755493,83.41231536865234,88.29444122314453,89.9848403930664,89.61014556884766,3.6366093158721924,10.190658569335938,1,3,5,0.9308356046676636
Cc1noc(NS(=O)(=O)c2ccc(N)cc2)c1C,3.0,False,90.8062515258789,92.70537567138672,112.02172088623047,101.92073822021484,10.187176704406738,21.343353271484375,0,0,4,0.8909497261047363,90.8062515258789,92.70537567138672,92.70537567138672,91.75581359863281,0.9495620727539062,1.8991241455078125,0,0,2,0.9896512031555176
Cc1noc2cc(N3CCN(C(=O)[C@@H]4CCCC[C@H]4C(=O)NC4(C#N)CC4)[C@H](C)C3)ccc12,19.765,False,89.83411407470703,90.33818817138672,91.78043365478516,98.58924865722656,7.9868693351745605,23.793685913085938,0,1,16,0.9111958742141724,89.83411407470703,90.33818817138672,91.78043365478516,94.3441390991211,3.452540874481201,10.223281860351562,0,1,12,0.9521960020065308
Cc1nocc1C(=O)Nc1ccc(-c2ccccc2OC(F)(F)F)c(N)n1,74.13,False,93.48500061035156,110.31512451171875,110.8516616821289,109.93707275390625,6.532477855682373,22.683448791503906,0,0,8,0.8503500819206238,93.48500061035156,93.48500061035156,93.48500061035156,93.48500061035156,0.0,0.0,0,0,1,1.0
Cc1oc(-c2ccccc2)cc1C(=O)Nc1cccc(C(=O)O)c1,66.07,False,86.05535125732422,110.96399688720703,111.35629272460938,109.5074462890625,8.473162651062012,31.00640869140625,0,1,9,0.7858401536941528,86.05535125732422,86.05535125732422,86.05535125732422,86.05535125732422,0.0,0.0,0,1,1,1.0
Cc1oc(=O)oc1CN1CCN(c2cc3c(cc2F)c(=O)c(C(=O)O)c2n3C(C)S2)CC1,69.18,False,,,,,,,0,0,0,,,,,,,,0,0,0,
Cc1sc2c(c1C)C(c1ccc(Cl)cc1)=N[C@@H](CC(=O)OC(C)(C)C)c1nnc(C)n1-2,16.6,False,69.7695541381836,86.31890106201172,89.34281158447266,94.5189208984375,13.196499824523926,43.08099365234375,1,3,8,0.7381543517112732,69.7695541381836,86.31890106201172,89.34281158447266,88.70840454101562,9.842666625976562,32.3878173828125,1,3,6,0.7865044474601746
Cc1sc2ncnc(SCC(=O)N3CCN(C(=O)c4ccco4)CC3)c2c1C,102.33,False,85.95781707763672,88.72692108154297,92.55620574951172,101.85421752929688,13.031264305114746,33.487640380859375,0,2,9,0.8439298868179321,85.95781707763672,88.72692108154297,92.55620574951172,90.76585388183594,2.952252149581909,7.732902526855469,0,2,5,0.9470281600952148
Clc1ccc(COc2ccc(Br)cc2CN2CCOCC2)cc1,54.95,False,83.5964126586914,84.25325775146484,92.43047332763672,101.73330688476562,11.939559936523438,29.20843505859375,2,2,9,0.8217211961746216,83.5964126586914,84.25325775146484,92.43047332763672,88.9665756225586,5.168928623199463,11.989730834960938,2,2,4,0.9396384358406067
Clc1ccc(Cn2c(-c3nn[nH]n3)cc3ccccc32)cc1Cl,12.88,False,87.05680084228516,111.16554260253906,111.35297393798828,109.88899230957031,8.32249641418457,31.185035705566406,0,1,9,0.7922249436378479,87.05680084228516,87.05680084228516,87.05680084228516,87.05680084228516,0.0,0.0,0,1,1,1.0
Clc1ccc2ncc(-c3cccc(NC4CNC4)n3)n2c1,19.05,False,92.52251434326172,92.91743469238281,110.07549285888672,108.83391571044922,8.762715339660645,23.57134246826172,0,0,9,0.8501257300376892,92.52251434326172,92.91743469238281,92.91743469238281,92.719970703125,0.19746017456054688,0.39492034912109375,0,0,2,0.9978703856468201
Clc1cccc(-c2cnc3ccc(NC4CCOCC4)nn23)c1,14.79,False,91.4716567993164,94.08157348632812,100.14636993408203,107.52371978759766,8.33983325958252,22.895767211914062,0,0,10,0.8507114052772522,91.4716567993164,94.08157348632812,100.14636993408203,95.23319244384766,3.6338541507720947,8.674713134765625,0,0,3,0.9605018496513367
Clc1cccc(-n2nnnc2NCc2ccccc2Oc2ccccn2)c1Cl,150.0,False,83.5944595336914,106.61638641357422,110.6759033203125,109.35916137695312,7.983692646026611,30.201759338378906,1,1,12,0.7644028663635254,83.5944595336914,83.5944595336914,83.5944595336914,83.5944595336914,0.0,0.0,1,1,1,1.0
Clc1ccccc1CN1CCc2sccc2C1,103.115,False,80.7161636352539,83.5777359008789,85.40901947021484,101.80858612060547,13.7386474609375,35.41175079345703,2,3,10,0.7928227782249451,80.7161636352539,83.5777359008789,85.40901947021484,85.35472106933594,4.035534858703613,10.999794006347656,2,3,4,0.9456555247306824
Cn1c(-c2ccccc2C(F)(F)F)nnc1C12CCC(c3noc(-c4ccc(F)cc4)n3)(CC1)CC2,7.94,False,94.60050201416016,97.48165130615234,98.0820541381836,107.12149047851562,7.440352439880371,19.511062622070312,0,0,9,0.8831141591072083,94.60050201416016,97.48165130615234,98.0820541381836,96.72140502929688,1.5196019411087036,3.4815521240234375,0,0,3,0.9780720472335815
Cn1c(=O)c(-c2c(Cl)cccc2Cl)cc2cnc(Nc3ccc(F)cc3)nc21,6.17,False,93.95905303955078,105.029541015625,111.62813568115234,108.706787109375,6.563918590545654,19.633087158203125,0,0,7,0.864334762096405,93.95905303955078,93.95905303955078,93.95905303955078,93.95905303955078,0.0,0.0,0,0,1,1.0
Cn1c(=O)c(Oc2ccc(F)cc2F)cc2cnc(NC(CCO)CCO)nc21,3.0,False,89.85132598876953,90.52213287353516,93.00814056396484,103.38475799560547,10.306175231933594,26.97765350341797,0,1,9,0.8690964579582214,89.85132598876953,90.52213287353516,93.00814056396484,94.96092987060547,5.3389811515808105,14.518096923828125,0,1,5,0.9461925625801086
Cn1cc(C2=C(c3cccc(NCC(O)CO)c3)C(=O)NC2=O)c2cc(F)ccc21,41.0,False,91.12335968017578,93.02213287353516,94.13569641113281,106.3953857421875,9.487784385681152,26.210205078125,0,0,12,0.8564596772193909,91.12335968017578,93.02213287353516,94.13569641113281,93.22716522216797,1.3466906547546387,3.5041046142578125,0,0,4,0.9774335622787476
Cn1cc(C2=C(c3cn(C4CCN(Cc5ccccn5)CC4)c4ccccc34)C(=O)NC2=O)c2ccccc21,6.0,False,83.19837951660156,91.4548568725586,93.02213287353516,106.75708770751953,9.359689712524414,34.14373016357422,1,1,19,0.7793241739273071,83.19837951660156,91.4548568725586,93.02213287353516,92.14351654052734,5.02168607711792,15.125282287597656,1,1,5,0.9029216766357422
Cn1cnc2c(-c3ccc(C4(N)CCC4)cc3)c(-c3ccccc3)ccc21,3.31,False,93.82971954345703,98.6820068359375,99.6201400756836,107.65090942382812,6.513976573944092,20.4600830078125,0,0,11,0.8716109991073608,93.82971954345703,98.6820068359375,99.6201400756836,97.37728881835938,2.537578821182251,5.7904205322265625,0,0,3,0.9635688066482544
Cn1ncc(Cl)c1-c1cc(C(=O)N[C@H](CN)Cc2cccc(F)c2)sc1Cl,7.08,False,89.9301528930664,90.48220825195312,92.40326690673828,104.67803955078125,10.907429695129395,26.725433349609375,0,1,10,0.8591119050979614,89.9301528930664,90.48220825195312,92.40326690673828,91.46762084960938,1.2970728874206543,3.1247024536132812,0,1,4,0.9831911325454712
Cn1sc(=O)c2cc(S(=O)(=O)NC3CC3)ccc21,150.0,False,93.24169158935547,102.50299835205078,108.74552154541016,107.4000015258789,7.448228359222412,21.09485626220703,0,0,6,0.8681721687316895,93.24169158935547,102.50299835205078,102.50299835205078,97.87234497070312,4.630653381347656,9.261306762695312,0,0,2,0.9526867866516113
Cn1sc(=O)c2cc(S(N)(=O)=O)ccc21,22.46,False,93.24169158935547,112.36957550048828,113.26671600341797,108.33297729492188,8.744266510009766,21.212234497070312,0,0,4,0.8606953620910645,93.24169158935547,93.24169158935547,93.24169158935547,93.24169158935547,0.0,0.0,0,0,1,1.0
FC(F)(F)Oc1ccc(-c2nnc(CCCCc3ccc4cccnc4n3)o2)cc1Cl,24.55,False,86.42694854736328,87.80681610107422,96.8702621459961,104.75106811523438,9.664787292480469,27.164825439453125,0,2,12,0.8250698447227478,86.42694854736328,87.80681610107422,96.8702621459961,94.51778411865234,6.589549541473389,17.749526977539062,0,2,5,0.9143987894058228
Fc1cccc(COc2ccc(Nc3ncnc4ccc(-c5cccc(N6CCOCC6)c5)cc34)cc2Cl)c1,44.67,False,84.29651641845703,90.11385345458984,96.68433380126953,107.7298355102539,8.229154586791992,29.741981506347656,1,1,18,0.7824807167053223,84.29651641845703,90.11385345458984,96.68433380126953,90.36489868164062,5.060420036315918,12.3878173828125,1,1,3,0.9328458309173584
N#CC1(NC(=O)[C@@H]2CCCC[C@H]2C(=O)N2CCN(c3nc4c(s3)COCC4)CC2)CC1,3.0,False,80.52412414550781,88.02581024169922,90.66304779052734,94.32096099853516,6.529204368591309,28.24541473388672,1,2,12,0.8537245988845825,80.52412414550781,88.02581024169922,90.66304779052734,93.00745391845703,5.079606056213379,17.604042053222656,1,2,11,0.8657814264297485
N#CC1(NC(=O)[C@@H]2CCCC[C@H]2C(=O)N2CCN(c3nc4ccncc4s3)CC2)CC1,5.755000000000001,False,90.66304779052734,91.60686492919922,92.4932632446289,99.54013061523438,7.255756855010986,23.291641235351562,0,0,12,0.9108190536499023,90.66304779052734,91.60686492919922,92.4932632446289,94.86647033691406,2.932699203491211,7.465118408203125,0,0,8,0.9556911587715149
N#CC1(NC(=O)[C@@H]2CCCC[C@H]2C(=O)N2CCN(c3nc4cnccc4s3)CC2)CC1,3.0,False,90.66304779052734,91.60686492919922,92.4932632446289,99.50485229492188,7.12376070022583,22.106277465820312,0,0,12,0.9111419916152954,90.66304779052734,91.60686492919922,92.4932632446289,94.86647033691406,2.932699203491211,7.465118408203125,0,0,8,0.9556911587715149
N#CC1(NC(=O)[C@@H]2CCCC[C@H]2C(=O)N2CCN(c3nccs3)CC2)CC1,36.31,False,90.66304779052734,91.60588836669922,92.4932632446289,99.73995971679688,8.569177627563477,27.106063842773438,0,0,11,0.9089942574501038,90.66304779052734,91.60588836669922,92.4932632446289,94.86634826660156,2.932835340499878,7.465118408203125,0,0,8,0.9556924104690552
N#CC1(NC(=O)[C@@H]2CCCC[C@H]2C(=O)N2CCc3[nH]c4ccc(F)cc4c3C2)CC1,41.41,False,80.28392028808594,86.1394271850586,90.66304779052734,98.58366394042969,10.446867942810059,34.09954071044922,1,2,13,0.8143734931945801,80.28392028808594,86.1394271850586,90.66304779052734,92.46725463867188,5.821743011474609,17.84424591064453,1,2,9,0.8682416081428528
N#CC1(NC(=O)[C@@H]2CCCC[C@H]2C(=O)N2CCc3[nH]c4ncccc4c3C2)CC1,3.0,False,80.27172088623047,86.03662872314453,90.66304779052734,97.80646514892578,9.450536727905273,32.449981689453125,1,2,13,0.8207200169563293,80.27172088623047,86.03662872314453,90.66304779052734,92.45448303222656,5.837062835693359,17.8564453125,1,2,9,0.8682296276092529
N#CCC(CNc1ncc(C(F)(F)F)cc1Cl)OC(=O)c1c(F)cccc1F,150.0,False,92.45557403564453,94.00420379638672,99.23564910888672,104.65223693847656,8.621748924255371,22.262130737304688,0,0,7,0.8834552764892578,92.45557403564453,94.00420379638672,99.23564910888672,95.2318115234375,2.9008753299713135,6.7800750732421875,0,0,3,0.9708476066589355
N#CCNC(=O)c1ccc(-c2ccnc(Nc3ccc(N4CCOCC4)cc3)n2)cc1,5.13,False,82.94535064697266,89.9566650390625,96.68433380126953,103.43868255615234,10.385981559753418,31.797088623046875,1,2,9,0.8018794059753418,82.94535064697266,89.9566650390625,96.68433380126953,89.86211395263672,5.609314441680908,13.738983154296875,1,2,3,0.9230291247367859
N#C[C@]1(NC(=O)[C@@H](N)Cc2cccs2)C[C@H]1c1ccccc1,136.0,False,81.99771881103516,85.61837768554688,97.16111755371094,104.8592758178711,11.650825500488281,34.266754150390625,1,2,10,0.7819786667823792,81.99771881103516,85.61837768554688,97.16111755371094,88.25907135009766,6.465916633605957,15.163398742675781,1,2,3,0.9290571212768555
N#Cc1c(O)c2c(-c3ccc(-c4ccccc4O)cc3)csc2[nH]c1=O,52.48,False,110.61941528320312,110.81871795654297,110.8737564086914,112.25041961669922,2.0907654762268066,6.298614501953125,0,0,7,0.9854699373245239,,,,,,,0,0,0,
N#Cc1cc(-c2n[nH]c(-c3ccncc3)n2)ccn1,3.0,False,106.29072570800781,107.14920043945312,112.40003204345703,110.743896484375,3.345337390899658,7.779747009277344,0,0,5,0.9597885608673096,,,,,,,0,0,0,
N#Cc1ccc(-c2ccc(NC(=O)Nc3ccc(-c4ccnc5[nH]cnc45)cc3)cc2)cc1,67.61,False,107.0551986694336,110.59615325927734,110.95824432373047,111.47698974609375,1.9127839803695679,7.17218017578125,0,0,9,0.9603344798088074,,,,,,,0,0,0,
N#Cc1ccc(C(=O)Nc2ccc(-n3ccnc3)nc2)cc1,20.42,False,106.66568756103516,110.0931396484375,111.96184539794922,112.77983093261719,3.140702724456787,11.014671325683594,0,0,8,0.9457868933677673,,,,,,,0,0,0,
N#Cc1ccc(C(c2ccc(C#N)cc2)n2cncn2)cc1,3.0,False,82.10236358642578,111.92057800292969,112.81856536865234,108.1423568725586,13.184556007385254,35.22857666015625,1,1,5,0.7592063546180725,82.10236358642578,82.10236358642578,82.10236358642578,82.10236358642578,0.0,0.0,1,1,1,1.0
N#Cc1ccc(C[C@@H](C(=O)O)N2CCC(CN3CCC(Oc4ccc(Cl)c(Cl)c4)CC3)CC2)cc1,3.0,False,84.72188568115234,88.5868148803711,91.3822250366211,99.73480224609375,9.723613739013672,27.941558837890625,1,2,14,0.8494716286659241,84.72188568115234,88.5868148803711,91.3822250366211,93.01287078857422,4.514095306396484,15.413360595703125,1,2,9,0.9108619689941406
N#Cc1ccc(Cl)cc1S[C@H](CCN)c1ccccc1,150.0,False,86.88451385498047,90.51909637451172,96.2596206665039,104.94878387451172,10.010493278503418,27.257537841796875,0,1,9,0.8278753757476807,86.88451385498047,90.51909637451172,96.2596206665039,91.22107696533203,3.8594248294830322,9.375106811523438,0,1,3,0.9524609446525574
N#Cc1ccc(NC(=O)Nc2ccccc2Br)c2nn[nH]c12,69.0,False,110.13509368896484,111.5907974243164,111.765869140625,111.99749755859375,1.0341264009475708,3.145294189453125,0,0,6,0.9833710193634033,,,,,,,0,0,0,
N#Cc1ccc(OC2CCN(C[C@H](O)CNC(=O)c3c[nH]c(=O)c4ccccc34)CC2)cc1Cl,9.0,False,91.58370208740234,91.92646026611328,92.1659164428711,103.9908218383789,9.05445671081543,20.758438110351562,0,0,14,0.8806902170181274,91.58370208740234,91.92646026611328,92.1659164428711,93.79520416259766,2.979438304901123,8.554550170898438,0,0,6,0.9764220118522644
N#Cc1ccc2[nH]c(-c3ccc(F)cc3)c(CCCC(=O)NS(=O)(=O)C(F)(F)F)c2c1,9.8,False,87.63834381103516,93.07454681396484,97.89595031738281,105.39649963378906,10.055468559265137,26.28491973876953,0,1,8,0.8315109610557556,87.63834381103516,93.07454681396484,97.89595031738281,92.86962127685547,4.190156936645508,10.257606506347656,0,1,3,0.9436707496643066
N#Cc1ccc2[nH]c(-c3ccc(F)cc3)c(CCCC(=O)NS(N)(=O)=O)c2c1,19.6,False,87.63834381103516,92.22237396240234,97.89595031738281,105.28997802734375,10.189062118530273,26.28491973876953,0,1,8,0.8323521614074707,87.63834381103516,92.22237396240234,97.89595031738281,92.58556365966797,4.195517539978027,10.257606506347656,0,1,3,0.9465659856796265
N#Cc1ccc2c(c1)N(CCN1CCC(NCc3ccc4c(n3)NC(=O)CO4)CC1)C(=O)CO2,8.51,False,74.50606536865234,85.42168426513672,86.20732116699219,98.35087585449219,12.98819637298584,39.61732482910156,1,4,13,0.7575536370277405,74.50606536865234,85.42168426513672,86.20732116699219,89.05265808105469,7.0116376876831055,24.843841552734375,1,4,8,0.8366518020629883
N#Cc1ccc2ccc(=O)n(CCN3CC[C@@H](NCc4ccc5c(n4)NC(=O)CO5)[C@@H](F)C3)c2c1,16.6,False,74.48945617675781,86.20732116699219,90.40647888183594,100.38775634765625,12.189433097839355,40.068885803222656,1,2,16,0.7420173287391663,74.48945617675781,86.20732116699219,90.40647888183594,90.69277954101562,6.917466640472412,25.15545654296875,1,2,9,0.8213383555412292
N#Cc1cccc(-c2cc(C(F)(F)F)ccc2OCC(=O)O)c1,3.0,False,87.30453491210938,111.19943237304688,111.62435150146484,109.02549743652344,8.235284805297852,25.841575622558594,0,1,8,0.8007717132568359,87.30453491210938,87.30453491210938,87.30453491210938,87.30453491210938,0.0,0.0,0,1,1,1.0
N#Cc1cccc(-c2cc(Cl)ccc2OCC(=O)O)c1,5.0,False,87.30453491210938,110.90911102294922,111.62435150146484,109.05575561523438,8.251160621643066,25.841575622558594,0,1,8,0.8005495667457581,87.30453491210938,87.30453491210938,87.30453491210938,87.30453491210938,0.0,0.0,0,1,1,1.0
N#Cc1cccc(-c2cccc(C(=O)O)c2)c1,8.13,False,110.8955307006836,111.00623321533203,111.37533569335938,111.83941650390625,0.7265810966491699,2.250579833984375,0,0,8,0.9915603399276733,,,,,,,0,0,0,
N#Cc1cccc(NCC(=O)Nc2c(Cl)ccc3nc(N4CC[C@@H](O)C4)ccc23)c1,8.0,False,82.25440216064453,88.84239959716797,89.0242919921875,103.94835662841797,11.121624946594238,31.639495849609375,1,3,13,0.7913006544113159,82.25440216064453,88.84239959716797,89.0242919921875,90.60044860839844,5.411802291870117,15.409332275390625,1,3,5,0.9078807234764099
N#Cc1ccccc1CSc1nc(O)cc(O)n1,3.0,False,86.46387481689453,111.3678970336914,111.55979919433594,108.68920135498047,10.197080612182617,31.573989868164062,0,1,6,0.7955148816108704,86.46387481689453,86.46387481689453,86.46387481689453,86.46387481689453,0.0,0.0,0,1,1,1.0
N#Cc1cnc(N2CCN(C(=O)[C@@H]3CCCC[C@H]3C(=O)NC3(C#N)CC3)CC2)s1,5.25,False,91.54695892333984,91.6412582397461,91.83606719970703,98.21070861816406,7.42441987991333,23.246429443359375,0,0,10,0.9321484565734863,91.54695892333984,91.6412582397461,91.83606719970703,94.81787109375,3.0130937099456787,6.830955505371094,0,0,8,0.9655032157897949
N=C(N)N1CCc2ccccc2C1,3.98,False,77.4946060180664,87.57186889648438,90.4493637084961,99.94108581542969,13.297858238220215,33.75102996826172,1,2,7,0.7754029035568237,77.4946060180664,87.57186889648438,90.4493637084961,85.17194366455078,5.554347038269043,12.954757690429688,1,2,3,0.9098607301712036
N=C(N)NC(=O)c1nc(Cl)c(N)nc1N,3.0,False,,,,,,,0,0,0,,,,,,,,0,0,0,
N=c1c(S(=O)(=O)c2ccc(Cl)cc2)cc2c(=O)n3ccccc3nc2n1C1CCCC1,35.48,False,94.44723510742188,94.82018280029297,94.98709869384766,107.8412094116211,8.663511276245117,20.81517791748047,0,0,10,0.8757991194725037,94.44723510742188,94.82018280029297,94.98709869384766,94.75150299072266,0.2256850302219391,0.5398635864257812,0,0,3,0.9967887997627258
NC(=O)COc1cc(-c2cccc3c(=O)cc(N4CCOCC4)oc23)ccc1NC(=O)CN1CCOCC1,3.0,False,86.55756378173828,90.39550018310547,90.57921600341797,103.3154296875,10.504430770874023,28.865463256835938,0,1,13,0.8377990126609802,86.55756378173828,90.39550018310547,90.57921600341797,92.32636260986328,3.576324224472046,10.713981628417969,0,1,6,0.9375173449516296
NC(=O)NC(=O)C(Nc1ccc2c(c1)CCC2)c1ccccc1,34.375,False,78.10401916503906,86.65096282958984,86.70832824707031,101.41045379638672,12.592385292053223,33.48802947998047,1,3,10,0.7701771855354309,78.10401916503906,86.65096282958984,86.70832824707031,86.75017547607422,6.164064884185791,17.433372497558594,1,3,4,0.9003326892852783
NC(=O)c1ccc(N(C(N)=O)c2c(F)cccc2F)nc1-c1ccc(F)cc1F,3.0,False,111.56243133544922,111.83230590820312,112.69622802734375,113.68543243408203,1.7359435558319092,5.45947265625,0,0,7,0.981325626373291,,,,,,,0,0,0,
NC(=O)c1ccn2c(-c3ccccc3)c(-c3ccc(C4(N)CCC4)cc3)nc2c1,3.72,False,98.6820068359375,99.6201400756836,109.90755462646484,108.9688491821289,5.009757995605469,15.097572326660156,0,0,10,0.9055983424186707,98.6820068359375,99.6201400756836,99.6201400756836,99.15107727050781,0.4690666198730469,0.9381332397460938,0,0,2,0.9952691197395325
NC(=O)c1cnc(-c2ccc(C3(N)CCC3)cc2)c(-c2ccccc2)c1,4.0649999999999995,False,98.6820068359375,99.6201400756836,101.9476318359375,106.90078735351562,4.988965034484863,12.566757202148438,0,0,9,0.9231176972389221,98.6820068359375,99.6201400756836,101.9476318359375,100.08325958251953,1.3728162050247192,3.265625,0,0,3,0.9859991073608398
NC1(c2ccc(-c3c(-c4ccccc4)ccc4ccnn34)cc2)CCC1,10.23,False,98.6820068359375,99.6201400756836,109.89624786376953,110.1368408203125,5.811400413513184,21.092269897460938,0,0,11,0.8959945440292358,98.6820068359375,99.6201400756836,99.6201400756836,99.15107727050781,0.4690666198730469,0.9381332397460938,0,0,2,0.9952691197395325
NC1(c2ccc(-c3c(-c4ccccc4)ccn4ccnc34)cc2)CCC1,79.56,False,98.6820068359375,99.6201400756836,109.8780288696289,110.4188003540039,5.89284086227417,20.886558532714844,0,0,11,0.8937065601348877,98.6820068359375,99.6201400756836,99.6201400756836,99.15107727050781,0.4690666198730469,0.9381332397460938,0,0,2,0.9952691197395325
NC1(c2ccc(-c3c(-c4ccccc4)ccn4ncnc34)cc2)CCC1,3.0,False,98.6820068359375,99.6201400756836,109.8780288696289,109.94657897949219,5.807990074157715,17.86052703857422,0,0,10,0.8975450396537781,98.6820068359375,99.6201400756836,99.6201400756836,99.15107727050781,0.4690666198730469,0.9381332397460938,0,0,2,0.9952691197395325
NC1(c2ccc(-c3nc4ccccc4cc3-c3ccccc3)cc2)CCC1,80.7,False,98.6820068359375,99.6201400756836,109.89385223388672,109.18356323242188,4.5569233894348145,14.716468811035156,0,0,12,0.9038174152374268,98.6820068359375,99.6201400756836,99.6201400756836,99.15107727050781,0.4690666198730469,0.9381332397460938,0,0,2,0.9952691197395325
NC1(c2ccc(-c3nc4ccccn4c3-c3ccccc3)cc2)CCC1,84.1,False,98.6820068359375,99.6201400756836,109.90755462646484,109.63716125488281,5.143843650817871,15.794578552246094,0,0,11,0.9000781178474426,98.6820068359375,99.6201400756836,99.6201400756836,99.15107727050781,0.4690666198730469,0.9381332397460938,0,0,2,0.9952691197395325
NC1(c2ccc(-c3ncc4cccn4c3-c3ccccc3)cc2)CCC1,3.0,False,98.6820068359375,99.6201400756836,105.08739471435547,110.1141128540039,6.443373680114746,19.741798400878906,0,0,11,0.8961794376373291,98.6820068359375,99.6201400756836,99.6201400756836,99.15107727050781,0.4690666198730469,0.9381332397460938,0,0,2,0.9952691197395325
NC1(c2ccc(-c3ncc4cccnc4c3-c3ccccc3)cc2)CCC1,19.5,False,98.6820068359375,99.6201400756836,104.27991485595703,107.7979736328125,4.81063175201416,13.940956115722656,0,0,11,0.915434718132019,98.6820068359375,99.6201400756836,104.27991485595703,101.87815856933594,2.756793975830078,6.248558044433594,0,0,4,0.9686276912689209
NC1(c2ccc(-c3ncc4cnccc4c3-c3ccccc3)cc2)CCC1,150.0,False,98.6820068359375,99.6201400756836,104.76362609863281,107.43830871582031,4.558991432189941,12.760444641113281,0,0,11,0.918499231338501,98.6820068359375,99.6201400756836,104.76362609863281,101.02191925048828,2.673358917236328,6.0816192626953125,0,0,3,0.9768375754356384
NC1(c2ccc(-c3ncc4nccn4c3-c3ccccc3)cc2)CCC1,9.61,False,98.6820068359375,99.6201400756836,106.68677520751953,109.3712158203125,6.079601764678955,21.22119903564453,0,0,10,0.9022666811943054,98.6820068359375,99.6201400756836,99.6201400756836,99.15107727050781,0.4690666198730469,0.9381332397460938,0,0,2,0.9952691197395325
NC1(c2ccc(-c3nn4ccnc4cc3-c3ccccc3)cc2)CCC1,78.88,False,98.6820068359375,99.6201400756836,109.89385223388672,110.14898681640625,6.222381591796875,21.848556518554688,0,0,10,0.8958957195281982,98.6820068359375,99.6201400756836,99.6201400756836,99.15107727050781,0.4690666198730469,0.9381332397460938,0,0,2,0.9952691197395325
NC1=Nc2ccccc2Sc2cccc(F)c21,13.18,False,111.14978790283203,111.27685546875,111.4963150024414,112.25811004638672,1.070277214050293,3.1574478149414062,0,0,7,0.9901270270347595,,,,,,,0,0,0,
NC1=Nc2ccccc2Sc2ccccc21,7.94,False,109.39810180664062,111.14978790283203,111.21412658691406,111.4486083984375,0.9006770253181458,3.0424880981445312,0,0,8,0.9816012978553772,,,,,,,0,0,0,
NCCCCCc1c[nH]c2ccc(F)cc12,74.13,False,86.96039581298828,90.30195617675781,94.49517822265625,102.67438507080078,11.134068489074707,30.70421600341797,0,1,9,0.8469531536102295,86.96039581298828,90.30195617675781,94.49517822265625,93.13787078857422,3.9335615634918213,10.078765869140625,0,1,5,0.9336738586425781
NCCCCN(Cc1nc2ccccc2[nH]1)C1CCCc2cccnc21,30.72,False,82.88761138916016,84.89189910888672,86.0283432006836,100.17820739746094,10.497385025024414,30.161460876464844,2,3,16,0.8274016380310059,82.88761138916016,84.89189910888672,86.0283432006836,91.76716613769531,5.56593656539917,14.770820617675781,2,3,9,0.9032382369041443
NCCCCN(Cc1nc2ccccc2[nH]1)[C@H]1CCCc2cccnc21,30.51,False,83.84651947021484,85.09285736083984,85.4884262084961,99.96812438964844,10.434836387634277,29.202552795410156,1,3,16,0.8387325406074524,83.84651947021484,85.09285736083984,85.4884262084961,92.90495300292969,6.381251811981201,21.147613525390625,1,3,10,0.9024978280067444
NCCc1ccc(O)c2nc(O)sc12,150.0,False,90.34966278076172,91.1822280883789,110.79286193847656,101.40569305419922,10.680603981018066,22.948348999023438,0,0,4,0.8909723162651062,90.34966278076172,91.1822280883789,91.1822280883789,90.76594543457031,0.41628265380859375,0.8325653076171875,0,0,2,0.9954136610031128
NS(=O)(=O)c1ccc(-n2nc(C(F)(F)F)cc2-c2ccc(C(F)(F)F)cc2)cc1,18.2,False,111.8480453491211,112.07687377929688,112.5866928100586,113.76644134521484,2.9441030025482178,7.7728118896484375,0,0,5,0.9831374287605286,,,,,,,0,0,0,
N[C@@H](C(=O)N[C@@H]1C(=O)N2C(C(=O)O)=C(Cl)CC[C@H]12)c1ccccc1,3.0,False,78.11478424072266,78.7985610961914,86.7507553100586,96.1752700805664,13.127931594848633,33.11665344238281,2,3,8,0.8122127652168274,78.11478424072266,78.7985610961914,86.7507553100586,87.26464080810547,8.000210762023926,18.295883178710938,2,3,5,0.8951481580734253
N[C@@H]1CCCN(c2c(/C=C3\SC(=O)NC3=O)cccc2-c2ccncc2)C1,8.91,False,90.5810317993164,90.90283203125,91.2635498046875,102.11473846435547,8.246447563171387,21.8876953125,0,0,11,0.887051522731781,90.5810317993164,90.90283203125,91.2635498046875,95.4375991821289,4.750629425048828,12.259765625,0,0,6,0.9491126537322998
N[C@@H]1CCCN(c2ccccc2/C=C2\SC(=O)NC2=O)C1,5.13,False,90.8514175415039,90.89937591552734,90.90640258789062,101.50688171386719,8.433389663696289,20.519790649414062,0,0,10,0.8950271606445312,90.8514175415039,90.89937591552734,90.90640258789062,95.24735260009766,4.529891014099121,11.203605651855469,0,0,6,0.9538471698760986
Nc1[nH]ncc1-c1cc(Cl)ccc1Oc1cc(F)c(S(=O)(=O)Nc2cscn2)cc1Cl,5.62,False,111.7190170288086,111.9620590209961,112.57498931884766,114.27963256835938,2.699120283126831,8.96405029296875,0,0,8,0.9775934219360352,,,,,,,0,0,0,
Nc1c(-c2ccccc2)nc(Cl)nc1-c1ccccc1,46.77,False,110.90859985351562,111.10449981689453,111.24876403808594,111.0872802734375,0.13940374553203583,0.3401641845703125,0,0,3,0.9983915090560913,,,,,,,0,0,0,
Nc1c(C(=O)c2cccc(OC[C@@H](O)CO)c2)cnn1-c1ccc(F)cc1,3.0,False,93.7762222290039,95.0844955444336,96.76907348632812,107.20124816894531,7.968117713928223,21.310218811035156,0,0,10,0.8747680187225342,93.7762222290039,95.0844955444336,96.76907348632812,95.20993041992188,1.2250415086746216,2.9928512573242188,0,0,3,0.9849416017532349
Nc1c2c(nc3ccccc13)CCCC2,13.8,False,84.86971282958984,87.32673645019531,97.25833892822266,101.50606536865234,10.641517639160156,28.32000732421875,1,2,8,0.8361048698425293,84.86971282958984,87.32673645019531,97.25833892822266,91.6810302734375,5.6499834060668945,12.399604797363281,1,2,4,0.9257063865661621
Nc1cc(C(=O)Nc2cccc(-c3nnn[nH]3)c2)cc(C(F)(F)F)c1,23.44,False,110.74461364746094,110.75257110595703,111.10018157958984,111.827880859375,0.9361823201179504,2.6844711303710938,0,0,7,0.9903131127357483,,,,,,,0,0,0,
Nc1cc(C(F)(F)F)c(-c2cc(N3CCOCC3)nc(N3CCOCC3)n2)cn1,9.425,False,90.70357513427734,91.01634979248047,96.67399597167969,101.31439971923828,9.325108528137207,23.621971130371094,0,0,7,0.8952683210372925,90.70357513427734,91.01634979248047,96.67399597167969,93.77914428710938,2.9213318824768066,6.01910400390625,0,0,4,0.9672041535377502
Nc1ccc(-c2ccccc2Cl)cc1,123.03,False,110.69876098632812,110.85491180419922,111.4104232788086,111.43151092529297,0.5745090246200562,1.7339706420898438,0,0,6,0.9934242367744446,,,,,,,0,0,0,
Nc1ccc(OCCc2ccccc2)cc1,150.0,False,88.8033676147461,94.86228942871094,110.76976776123047,105.74422454833984,8.960282325744629,23.60009765625,0,1,7,0.8397940397262573,88.8033676147461,94.86228942871094,94.86228942871094,91.83282470703125,3.029460906982422,6.058921813964844,0,1,2,0.9670111536979675
Nc1ccc2c(-c3ccncc3)c(-c3ccc(F)cc3)[nH]c2n1,117.49,False,105.95254516601562,111.29419708251953,111.58128356933594,111.29143524169922,2.543234348297119,7.9707183837890625,0,0,6,0.9520278573036194,,,,,,,0,0,0,
Nc1ccc2c(c1)Cc1cc(N)ccc1-2,61.66,False,81.31784057617188,111.09657287597656,111.5093765258789,103.86064910888672,13.016209602355957,30.200942993164062,1,1,4,0.7829514145851135,81.31784057617188,81.31784057617188,81.31784057617188,81.31784057617188,0.0,0.0,1,1,1,1.0
Nc1nc(-c2ccc(Cl)c(Cl)c2)c(-c2ccncc2)s1,19.05,False,105.95866394042969,112.12581634521484,112.54528045654297,111.17997741699219,2.6175906658172607,6.718559265136719,0,0,5,0.9530372619628906,,,,,,,0,0,0,
Nc1nc2ccc(-c3ccncc3)cc2s1,29.51,False,105.96550750732422,110.88582611083984,111.4307861328125,110.61260986328125,2.421356439590454,6.996673583984375,0,0,5,0.9579876065254211,,,,,,,0,0,0,
Nc1nc2ccc(C(=O)c3ccccc3)cc2[nH]1,3.0,False,110.02332305908203,110.16890716552734,110.57806396484375,111.08753204345703,1.0590969324111938,3.1646728515625,0,0,6,0.9904201030731201,,,,,,,0,0,0,
Nc1nc2ccc(F)cc2s1,5.75,False,113.35833740234375,113.9322738647461,114.60172271728516,113.964111328125,0.508108913898468,1.2433853149414062,0,0,3,0.9946845173835754,,,,,,,0,0,0,
Nc1ncc(-c2ccc(S(=O)(=O)N3CCCC3)cc2)nc1C(=O)Nc1cccnc1,3.0,False,91.78450775146484,96.7680435180664,105.26827239990234,105.96141052246094,6.837638854980469,20.496627807617188,0,0,9,0.8662069439888,91.78450775146484,96.7680435180664,96.7680435180664,94.27627563476562,2.4917678833007812,4.9835357666015625,0,0,2,0.9735695123672485
Nc1ncc2cc(-c3c(Br)cccc3Br)c(N)nc2n1,120.23,False,104.57907104492188,111.53321075439453,112.0565185546875,110.0846176147461,3.1876847743988037,7.590606689453125,0,0,4,0.949988067150116,104.57907104492188,104.57907104492188,104.57907104492188,104.57907104492188,0.0,0.0,0,0,1,1.0
Nc1ncnc2c1c(COc1cccc(Cl)c1)nn2C1CCOCC1,150.0,False,87.15894317626953,94.8740463256836,95.93305969238281,103.4874267578125,9.026917457580566,26.591629028320312,0,1,9,0.8422176837921143,87.15894317626953,94.8740463256836,95.93305969238281,94.16069030761719,4.274020671844482,11.51776123046875,0,1,4,0.9256404638290405
Nc1ncnc2c1ncn2[C@@H]1O[C@H](CO)[C@@H](O)[C@H]1O,3.0,False,91.83966827392578,92.86455535888672,93.26363372802734,98.51789855957031,8.006209373474121,22.529342651367188,0,0,7,0.9322130084037781,91.83966827392578,92.86455535888672,93.26363372802734,93.67381286621094,1.4189225435256958,4.141082763671875,0,0,5,0.9804198741912842
Nc1ncnc2c1ncn2[C@@H]1O[C@H](CSCCCNC(=O)NCc2ccccc2)[C@@H](O)[C@H]1O,14.45,False,80.5273666381836,89.94657135009766,92.2347183227539,98.60816192626953,9.849813461303711,33.841644287109375,1,2,14,0.8166399598121643,80.5273666381836,89.94657135009766,92.2347183227539,91.81841278076172,4.324288368225098,15.763076782226562,1,2,9,0.8770285248756409
Nc1ncnc2c1ncn2[C@@H]1O[C@H](CSCCCNC(=O)Nc2ccc(Cl)cc2)[C@@H](O)[C@H]1O,93.33,False,89.94657135009766,92.2347183227539,92.66422271728516,99.2791519165039,8.88747787475586,24.422439575195312,0,1,12,0.905996561050415,89.94657135009766,92.2347183227539,92.66422271728516,93.18244934082031,1.7491793632507324,6.3438720703125,0,1,8,0.9652737379074097
Nc1ncnc2c1ncn2[C@@H]1O[C@H](CSCCCNC(=O)Nc2ccccc2)[C@@H](O)[C@H]1O,28.18,False,89.94657135009766,92.2347183227539,92.66422271728516,100.08281707763672,8.96212100982666,24.422439575195312,0,1,13,0.8987213969230652,89.94657135009766,92.2347183227539,92.66422271728516,93.18244934082031,1.7491793632507324,6.3438720703125,0,1,8,0.9652737379074097
Nc1nnc(CCSCCc2nnc(NC(=O)Cc3ccccc3)s2)s1,72.44,False,84.7221908569336,84.73844909667969,88.80795288085938,97.123779296875,11.17245864868164,26.509246826171875,2,3,8,0.872311532497406,84.7221908569336,84.73844909667969,88.80795288085938,88.7530517578125,3.585871458053589,8.026138305664062,2,3,5,0.9545834064483643
O=C(C1CCCCC1)N1CC(=O)N2CCc3ccccc3C2C1,17.38,False,81.94975280761719,87.12808227539062,90.3191909790039,97.81397247314453,9.740419387817383,29.37218475341797,1,2,13,0.8378123641014099,81.94975280761719,87.12808227539062,90.3191909790039,91.92770385742188,4.942299842834473,15.622444152832031,1,2,9,0.8914586901664734
O=C(C1CCN(c2nnc(-n3cccc3)s2)CC1)N1CCN(Cc2ccc3c(c2)OCO3)CC1,50.12,False,83.92115020751953,90.15735626220703,91.08922576904297,101.2409896850586,12.182361602783203,34.17658996582031,1,1,12,0.8289246559143066,83.92115020751953,90.15735626220703,91.08922576904297,91.35218048095703,3.9713573455810547,14.608497619628906,1,1,7,0.9186551570892334
O=C(C1CCN(c2nnc(-n3cccc3)s2)CC1)N1CCc2ccccc2C1,46.77,False,78.06690216064453,87.89214324951172,90.15735626220703,101.3736801147461,12.866002082824707,40.03083801269531,1,2,12,0.7700904607772827,78.06690216064453,87.89214324951172,90.15735626220703,89.45687103271484,6.056083679199219,20.462745666503906,1,2,6,0.872676432132721
O=C(CC12CC3CC(CC(C3)C1)C2)Nc1cccc2c(=O)n(C(CO)CO)ccc12,19.0,False,92.02877044677734,92.55565643310547,94.01494598388672,103.31600952148438,8.400887489318848,22.688148498535156,0,0,11,0.8907503485679626,92.02877044677734,92.55565643310547,94.01494598388672,96.01990509033203,3.2367427349090576,7.916664123535156,0,0,6,0.9584342837333679
O=C(CC12CC3CC(CC(C3)C1)C2)Nc1cccc2c(=O)n(C[C@H]3CCCN3)ccc12,43.0,False,87.42121124267578,89.67298126220703,92.02877044677734,101.04862976074219,8.900078773498535,27.398941040039062,0,2,14,0.8651400208473206,87.42121124267578,89.67298126220703,92.02877044677734,94.91898345947266,4.093529224395752,12.524223327636719,0,2,9,0.9210087060928345
O=C(CC1CCCCCC1)Nc1cccc2c(=O)n([C@H]3CCNC3)ccc12,3.2,False,87.81147003173828,89.11955261230469,90.50782012939453,99.90030670166016,9.449810981750488,26.665145874023438,0,2,14,0.8789910078048706,87.81147003173828,89.11955261230469,90.50782012939453,93.1421890258789,3.1648075580596924,9.790771484375,0,2,9,0.9427679181098938
O=C(CCCN1CCC(O)(c2ccc(Cl)cc2)CC1)c1ccc(F)cc1,14.24,False,91.01931762695312,91.42664337158203,91.62387084960938,102.04132080078125,9.190141677856445,23.20122528076172,0,0,9,0.8919848799705505,91.01931762695312,91.42664337158203,91.62387084960938,94.24560546875,3.5857739448547363,8.426246643066406,0,0,5,0.9657672047615051
O=C(CCCc1ccc2cccnc2n1)NCc1cc(-c2ccc(F)c(C(F)(F)F)c2)no1,19.95,False,79.99112701416016,86.9863510131836,91.46381378173828,104.99913024902344,11.868579864501953,40.77366638183594,1,2,13,0.7618265748023987,79.99112701416016,86.9863510131836,91.46381378173828,91.76912689208984,8.191606521606445,24.185348510742188,1,2,5,0.8716561794281006
O=C(CCOCCc1ccccc1)NCCNCCc1ccc(O)c2nc(O)sc12,71.99,False,88.79147338867188,89.96614837646484,90.43267059326172,99.30675506591797,9.707134246826172,24.50653839111328,0,2,13,0.8941131234169006,88.79147338867188,89.96614837646484,90.43267059326172,91.76213073730469,2.128643035888672,6.306343078613281,0,2,8,0.9676265716552734
O=C(CN1CCOCC1)Nc1ccc(-c2cccc3c(=O)cc(N4CCOCC4)oc23)cc1-c1ccccc1,123.03,False,86.55756378173828,90.39550018310547,93.55408477783203,105.52005004882812,9.42680549621582,28.865463256835938,0,1,15,0.8202949166297913,86.55756378173828,90.39550018310547,93.55408477783203,92.67579650878906,3.8230228424072266,10.713981628417969,0,1,5,0.9339824318885803
O=C(CN1CCOCC1)Nc1ccc(-c2cccc3c(=O)cc(N4CCOCC4)oc23)cc1O,18.62,False,86.55756378173828,90.39550018310547,93.55408477783203,104.44677734375,10.297557830810547,28.865463256835938,0,1,12,0.8287241458892822,86.55756378173828,90.39550018310547,93.55408477783203,92.67579650878906,3.8230228424072266,10.713981628417969,0,1,5,0.9339824318885803
O=C(CN1CCOCC1)Nc1ccc(-c2cccc3c(=O)cc(N4CCOCC4)oc23)cc1OCC1CC1,95.5,False,86.55756378173828,90.39550018310547,93.55408477783203,104.01136016845703,9.573079109191895,28.865463256835938,0,1,15,0.8321933746337891,86.55756378173828,90.39550018310547,93.55408477783203,92.91242218017578,3.5298068523406982,10.713981628417969,0,1,6,0.9316037893295288
O=C(CN1CCOCC1)Nc1ccc(-c2cccc3c(=O)cc(N4CCOCC4)oc23)cc1OCCN1CCCC1,5.5,False,86.55756378173828,87.54313659667969,89.6572036743164,101.28790283203125,10.505157470703125,28.865463256835938,0,3,16,0.8545696139335632,86.55756378173828,87.54313659667969,89.6572036743164,92.38599395751953,3.7034921646118164,10.713981628417969,0,3,9,0.9369121789932251
O=C(CO)N1CCC(c2[nH]nc(-c3ccc(Cl)cc3F)c2-c2ccncn2)CC1,3.0,False,83.73078155517578,86.69863891601562,92.47045135498047,102.98313903808594,11.2527494430542,32.19379425048828,1,2,10,0.81305330991745,83.73078155517578,86.69863891601562,92.47045135498047,90.53058624267578,5.921006679534912,15.49169921875,1,2,4,0.9248894453048706
O=C(CSc1ccccc1)N1CCN(C(=O)c2ccco2)CC1,64.57,False,88.51605987548828,92.89759063720703,93.69071960449219,107.01197814941406,11.381810188293457,30.929397583007812,0,1,9,0.8271602988243103,88.51605987548828,92.89759063720703,93.69071960449219,91.70145416259766,2.2755699157714844,5.174659729003906,0,1,3,0.9652634263038635
O=C(CSc1nc2c(c(=O)n1-c1ccccc1)SCC2)Nc1ccc(-c2ccccc2)cn1,150.0,False,84.26058959960938,90.8790283203125,91.28356170654297,105.32564544677734,9.82235336303711,29.077476501464844,1,1,12,0.8000006675720215,84.26058959960938,90.8790283203125,91.28356170654297,88.80773162841797,3.2195498943328857,7.022972106933594,1,1,3,0.948797881603241
O=C(CSc1nc2c(c(=O)n1-c1ccccc1)SCC2)Nc1ncc(-c2ccccc2)s1,128.82,False,84.26058959960938,90.80440521240234,90.8790283203125,104.7153549194336,10.67243766784668,28.443321228027344,1,1,10,0.8046631813049316,84.26058959960938,90.80440521240234,90.8790283203125,88.64801025390625,3.102522850036621,6.618438720703125,1,1,3,0.950507402420044
O=C(Cc1ccc(Cl)c(C(F)(F)F)c1)Nc1cccc2c(=O)n(CCO)ccc12,21.5,False,89.00409698486328,89.15151977539062,93.0611572265625,106.24840545654297,9.805861473083496,25.79279327392578,0,2,11,0.8376981616020203,89.00409698486328,89.15151977539062,93.0611572265625,90.40558624267578,1.8787329196929932,4.057060241699219,0,2,3,0.9844977855682373
O=C(Cc1ccc(F)c(C(F)(F)F)c1)Nc1cccc2c(=O)n([C@@H]3CNC[C@H]3O)ccc12,3.0,False,89.00409698486328,89.43030548095703,89.48301696777344,103.90694427490234,10.91840934753418,25.53955078125,0,3,13,0.856575071811676,89.00409698486328,89.43030548095703,89.48301696777344,90.19551849365234,1.3863526582717896,3.85546875,0,3,5,0.986790657043457
O=C(NC1CC1)c1cn(-c2cccc(C#Cc3cccnc3)c2)c2ncccc2c1=O,29.0,False,100.30084228515625,106.50897979736328,106.88451385498047,110.10382843017578,3.764658212661743,13.692024230957031,0,0,14,0.9109659790992737,100.30084228515625,100.30084228515625,100.30084228515625,100.30084228515625,0.0,0.0,0,0,1,1.0
O=C(NCC1(O)CCCCCC1)c1cc(-c2ccccc2C(=O)O)ccc1Cl,12.5,False,92.277587890625,94.8218002319336,94.86798858642578,105.58618927001953,8.226774215698242,20.32801055908203,0,0,11,0.8739550709724426,92.277587890625,94.8218002319336,94.86798858642578,94.80745697021484,1.7628859281539917,4.984855651855469,0,0,4,0.9733157157897949
O=C(NCC1(O)CCCCCC1)c1cc(-n2ncc(=O)[nH]c2=O)ccc1Cl,3.0,False,92.277587890625,94.8218002319336,94.86798858642578,103.73648834228516,9.02934455871582,21.01439666748047,0,0,8,0.8895384073257446,92.277587890625,94.8218002319336,94.86798858642578,94.80745697021484,1.7628859281539917,4.984855651855469,0,0,4,0.9733157157897949
O=C(NCC12CC3CC(CC(C3)C1)C2)c1c(Cl)ccc2nc(N3CCC[C@H](NCCc4nnn[nH]4)C3)ccc12,13.0,False,90.05152130126953,90.8037338256836,91.11998748779297,99.15198516845703,8.334382057189941,23.444244384765625,0,0,15,0.9082170128822327,90.05152130126953,90.8037338256836,91.11998748779297,94.55461120605469,3.858654499053955,9.83734130859375,0,0,11,0.9523757696151733
O=C(NCC12CC3CC(CC(C3)C1)C2)c1cc(-n2ncc(=O)[nH]c2=O)ccc1Cl,26.15,False,91.10846710205078,98.34199523925781,99.08901977539062,104.88630676269531,8.179891586303711,22.183517456054688,0,0,8,0.8686402440071106,91.10846710205078,98.34199523925781,99.08901977539062,97.10708618164062,3.5062363147735596,8.7803955078125,0,0,4,0.9382267594337463
O=C(NCC12CC3CC(CC(C3)C1)C2)c1cc(CN2CC3CNCC(C2)O3)ccc1Cl,9.0,False,83.55378723144531,89.75646209716797,90.34459686279297,98.752685546875,9.39877700805664,29.062110900878906,1,2,11,0.8460912704467773,83.55378723144531,89.75646209716797,90.34459686279297,93.77721405029297,5.533769607543945,16.33507537841797,1,2,8,0.8909817337989807
O=C(NCC12CC3CC(CC(C3)C1)C2)c1cc(CN2CCNCC2)ccc1Cl,4.23,False,83.92737579345703,91.10846710205078,91.47454833984375,99.23817443847656,9.477978706359863,28.688522338867188,1,1,10,0.845716655254364,83.92737579345703,91.10846710205078,91.47454833984375,93.7599868774414,5.311771869659424,15.96148681640625,1,1,7,0.8951299786567688
O=C(NCC12CC3CC(CC(C3)C1)C2)c1ccnc(N2CCNCC2)c1Cl,7.2,False,91.10846710205078,91.26734924316406,91.9041519165039,99.11225128173828,7.6726813316345215,23.146644592285156,0,0,8,0.9192452430725098,91.10846710205078,91.26734924316406,91.9041519165039,95.26663970947266,3.8735082149505615,8.7803955078125,0,0,6,0.9563522934913635
O=C(NCC12CC3CC(CC(C3)C1)C2)c1ccnc(NCC2CCNCC2)c1Cl,4.0,False,90.1751480102539,91.10846710205078,91.47632598876953,98.63905334472656,7.152524471282959,24.585609436035156,0,0,10,0.9141931533813477,90.1751480102539,91.10846710205078,91.47632598876953,95.6207275390625,3.7814621925354004,9.713714599609375,0,0,8,0.94305020570755
O=C(NCC1CCCCCC1)c1cc(-c2cccnc2N2CCC(C(=O)O)CC2)ccc1Cl,15.0,False,89.02981567382812,91.31439971923828,92.01544952392578,101.32140350341797,8.64394474029541,23.575782775878906,0,1,14,0.8786871433258057,89.02981567382812,91.31439971923828,92.01544952392578,94.25135803222656,3.165745496749878,10.208335876464844,0,1,8,0.9445998072624207
O=C(NCC1CCCCN1)c1cc(OCC(F)(F)F)ccc1OCC(F)(F)F,3.0,False,90.28815460205078,90.58081817626953,91.38374328613281,99.28695678710938,7.776918888092041,21.24262237548828,0,0,11,0.909365713596344,90.28815460205078,90.58081817626953,91.38374328613281,94.84282684326172,3.2600197792053223,8.309860229492188,0,0,8,0.9519766569137573
O=C(NCCCCCCNCCc1ccc(O)c2nc(O)sc12)Nc1ccccc1,98.0,False,90.33715057373047,90.7802505493164,91.24752044677734,100.90508270263672,8.872086524963379,22.960861206054688,0,0,13,0.8952685594558716,90.33715057373047,90.7802505493164,91.24752044677734,94.16212463378906,3.032140016555786,7.4327850341796875,0,0,8,0.9593788385391235
O=C(NCCc1ccccc1Cl)c1cc(-n2ncc(=O)[nH]c2=O)ccc1Cl,8.0,False,91.44743347167969,93.16268157958984,110.89669799804688,108.1458740234375,7.964970588684082,21.84455108642578,0,0,10,0.8455933928489685,91.44743347167969,93.16268157958984,93.16268157958984,92.3050537109375,0.8576240539550781,1.7152481079101562,0,0,2,0.9907088279724121
O=C(NC[C@@H](O)CN1CCC(Oc2ccc(Cl)c(Cl)c2)CC1)c1c[nH]c(=O)c2cc(S(=O)(=O)N3CCC3)ccc12,3.0,False,91.55598449707031,91.65410614013672,91.86890411376953,102.78396606445312,8.96056842803955,22.26923370361328,0,0,15,0.8907613754272461,91.55598449707031,91.65410614013672,91.86890411376953,94.78807067871094,3.5631215572357178,9.070091247558594,0,0,8,0.9659019708633423
O=C(NCc1ccc(OC(F)(F)F)cc1)C1c2ccccc2C(=O)N1CC1CC(F)(F)C1,10.0,False,79.03765106201172,81.32439422607422,91.62334442138672,101.94526672363281,12.284065246582031,33.9068603515625,2,2,11,0.7752949595451355,79.03765106201172,81.32439422607422,91.62334442138672,90.13009643554688,8.685283660888672,21.874114990234375,2,2,5,0.8769285082817078
O=C(NCc1ccccc1)c1cc(-c2ccco2)on1,138.04,False,81.02841186523438,110.82857513427734,110.8322525024414,111.55303955078125,12.278359413146973,41.532798767089844,1,1,8,0.7263666987419128,81.02841186523438,81.02841186523438,81.02841186523438,81.02841186523438,0.0,0.0,1,1,1,1.0
O=C(NCc1ccccc1)c1ccc2cccnc2c1O,22.77,False,81.01922607421875,104.96849822998047,108.65532684326172,107.02352142333984,9.43741512298584,31.284561157226562,1,1,9,0.7570226192474365,81.01922607421875,104.96849822998047,104.96849822998047,92.99386596679688,11.97463607788086,23.94927215576172,1,1,2,0.8712319135665894
O=C(NCc1cccnc1)c1cc(-c2ccco2)on1,150.0,False,81.25768280029297,105.68057250976562,106.22901153564453,110.49846649169922,11.759049415588379,41.30352783203125,1,1,9,0.735373854637146,81.25768280029297,81.25768280029297,81.25768280029297,81.25768280029297,0.0,0.0,1,1,1,1.0
O=C(NS(=O)(=O)c1ccccc1Cl)c1ccc[nH]1,3.31,False,111.45159149169922,112.04682159423828,112.68547821044922,114.61027526855469,2.719727039337158,6.5201568603515625,0,0,7,0.9724397659301758,,,,,,,0,0,0,
O=C(N[C@H](CO)[C@H](O)c1ccc([N+](=O)[O-])cc1)C(Cl)Cl,69.18,False,82.57134246826172,88.96460723876953,90.1998519897461,96.80310821533203,11.727249145507812,31.138076782226562,1,2,6,0.8529823422431946,82.57134246826172,88.96460723876953,90.1998519897461,88.85198211669922,4.015900135040283,11.100799560546875,1,2,4,0.9293134808540344
O=C(N[C@H](Cc1ccc(Cl)cc1)C(=O)N1CCC(Cn2cncn2)(C2CCCCC2)CC1)[C@H]1Cc2ccccc2CN1,34.14,False,80.7249526977539,84.380126953125,85.19725036621094,99.72461700439453,11.419777870178223,36.12409210205078,2,4,20,0.8094787001609802,80.7249526977539,84.380126953125,85.19725036621094,91.16326141357422,5.505147933959961,17.216873168945312,2,4,12,0.8854987621307373
O=C(Nc1c(Cl)cncc1Cl)c1ccc(OC(F)F)c(OCC2CC2)c1,150.0,False,94.27373504638672,101.88636016845703,106.13507843017578,105.84181213378906,5.077009201049805,17.156661987304688,0,0,8,0.8907040953636169,94.27373504638672,101.88636016845703,101.88636016845703,98.08004760742188,3.8063125610351562,7.6126251220703125,0,0,2,0.9611917734146118
O=C(Nc1c[nH]nc1-c1nc2ccc(CN3CCOCC3)cc2[nH]1)NC1CC1,3.0,False,84.12798309326172,92.41183471679688,95.58614349365234,103.90474700927734,10.677576065063477,34.12500762939453,1,1,9,0.8096644878387451,84.12798309326172,92.41183471679688,95.58614349365234,93.2464828491211,6.068000793457031,16.731964111328125,1,1,4,0.9022107720375061
O=C(Nc1cc(-c2ccnc(Nc3ccc(F)cc3)c2)ccn1)C1CCOCC1,82.395,False,89.64641571044922,95.34716033935547,98.36161804199219,106.50133514404297,7.956474304199219,23.945724487304688,0,1,11,0.84173983335495,89.64641571044922,95.34716033935547,98.36161804199219,94.45172882080078,3.6138651371002197,8.715202331542969,0,1,3,0.9491241574287415
O=C(Nc1cc(-c2ccnc(Nc3ccccc3)c2)ccn1)C1CCOCC1,83.11,False,89.64641571044922,95.34716033935547,98.36161804199219,106.67086029052734,7.573400974273682,23.38037109375,0,1,12,0.8404021263122559,89.64641571044922,95.34716033935547,98.36161804199219,94.45172882080078,3.6138651371002197,8.715202331542969,0,1,3,0.9491241574287415
O=C(Nc1cc(-c2ccncc2)c[nH]c1=O)[C@H](Cc1ccccc1)NC1(c2ccccn2)CC1,150.0,False,84.3951644897461,90.99497985839844,105.96550750732422,107.11243438720703,8.320565223693848,28.371246337890625,1,1,14,0.7879119515419006,84.3951644897461,90.99497985839844,90.99497985839844,87.695068359375,3.299907684326172,6.599815368652344,1,1,2,0.9623706936836243
O=C(Nc1ccc(CCO)cc1)c1cc2cc(Cl)ccc2[nH]1,63.1,False,89.72716522216797,93.6784439086914,110.8599624633789,107.84500122070312,9.601183891296387,28.559219360351562,0,1,8,0.8320011496543884,89.72716522216797,93.6784439086914,93.6784439086914,91.70280456542969,1.9756393432617188,3.9512786865234375,0,1,2,0.9784560799598694
O=C(Nc1ccc(Cl)c(S(=O)(=O)N2CCNCC2)c1O)Nc1cccc(F)c1Cl,22.175,False,93.46102142333984,93.85091400146484,109.9115219116211,107.10658264160156,8.61431884765625,21.067230224609375,0,0,7,0.8725982904434204,93.46102142333984,93.85091400146484,93.85091400146484,93.65596771240234,0.1949462890625,0.389892578125,0,0,2,0.9979184865951538
O=C(Nc1ccc(F)cc1)c1ccc(Cl)[n+]([O-])c1,149.0,False,111.7609634399414,112.2670669555664,113.6766357421875,113.31846618652344,1.1595109701156616,3.197601318359375,0,0,5,0.9862555265426636,,,,,,,0,0,0,
O=C(Nc1ccc(N2CCNCC2)cc1)c1ccc(-c2ccc(Cl)cc2)o1,3.0,False,89.37999725341797,91.71451568603516,110.29496765136719,108.14181518554688,10.657552719116211,30.142494201660156,0,1,8,0.8265072703361511,89.37999725341797,91.71451568603516,91.71451568603516,90.54725646972656,1.1672592163085938,2.3345184326171875,0,1,2,0.9871088266372681
O=C(Nc1cccc(-c2nnn[nH]2)c1)c1cc(C(F)(F)F)cc2[nH]cnc12,17.38,False,111.10018157958984,111.98700714111328,112.2285385131836,112.7385482788086,1.0099841356277466,3.1696548461914062,0,0,7,0.9854675531387329,,,,,,,0,0,0,
O=C(Nc1cccc(-c2nnn[nH]2)c1)c1cc(F)cc2[nH]cnc12,67.61,False,111.10018157958984,111.98700714111328,112.2285385131836,113.1996841430664,1.5045251846313477,4.1065826416015625,0,0,7,0.9814531207084656,,,,,,,0,0,0,
O=C(Nc1cccc(-c2nnn[nH]2)c1)c1cc(O)cc(C(F)(F)F)c1,29.51,False,110.9769058227539,111.10018157958984,111.72116088867188,112.12772369384766,1.0415230989456177,3.3501129150390625,0,0,7,0.9897365570068359,,,,,,,0,0,0,
O=C(Nc1cccc(-c2nnn[nH]2)c1)c1cccc2[nH]cnc12,44.67,False,111.10018157958984,111.55751037597656,111.98700714111328,112.34547424316406,0.8985185623168945,3.2430419921875,0,0,8,0.9889155030250549,,,,,,,0,0,0,
O=C(Nc1cccc(CCO)c1)c1cc2cc(Cl)ccc2[nH]1,150.0,False,90.28752899169922,93.71765899658203,110.81346893310547,108.67823791503906,8.600411415100098,27.998855590820312,0,0,10,0.8307783603668213,90.28752899169922,93.71765899658203,93.71765899658203,92.00259399414062,1.7150650024414062,3.4301300048828125,0,0,2,0.981358528137207
O=C(Nc1cccc(Cl)c1)c1ccccn1,150.0,False,106.54779815673828,110.51988983154297,111.13201904296875,111.7452392578125,2.2916479110717773,7.776031494140625,0,0,8,0.9534884691238403,,,,,,,0,0,0,
O=C(Nc1ccccc1)c1ccc2cccc(O)c2n1,139.0,False,110.34461975097656,111.02165985107422,111.54247283935547,112.02383422851562,1.1811147928237915,4.148979187011719,0,0,8,0.9850102066993713,,,,,,,0,0,0,
O=C(Nc1ccccc1-c1ccccc1)OC1CCN(CCCCCCCCCNC[C@H](O)c2ccc(O)c3[nH]c(=O)ccc23)CC1,25.33,False,82.14220428466797,91.28070831298828,91.31729888916016,101.99718475341797,8.962479591369629,32.028411865234375,1,1,25,0.8053379654884338,82.14220428466797,91.28070831298828,91.31729888916016,94.66838836669922,4.45740270614624,17.864120483398438,1,1,14,0.8676835894584656
O=C(Nc1ccccc1Cl)c1cc[nH]n1,150.0,False,111.05882263183594,111.64249420166016,112.23738098144531,114.46642303466797,3.869755268096924,10.120452880859375,0,0,6,0.9702305793762207,,,,,,,0,0,0,
O=C(Nc1ccccc1F)NC1N=C(c2ccccc2)c2ccccc2NC1=O,16.22,False,61.1586799621582,110.81644439697266,111.0039291381836,107.46959686279297,13.981330871582031,52.28025436401367,1,1,12,0.5690789222717285,61.1586799621582,61.1586799621582,61.1586799621582,61.1586799621582,0.0,0.0,1,1,1,1.0
O=C(Nc1ccccc1F)N[C@H]1N=C(c2ccccc2)c2ccccc2NC1=O,9.12,False,59.50858688354492,110.8067855834961,111.0039291381836,107.33102416992188,14.436549186706543,53.93034744262695,1,1,12,0.5544397830963135,59.50858688354492,59.50858688354492,59.50858688354492,59.50858688354492,0.0,0.0,1,1,1,1.0
O=C(Nc1ccncc1)c1cccc2ccccc12,25.12,False,106.05962371826172,110.63983917236328,111.0218505859375,110.8586654663086,1.7806696891784668,6.61907958984375,0,0,9,0.9567102789878845,,,,,,,0,0,0,
O=C(Nc1nc2c(=O)[nH]cnc2s1)c1ccccc1,150.0,False,108.20869445800781,109.10538482666016,111.23143768310547,109.9802474975586,1.3616031408309937,3.1667556762695312,0,0,4,0.9838920831680298,,,,,,,0,0,0,
O=C(Nc1nc2ccccc2[nH]1)c1ccccc1,150.0,False,109.10538482666016,111.23143768310547,111.36426544189453,111.3686752319336,1.0781090259552002,3.7968063354492188,0,0,7,0.9796774983406067,,,,,,,0,0,0,
O=C(Nc1nc2ccccc2n1CCCO)c1cccc([N+](=O)[O-])c1,85.11,False,94.89485168457031,95.9290542602539,99.73574829101562,107.83055877685547,6.867693901062012,19.186080932617188,0,0,11,0.8800367116928101,94.89485168457031,95.9290542602539,99.73574829101562,96.85321044921875,2.081526517868042,4.8408966064453125,0,0,3,0.9797801375389099
O=C(Nc1nc2ccccc2n1CCN1CCOCC1)c1cccc([N+](=O)[O-])c1,150.0,False,90.31159210205078,92.34964752197266,94.15323638916016,105.66120147705078,9.002108573913574,23.76934051513672,0,0,12,0.8547280430793762,90.31159210205078,92.34964752197266,94.15323638916016,93.08946990966797,1.9632455110549927,5.2318115234375,0,0,4,0.9701590538024902
O=C(Nc1nc2ccccc2s1)c1ccccc1,71.095,False,109.10538482666016,111.23143768310547,111.37545013427734,111.37879180908203,1.1152687072753906,4.093170166015625,0,0,7,0.979588508605957,,,,,,,0,0,0,
O=C(Nc1ncc(F)s1)C(CC1CCOCC1)c1ccc(S(=O)(=O)C2CC2)cc1,5.5,False,84.78231048583984,94.52989959716797,95.24405670166016,102.6119613647461,9.257709503173828,30.173233032226562,1,1,10,0.8262419700622559,84.78231048583984,94.52989959716797,95.24405670166016,94.2584457397461,4.997802257537842,13.953910827636719,1,1,5,0.8994664549827576
O=C(O)C1(c2ccc(-c3ccc(Cl)c(Cl)c3)c(F)c2)CC1,38.9,False,108.56085968017578,111.35506439208984,111.45055389404297,111.69817352294922,1.4291671514511108,4.7086029052734375,0,0,7,0.9719125628471375,,,,,,,0,0,0,
O=C(O)C1CSC(c2ccccc2Cl)N1C(=O)c1ccc(Cl)cc1,15.49,False,80.74127960205078,82.47708892822266,91.189453125,102.57479858398438,12.882657051086426,32.302093505859375,2,2,9,0.7871453762054443,80.74127960205078,82.47708892822266,91.189453125,84.80260467529297,4.571441173553467,10.448173522949219,2,2,3,0.9521085023880005
O=C(O)CCCCCCc1ccc(Cc2ccc3ccccc3n2)cc1,150.0,False,82.53089904785156,87.21822357177734,92.17587280273438,102.8006362915039,9.961064338684082,30.77275848388672,1,2,15,0.8028247952461243,82.53089904785156,87.21822357177734,92.17587280273438,92.97785949707031,5.555866718292236,15.401634216308594,1,2,7,0.8876403570175171
O=C(O)CC[C@@H](Cc1ccc(OCc2ccccc2)cc1)NC(=O)CCCCCCc1ccccc1,17.38,False,84.3436508178711,87.53805541992188,88.50143432617188,100.4605941772461,9.562807083129883,26.887786865234375,1,3,19,0.8395695090293884,84.3436508178711,87.53805541992188,88.50143432617188,92.83956909179688,4.46790885925293,13.621231079101562,1,3,11,0.9084881544113159
O=C(O)CCc1ccc(OCc2cc(Cl)ccc2-c2ccccc2)cc1,17.59,False,84.2994613647461,87.90711975097656,93.07317352294922,105.1385726928711,10.42669677734375,28.428749084472656,1,2,11,0.8017938733100891,84.2994613647461,87.90711975097656,93.07317352294922,88.42658233642578,3.600637674331665,8.773712158203125,1,2,3,0.9533271193504333
O=C(O)CCc1ccc(OCc2cccc(Br)c2)cc1,139.41,False,84.08451080322266,87.90711975097656,93.07317352294922,103.80030822753906,11.143680572509766,28.40545654296875,1,2,9,0.8100603222846985,84.08451080322266,87.90711975097656,93.07317352294922,88.35492706298828,3.6832430362701416,8.988662719726562,1,2,3,0.9516674876213074
O=C(O)CCc1ccc(OCc2cccc(Oc3ccccc3)c2)cc1,123.86,False,84.3604965209961,87.90711975097656,93.07317352294922,105.69019317626953,10.128496170043945,27.79981231689453,1,2,12,0.7981866002082825,84.3604965209961,87.90711975097656,93.07317352294922,88.44692993164062,3.577357769012451,8.712677001953125,1,2,3,0.9537978768348694
O=C(O)CCc1nc(-c2ccccc2)c(-c2ccccc2)o1,6.46,False,86.51299285888672,93.89981842041016,110.89851379394531,105.95098876953125,9.277286529541016,24.894989013671875,0,1,8,0.8165378570556641,86.51299285888672,93.89981842041016,93.89981842041016,90.20640563964844,3.6934127807617188,7.3868255615234375,0,1,2,0.9590559601783752
O=C(O)CCn1c2c(c3ccccc31)C[C@H](NS(=O)(=O)c1ccc(F)cc1)CC2,4.905,False,82.78751373291016,87.66292572021484,92.39995574951172,101.63201141357422,11.014134407043457,31.403335571289062,1,2,12,0.8145810961723328,82.78751373291016,87.66292572021484,92.39995574951172,91.16802215576172,4.742244720458984,14.717849731445312,1,2,6,0.9080762267112732
O=C(O)CN1C(=O)C(=O)c2ccccc21,26.92,False,89.21708679199219,110.94298553466797,112.25615692138672,107.52398681640625,9.174384117126465,23.545082092285156,0,1,5,0.8297412395477295,89.21708679199219,89.21708679199219,89.21708679199219,89.21708679199219,0.0,0.0,0,1,1,1.0
O=C(O)COc1ccc(C(=O)c2cccs2)c(Cl)c1Cl,61.0,False,87.39950561523438,111.8215560913086,112.24112701416016,109.2809066772461,9.888811111450195,28.784332275390625,0,1,6,0.7997692227363586,87.39950561523438,87.39950561523438,87.39950561523438,87.39950561523438,0.0,0.0,0,1,1,1.0
O=C(O)COc1ccc(C(F)(F)F)cc1CN1CCN(C(=O)c2ccccc2)CC1,3.0,False,83.7093734741211,87.2426986694336,92.18872833251953,102.3841552734375,11.262234687805176,28.976730346679688,1,2,10,0.8176008462905884,83.7093734741211,87.2426986694336,92.18872833251953,88.93478393554688,3.680283308029175,8.88897705078125,1,2,4,0.9412444829940796
O=C(O)COc1ccc(C(F)(F)F)cc1CN1CCN(S(=O)(=O)c2ccccc2)CC1,3.0,False,83.7093734741211,87.2426986694336,92.42069244384766,102.90579986572266,11.369623184204102,28.976730346679688,1,2,10,0.8134562969207764,83.7093734741211,87.2426986694336,92.42069244384766,89.36981964111328,4.132474422454834,10.397140502929688,1,2,4,0.9366626739501953
O=C(O)COc1ccc(Cl)cc1CN1CCC(S(=O)(=O)c2ccccc2)CC1,3.0,False,83.39127349853516,87.2426986694336,91.0192642211914,102.13603210449219,11.224418640136719,29.500900268554688,1,2,11,0.816472589969635,83.39127349853516,87.2426986694336,91.0192642211914,90.32897186279297,4.5782470703125,12.851455688476562,1,2,5,0.9231951832771301
O=C(O)COc1ccc(Cl)cc1CN1CCCN(S(=O)(=O)Cc2ccccc2)CC1,18.0,False,83.40166473388672,87.2426986694336,88.17957305908203,99.87931823730469,10.761223793029785,29.490509033203125,1,3,14,0.835024356842041,83.40166473388672,87.2426986694336,88.17957305908203,91.02442932128906,4.3872528076171875,14.981727600097656,1,3,8,0.9162558317184448
O=C(O)COc1ccc(Cl)cc1CN1CCCN(S(=O)(=O)c2ccccc2)CC1,5.0,False,83.40166473388672,87.2426986694336,90.76451873779297,100.86874389648438,10.800806999206543,29.490509033203125,1,2,13,0.8268336057662964,83.40166473388672,87.2426986694336,90.76451873779297,91.36643981933594,4.5327534675598145,15.120323181152344,1,2,7,0.9128260612487793
O=C(O)COc1ccc(Cl)cc1CN1CCN(S(=O)(=O)Cc2ccccc2)CC1,6.0,False,83.4895248413086,87.2426986694336,88.17957305908203,101.44396209716797,11.534531593322754,29.40264892578125,1,3,11,0.8230112791061401,83.4895248413086,87.2426986694336,88.17957305908203,89.1536865234375,3.879066228866577,10.940574645996094,1,3,5,0.9364674687385559
O=C(O)COc1ccc(Cl)cc1CN1CCN(S(=O)(=O)c2ccc(F)cc2)CC1,3.0,False,83.4895248413086,87.2426986694336,92.42069244384766,102.31216430664062,11.982117652893066,30.708572387695312,1,2,9,0.8160273432731628,83.4895248413086,87.2426986694336,92.42069244384766,89.31485748291016,4.208162307739258,10.616989135742188,1,2,4,0.934777557849884
O=C(O)COc1ccc(Cl)cc1CN1CCN(S(=O)(=O)c2ccccc2)CC1,3.0,False,83.4895248413086,87.2426986694336,92.42069244384766,102.8988037109375,11.420424461364746,29.40264892578125,1,2,10,0.811375081539154,83.4895248413086,87.2426986694336,92.42069244384766,89.31485748291016,4.208162307739258,10.616989135742188,1,2,4,0.934777557849884
O=C(O)COc1cccc(N2CCC(CN3CCC(Oc4ccc(Cl)c(Cl)c4)CC3)CC2)c1,3.0,False,87.25244903564453,89.24803161621094,91.3822250366211,101.95341491699219,9.54162311553955,25.480300903320312,0,2,15,0.8558070063591003,87.25244903564453,89.24803161621094,91.3822250366211,93.52381896972656,4.233692169189453,12.882797241210938,0,2,8,0.93294358253479
O=C(O)COc1ccccc1N1CCC(CN2CCC(Oc3ccc(Cl)c(Cl)c3)CC2)CC1,3.0,False,86.82056427001953,90.23176574707031,91.3822250366211,101.8070297241211,9.319818496704102,25.538055419921875,0,1,15,0.8527953624725342,86.82056427001953,90.23176574707031,91.3822250366211,93.58024597167969,4.189093589782715,13.314682006835938,0,1,8,0.9277659058570862
O=C(O)C[C@H](O)C[C@H](O)/C=C/c1c(C2CC2)nc2ccccc2c1-c1ccc(F)cc1,10.805,False,74.50078582763672,89.26207733154297,93.50688934326172,103.15345001220703,10.942975997924805,39.37797546386719,1,2,14,0.7222326397895813,74.50078582763672,89.26207733154297,93.50688934326172,92.60457611083984,8.948230743408203,25.005752563476562,1,2,6,0.80450439453125
O=C(O)C[C@H]1CC[C@H](c2ccc(-c3ccc(Nc4ccc(C(F)(F)F)nc4)cn3)cc2)CC1,7.24,False,85.1966323852539,92.02359008789062,96.11168670654297,102.65470886230469,8.229877471923828,27.731101989746094,0,1,15,0.8299340009689331,85.1966323852539,92.02359008789062,96.11168670654297,95.93778991699219,5.111320495605469,19.016143798828125,0,1,8,0.8880403637886047
O=C(O)Cc1ccc(N2CCC(CN3CCC(Oc4ccc(Cl)c(Cl)c4)CC3)CC2)cc1,9.0,False,88.43891143798828,88.87396240234375,91.3822250366211,100.35462188720703,9.10672664642334,23.919708251953125,0,2,13,0.8812639713287354,88.43891143798828,88.87396240234375,91.3822250366211,93.6253662109375,4.080068588256836,11.696334838867188,0,2,8,0.9446041584014893
O=C(O)Cc1cccc(N2CCC(CN3CCC(Oc4ccc(Cl)c(Cl)c4)CC3)CC2)c1,3.0,False,89.24803161621094,90.73926544189453,91.3822250366211,102.0184326171875,9.050996780395508,23.23822784423828,0,1,15,0.8748226165771484,89.24803161621094,90.73926544189453,91.3822250366211,93.95967102050781,3.7131035327911377,10.887214660644531,0,1,8,0.9498546719551086
O=C(O)Cc1ccccc1N1CCC(CN2CCC(Oc3ccc(Cl)c(Cl)c3)CC2)CC1,3.0,False,89.31829071044922,89.80929565429688,91.3822250366211,101.94345092773438,9.106221199035645,23.040328979492188,0,2,15,0.8761552572250366,89.31829071044922,89.80929565429688,91.3822250366211,93.83964538574219,3.7968480587005615,10.81695556640625,0,2,8,0.9518182873725891
O=C(O)[C@H](Cc1ccc(F)cc1)N1CCC(CN2CCC(Oc3ccc(Cl)cc3)CC2)CC1,3.0,False,84.79187774658203,88.7330551147461,91.3822250366211,98.87034606933594,9.462692260742188,28.915023803710938,1,2,13,0.8576067686080933,84.79187774658203,88.7330551147461,91.3822250366211,93.09093475341797,4.468731880187988,15.343368530273438,1,2,9,0.9108499884605408
O=C(O)[C@H](Cc1ccc(F)cc1)N1CCC(CN2CCC(Oc3ccc(Cl)cc3Cl)CC2)CC1,3.0,False,84.79187774658203,88.7330551147461,91.3822250366211,100.0912857055664,10.023780822753906,29.330284118652344,1,2,14,0.8471454381942749,84.79187774658203,88.7330551147461,91.3822250366211,93.14022064208984,4.484631061553955,15.343368530273438,1,2,9,0.910368025302887
O=C(O)[C@H](Cc1ccccc1)N1CCC(CN2CCC(Oc3ccc(CO)c(Cl)c3)CC2)CC1,28.0,False,82.20647430419922,84.79187774658203,89.021240234375,99.20623779296875,10.171855926513672,29.66889190673828,2,3,16,0.8286421895027161,82.20647430419922,84.79187774658203,89.021240234375,92.03996276855469,5.338038444519043,17.92877197265625,2,3,10,0.8931606411933899
O=C(O)[C@H](Cc1ccccc1F)N1CCC(CN2CCC(Oc3ccc(Cl)c(Cl)c3)CC2)CC1,3.0,False,83.80139923095703,88.8869857788086,91.3822250366211,101.25547790527344,9.999520301818848,29.777870178222656,1,2,16,0.8276233673095703,83.80139923095703,88.8869857788086,91.3822250366211,93.00759887695312,4.6665472984313965,16.333847045898438,1,2,9,0.9010167121887207
O=C(O)c1cc(-c2ccc(F)cc2F)ccc1O,8.27,False,110.72367095947266,111.03130340576172,111.68192291259766,113.14591217041016,2.1912736892700195,6.097053527832031,0,0,6,0.9785918593406677,,,,,,,0,0,0,
O=C(O)c1cc2cc(OCc3ccccc3)ccc2[nH]1,25.7,False,84.44695281982422,110.92010498046875,111.15721893310547,109.15447998046875,9.666973114013672,34.66948699951172,1,1,8,0.7736462354660034,84.44695281982422,84.44695281982422,84.44695281982422,84.44695281982422,0.0,0.0,1,1,1,1.0
O=C(O)c1cc2ccccc2[nH]1,10.96,False,111.26473999023438,111.29874420166016,111.7625503540039,113.17088317871094,3.026461362838745,7.907173156738281,0,0,5,0.9831569194793701,,,,,,,0,0,0,
O=C(O)c1ccc(-c2ccc(Cl)c(C(=O)NCC34CC5CC(CC(C5)C3)C4)c2)cc1,3.0,False,91.10846710205078,98.34199523925781,99.08901977539062,105.16720581054688,7.591620445251465,21.401290893554688,0,0,9,0.8663201332092285,91.10846710205078,98.34199523925781,99.08901977539062,97.10708618164062,3.5062363147735596,8.7803955078125,0,0,4,0.9382267594337463
O=C(O)c1ccc(-n2nc(C(F)(F)F)cc2-c2ccc(C(F)(F)F)cc2)cc1,9.33,False,111.8480453491211,112.07865905761719,112.23345184326172,113.69615173339844,2.975440502166748,7.7728118896484375,0,0,5,0.9837452173233032,,,,,,,0,0,0,
O=C(O)c1cncc(-c2ccc(Cl)c(C(=O)NCC34CC5CC(CC(C5)C3)C4)c2)c1,7.0,False,91.10846710205078,98.34199523925781,99.08901977539062,104.86942291259766,6.948898792266846,21.401290893554688,0,0,10,0.8687800765037537,91.10846710205078,98.34199523925781,99.08901977539062,97.10708618164062,3.5062363147735596,8.7803955078125,0,0,4,0.9382267594337463
O=C(O[C@H]1C[N+]2(CCCOc3ccccc3)CCC1CC2)C(O)(c1cccs1)c1cccs1,71.995,False,94.98860168457031,96.66607666015625,96.69347381591797,104.19752502441406,7.895761966705322,21.405479431152344,0,0,14,0.9116204977035522,94.98860168457031,96.66607666015625,96.69347381591797,97.53031158447266,1.5532493591308594,5.641197204589844,0,0,8,0.9739392995834351
O=C([C@@H]1CCCN1)N1CCN(c2nc(NCc3ccc(Cl)cc3Cl)c3cccnc3n2)CC1,6.0,False,80.12421417236328,81.22293853759766,91.03425598144531,99.77916717529297,11.70153522491455,34.105857849121094,2,2,13,0.8030154705047607,80.12421417236328,81.22293853759766,91.03425598144531,91.81683349609375,7.522489070892334,24.12659454345703,2,2,8,0.8726527690887451
O=C([C@H]1CCCCN1)N1CCN(c2nc(NCc3ccc(Cl)cc3Cl)c3cccnc3n2)CC1,9.88,False,80.12421417236328,84.38380432128906,91.8165054321289,100.44895935058594,10.683778762817383,34.105857849121094,2,2,14,0.7976609468460083,80.12421417236328,84.38380432128906,91.8165054321289,93.7434310913086,7.120151042938232,24.12659454345703,2,2,9,0.8547181487083435
O=C(c1ccc(F)cc1)C1CCN(CCn2c(=O)[nH]c3ccccc3c2=O)CC1,27.375,False,88.0031967163086,90.83576202392578,91.13335418701172,103.50257110595703,10.224567413330078,26.178558349609375,0,1,11,0.850251317024231,88.0031967163086,90.83576202392578,91.13335418701172,92.69895935058594,3.6314759254455566,10.333023071289062,0,1,5,0.9493439793586731
O=C(c1ccc(O)cc1O)N1CCCC1,150.0,False,89.95425415039062,97.53573608398438,108.28128814697266,104.68437194824219,9.483592987060547,24.75487518310547,0,1,5,0.8592901825904846,89.95425415039062,97.53573608398438,97.53573608398438,93.7449951171875,3.790740966796875,7.58148193359375,0,1,2,0.9595632553100586
O=C(c1ccc(OCCN2CCCCC2)cc1)c1c(-c2ccc(O)cc2)sc2cc(O)ccc12,30.0,False,89.16080474853516,90.87296295166016,94.7690200805664,104.41234588623047,8.973861694335938,23.547760009765625,0,1,12,0.8539296984672546,89.16080474853516,90.87296295166016,94.7690200805664,94.21890258789062,3.6956536769866943,9.412200927734375,0,1,5,0.9463154673576355
O=C(c1cccc(Cc2n[nH]c(=O)c3ccccc23)c1)N1CCN(c2ncccn2)CC1,100.0,False,83.28687286376953,91.1531753540039,92.54137420654297,105.66771697998047,9.618364334106445,31.797149658203125,1,1,13,0.7881960272789001,83.28687286376953,91.1531753540039,92.54137420654297,92.84424591064453,7.54533052444458,21.10870361328125,1,1,4,0.8970601558685303
O=C(c1cccc(Cl)c1Cl)N1CCN(c2ccccn2)CC1,150.0,False,90.96407318115234,92.75836944580078,105.34550476074219,106.69528198242188,8.248588562011719,22.463760375976562,0,0,9,0.8525594472885132,90.96407318115234,92.75836944580078,92.75836944580078,91.86122131347656,0.8971481323242188,1.7942962646484375,0,0,2,0.9902336597442627
O=C(c1ccccc1)N1CCC2(CCN(Cc3cccc(Cl)c3)CC2)CC1,3.0,False,83.5544204711914,91.0075912475586,91.84769439697266,103.59646606445312,10.011007308959961,29.432777404785156,1,1,12,0.806537389755249,83.5544204711914,91.0075912475586,91.84769439697266,92.54942321777344,5.421507835388184,14.739303588867188,1,1,5,0.902808666229248
O=C(c1ccccc1)N1CCN(Cc2ccccc2)CC1,150.0,False,83.8349838256836,92.188720703125,92.62655639648438,103.72894287109375,10.312177658081055,27.396453857421875,1,1,9,0.8082121014595032,83.8349838256836,92.188720703125,92.62655639648438,89.55008697509766,4.045139312744141,8.791572570800781,1,1,3,0.9361798167228699
O=C(c1csc2c1CCCC2)N1CCCCC1,150.0,False,84.26457214355469,87.308349609375,90.91575622558594,96.15534210205078,8.828729629516602,30.959983825683594,1,2,8,0.8763379454612732,84.26457214355469,87.308349609375,90.91575622558594,93.43116760253906,5.450935363769531,14.417655944824219,1,2,7,0.9018893241882324
O=C1CC2(CCCC2)CC(=O)N1CCCCN1CCN(c2ncccn2)CC1,38.9,False,90.40107727050781,92.40155029296875,92.57108306884766,97.30724334716797,6.68927001953125,24.682945251464844,0,0,11,0.9290271997451782,90.40107727050781,92.40155029296875,92.57108306884766,95.5295639038086,3.802556037902832,13.994499206542969,0,0,10,0.9463151693344116
O=C1CN(/N=C/c2ccc([N+](=O)[O-])o2)C(=O)N1,3.0,False,86.04244232177734,104.52246856689453,119.6212387084961,107.67186737060547,14.010112762451172,34.45887756347656,0,1,4,0.7991172075271606,86.04244232177734,104.52246856689453,104.52246856689453,95.28245544433594,9.240013122558594,18.480026245117188,0,1,2,0.9030250310897827
O=C1CN=C(c2ccccc2Cl)c2cc([N+](=O)[O-])ccc2N1,3.72,False,73.6297836303711,111.00867462158203,111.36212158203125,107.4519271850586,12.813037872314453,40.162635803222656,1,1,8,0.6852346658706665,73.6297836303711,73.6297836303711,73.6297836303711,73.6297836303711,0.0,0.0,1,1,1,1.0
O=C1COC2(CCN(S(=O)(=O)c3ccc(-c4ccc5cccnc5c4)cc3)CC2)CN1C1CC1,49.125,False,84.53243255615234,91.6312026977539,94.27151489257812,104.7899398803711,8.775611877441406,28.635910034179688,1,1,14,0.8066846132278442,84.53243255615234,91.6312026977539,94.27151489257812,96.14599609375,6.796844482421875,20.1895751953125,1,1,6,0.8792091012001038
O=C1COC2(CCN(S(=O)(=O)c3ccc(-c4ccc5cnccc5c4)cc3)CC2)CN1C1CC1,150.0,False,84.53243255615234,91.6312026977539,94.27151489257812,104.45589447021484,8.548730850219727,27.823562622070312,1,1,14,0.8092643618583679,84.53243255615234,91.6312026977539,94.27151489257812,94.43079376220703,6.146949768066406,16.790725708007812,1,1,5,0.8951786756515503
O=C1COc2c(CCNCCN(C(=O)CCNCCc3ccc(Cl)c(Cl)c3)C3CCCCC3)ccc(O)c2N1,22.0,False,86.1472396850586,88.46279907226562,89.08650207519531,97.723876953125,9.48058032989502,27.421463012695312,0,5,18,0.8815372586250305,86.1472396850586,88.46279907226562,89.08650207519531,92.17002868652344,3.626347064971924,11.424957275390625,0,5,13,0.9346556663513184
O=C1NC(=O)/C(=C/c2ccc3c(c2)OC(F)(F)O3)S1,4.17,False,105.73839569091797,111.71985626220703,113.8673324584961,111.30006408691406,3.3289554119110107,8.136260986328125,0,0,4,0.9500299692153931,,,,,,,0,0,0,
O=C1NC(=O)C(=CC=Cc2ccccc2)S1,10.47,False,93.77005004882812,103.70244598388672,108.97054290771484,106.54940032958984,6.265409469604492,17.469642639160156,0,0,6,0.8800617456436157,93.77005004882812,103.70244598388672,103.70244598388672,98.73625183105469,4.966197967529297,9.932395935058594,0,0,2,0.9497023224830627
O=C1NC(=O)C(c2cnc3ccccn23)=C1c1cn2c3c(cccc13)CN(C(=O)N1CCOCC1)CC2,38.0,False,78.55589294433594,90.86581420898438,91.6402816772461,104.9439697265625,11.946603775024414,38.90436553955078,1,1,14,0.7485508322715759,78.55589294433594,90.86581420898438,91.6402816772461,89.7618179321289,5.858110427856445,17.248252868652344,1,1,5,0.8751593232154846
O=C1Nc2ccc(Cl)cc2C(c2ccccc2)=NC1O,8.51,False,61.90122985839844,110.81643676757812,111.04119110107422,104.86644744873047,17.575143814086914,52.298133850097656,1,1,7,0.5902863144874573,61.90122985839844,61.90122985839844,61.90122985839844,61.90122985839844,0.0,0.0,1,1,1,1.0
O=C1Nc2ccccc2B(O)N1c1ccccc1,7.94,False,,,,,,,0,0,0,,,,,,,,0,0,0,
O=C1[C@@H]2[C@@H]3CC[C@@H](C3)[C@@H]2C(=O)N1[C@H]1CC[C@H](C(=O)Nc2cccc3cccnc23)CC1,150.0,False,88.39192199707031,92.57929229736328,94.58975982666016,101.6783447265625,7.217288494110107,23.751991271972656,0,1,19,0.8693288564682007,88.39192199707031,92.57929229736328,94.58975982666016,96.21326446533203,3.5025148391723633,14.8681640625,0,1,11,0.9187082648277283
O=CN(O)CCCP(=O)(O)O,3.0,False,89.49737548828125,93.47785949707031,96.17095947265625,94.3744125366211,3.3027946949005127,8.854087829589844,0,1,4,0.9483224749565125,89.49737548828125,93.47785949707031,96.17095947265625,94.3744125366211,3.3027946949005127,8.854087829589844,0,1,4,0.9483224749565125
O=CNc1cc([C@@H](O)CNCCc2ccc(NC[C@H](O)c3ccccc3)cc2)ccc1O,3.0,False,82.80008697509766,82.92375946044922,88.16451263427734,100.58494567871094,11.706396102905273,30.33282470703125,2,4,15,0.8231856822967529,82.80008697509766,82.92375946044922,88.16451263427734,88.396484375,3.7915353775024414,9.643829345703125,2,4,7,0.9366897940635681
O=S(=O)(CCCOCCc1ccccc1)CCNCCc1ccc(O)c2nc(O)sc12,66.75,False,85.90984344482422,88.79147338867188,91.0238265991211,99.75830841064453,9.329238891601562,27.388168334960938,0,2,14,0.8611798286437988,85.90984344482422,88.79147338867188,91.0238265991211,93.3028335571289,4.263113021850586,13.387420654296875,0,2,9,0.9207634925842285
O=S(=O)(Nc1ccc(C(F)(F)F)cc1)c1ccc2sc(CO)nc2c1,15.49,False,77.8814468383789,112.06253814697266,112.3717041015625,107.08370208740234,13.086504936218262,36.777313232421875,1,1,6,0.7272950410842896,77.8814468383789,77.8814468383789,77.8814468383789,77.8814468383789,0.0,0.0,1,1,1,1.0
O=S(=O)(Nc1ccc2sc(CO)nc2c1)c1ccc(Br)cc1,24.55,False,77.8814468383789,111.9156723022461,112.15735626220703,106.87877655029297,12.987491607666016,36.263214111328125,1,1,6,0.7286895513534546,77.8814468383789,77.8814468383789,77.8814468383789,77.8814468383789,0.0,0.0,1,1,1,1.0
O=S(=O)(c1cccc2cnccc12)N1CCCNCC1,150.0,False,88.83216094970703,92.73898315429688,93.41243743896484,102.4919662475586,9.086320877075195,24.635208129882812,0,1,11,0.8667231798171997,88.83216094970703,92.73898315429688,93.41243743896484,93.00776672363281,2.429905414581299,7.553932189941406,0,1,5,0.9551047682762146
O=S(=O)(c1ccccc1)N(CC(F)(F)F)c1ccc(C(O)(C(F)(F)F)C(F)(F)F)cc1,9.75,False,95.44170379638672,110.67900085449219,110.8130111694336,108.63202667236328,5.9226298332214355,16.888771057128906,0,0,6,0.8785779476165771,95.44170379638672,95.44170379638672,95.44170379638672,95.44170379638672,0.0,0.0,0,0,1,1.0
O=S(=O)(c1ccccc1)N1CCN(Cc2ccccc2)CC1,150.0,False,83.8349838256836,92.4463882446289,94.10651397705078,104.30825805664062,10.3660249710083,28.6417236328125,1,1,9,0.8037233352661133,83.8349838256836,92.4463882446289,94.10651397705078,90.1292953491211,4.50205659866333,10.271530151367188,1,1,3,0.930163562297821
O=S1(=O)CC(O)C(N2CCC(c3ccccc3)CC2)C1,75.86,False,87.76777648925781,90.70561981201172,91.81356048583984,99.56956481933594,8.39470100402832,23.463661193847656,0,1,10,0.8814719319343567,87.76777648925781,90.70561981201172,91.81356048583984,94.72430419921875,4.731584548950195,12.952705383300781,0,1,7,0.9265602827072144
O=c1[nH]c2c(O)ccc([C@@H](O)CNCCCOCCNCCc3cccc(Cl)c3)c2s1,3.0,False,83.14954376220703,88.76322937011719,89.08360290527344,99.58206939697266,10.540777206420898,29.83765411376953,1,3,15,0.834985077381134,83.14954376220703,88.76322937011719,89.08360290527344,91.38615417480469,4.1148881912231445,15.514556884765625,1,3,9,0.9098702669143677
O=c1[nH]c2c(O)ccc([C@@H](O)CNCCCOCCOCCc3cccc4ccccc34)c2s1,118.0,False,83.14954376220703,91.22315216064453,92.06580352783203,101.95880126953125,9.623968124389648,29.154769897460938,1,1,18,0.8155210018157959,83.14954376220703,91.22315216064453,92.06580352783203,92.76317596435547,3.9745724201202393,15.514556884765625,1,1,9,0.8963636755943298
O=c1[nH]c2c(O)ccc([C@@H](O)CNCCCOCCOCCc3ccccc3)c2s1,30.5,False,83.14954376220703,88.79147338867188,91.22315216064453,99.11376953125,9.658655166625977,29.154769897460938,1,2,14,0.8389303088188171,83.14954376220703,88.79147338867188,91.22315216064453,92.36006927490234,4.150793075561523,15.514556884765625,1,2,9,0.9002758860588074
O=c1[nH]c2c(O)ccc([C@@H](O)CNCCCSCCNCCc3ccccc3Cl)c2s1,12.0,False,83.14954376220703,88.0451431274414,90.05335998535156,98.99911499023438,10.607215881347656,29.214210510253906,1,2,15,0.839901864528656,83.14954376220703,88.0451431274414,90.05335998535156,90.5811538696289,3.189654588699341,11.625289916992188,1,2,9,0.9179563522338867
O=c1[nH]c2c(O)ccc([C@@H](O)CNCCCSCCOCCc3cccc4ccccc34)c2s1,49.89,False,83.14954376220703,90.05335998535156,91.92784881591797,101.30582427978516,10.11609935760498,29.154769897460938,1,1,18,0.8207775354385376,83.14954376220703,90.05335998535156,91.92784881591797,91.45723724365234,3.218055009841919,11.625289916992188,1,1,9,0.9091630578041077
O=c1[nH]c2c(O)ccc([C@@H](O)CNCCCSCCOCCc3ccccc3)c2s1,113.0,False,83.14954376220703,88.79147338867188,90.05335998535156,98.27916717529297,10.039800643920898,29.154769897460938,1,2,14,0.8460546135902405,83.14954376220703,88.79147338867188,90.05335998535156,91.06179809570312,3.281759738922119,11.625289916992188,1,2,9,0.91311115026474
O=c1[nH]c2c(O)ccc([C@@H](O)CNCCOc3cccc(CNCCc4ccccc4F)c3)c2s1,23.0,False,79.73064422607422,83.14954376220703,89.77893829345703,102.36458587646484,11.650102615356445,33.7822265625,2,3,17,0.7788889408111572,79.73064422607422,83.14954376220703,89.77893829345703,89.07041931152344,5.328949928283691,17.008514404296875,2,3,7,0.8951416611671448
O=c1[nH]c2c(O)ccc([C@@H](O)CNCCSCCCNCCc3cccc(C(F)(F)F)c3)c2s1,6.0,False,83.14954376220703,88.43844604492188,88.7071304321289,98.74359893798828,10.942383766174316,29.70751190185547,1,4,15,0.8420752882957458,83.14954376220703,88.43844604492188,88.7071304321289,90.03609466552734,3.1217339038848877,11.647705078125,1,4,9,0.9235134720802307
O=c1[nH]c2c(O)ccc([C@@H](O)CNCCSCCCNCCc3cccc(Cl)c3)c2s1,5.0,False,83.14954376220703,88.43844604492188,88.76322937011719,98.77577209472656,10.974339485168457,29.83765411376953,1,4,15,0.8418009877204895,83.14954376220703,88.43844604492188,88.76322937011719,90.04232788085938,3.119128942489624,11.647705078125,1,4,9,0.9234495162963867
O=c1[nH]c2c(O)ccc([C@@H](O)CNCCSCCCNCCc3cccc(Cl)c3Cl)c2s1,11.22,False,83.14954376220703,88.43844604492188,90.12464141845703,98.26408386230469,10.500664710998535,29.580657958984375,1,2,14,0.846184492111206,83.14954376220703,88.43844604492188,90.12464141845703,90.67803955078125,3.1989643573760986,11.647705078125,1,2,9,0.9169755578041077
O=c1[nH]c2c(O)ccc([C@@H](O)CNCCSCCCNCCc3ccccc3)c2s1,6.0,False,83.14954376220703,88.43844604492188,88.4631576538086,97.59405517578125,10.485298156738281,29.154769897460938,1,4,14,0.8519939184188843,83.14954376220703,88.43844604492188,88.4631576538086,90.01091766357422,3.1336467266082764,11.647705078125,1,4,9,0.9237717390060425
O=c1[nH]c2c(O)ccc([C@@H](O)CNCCSCCCOCCc3ccccc3)c2s1,150.0,False,83.14954376220703,88.43844604492188,88.79147338867188,98.36626434326172,10.0576171875,29.154769897460938,1,3,14,0.8453055024147034,83.14954376220703,88.43844604492188,88.79147338867188,91.19729614257812,3.643653392791748,12.962127685546875,1,3,9,0.9117544889450073
O=c1[nH]c2c(O)ccc([C@@H](O)CNCCc3ccc(CNCCc4ccccc4F)cc3)c2s1,14.0,False,79.77339172363281,83.14954376220703,88.16451263427734,100.37110137939453,12.338300704956055,33.739479064941406,2,5,15,0.7947844862937927,79.77339172363281,83.14954376220703,88.16451263427734,87.55133819580078,4.143916606903076,12.586555480957031,2,5,7,0.9111613035202026
O=c1[nH]c2c(O)ccc([C@@H](O)CNCCc3ccc(CNCCc4ccccn4)cc3)c2s1,3.0,False,79.77339172363281,83.14954376220703,87.74797058105469,99.70512390136719,12.088749885559082,32.737579345703125,2,5,15,0.8000931739807129,79.77339172363281,83.14954376220703,87.74797058105469,87.21842193603516,4.0124921798706055,12.586555480957031,2,5,7,0.9146392345428467
O=c1[nH]c2c(O)ccc([C@@H](O)CNCCc3cccc(CN4CCC(c5ccccc5)CC4)c3)c2s1,29.0,False,83.14954376220703,83.676513671875,87.7643814086914,100.8881607055664,11.353235244750977,29.154769897460938,2,5,17,0.8241754174232483,83.14954376220703,83.676513671875,87.7643814086914,89.35175323486328,4.715804100036621,15.739120483398438,2,5,8,0.930586576461792
O=c1[nH]c2c(O)ccc([C@@H](O)CNCCc3cccc(CNCCCc4ccccc4)c3)c2s1,19.0,False,79.28409576416016,83.14954376220703,87.40782928466797,100.40906524658203,11.84789752960205,33.02021789550781,2,5,17,0.7896109223365784,79.28409576416016,83.14954376220703,87.40782928466797,88.42137145996094,5.153791427612305,18.163833618164062,2,5,8,0.8966621160507202
O=c1[nH]c2c(O)ccc([C@@H](O)CNCCc3cccc(CNCCc4c(Cl)cccc4Cl)c3)c2s1,41.585,False,79.5758285522461,83.14954376220703,88.7041244506836,100.50029754638672,12.095423698425293,33.40460968017578,2,4,15,0.7917969226837158,79.5758285522461,83.14954376220703,88.7041244506836,88.01191711425781,4.51500129699707,12.78411865234375,2,4,7,0.9041483402252197
O=c1[nH]c2c(O)ccc([C@@H](O)CNCCc3cccc(CNCCc4ccccc4Cl)c3)c2s1,42.0,False,79.5758285522461,83.14954376220703,88.7041244506836,101.74127960205078,11.822219848632812,32.787925720214844,2,4,17,0.7821390628814697,79.5758285522461,83.14954376220703,88.7041244506836,88.06868743896484,4.597653388977051,13.509628295898438,2,4,7,0.903565526008606
O=c1[nH]c2c(O)ccc([C@@H](O)CNCCc3cccc(CNCCc4ccccc4F)c3)c2s1,12.5,False,79.5758285522461,83.14954376220703,88.7041244506836,101.64094543457031,12.073714256286621,33.937042236328125,2,5,17,0.7829111218452454,79.5758285522461,83.14954376220703,88.7041244506836,87.59703826904297,4.212138652801514,12.78411865234375,2,5,7,0.9084305763244629
O=c1[nH]c2c(O)ccc([C@@H](O)CNCCc3cccc(CNCCc4ccccn4)c3)c2s1,6.5,False,79.5758285522461,83.14954376220703,87.74797058105469,101.05332946777344,11.913619041442871,32.935142517089844,2,5,17,0.7874637246131897,79.5758285522461,83.14954376220703,87.74797058105469,87.26411437988281,4.086634635925293,12.78411865234375,2,5,7,0.9118963479995728
O=c1[nH]c2c(O)ccc([C@@H](O)CNCCc3cccc(CNCc4ccccc4Cl)c3)c2s1,60.0,False,78.06767272949219,79.08203887939453,83.14954376220703,101.48885345458984,13.156475067138672,34.43733215332031,3,5,16,0.7692241072654724,78.06767272949219,79.08203887939453,83.14954376220703,85.04345703125,5.316191673278809,14.292274475097656,3,5,6,0.9179738759994507
O=c1[nH]c2c(O)ccc([C@@H](O)CNCCc3ccccc3CNCCc3ccccc3F)c2s1,107.0,False,80.17281341552734,83.14954376220703,88.50678253173828,101.65925598144531,12.056619644165039,33.340057373046875,2,5,17,0.7886425256729126,80.17281341552734,83.14954376220703,88.50678253173828,87.60563659667969,4.036033630371094,12.1871337890625,2,5,7,0.9151558876037598
O=c1[nH]c2c(O)ccc([C@@H](O)CN[C@H]3CCC[C@@H]3OCc3ccccc3)c2s1,108.0,False,82.27466583251953,83.20437622070312,88.47985076904297,98.72530364990234,10.784082412719727,30.029647827148438,2,3,13,0.8333696126937866,82.27466583251953,83.20437622070312,88.47985076904297,90.83722686767578,5.201047420501709,13.843643188476562,2,3,8,0.9057373404502869
O=c1[nH]c2cc(Cl)ccc2o1,10.96,False,113.74079132080078,114.37295532226562,115.02335357666016,114.3790283203125,0.5236214995384216,1.282562255859375,0,0,3,0.9944199919700623,,,,,,,0,0,0,
O=c1c2c3n(c(=O)cc2[nH]n1-c1ccccc1Cl)CCCN(Cc1ccccc1)C3,3.0,False,76.55030059814453,83.5979232788086,90.1546401977539,102.92379760742188,12.851675033569336,39.7449951171875,2,2,13,0.7437570691108704,76.55030059814453,83.5979232788086,90.1546401977539,87.78469848632812,7.250248432159424,21.522048950195312,2,2,5,0.8720232844352722
O=c1c2ccccc2[nH]n1Cc1c[nH]c2ccccc12,4.37,False,83.45124816894531,111.1120834350586,111.34648895263672,109.6762466430664,8.929774284362793,34.278900146484375,1,1,10,0.7608871459960938,83.45124816894531,83.45124816894531,83.45124816894531,83.45124816894531,0.0,0.0,1,1,1,1.0
O=c1c2sccc2n(CC2COc3ccccc3O2)c(=O)n1O,74.845,False,90.7308578491211,95.8932113647461,97.07431030273438,107.21463012695312,9.187064170837402,25.432846069335938,0,0,9,0.8462544679641724,90.7308578491211,95.8932113647461,97.07431030273438,94.56613159179688,2.75447678565979,6.343452453613281,0,0,3,0.9594434499740601
O=c1cc(-c2ccc(Br)cc2)oc2ccccc12,3.0,False,111.80558013916016,111.82581329345703,112.3010025024414,113.194580078125,1.471455454826355,4.484489440917969,0,0,7,0.9877290725708008,,,,,,,0,0,0,
O=c1cc(-c2cccnc2)[nH]c2cc(C(O)c3ccccc3)ccc12,46.0,False,76.17998504638672,105.85913848876953,106.3050537109375,108.16239166259766,9.95849323272705,38.590606689453125,1,1,12,0.704311192035675,76.17998504638672,76.17998504638672,76.17998504638672,76.17998504638672,0.0,0.0,1,1,1,1.0
O=c1cc(-c2cccnc2)[nH]c2cc(Cc3ccccc3)ccc12,50.0,False,81.19758605957031,105.85913848876953,106.3050537109375,108.47076416015625,8.576480865478516,33.57300567626953,1,1,12,0.7485665678977966,81.19758605957031,81.19758605957031,81.19758605957031,81.19758605957031,0.0,0.0,1,1,1,1.0
O=c1cc(N2CCOCC2)nc2n(Cc3cccc(Cl)c3Cl)ccn12,24.55,False,87.05804443359375,90.71773529052734,96.7226791381836,107.89925384521484,12.343164443969727,36.24687957763672,0,1,9,0.8068456649780273,87.05804443359375,90.71773529052734,96.7226791381836,91.4994888305664,3.984105348587036,9.664634704589844,0,1,3,0.9514593482017517
O=c1ccc2ccc(O)cc2o1,123.03,False,110.2424545288086,111.61405944824219,112.63616180419922,112.75956726074219,1.722575068473816,4.4656524658203125,0,0,5,0.9776771664619446,,,,,,,0,0,0,
O=c1nc(NCc2ccccc2)sn1Cc1ccccc1,19.95,False,81.10553741455078,85.76827239990234,110.82857513427734,104.13665771484375,12.00843620300293,30.125900268554688,1,2,8,0.7788375020027161,81.10553741455078,85.76827239990234,85.76827239990234,83.43690490722656,2.3313674926757812,4.6627349853515625,1,2,2,0.9720582962036133
OB1c2ccccc2N=C(S)N1c1cccnc1,3.0,False,,,,,,,0,0,0,,,,,,,,0,0,0,
OC(c1ccc(-c2ccc(CN3CCN(Cc4ccncc4)CC3)cc2)c(F)c1)(C(F)(F)F)C(F)(F)F,10.505,False,82.57879638671875,83.79353332519531,92.22145080566406,102.4593276977539,11.613688468933105,30.64574432373047,2,2,11,0.8059666156768799,82.57879638671875,83.79353332519531,92.22145080566406,87.70381164550781,4.53801155090332,9.642654418945312,2,2,4,0.9415645003318787
OCc1cc(C(O)CNCCCCCCOCCCCc2ccccc2)ccc1O,85.0,False,81.79434967041016,83.38347625732422,88.0345230102539,98.69400787353516,9.593093872070312,31.350357055664062,2,3,19,0.8287671208381653,81.79434967041016,83.38347625732422,88.0345230102539,92.91316986083984,5.320897579193115,16.74810028076172,2,3,13,0.8803310394287109
Oc1nc2c(O)ccc(CCNCCCCCCOCCc3ccccc3)c2s1,88.0,False,88.79147338867188,90.33715057373047,90.7802505493164,99.65444946289062,8.716995239257812,24.50653839111328,0,1,15,0.890993595123291,88.79147338867188,90.33715057373047,90.7802505493164,93.79258728027344,3.2278969287872314,9.421470642089844,0,1,10,0.9466789960861206
Oc1nc2c(O)ccc(CCNCCCOCCOCCc3ccccc3)c2s1,144.0,False,88.79147338867188,90.33715057373047,90.62706756591797,99.55992889404297,9.120940208435059,24.50653839111328,0,1,14,0.8918394446372986,88.79147338867188,90.33715057373047,90.62706756591797,92.99423217773438,2.8596222400665283,9.872627258300781,0,1,9,0.9548062682151794
Oc1nc2c(O)ccc(CCNCCOCCCOCCc3ccccc3)c2s1,150.0,False,88.79147338867188,90.33003234863281,90.7575454711914,99.50110626220703,9.18406867980957,24.50653839111328,0,1,14,0.8923667073249817,88.79147338867188,90.33003234863281,90.7575454711914,92.90274810791016,2.9615302085876465,10.6246337890625,0,1,9,0.9557464718818665
Oc1nc2ccccc2n1C1CCN(Cc2ccc(-c3nc4ccccc4cc3-c3ccccc3)cc2)CC1,19.24,False,83.73118591308594,91.42267608642578,92.03533172607422,107.02967834472656,8.710847854614258,29.66728973388672,1,1,18,0.7823174595832825,83.73118591308594,91.42267608642578,92.03533172607422,91.46109008789062,5.287657260894775,14.923973083496094,1,1,4,0.9154842495918274
Oc1ncnc2c1c(-c1ccccc1)cn2-c1ccc(Br)cc1,52.48,False,107.3292007446289,110.63986206054688,110.82926177978516,111.51549530029297,2.5346357822418213,9.229751586914062,0,0,7,0.9624599814414978,,,,,,,0,0,0,
[O-][S+](c1ccccc1)c1ccc2nnnn2n1,150.0,False,,,,,,,0,0,0,,,,,,,,0,0,0,
c1ccc(CSc2nc3cccnc3[nH]2)cc1,91.0,False,85.36055755615234,107.19830322265625,110.84150695800781,107.2667236328125,9.102436065673828,27.409408569335938,0,1,7,0.7957785725593567,85.36055755615234,85.36055755615234,85.36055755615234,85.36055755615234,0.0,0.0,0,1,1,1.0
c1ccc(Nc2[nH]nnc2-c2ccccc2)cc1,111.0,False,110.8930892944336,111.01351165771484,111.09398651123047,111.29276275634766,0.3593332767486572,1.09197998046875,0,0,6,0.9964088201522827,,,,,,,0,0,0,
c1ccc(Nc2nc3c(s2)CCCc2n[nH]cc2-3)nc1,36.31,False,79.87335205078125,89.41136932373047,98.0916976928711,103.55805969238281,12.423416137695312,37.863914489746094,1,2,8,0.7712905406951904,79.87335205078125,89.41136932373047,98.0916976928711,89.12548065185547,7.44035530090332,18.218345642089844,1,2,3,0.8961898684501648
c1ccc(Oc2nccc3ccccc23)cc1,150.0,False,107.9593734741211,110.92435455322266,111.0218505859375,111.35041046142578,1.3528573513031006,5.19232177734375,0,0,9,0.9695462584495544,,,,,,,0,0,0,
c1ccc([C@H]([C@@H](c2ccccc2)N2CCCCC2)N2CCCCC2)cc1,12.02,False,82.35880279541016,89.91353607177734,97.7187271118164,100.18090057373047,10.498390197753906,28.872634887695312,1,2,7,0.822100818157196,82.35880279541016,89.91353607177734,97.7187271118164,92.1946792602539,6.631938934326172,16.428848266601562,1,2,4,0.8933140635490417
c1csc(Cn2nnnc2CN2CCN(c3nc4ccccc4s3)CC2)c1,150.0,False,82.68070220947266,85.0708999633789,90.83414459228516,103.98493194580078,12.528928756713867,33.660194396972656,1,2,11,0.795121967792511,82.68070220947266,85.0708999633789,90.83414459228516,87.8328628540039,4.102341651916504,10.064994812011719,1,2,4,0.9413412809371948
