compound_id,canonical_smiles,standard_value,standard_units,standard_type,standard_relation,assay_description,assay_type,src_id,doc_id,source_name,assay_class,canon
CHEMBL180830,O=C(NCC1CCN(CCCS(=O)(=O)N2CCN(C(=O)c3ccco3)CC2)CC1)c1cccc2c1OCCO2,11.0,uL/min/mg protein,LM,=,Intrinsic clearance of compound in human liver microsomes,A,1,CHEMBL1142047,Scientific Literature,microsome,O=C(NCC1CCN(CCCS(=O)(=O)N2CCN(C(=O)c3ccco3)CC2)CC1)c1cccc2c1OCCO2
CHEMBL181415,O=C(NCC1CCN(CCCS(=O)(=O)N2CCN(Cc3cccnc3)CC2)CC1)c1cccc2c1OCCO2,7.0,uL/min/mg protein,LM,=,Intrinsic clearance of compound in human liver microsomes,A,1,CHEMBL1142047,Scientific Literature,microsome,O=C(NCC1CCN(CCCS(=O)(=O)N2CCN(Cc3cccnc3)CC2)CC1)c1cccc2c1OCCO2
CHEMBL179799,CS(=O)(=O)N1CCN(S(=O)(=O)CCCN2CCC(CNC(=O)c3cccc4c3OCCO4)CC2)CC1,3.0,uL/min/mg protein,LM,=,Intrinsic clearance of compound in human liver microsomes,A,1,CHEMBL1142047,Scientific Literature,microsome,CS(=O)(=O)N1CCN(S(=O)(=O)CCCN2CCC(CNC(=O)c3cccc4c3OCCO4)CC2)CC1
CHEMBL360245,CCCS(=O)(=O)N1CCN(S(=O)(=O)CCCN2CCC(CNC(=O)c3cccc4c3OCCO4)CC2)CC1,34.0,uL/min/mg protein,LM,=,Intrinsic clearance of compound in human liver microsomes,A,1,CHEMBL1142047,Scientific Literature,microsome,CCCS(=O)(=O)N1CCN(S(=O)(=O)CCCN2CCC(CNC(=O)c3cccc4c3OCCO4)CC2)CC1
CHEMBL179833,CC(C)S(=O)(=O)N1CCN(S(=O)(=O)CCCN2CCC(CNC(=O)c3cccc4c3OCCO4)CC2)CC1,7.0,uL/min/mg protein,LM,=,Intrinsic clearance of compound in human liver microsomes,A,1,CHEMBL1142047,Scientific Literature,microsome,CC(C)S(=O)(=O)N1CCN(S(=O)(=O)CCCN2CCC(CNC(=O)c3cccc4c3OCCO4)CC2)CC1
CHEMBL367354,O=C(NCC1CCN(CCCS(=O)(=O)N2CCN(S(=O)(=O)c3ccc(F)cc3)CC2)CC1)c1cccc2c1OCCO2,93.0,uL/min/mg protein,LM,=,Intrinsic clearance of compound in human liver microsomes,A,1,CHEMBL1142047,Scientific Literature,microsome,O=C(NCC1CCN(CCCS(=O)(=O)N2CCN(S(=O)(=O)c3ccc(F)cc3)CC2)CC1)c1cccc2c1OCCO2
CHEMBL360449,O=C(NCC1CCN(CCCS(=O)(=O)N2CCN(S(=O)(=O)N3CCCC3)CC2)CC1)c1cccc2c1OCCO2,36.0,uL/min/mg protein,LM,=,Intrinsic clearance of compound in human liver microsomes,A,1,CHEMBL1142047,Scientific Literature,microsome,O=C(NCC1CCN(CCCS(=O)(=O)N2CCN(S(=O)(=O)N3CCCC3)CC2)CC1)c1cccc2c1OCCO2
CHEMBL356359,CCCCN1CCC(CNC(=O)c2c3n(c4ccccc24)CCCO3)CC1,5.0,uL/min/mg protein,LM,=,Intrinsic clearance of compound in human liver microsomes,A,1,CHEMBL1142047,Scientific Literature,microsome,CCCCN1CCC(CNC(=O)c2c3n(c4ccccc24)CCCO3)CC1
CHEMBL181928,O=C(NCC1CCN(CCCS(=O)(=O)N2CCCCC2)CC1)c1cccc2c1OCCO2,14.0,uL/min/mg protein,LM,=,Intrinsic clearance of compound in human liver microsomes,A,1,CHEMBL1142047,Scientific Literature,microsome,O=C(NCC1CCN(CCCS(=O)(=O)N2CCCCC2)CC1)c1cccc2c1OCCO2
CHEMBL178285,CC1(C)CCN(S(=O)(=O)CCCN2CCC(CNC(=O)c3cccc4c3OCCO4)CC2)CC1,110.0,uL/min/mg protein,LM,=,Intrinsic clearance of compound in human liver microsomes,A,1,CHEMBL1142047,Scientific Literature,microsome,CC1(C)CCN(S(=O)(=O)CCCN2CCC(CNC(=O)c3cccc4c3OCCO4)CC2)CC1
CHEMBL180201,CCCC1CCN(S(=O)(=O)CCCN2CCC(CNC(=O)c3cccc4c3OCCO4)CC2)CC1,101.0,uL/min/mg protein,LM,=,Intrinsic clearance of compound in human liver microsomes,A,1,CHEMBL1142047,Scientific Literature,microsome,CCCC1CCN(S(=O)(=O)CCCN2CCC(CNC(=O)c3cccc4c3OCCO4)CC2)CC1
CHEMBL361118,O=C(NCC1CCN(CCCS(=O)(=O)N2CCC3(CCCC3)CC2)CC1)c1cccc2c1OCCO2,250.0,uL/min/mg protein,LM,=,Intrinsic clearance of compound in human liver microsomes,A,1,CHEMBL1142047,Scientific Literature,microsome,O=C(NCC1CCN(CCCS(=O)(=O)N2CCC3(CCCC3)CC2)CC1)c1cccc2c1OCCO2
CHEMBL362582,O=C(NCC1CCN(CCCS(=O)(=O)N2CCOCC2)CC1)c1cccc2c1OCCO2,2.0,uL/min/mg protein,LM,=,Intrinsic clearance of compound in human liver microsomes,A,1,CHEMBL1142047,Scientific Literature,microsome,O=C(NCC1CCN(CCCS(=O)(=O)N2CCOCC2)CC1)c1cccc2c1OCCO2
CHEMBL180697,O=C(NCC1CCN(CCCS(=O)(=O)N2CCNCC2)CC1)c1cccc2c1OCCO2,2.0,uL/min/mg protein,LM,=,Intrinsic clearance of compound in human liver microsomes,A,1,CHEMBL1142047,Scientific Literature,microsome,O=C(NCC1CCN(CCCS(=O)(=O)N2CCNCC2)CC1)c1cccc2c1OCCO2
CHEMBL180632,CN1CCN(S(=O)(=O)CCCN2CCC(CNC(=O)c3cccc4c3OCCO4)CC2)CC1,3.0,uL/min/mg protein,LM,=,Intrinsic clearance of compound in human liver microsomes,A,1,CHEMBL1142047,Scientific Literature,microsome,CN1CCN(S(=O)(=O)CCCN2CCC(CNC(=O)c3cccc4c3OCCO4)CC2)CC1
CHEMBL424790,CCN1CCN(S(=O)(=O)CCCN2CCC(CNC(=O)c3cccc4c3OCCO4)CC2)CC1,6.0,uL/min/mg protein,LM,=,Intrinsic clearance of compound in human liver microsomes,A,1,CHEMBL1142047,Scientific Literature,microsome,CCN1CCN(S(=O)(=O)CCCN2CCC(CNC(=O)c3cccc4c3OCCO4)CC2)CC1
CHEMBL181126,CCCN1CCN(S(=O)(=O)CCCN2CCC(CNC(=O)c3cccc4c3OCCO4)CC2)CC1,0.0,uL/min/mg protein,LM,=,Intrinsic clearance of compound in human liver microsomes,A,1,CHEMBL1142047,Scientific Literature,microsome,CCCN1CCN(S(=O)(=O)CCCN2CCC(CNC(=O)c3cccc4c3OCCO4)CC2)CC1
CHEMBL182999,CC(C)N1CCN(S(=O)(=O)CCCN2CCC(CNC(=O)c3cccc4c3OCCO4)CC2)CC1,17.0,uL/min/mg protein,LM,=,Intrinsic clearance of compound in human liver microsomes,A,1,CHEMBL1142047,Scientific Literature,microsome,CC(C)N1CCN(S(=O)(=O)CCCN2CCC(CNC(=O)c3cccc4c3OCCO4)CC2)CC1
CHEMBL181202,CCC(C)N1CCN(S(=O)(=O)CCCN2CCC(CNC(=O)c3cccc4c3OCCO4)CC2)CC1,12.0,uL/min/mg protein,LM,=,Intrinsic clearance of compound in human liver microsomes,A,1,CHEMBL1142047,Scientific Literature,microsome,CCC(C)N1CCN(S(=O)(=O)CCCN2CCC(CNC(=O)c3cccc4c3OCCO4)CC2)CC1
CHEMBL180835,O=C(NCC1CCN(CCCS(=O)(=O)N2CCN(C3CCCC3)CC2)CC1)c1cccc2c1OCCO2,22.0,uL/min/mg protein,LM,=,Intrinsic clearance of compound in human liver microsomes,A,1,CHEMBL1142047,Scientific Literature,microsome,O=C(NCC1CCN(CCCS(=O)(=O)N2CCN(C3CCCC3)CC2)CC1)c1cccc2c1OCCO2
CHEMBL180680,O=C(NCC1CCN(CCCS(=O)(=O)N2CCN(c3ccc(F)cc3)CC2)CC1)c1cccc2c1OCCO2,55.0,uL/min/mg protein,LM,=,Intrinsic clearance of compound in human liver microsomes,A,1,CHEMBL1142047,Scientific Literature,microsome,O=C(NCC1CCN(CCCS(=O)(=O)N2CCN(c3ccc(F)cc3)CC2)CC1)c1cccc2c1OCCO2
CHEMBL360531,O=C(NCC1CCN(CCCS(=O)(=O)N2CCN(c3ccccn3)CC2)CC1)c1cccc2c1OCCO2,42.0,uL/min/mg protein,LM,=,Intrinsic clearance of compound in human liver microsomes,A,1,CHEMBL1142047,Scientific Literature,microsome,O=C(NCC1CCN(CCCS(=O)(=O)N2CCN(c3ccccn3)CC2)CC1)c1cccc2c1OCCO2
CHEMBL178669,CC(=O)N1CCN(S(=O)(=O)CCCN2CCC(CNC(=O)c3cccc4c3OCCO4)CC2)CC1,39.0,uL/min/mg protein,LM,=,Intrinsic clearance of compound in human liver microsomes,A,1,CHEMBL1142047,Scientific Literature,microsome,CC(=O)N1CCN(S(=O)(=O)CCCN2CCC(CNC(=O)c3cccc4c3OCCO4)CC2)CC1
CHEMBL216884,O=C(NO)c1ccc(-c2ccc(CNCc3ccccc3)cn2)s1,7.0,uL/min/10e6 cells,Hepatocyte stability,=,Hepatocyte stability,A,1,CHEMBL1137593,Scientific Literature,hepatocyte,O=C(NO)c1ccc(-c2ccc(CNCc3ccccc3)cn2)s1
CHEMBL217716,O=C(NO)c1ccc(-c2ccn(CCNCc3ccc4c(c3)OCO4)n2)s1,15.0,uL/min/10e6 cells,Hepatocyte stability,=,Hepatocyte stability,A,1,CHEMBL1137593,Scientific Literature,hepatocyte,O=C(NO)c1ccc(-c2ccn(CCNCc3ccc4c(c3)OCO4)n2)s1
CHEMBL98,O=C(CCCCCCC(=O)Nc1ccccc1)NO,3.0,uL/min/10e6 cells,Hepatocyte stability,=,Hepatocyte stability,A,1,CHEMBL1137593,Scientific Literature,hepatocyte,O=C(CCCCCCC(=O)Nc1ccccc1)NO
CHEMBL415848,O=C(C[C@@H](NS(=O)(=O)c1ccc2ccccc2c1)c1ccccc1)N[C@@H]1CCOc2cc(CN3CCCCC3)ccc21,688.0,uL/min.mg,Stability,=,Metabolic stability in human liver microsomes,A,1,CHEMBL1147141,Scientific Literature,microsome,O=C(C[C@@H](NS(=O)(=O)c1ccc2ccccc2c1)c1ccccc1)N[C@@H]1CCOc2cc(CN3CCCCC3)ccc21
CHEMBL227713,O=C(C[C@@H](NS(=O)(=O)c1cccc(C(F)(F)F)c1)c1ccc(F)cc1)N[C@@H]1CCOc2cc(CN3CCCCC3)ccc21,330.0,uL/min.mg,Stability,=,Metabolic stability in human liver microsomes,A,1,CHEMBL1147141,Scientific Literature,microsome,O=C(C[C@@H](NS(=O)(=O)c1cccc(C(F)(F)F)c1)c1ccc(F)cc1)N[C@@H]1CCOc2cc(CN3CCCCC3)ccc21
CHEMBL227600,O=C(C[C@@H](NS(=O)(=O)c1cccc(C(F)(F)F)c1)c1ccc(F)cc1)N[C@@H]1CCOc2cc(CN3CCCC3)ccc21,355.0,uL/min.mg,Stability,=,Metabolic stability in human liver microsomes,A,1,CHEMBL1147141,Scientific Literature,microsome,O=C(C[C@@H](NS(=O)(=O)c1cccc(C(F)(F)F)c1)c1ccc(F)cc1)N[C@@H]1CCOc2cc(CN3CCCC3)ccc21
CHEMBL227870,COCCNCc1ccc2c(c1)OCC[C@H]2NC(=O)C[C@@H](NS(=O)(=O)c1cccc(C(F)(F)F)c1)c1ccc(F)cc1,310.0,uL/min.mg,Stability,=,Metabolic stability in human liver microsomes,A,1,CHEMBL1147141,Scientific Literature,microsome,COCCNCc1ccc2c(c1)OCC[C@H]2NC(=O)C[C@@H](NS(=O)(=O)c1cccc(C(F)(F)F)c1)c1ccc(F)cc1
CHEMBL408962,CN(C)C(=O)C(=O)N(C)[C@H]1CCCCn2c1nc(C(=O)NCc1ccc(F)cc1)c(O)c2=O,3.0,ml/min/mg,Stability,=,Metabolic stability in human liver microsomes in presence of NADPH and UDPGA,A,1,CHEMBL1143246,Scientific Literature,microsome,CN(C)C(=O)C(=O)N(C)[C@H]1CCCCn2c1nc(C(=O)NCc1ccc(F)cc1)c(O)c2=O
CHEMBL270954,COc1cc2nccc(Oc3ccc4c(c3)OCCN4C(=O)Nc3ccc(C)cc3)c2cc1C(N)=O,62.0,microL/min/mg,Stability,=,Metabolic stability in human liver microsomes,A,1,CHEMBL1144028,Scientific Literature,microsome,COc1cc2nccc(Oc3ccc4c(c3)OCCN4C(=O)Nc3ccc(C)cc3)c2cc1C(N)=O
CHEMBL409867,COc1cc2nccc(Oc3ccc4c(c3)OCCN4C(=O)Nc3ccc(Cl)cc3)c2cc1C(N)=O,48.0,microL/min/mg,Stability,=,Metabolic stability in human liver microsomes,A,1,CHEMBL1144028,Scientific Literature,microsome,COc1cc2nccc(Oc3ccc4c(c3)OCCN4C(=O)Nc3ccc(Cl)cc3)c2cc1C(N)=O
CHEMBL270306,COc1cc2nccc(Oc3ccc4c(c3)OCCN4C(=O)N[C@@H](C)c3ccccc3)c2cc1OC,543.0,microL/min/mg,Stability,=,Metabolic stability in human liver microsomes,A,1,CHEMBL1144028,Scientific Literature,microsome,COc1cc2nccc(Oc3ccc4c(c3)OCCN4C(=O)N[C@@H](C)c3ccccc3)c2cc1OC
CHEMBL272822,COc1cc2nccc(Oc3ccc4c(c3)OCCN4C(=O)Nc3ccc(F)cc3)c2cc1OC,17.0,microL/min/mg,Stability,=,Metabolic stability in human liver microsomes,A,1,CHEMBL1144028,Scientific Literature,microsome,COc1cc2nccc(Oc3ccc4c(c3)OCCN4C(=O)Nc3ccc(F)cc3)c2cc1OC
CHEMBL411630,COc1cc2nccc(Oc3ccc4c(c3)OCCN4C(=O)Nc3ccc(C)cc3)c2cc1OC,31.0,microL/min/mg,Stability,=,Metabolic stability in human liver microsomes,A,1,CHEMBL1144028,Scientific Literature,microsome,COc1cc2nccc(Oc3ccc4c(c3)OCCN4C(=O)Nc3ccc(C)cc3)c2cc1OC
CHEMBL429430,COc1cc2nccc(Oc3ccc4c(c3)OCCN4C(=O)Nc3ccccc3)c2cc1OC,62.0,microL/min/mg,Stability,=,Metabolic stability in human liver microsomes,A,1,CHEMBL1144028,Scientific Literature,microsome,COc1cc2nccc(Oc3ccc4c(c3)OCCN4C(=O)Nc3ccccc3)c2cc1OC
CHEMBL272198,COc1cc2nccc(Oc3ccc4c(C(=O)NC5CC5)cccc4c3)c2cc1OC,31.0,uL/min.mg,Stability,=,Intrinsic clearance in human liver microsomes at 1 uM,A,1,CHEMBL1144684,Scientific Literature,microsome,COc1cc2nccc(Oc3ccc4c(C(=O)NC5CC5)cccc4c3)c2cc1OC
CHEMBL260531,COCCNC(=O)c1cccc2cc(Oc3ccnc4cc(OC)c(C(N)=O)cc34)ccc12,4.0,uL/min.mg,Stability,=,Intrinsic clearance in human liver microsomes at 1 uM,A,1,CHEMBL1144684,Scientific Literature,microsome,COCCNC(=O)c1cccc2cc(Oc3ccnc4cc(OC)c(C(N)=O)cc34)ccc12
CHEMBL272250,COc1cc2nccc(Oc3ccc4c(C(=O)NC5CC5)cccc4c3)c2cc1C(N)=O,12.0,uL/min.mg,Stability,=,Intrinsic clearance in human liver microsomes at 1 uM,A,1,CHEMBL1144684,Scientific Literature,microsome,COc1cc2nccc(Oc3ccc4c(C(=O)NC5CC5)cccc4c3)c2cc1C(N)=O
CHEMBL271984,COc1cc2nccc(Oc3ccc4c(C(N)=O)cccc4c3)c2cc1OC,7.0,uL/min.mg,Stability,=,Intrinsic clearance in human liver microsomes at 1 uM,A,1,CHEMBL1144684,Scientific Literature,microsome,COc1cc2nccc(Oc3ccc4c(C(N)=O)cccc4c3)c2cc1OC
CHEMBL271188,COCCNC(=O)c1cccc2cc(Oc3ccnc4cc(OC)c(OC)cc34)ccc12,32.0,uL/min.mg,Stability,=,Intrinsic clearance in human liver microsomes at 1 uM,A,1,CHEMBL1144684,Scientific Literature,microsome,COCCNC(=O)c1cccc2cc(Oc3ccnc4cc(OC)c(OC)cc34)ccc12
CHEMBL260065,CCC(=O)c1c(-c2ccccc2)c2cc(Cl)ccc2c(=O)n1Cc1cc(S(C)(=O)=O)n(CC(N)=O)n1,14.0,microL/min/mg,Stability,=,Metabolic stability in human microsomes at 1 uM,A,1,CHEMBL1144699,Scientific Literature,microsome,CCC(=O)c1c(-c2ccccc2)c2cc(Cl)ccc2c(=O)n1Cc1cc(S(C)(=O)=O)n(CC(N)=O)n1
CHEMBL260064,CCC(=O)c1c(-c2ccccc2)c2cc(Cl)ccc2c(=O)n1Cc1cc(S(C)(=O)=O)n(CC(C)=O)n1,70.0,microL/min/mg,Stability,=,Metabolic stability in human microsomes at 1 uM,A,1,CHEMBL1144699,Scientific Literature,microsome,CCC(=O)c1c(-c2ccccc2)c2cc(Cl)ccc2c(=O)n1Cc1cc(S(C)(=O)=O)n(CC(C)=O)n1
CHEMBL261413,CCC(=O)c1c(-c2ccccc2)c2cc(Cl)ccc2c(=O)n1Cc1cc(S(C)(=O)=O)n(CCC(C)(C)O)n1,102.0,microL/min/mg,Stability,=,Metabolic stability in human microsomes at 1 uM,A,1,CHEMBL1144699,Scientific Literature,microsome,CCC(=O)c1c(-c2ccccc2)c2cc(Cl)ccc2c(=O)n1Cc1cc(S(C)(=O)=O)n(CCC(C)(C)O)n1
CHEMBL411083,CCC(=O)c1c(-c2ccccc2)c2cc(Cl)ccc2c(=O)n1Cc1cc(S(C)(=O)=O)n(CC(F)F)n1,36.0,microL/min/mg,Stability,=,Metabolic stability in human microsomes at 1 uM,A,1,CHEMBL1144699,Scientific Literature,microsome,CCC(=O)c1c(-c2ccccc2)c2cc(Cl)ccc2c(=O)n1Cc1cc(S(C)(=O)=O)n(CC(F)F)n1
CHEMBL409350,CCC(=O)c1c(-c2ccccc2)c2cc(Cl)ccc2c(=O)n1Cc1cc(C(=O)NC2CC2)n(CC(F)F)n1,14.0,microL/min/mg,Stability,=,Metabolic stability in human microsomes at 1 uM,A,1,CHEMBL1144699,Scientific Literature,microsome,CCC(=O)c1c(-c2ccccc2)c2cc(Cl)ccc2c(=O)n1Cc1cc(C(=O)NC2CC2)n(CC(F)F)n1
CHEMBL258618,CCC(=O)c1c(-c2ccccc2)c2cc(Cl)ccc2c(=O)n1Cc1cc(C(=O)NC2CC2)n(C)n1,44.0,microL/min/mg,Stability,=,Metabolic stability in human microsomes at 1 uM,A,1,CHEMBL1144699,Scientific Literature,microsome,CCC(=O)c1c(-c2ccccc2)c2cc(Cl)ccc2c(=O)n1Cc1cc(C(=O)NC2CC2)n(C)n1
CHEMBL258845,CCC(=O)c1c(-c2ccccc2)c2cc(Cl)ccc2c(=O)n1Cc1cc(C(N)=O)n(CC)n1,35.0,microL/min/mg,Stability,=,Metabolic stability in human microsomes at 1 uM,A,1,CHEMBL1144699,Scientific Literature,microsome,CCC(=O)c1c(-c2ccccc2)c2cc(Cl)ccc2c(=O)n1Cc1cc(C(N)=O)n(CC)n1
CHEMBL258631,CCC(=O)c1c(-c2ccccc2)c2cc(Cl)ccc2c(=O)n1Cc1cc(C(=O)N(C)C)n(C)n1,250.0,microL/min/mg,Stability,=,Metabolic stability in human microsomes at 1 uM,A,1,CHEMBL1144699,Scientific Literature,microsome,CCC(=O)c1c(-c2ccccc2)c2cc(Cl)ccc2c(=O)n1Cc1cc(C(=O)N(C)C)n(C)n1
CHEMBL259720,CCC(=O)c1c(-c2ccccc2)c2cc(Cl)ccc2c(=O)n1Cc1cc(C(=O)NC)n(C)n1,79.0,microL/min/mg,Stability,=,Metabolic stability in human microsomes at 1 uM,A,1,CHEMBL1144699,Scientific Literature,microsome,CCC(=O)c1c(-c2ccccc2)c2cc(Cl)ccc2c(=O)n1Cc1cc(C(=O)NC)n(C)n1
CHEMBL437107,CCC(=O)c1c(-c2ccccc2)c2cc(Cl)ccc2c(=O)n1Cc1cc(C(N)=O)n(C)n1,15.0,microL/min/mg,Stability,=,Metabolic stability in human microsomes at 1 uM,A,1,CHEMBL1144699,Scientific Literature,microsome,CCC(=O)c1c(-c2ccccc2)c2cc(Cl)ccc2c(=O)n1Cc1cc(C(N)=O)n(C)n1
CHEMBL427561,CCC(=O)c1c(-c2ccccc2)c2cc(Cl)ccc2c(=O)n1Cc1cc(C(=O)NC)[nH]n1,37.0,microL/min/mg,Stability,=,Metabolic stability in human microsomes at 1 uM,A,1,CHEMBL1144699,Scientific Literature,microsome,CCC(=O)c1c(-c2ccccc2)c2cc(Cl)ccc2c(=O)n1Cc1cc(C(=O)NC)[nH]n1
CHEMBL406408,CCNC(=O)n1cc(Cn2c(C(=O)CC)c(-c3ccccc3)c3cc(Cl)ccc3c2=O)cn1,43.0,microL/min/mg,Stability,=,Metabolic stability in human microsomes at 1 uM,A,1,CHEMBL1144699,Scientific Literature,microsome,CCNC(=O)n1cc(Cn2c(C(=O)CC)c(-c3ccccc3)c3cc(Cl)ccc3c2=O)cn1
CHEMBL498488,O=C(C[C@@H]1C(=O)Nc2ccccc2N1S(=O)(=O)c1ccc(Cl)c(Cl)c1)N[C@@H]1CCOc2cc(CO)ccc21,264.0,microL/min/mg,Stability,=,Metabolic stability in human liver microsomes,A,1,CHEMBL1156605,Scientific Literature,microsome,O=C(C[C@@H]1C(=O)Nc2ccccc2N1S(=O)(=O)c1ccc(Cl)c(Cl)c1)N[C@@H]1CCOc2cc(CO)ccc21
CHEMBL498489,O=Cc1ccc2c(c1)OCC[C@H]2NC(=O)C[C@@H]1C(=O)Nc2ccccc2N1S(=O)(=O)c1ccc(Cl)c(Cl)c1,407.0,microL/min/mg,Stability,=,Metabolic stability in human liver microsomes,A,1,CHEMBL1156605,Scientific Literature,microsome,O=Cc1ccc2c(c1)OCC[C@H]2NC(=O)C[C@@H]1C(=O)Nc2ccccc2N1S(=O)(=O)c1ccc(Cl)c(Cl)c1
CHEMBL447870,Cc1ccc(S(=O)(=O)N2c3ccccc3NC(=O)[C@H]2CC(=O)N[C@@H]2CCOc3cc(CN4CCCCC4)ccc32)cc1,128.0,microL/min/mg,Stability,=,Metabolic stability in human liver microsomes,A,1,CHEMBL1156605,Scientific Literature,microsome,Cc1ccc(S(=O)(=O)N2c3ccccc3NC(=O)[C@H]2CC(=O)N[C@@H]2CCOc3cc(CN4CCCCC4)ccc32)cc1
CHEMBL502140,O=C(C[C@@H]1C(=O)Nc2ccccc2N1S(=O)(=O)c1ccccc1)N[C@@H]1CCOc2cc(CN3CCCCC3)ccc21,76.0,microL/min/mg,Stability,=,Metabolic stability in human liver microsomes,A,1,CHEMBL1156605,Scientific Literature,microsome,O=C(C[C@@H]1C(=O)Nc2ccccc2N1S(=O)(=O)c1ccccc1)N[C@@H]1CCOc2cc(CN3CCCCC3)ccc21
CHEMBL525092,CC(C)(C)NCc1ccc2c(c1)OCC[C@H]2NC(=O)C[C@@H]1C(=O)Nc2ccccc2N1S(=O)(=O)c1ccccc1,26.0,microL/min/mg,Stability,=,Metabolic stability in human liver microsomes,A,1,CHEMBL1156605,Scientific Literature,microsome,CC(C)(C)NCc1ccc2c(c1)OCC[C@H]2NC(=O)C[C@@H]1C(=O)Nc2ccccc2N1S(=O)(=O)c1ccccc1
CHEMBL504531,O=C(C[C@@H]1C(=O)Nc2ccccc2N1S(=O)(=O)c1ccc(Cl)c(Cl)c1)N[C@@H]1CCCc2cc(CN3CCCCC3)ccc21,417.0,microL/min/mg,Stability,=,Metabolic stability in human liver microsomes,A,1,CHEMBL1156605,Scientific Literature,microsome,O=C(C[C@@H]1C(=O)Nc2ccccc2N1S(=O)(=O)c1ccc(Cl)c(Cl)c1)N[C@@H]1CCCc2cc(CN3CCCCC3)ccc21
CHEMBL450541,O=C(C[C@@H]1C(=O)Nc2ccccc2N1S(=O)(=O)c1ccc(Cl)c(Cl)c1)N[C@@H]1CCOc2cc(CN3CCCCC3)ccc21,389.0,microL/min/mg,Stability,=,Metabolic stability in human liver microsomes,A,1,CHEMBL1156605,Scientific Literature,microsome,O=C(C[C@@H]1C(=O)Nc2ccccc2N1S(=O)(=O)c1ccc(Cl)c(Cl)c1)N[C@@H]1CCOc2cc(CN3CCCCC3)ccc21
CHEMBL508043,CC(C)(C)NCc1ccc2c(c1)OCC[C@H]2NC(=O)C[C@@H]1C(=O)Nc2ccccc2N1S(=O)(=O)c1ccc(Cl)c(Cl)c1,174.0,microL/min/mg,Stability,=,Metabolic stability in human liver microsomes,A,1,CHEMBL1156605,Scientific Literature,microsome,CC(C)(C)NCc1ccc2c(c1)OCC[C@H]2NC(=O)C[C@@H]1C(=O)Nc2ccccc2N1S(=O)(=O)c1ccc(Cl)c(Cl)c1
CHEMBL444431,CC(C)CNCc1ccc2c(c1)OCC[C@H]2NC(=O)C[C@@H]1C(=O)Nc2ccccc2N1S(=O)(=O)c1ccc(Cl)c(Cl)c1,264.0,microL/min/mg,Stability,=,Metabolic stability in human liver microsomes,A,1,CHEMBL1156605,Scientific Literature,microsome,CC(C)CNCc1ccc2c(c1)OCC[C@H]2NC(=O)C[C@@H]1C(=O)Nc2ccccc2N1S(=O)(=O)c1ccc(Cl)c(Cl)c1
CHEMBL452331,CC(C)NCc1ccc2c(c1)OCC[C@H]2NC(=O)C[C@@H]1C(=O)Nc2ccccc2N1S(=O)(=O)c1ccc(Cl)c(Cl)c1,156.0,microL/min/mg,Stability,=,Metabolic stability in human liver microsomes,A,1,CHEMBL1156605,Scientific Literature,microsome,CC(C)NCc1ccc2c(c1)OCC[C@H]2NC(=O)C[C@@H]1C(=O)Nc2ccccc2N1S(=O)(=O)c1ccc(Cl)c(Cl)c1
CHEMBL504119,CN(C)Cc1ccc2c(c1)OCC[C@H]2NC(=O)C[C@@H]1C(=O)Nc2ccccc2N1S(=O)(=O)c1ccc(Cl)c(Cl)c1,208.0,microL/min/mg,Stability,=,Metabolic stability in human liver microsomes,A,1,CHEMBL1156605,Scientific Literature,microsome,CN(C)Cc1ccc2c(c1)OCC[C@H]2NC(=O)C[C@@H]1C(=O)Nc2ccccc2N1S(=O)(=O)c1ccc(Cl)c(Cl)c1
CHEMBL503847,CNCc1ccc2c(c1)OCC[C@H]2NC(=O)C[C@@H]1C(=O)Nc2ccccc2N1S(=O)(=O)c1ccc(Cl)c(Cl)c1,107.0,microL/min/mg,Stability,=,Metabolic stability in human liver microsomes,A,1,CHEMBL1156605,Scientific Literature,microsome,CNCc1ccc2c(c1)OCC[C@H]2NC(=O)C[C@@H]1C(=O)Nc2ccccc2N1S(=O)(=O)c1ccc(Cl)c(Cl)c1
CHEMBL496459,NCc1ccc2c(c1)OCC[C@H]2NC(=O)C[C@@H]1C(=O)Nc2ccccc2N1S(=O)(=O)c1ccc(Cl)c(Cl)c1,127.0,microL/min/mg,Stability,=,Metabolic stability in human liver microsomes,A,1,CHEMBL1156605,Scientific Literature,microsome,NCc1ccc2c(c1)OCC[C@H]2NC(=O)C[C@@H]1C(=O)Nc2ccccc2N1S(=O)(=O)c1ccc(Cl)c(Cl)c1
CHEMBL540704,CCn1c2ccccc2c2cc(NC(=O)CCc3nc(-c4ccccc4F)no3)ccc21,274.0,microL/min/mg,Stability,=,Metabolic stability in human liver microsomes,A,1,CHEMBL1156631,Scientific Literature,microsome,CCn1c2ccccc2c2cc(NC(=O)CCc3nc(-c4ccccc4F)no3)ccc21
CHEMBL485763,CC(C)c1cc(C(C)C)n(C[C@H](OC(=O)Nc2ccc(F)cc2F)C(C)C)n1,644.0,uL/min.mg,Stability,=,Metabolic stability in human liver microsomes,A,1,CHEMBL1152221,Scientific Literature,microsome,CC(C)c1cc(C(C)C)n(C[C@H](OC(=O)Nc2ccc(F)cc2F)C(C)C)n1
CHEMBL218152,O=C(C[C@@H](NS(=O)(=O)c1ccc2ccccc2c1)c1ccccc1)N[C@@H]1CCCc2cc(CN3CCCCC3)ccc21,919.0,microL/min/mg,Stability,=,Metabolic stability in human liver microsomes,A,1,CHEMBL1139432,Scientific Literature,microsome,O=C(C[C@@H](NS(=O)(=O)c1ccc2ccccc2c1)c1ccccc1)N[C@@H]1CCCc2cc(CN3CCCCC3)ccc21
CHEMBL488501,O=C(N[C@@H]1CCCc2cc(CN3CCCCC3)ccc21)[C@H](O)[C@H](O)CS(=O)(=O)c1cccc(Cl)c1Cl,214.0,microL/min/mg,Stability,=,Metabolic stability in human liver microsomes,A,1,CHEMBL1139432,Scientific Literature,microsome,O=C(N[C@@H]1CCCc2cc(CN3CCCCC3)ccc21)[C@H](O)[C@H](O)CS(=O)(=O)c1cccc(Cl)c1Cl
CHEMBL507168,O=C(N[C@@H]1CCCc2cc(CN3CCCCC3)ccc21)[C@H](O)[C@H](O)CS(=O)(=O)c1ccc(Cl)c(Cl)c1,100.0,microL/min/mg,Stability,=,Metabolic stability in human liver microsomes,A,1,CHEMBL1139432,Scientific Literature,microsome,O=C(N[C@@H]1CCCc2cc(CN3CCCCC3)ccc21)[C@H](O)[C@H](O)CS(=O)(=O)c1ccc(Cl)c(Cl)c1
CHEMBL486456,CC(C)(C)c1ccc(S(=O)(=O)C[C@@H](O)[C@@H](O)C(=O)N[C@@H]2CCCc3cc(CN4CCCCC4)ccc32)cc1,296.0,microL/min/mg,Stability,=,Metabolic stability in human liver microsomes,A,1,CHEMBL1139432,Scientific Literature,microsome,CC(C)(C)c1ccc(S(=O)(=O)C[C@@H](O)[C@@H](O)C(=O)N[C@@H]2CCCc3cc(CN4CCCCC4)ccc32)cc1
CHEMBL452057,Cc1ccc(S(=O)(=O)C[C@@H](O)[C@@H](O)C(=O)N[C@@H]2CCCc3cc(CN4CCCCC4)ccc32)cc1,50.0,microL/min/mg,Stability,=,Metabolic stability in human liver microsomes,A,1,CHEMBL1139432,Scientific Literature,microsome,Cc1ccc(S(=O)(=O)C[C@@H](O)[C@@H](O)C(=O)N[C@@H]2CCCc3cc(CN4CCCCC4)ccc32)cc1
CHEMBL508632,O=C(N[C@@H]1CCCc2cc(CN3CCCCC3)ccc21)[C@H](O)[C@H](O)CS(=O)(=O)c1cccc(Cl)c1,180.0,microL/min/mg,Stability,=,Metabolic stability in human liver microsomes,A,1,CHEMBL1139432,Scientific Literature,microsome,O=C(N[C@@H]1CCCc2cc(CN3CCCCC3)ccc21)[C@H](O)[C@H](O)CS(=O)(=O)c1cccc(Cl)c1
CHEMBL455643,O=C(N[C@@H]1CCCc2cc(CN3CCCCC3)ccc21)[C@H](O)[C@H](O)CS(=O)(=O)c1ccc(C(F)(F)F)cc1,50.0,microL/min/mg,Stability,=,Metabolic stability in human liver microsomes,A,1,CHEMBL1139432,Scientific Literature,microsome,O=C(N[C@@H]1CCCc2cc(CN3CCCCC3)ccc21)[C@H](O)[C@H](O)CS(=O)(=O)c1ccc(C(F)(F)F)cc1
CHEMBL455642,O=C(N[C@@H]1CCCc2cc(CN3CCCCC3)ccc21)[C@H](O)[C@H](O)CS(=O)(=O)c1cccc(C(F)(F)F)c1,100.0,microL/min/mg,Stability,=,Metabolic stability in human liver microsomes,A,1,CHEMBL1139432,Scientific Literature,microsome,O=C(N[C@@H]1CCCc2cc(CN3CCCCC3)ccc21)[C@H](O)[C@H](O)CS(=O)(=O)c1cccc(C(F)(F)F)c1
CHEMBL453340,O=C(N[C@@H]1CCCc2cc(CN3CCCCC3)ccc21)[C@H](O)[C@H](O)CS(=O)(=O)c1ccccc1,319.0,microL/min/mg,Stability,=,Metabolic stability in human liver microsomes,A,1,CHEMBL1139432,Scientific Literature,microsome,O=C(N[C@@H]1CCCc2cc(CN3CCCCC3)ccc21)[C@H](O)[C@H](O)CS(=O)(=O)c1ccccc1
CHEMBL453339,O=C(N[C@@H]1CCCc2cc(CN3CCCCC3)ccc21)[C@H](O)[C@H](O)CS(=O)(=O)c1ccc2ccccc2c1,100.0,microL/min/mg,Stability,=,Metabolic stability in human liver microsomes,A,1,CHEMBL1139432,Scientific Literature,microsome,O=C(N[C@@H]1CCCc2cc(CN3CCCCC3)ccc21)[C@H](O)[C@H](O)CS(=O)(=O)c1ccc2ccccc2c1
CHEMBL453338,CO[C@H](CCS(=O)(=O)c1ccc2ccccc2c1)C(=O)N[C@@H]1CCCc2cc(CN3CCCCC3)ccc21,216.0,microL/min/mg,Stability,=,Metabolic stability in human liver microsomes,A,1,CHEMBL1139432,Scientific Literature,microsome,CO[C@H](CCS(=O)(=O)c1ccc2ccccc2c1)C(=O)N[C@@H]1CCCc2cc(CN3CCCCC3)ccc21
CHEMBL487823,CO[C@@H](CC(=O)N[C@@H]1CCCc2cc(CN3CCCCC3)ccc21)CS(=O)(=O)c1ccc2ccccc2c1,274.0,microL/min/mg,Stability,=,Metabolic stability in human liver microsomes,A,1,CHEMBL1139432,Scientific Literature,microsome,CO[C@@H](CC(=O)N[C@@H]1CCCc2cc(CN3CCCCC3)ccc21)CS(=O)(=O)c1ccc2ccccc2c1
CHEMBL486641,O=C(N[C@@H]1CCCc2cc(CN3CCCCC3)ccc21)[C@H](O)CCS(=O)(=O)c1ccc2ccccc2c1,100.0,microL/min/mg,Stability,=,Metabolic stability in human liver microsomes,A,1,CHEMBL1139432,Scientific Literature,microsome,O=C(N[C@@H]1CCCc2cc(CN3CCCCC3)ccc21)[C@H](O)CCS(=O)(=O)c1ccc2ccccc2c1
CHEMBL486640,O=C(N[C@@H]1CCCc2cc(CN3CCCCC3)ccc21)[C@@H](O)CCS(=O)(=O)c1ccc2ccccc2c1,100.0,microL/min/mg,Stability,=,Metabolic stability in human liver microsomes,A,1,CHEMBL1139432,Scientific Literature,microsome,O=C(N[C@@H]1CCCc2cc(CN3CCCCC3)ccc21)[C@@H](O)CCS(=O)(=O)c1ccc2ccccc2c1
CHEMBL530554,O=C(C[C@H](O)CS(=O)(=O)c1ccc2ccccc2c1)N[C@@H]1CCCc2cc(CN3CCCCC3)ccc21,112.0,microL/min/mg,Stability,=,Metabolic stability in human liver microsomes,A,1,CHEMBL1139432,Scientific Literature,microsome,O=C(C[C@H](O)CS(=O)(=O)c1ccc2ccccc2c1)N[C@@H]1CCCc2cc(CN3CCCCC3)ccc21
CHEMBL488512,O=C(CCCS(=O)(=O)c1ccc2ccccc2c1)N[C@@H]1CCCc2cc(CN3CCCCC3)ccc21,50.0,microL/min/mg,Stability,=,Metabolic stability in human liver microsomes,A,1,CHEMBL1139432,Scientific Literature,microsome,O=C(CCCS(=O)(=O)c1ccc2ccccc2c1)N[C@@H]1CCCc2cc(CN3CCCCC3)ccc21
CHEMBL449789,O=C(CC(CS(=O)(=O)c1ccc2ccccc2c1)c1ccccc1)N[C@@H]1CCCc2cc(CN3CCCCC3)ccc21,744.0,microL/min/mg,Stability,=,Metabolic stability in human liver microsomes,A,1,CHEMBL1139432,Scientific Literature,microsome,O=C(CC(CS(=O)(=O)c1ccc2ccccc2c1)c1ccccc1)N[C@@H]1CCCc2cc(CN3CCCCC3)ccc21
CHEMBL487763,CNCCC(c1ccccc1)c1c[nH]c2ccccc12,915.0,microL/min/mg,Stability,=,Stability in human liver microsomes assessed as intrinsic clearance,A,1,CHEMBL1152295,Scientific Literature,microsome,CNCCC(c1ccccc1)c1c[nH]c2ccccc12
CHEMBL463585,CCCCC1(c2ccc3[nH]ccc3c2)CCNC1,38.0,microL/min/mg,Stability,=,Stability in human liver microsomes assessed as intrinsic clearance,A,1,CHEMBL1152295,Scientific Literature,microsome,CCCCC1(c2ccc3[nH]ccc3c2)CCNC1
CHEMBL463389,CCCC1(c2ccc3[nH]ccc3c2)CCNC1,2.3,microL/min/mg,Stability,=,Stability in human liver microsomes assessed as intrinsic clearance,A,1,CHEMBL1152295,Scientific Literature,microsome,CCCC1(c2ccc3[nH]ccc3c2)CCNC1
CHEMBL517305,N#Cc1c[nH]c2ccc(C3(Cc4ccccc4)CCNC3)cc12,18.8,microL/min/mg,Stability,=,Stability in human liver microsomes assessed as intrinsic clearance,A,1,CHEMBL1152295,Scientific Literature,microsome,N#Cc1c[nH]c2ccc(C3(Cc4ccccc4)CCNC3)cc12
CHEMBL463387,CN(C)C(=O)c1cc2cc(C3(Cc4ccccc4)CCNC3)ccc2[nH]1,12.8,microL/min/mg,Stability,=,Stability in human liver microsomes assessed as intrinsic clearance,A,1,CHEMBL1152295,Scientific Literature,microsome,CN(C)C(=O)c1cc2cc(C3(Cc4ccccc4)CCNC3)ccc2[nH]1
CHEMBL442924,CNC(=O)c1cc2cc(C3(Cc4ccccc4)CCNC3)ccc2[nH]1,11.3,microL/min/mg,Stability,=,Stability in human liver microsomes assessed as intrinsic clearance,A,1,CHEMBL1152295,Scientific Literature,microsome,CNC(=O)c1cc2cc(C3(Cc4ccccc4)CCNC3)ccc2[nH]1
CHEMBL457931,NC(=O)c1cc2cc(C3(Cc4ccccc4)CCNC3)ccc2[nH]1,1.4,microL/min/mg,Stability,=,Stability in human liver microsomes assessed as intrinsic clearance,A,1,CHEMBL1152295,Scientific Literature,microsome,NC(=O)c1cc2cc(C3(Cc4ccccc4)CCNC3)ccc2[nH]1
CHEMBL457930,N#Cc1cc2cc(C3(Cc4ccccc4)CCNC3)ccc2[nH]1,0.0,microL/min/mg,Stability,=,Stability in human liver microsomes assessed as intrinsic clearance,A,1,CHEMBL1152295,Scientific Literature,microsome,N#Cc1cc2cc(C3(Cc4ccccc4)CCNC3)ccc2[nH]1
CHEMBL512551,CCOC(=O)c1cc2cc(C3(Cc4ccccc4)CCNC3)ccc2[nH]1,47.8,microL/min/mg,Stability,=,Stability in human liver microsomes assessed as intrinsic clearance,A,1,CHEMBL1152295,Scientific Literature,microsome,CCOC(=O)c1cc2cc(C3(Cc4ccccc4)CCNC3)ccc2[nH]1
CHEMBL459176,Cn1ccc2cc(C3(Cc4ccccc4)CCNC3)ccc21,106.0,microL/min/mg,Stability,=,Stability in human liver microsomes assessed as intrinsic clearance,A,1,CHEMBL1152295,Scientific Literature,microsome,Cn1ccc2cc(C3(Cc4ccccc4)CCNC3)ccc21
CHEMBL504231,c1ccc(CCC2(c3ccc4[nH]ccc4c3)CCNC2)cc1,106.0,microL/min/mg,Stability,=,Stability in human liver microsomes assessed as intrinsic clearance,A,1,CHEMBL1152295,Scientific Literature,microsome,c1ccc(CCC2(c3ccc4[nH]ccc4c3)CCNC2)cc1
CHEMBL514759,COc1cccc(CC2(c3ccc4[nH]ccc4c3)CCNC2)c1,77.0,microL/min/mg,Stability,=,Stability in human liver microsomes assessed as intrinsic clearance,A,1,CHEMBL1152295,Scientific Literature,microsome,COc1cccc(CC2(c3ccc4[nH]ccc4c3)CCNC2)c1
CHEMBL513258,Fc1ccc(CC2(c3ccc4[nH]ccc4c3)CCNC2)cc1,84.0,microL/min/mg,Stability,=,Stability in human liver microsomes assessed as intrinsic clearance,A,1,CHEMBL1152295,Scientific Literature,microsome,Fc1ccc(CC2(c3ccc4[nH]ccc4c3)CCNC2)cc1
CHEMBL456654,c1ccc(CC2(c3ccc4[nH]ccc4c3)CCNC2)nc1,86.0,microL/min/mg,Stability,=,Stability in human liver microsomes assessed as intrinsic clearance,A,1,CHEMBL1152295,Scientific Literature,microsome,c1ccc(CC2(c3ccc4[nH]ccc4c3)CCNC2)nc1
CHEMBL486538,c1ccc(CC2(c3cnc4[nH]ccc4c3)CCNC2)cc1,69.0,microL/min/mg,Stability,=,Stability in human liver microsomes assessed as intrinsic clearance,A,1,CHEMBL1152295,Scientific Literature,microsome,c1ccc(CC2(c3cnc4[nH]ccc4c3)CCNC2)cc1
CHEMBL486537,c1ccc(CC2(c3ccc4sccc4c3)CCNC2)cc1,198.0,microL/min/mg,Stability,=,Stability in human liver microsomes assessed as intrinsic clearance,A,1,CHEMBL1152295,Scientific Literature,microsome,c1ccc(CC2(c3ccc4sccc4c3)CCNC2)cc1
CHEMBL520869,c1ccc(CC2(c3ccc4[nH]ncc4c3)CCNC2)cc1,28.0,microL/min/mg,Stability,=,Stability in human liver microsomes assessed as intrinsic clearance,A,1,CHEMBL1152295,Scientific Literature,microsome,c1ccc(CC2(c3ccc4[nH]ncc4c3)CCNC2)cc1
CHEMBL487355,c1ccc(CC2(c3ccc4[nH]ccc4c3)CCNC2)cc1,154.0,microL/min/mg,Stability,=,Stability in human liver microsomes assessed as intrinsic clearance,A,1,CHEMBL1152295,Scientific Literature,microsome,c1ccc(CC2(c3ccc4[nH]ccc4c3)CCNC2)cc1
CHEMBL487355,c1ccc(CC2(c3ccc4[nH]ccc4c3)CCNC2)cc1,100.0,microL/min/mg,Stability,=,Stability in human liver microsomes assessed as intrinsic clearance,A,1,CHEMBL1152295,Scientific Literature,microsome,c1ccc(CC2(c3ccc4[nH]ccc4c3)CCNC2)cc1
CHEMBL592374,Clc1ccc([C@]23CNC[C@H]2C3)cc1Cl,47.0,microL/min/mg,Stability,=,Stability in human liver microsomes assessed as intrinsic clearance,A,1,CHEMBL1152295,Scientific Literature,microsome,Clc1ccc([C@]23CNC[C@H]2C3)cc1Cl
CHEMBL512840,Cc1ccc(C(=O)Nc2cccc(C(F)(F)F)c2)cc1C(=O)Nc1cncnc1,38.0,microL/min/mg,Stability,=,Metabolic stability in human liver microsomes assessed as intrinsic clearance at 1 uM,A,1,CHEMBL1158158,Scientific Literature,microsome,Cc1ccc(C(=O)Nc2cccc(C(F)(F)F)c2)cc1C(=O)Nc1cncnc1
CHEMBL517943,Fc1ccc(CNc2ncc(Br)c(Nc3cc(C4CC4)[nH]n3)n2)cc1,28.0,microL/min/mg,Stability,=,Metabolic stability in human liver microsomes assessed as intrinsic clearance,A,1,CHEMBL1155933,Scientific Literature,microsome,Fc1ccc(CNc2ncc(Br)c(Nc3cc(C4CC4)[nH]n3)n2)cc1
CHEMBL496483,Brc1cnc(NCc2ccccc2)nc1Nc1cc(C2CC2)[nH]n1,66.0,microL/min/mg,Stability,=,Metabolic stability in human liver microsomes assessed as intrinsic clearance,A,1,CHEMBL1155933,Scientific Literature,microsome,Brc1cnc(NCc2ccccc2)nc1Nc1cc(C2CC2)[nH]n1
CHEMBL464801,C[C@H](Nc1ncc(Br)c(Nc2cc(C3CC3)[nH]n2)n1)c1ccccc1,29.0,microL/min/mg,Stability,=,Metabolic stability in human liver microsomes assessed as intrinsic clearance,A,1,CHEMBL1155933,Scientific Literature,microsome,C[C@H](Nc1ncc(Br)c(Nc2cc(C3CC3)[nH]n2)n1)c1ccccc1
CHEMBL554267,Cc1cc(C)c(S(=O)(=O)N[C@H](CNC(=O)c2coc(C)n2)C(=O)O)c(C)c1,4.7,microL/min/mg,Stability,=,Metabolic stability in human microsomes,A,1,CHEMBL1153059,Scientific Literature,microsome,Cc1cc(C)c(S(=O)(=O)N[C@H](CNC(=O)c2coc(C)n2)C(=O)O)c(C)c1
CHEMBL558130,Cc1cc(C)c(S(=O)(=O)N[C@H](CNC(=O)c2ccnn2C)C(=O)O)c(C)c1,14.6,microL/min/mg,Stability,=,Metabolic stability in human microsomes,A,1,CHEMBL1153059,Scientific Literature,microsome,Cc1cc(C)c(S(=O)(=O)N[C@H](CNC(=O)c2ccnn2C)C(=O)O)c(C)c1
CHEMBL573257,Cc1ccc(-c2ccc3occ(-c4ccc(C(=O)O)cc4)c3c2)o1,0.0,ml/min/mg,Stability,=,Metabolic stability in human liver microsomes,A,1,CHEMBL1154165,Scientific Literature,microsome,Cc1ccc(-c2ccc3occ(-c4ccc(C(=O)O)cc4)c3c2)o1
CHEMBL578861,COP(=O)(OC)c1ccc(-c2coc3ccc(-c4ccc(C)o4)cc23)cc1,0.0,ml/min/mg,Stability,=,Metabolic stability in human liver microsomes,A,1,CHEMBL1154165,Scientific Literature,microsome,COP(=O)(OC)c1ccc(-c2coc3ccc(-c4ccc(C)o4)cc23)cc1
CHEMBL574591,Cc1ccc(-c2ccc3occ(-c4ccc([S+](C)[O-])cc4)c3c2)o1,7.0,ml/min/mg,Stability,=,Metabolic stability in human liver microsomes,A,1,CHEMBL1154165,Scientific Literature,microsome,Cc1ccc(-c2ccc3occ(-c4ccc([S+](C)[O-])cc4)c3c2)o1
CHEMBL574159,CC[S+]([O-])c1ccc(-c2coc3ccc(-c4ccc(C)o4)cc23)cc1,10.0,ml/min/mg,Stability,=,Metabolic stability in human liver microsomes,A,1,CHEMBL1154165,Scientific Literature,microsome,CC[S+]([O-])c1ccc(-c2coc3ccc(-c4ccc(C)o4)cc23)cc1
CHEMBL584757,Cc1ccc(-c2ccc3occ(-c4ccc(S(C)(=O)=O)cc4)c3c2)o1,48.0,ml/min/mg,Stability,=,Metabolic stability in human liver microsomes,A,1,CHEMBL1154165,Scientific Literature,microsome,Cc1ccc(-c2ccc3occ(-c4ccc(S(C)(=O)=O)cc4)c3c2)o1
CHEMBL578628,CCS(=O)(=O)c1ccc(-c2coc3ccc(-c4ccc(C)o4)cc23)cc1,53.0,ml/min/mg,Stability,=,Metabolic stability in human liver microsomes,A,1,CHEMBL1154165,Scientific Literature,microsome,CCS(=O)(=O)c1ccc(-c2coc3ccc(-c4ccc(C)o4)cc23)cc1
CHEMBL582853,Cc1ccc(-c2ccc3occ(-c4ccncc4)c3c2)o1,67.0,ml/min/mg,Stability,=,Metabolic stability in human liver microsomes,A,1,CHEMBL1154165,Scientific Literature,microsome,Cc1ccc(-c2ccc3occ(-c4ccncc4)c3c2)o1
CHEMBL572973,CSc1ccc(-c2coc3ccc(-c4ccc(C)o4)cc23)cc1,75.0,ml/min/mg,Stability,=,Metabolic stability in human liver microsomes,A,1,CHEMBL1154165,Scientific Literature,microsome,CSc1ccc(-c2coc3ccc(-c4ccc(C)o4)cc23)cc1
CHEMBL573487,Cc1ccc(-c2ccc3occ(-c4cccc([S+](C)[O-])c4)c3c2)o1,75.0,ml/min/mg,Stability,=,Metabolic stability in human liver microsomes,A,1,CHEMBL1154165,Scientific Literature,microsome,Cc1ccc(-c2ccc3occ(-c4cccc([S+](C)[O-])c4)c3c2)o1
CHEMBL573933,Cc1ccc(-c2ccc3occ(-c4ccc(C(C)O)cc4)c3c2)o1,85.0,ml/min/mg,Stability,=,Metabolic stability in human liver microsomes,A,1,CHEMBL1154165,Scientific Literature,microsome,Cc1ccc(-c2ccc3occ(-c4ccc(C(C)O)cc4)c3c2)o1
CHEMBL576165,Cc1ccc(-c2ccc3occ(-c4ccc(C(N)=O)cc4)c3c2)o1,121.0,ml/min/mg,Stability,=,Metabolic stability in human liver microsomes,A,1,CHEMBL1154165,Scientific Literature,microsome,Cc1ccc(-c2ccc3occ(-c4ccc(C(N)=O)cc4)c3c2)o1
CHEMBL573007,Cc1ccc(-c2ccc3occ(-c4ccc(F)cc4)c3c2)o1,155.0,ml/min/mg,Stability,=,Metabolic stability in human liver microsomes,A,1,CHEMBL1154165,Scientific Literature,microsome,Cc1ccc(-c2ccc3occ(-c4ccc(F)cc4)c3c2)o1
CHEMBL572779,CC(=O)c1ccc(-c2coc3ccc(-c4ccc(C)o4)cc23)cc1,157.0,ml/min/mg,Stability,=,Metabolic stability in human liver microsomes,A,1,CHEMBL1154165,Scientific Literature,microsome,CC(=O)c1ccc(-c2coc3ccc(-c4ccc(C)o4)cc23)cc1
CHEMBL573192,Cc1ccc(-c2ccc3occ(-c4ccc(O)cc4)c3c2)o1,170.0,ml/min/mg,Stability,=,Metabolic stability in human liver microsomes,A,1,CHEMBL1154165,Scientific Literature,microsome,Cc1ccc(-c2ccc3occ(-c4ccc(O)cc4)c3c2)o1
CHEMBL576183,COc1ccc(-c2coc3ccc(-c4ccc(C)o4)cc23)cc1,179.0,ml/min/mg,Stability,=,Metabolic stability in human liver microsomes,A,1,CHEMBL1154165,Scientific Literature,microsome,COc1ccc(-c2coc3ccc(-c4ccc(C)o4)cc23)cc1
CHEMBL573486,COc1cccc(-c2coc3ccc(-c4ccc(C)o4)cc23)c1,191.0,ml/min/mg,Stability,=,Metabolic stability in human liver microsomes,A,1,CHEMBL1154165,Scientific Literature,microsome,COc1cccc(-c2coc3ccc(-c4ccc(C)o4)cc23)c1
CHEMBL573480,COC(=O)c1ccc(-c2coc3ccc(-c4ccc(C)o4)cc23)cc1,248.0,ml/min/mg,Stability,=,Metabolic stability in human liver microsomes,A,1,CHEMBL1154165,Scientific Literature,microsome,COC(=O)c1ccc(-c2coc3ccc(-c4ccc(C)o4)cc23)cc1
CHEMBL570023,C[C@@H]1CNCCN1c1ccc(=O)n(CCOc2ccccc2Cl)n1,9.8,microL/min/mg,Stability,=,Metabolic stability in human liver microsomes,A,1,CHEMBL1156026,Scientific Literature,microsome,C[C@@H]1CNCCN1c1ccc(=O)n(CCOc2ccccc2Cl)n1
CHEMBL570274,C[C@@H]1CNCCN1c1ccc(=O)n(CCOc2ccccc2C(F)(F)F)n1,15.3,microL/min/mg,Stability,=,Metabolic stability in human liver microsomes,A,1,CHEMBL1156026,Scientific Literature,microsome,C[C@@H]1CNCCN1c1ccc(=O)n(CCOc2ccccc2C(F)(F)F)n1
CHEMBL572228,Clc1ccccc1CCOc1cncc(N2CCNCC2)n1,94.0,microL/min/mg,Stability,=,Metabolic stability in human liver microsomes,A,1,CHEMBL1156026,Scientific Literature,microsome,Clc1ccccc1CCOc1cncc(N2CCNCC2)n1
CHEMBL599760,CC(=O)N1CCN(C[C@@H](C)NC(=O)c2cc3c(-c4ccccc4)nn(C)c3s2)CC1,1.7,microL/min/mg,Stability,=,Metabolic stability in human liver microsomes,A,1,CHEMBL1159093,Scientific Literature,microsome,CC(=O)N1CCN(C[C@@H](C)NC(=O)c2cc3c(-c4ccccc4)nn(C)c3s2)CC1
CHEMBL1689810,CCC(CC)(NC(=O)c1cnn2c1NC(c1ccccc1)CC2(C)C)c1ccc(C(F)(F)F)cc1,14.0,microL/min/mg,Stability,=,Metabolic stability in human hepatic microsomes after 20 mins by HPLC/MS analysis,A,1,CHEMBL1687906,Scientific Literature,microsome,CCC(CC)(NC(=O)c1cnn2c1NC(c1ccccc1)CC2(C)C)c1ccc(C(F)(F)F)cc1
CHEMBL1689815,CCC(CC)(NC(=O)c1cnn2c1NC(c1ccccc1)CC2(C)C)c1ccccc1,209.0,microL/min/mg,Stability,=,Metabolic stability in human hepatic microsomes after 20 mins by HPLC/MS analysis,A,1,CHEMBL1687906,Scientific Literature,microsome,CCC(CC)(NC(=O)c1cnn2c1NC(c1ccccc1)CC2(C)C)c1ccccc1
CHEMBL1689816,CCC(CC)(NC(=O)c1cnn2c1NC(c1ccccc1)CC2(C)C)c1ccc(Cl)cc1,18.0,microL/min/mg,Stability,=,Metabolic stability in human hepatic microsomes after 20 mins by HPLC/MS analysis,A,1,CHEMBL1687906,Scientific Literature,microsome,CCC(CC)(NC(=O)c1cnn2c1NC(c1ccccc1)CC2(C)C)c1ccc(Cl)cc1
CHEMBL1689818,CCC(CC)(NC(=O)c1cnn2c1NC(c1ccccc1)CC2(C)C)c1ccc(F)cc1,89.0,microL/min/mg,Stability,=,Metabolic stability in human hepatic microsomes after 20 mins by HPLC/MS analysis,A,1,CHEMBL1687906,Scientific Literature,microsome,CCC(CC)(NC(=O)c1cnn2c1NC(c1ccccc1)CC2(C)C)c1ccc(F)cc1
CHEMBL1687946,CCC(CC)(NC(=O)c1cnn2c1NC(c1ccccc1)CC2(C)C)c1ccc(C)cc1,122.0,microL/min/mg,Stability,=,Metabolic stability in human hepatic microsomes after 20 mins by HPLC/MS analysis,A,1,CHEMBL1687906,Scientific Literature,microsome,CCC(CC)(NC(=O)c1cnn2c1NC(c1ccccc1)CC2(C)C)c1ccc(C)cc1
CHEMBL1688087,CCC(CC)(NC(=O)c1cnn2c1NC(c1ccccc1)CC2(C)C)c1ccc(OC)cc1,67.0,microL/min/mg,Stability,=,Metabolic stability in human hepatic microsomes after 20 mins by HPLC/MS analysis,A,1,CHEMBL1687906,Scientific Literature,microsome,CCC(CC)(NC(=O)c1cnn2c1NC(c1ccccc1)CC2(C)C)c1ccc(OC)cc1
CHEMBL1688088,CCC(CC)(NC(=O)c1cnn2c1NC(c1ccccc1)CC2(C)C)c1ccc(OCc2ccccc2)cc1,48.0,microL/min/mg,Stability,=,Metabolic stability in human hepatic microsomes after 20 mins by HPLC/MS analysis,A,1,CHEMBL1687906,Scientific Literature,microsome,CCC(CC)(NC(=O)c1cnn2c1NC(c1ccccc1)CC2(C)C)c1ccc(OCc2ccccc2)cc1
CHEMBL1688089,CCOC(=O)c1ccc(C(CC)(CC)NC(=O)c2cnn3c2NC(c2ccccc2)CC3(C)C)cc1.Cl,91.0,microL/min/mg,Stability,=,Metabolic stability in human hepatic microsomes after 20 mins by HPLC/MS analysis,A,1,CHEMBL1687906,Scientific Literature,microsome,CCOC(=O)c1ccc(C(CC)(CC)NC(=O)c2cnn3c2NC(c2ccccc2)CC3(C)C)cc1.Cl
CHEMBL1689057,CCC(CC)(NC(=O)c1c(C)nn2c1N[C@@H](c1ccccc1)CC2(C)C)c1ccc(OC)c(Cl)c1.Cl,38.0,microL/min/mg,Stability,=,Metabolic stability in human liver microsome after 20 mins by HPLC in presence of NADPH,A,1,CHEMBL1687937,Scientific Literature,microsome,CCC(CC)(NC(=O)c1c(C)nn2c1N[C@@H](c1ccccc1)CC2(C)C)c1ccc(OC)c(Cl)c1.Cl
CHEMBL1689058,CCC(CC)(NC(=O)c1c(C)nn2c1N[C@@H](c1ccccc1)CC2(C)C)c1ccc(OC)c(F)c1.Cl,82.0,microL/min/mg,Stability,=,Metabolic stability in human liver microsome after 20 mins by HPLC in presence of NADPH,A,1,CHEMBL1687937,Scientific Literature,microsome,CCC(CC)(NC(=O)c1c(C)nn2c1N[C@@H](c1ccccc1)CC2(C)C)c1ccc(OC)c(F)c1.Cl
CHEMBL1689053,CCOc1ccc(C(CC)(CC)NC(=O)c2c(C)nn3c2N[C@@H](c2ccccc2)CC3(C)C)cc1.Cl,84.0,microL/min/mg,Stability,=,Metabolic stability in human liver microsome after 20 mins by HPLC in presence of NADPH,A,1,CHEMBL1687937,Scientific Literature,microsome,CCOc1ccc(C(CC)(CC)NC(=O)c2c(C)nn3c2N[C@@H](c2ccccc2)CC3(C)C)cc1.Cl
CHEMBL1689046,CCC(CC)(NC(=O)c1c(SC)nn2c1NC(c1ccccc1)CC2(C)C)c1ccc(C)cc1.Cl,89.0,microL/min/mg,Stability,=,Metabolic stability in human liver microsome after 20 mins by HPLC in presence of NADPH,A,1,CHEMBL1687937,Scientific Literature,microsome,CCC(CC)(NC(=O)c1c(SC)nn2c1NC(c1ccccc1)CC2(C)C)c1ccc(C)cc1.Cl
CHEMBL1689050,CCc1ccc(C(CC)(CC)NC(=O)c2c(C)nn3c2N[C@@H](c2ccccc2)CC3(C)C)cc1.Cl,90.0,microL/min/mg,Stability,=,Metabolic stability in human liver microsome after 20 mins by HPLC in presence of NADPH,A,1,CHEMBL1687937,Scientific Literature,microsome,CCc1ccc(C(CC)(CC)NC(=O)c2c(C)nn3c2N[C@@H](c2ccccc2)CC3(C)C)cc1.Cl
CHEMBL1689052,CCC(CC)(NC(=O)c1c(C)nn2c1N[C@@H](c1ccccc1)CC2(C)C)c1ccc(OC)cc1.Cl,90.0,microL/min/mg,Stability,=,Metabolic stability in human liver microsome after 20 mins by HPLC in presence of NADPH,A,1,CHEMBL1687937,Scientific Literature,microsome,CCC(CC)(NC(=O)c1c(C)nn2c1N[C@@H](c1ccccc1)CC2(C)C)c1ccc(OC)cc1.Cl
CHEMBL1689055,CCC(CC)(NC(=O)c1c(C)nn2c1N[C@@H](c1ccccc1)CC2(C)C)c1ccc(OCc2ccccc2)cc1.Cl,90.0,microL/min/mg,Stability,=,Metabolic stability in human liver microsome after 20 mins by HPLC in presence of NADPH,A,1,CHEMBL1687937,Scientific Literature,microsome,CCC(CC)(NC(=O)c1c(C)nn2c1N[C@@H](c1ccccc1)CC2(C)C)c1ccc(OCc2ccccc2)cc1.Cl
CHEMBL1689051,CCC(CC)(NC(=O)c1c(C)nn2c1N[C@@H](c1ccccc1)CC2(C)C)c1ccc(C(C)C)cc1.Cl,96.0,microL/min/mg,Stability,=,Metabolic stability in human liver microsome after 20 mins by HPLC in presence of NADPH,A,1,CHEMBL1687937,Scientific Literature,microsome,CCC(CC)(NC(=O)c1c(C)nn2c1N[C@@H](c1ccccc1)CC2(C)C)c1ccc(C(C)C)cc1.Cl
CHEMBL1688099,CCC(CC)(NC(=O)c1cnn2c1N[C@@H](c1ccccc1)CC2(C)C)c1ccc(C)cc1.Cl,99.0,microL/min/mg,Stability,=,Metabolic stability in human liver microsome after 20 mins by HPLC in presence of NADPH,A,1,CHEMBL1687937,Scientific Literature,microsome,CCC(CC)(NC(=O)c1cnn2c1N[C@@H](c1ccccc1)CC2(C)C)c1ccc(C)cc1.Cl
CHEMBL1689054,CCC(CC)(NC(=O)c1c(C)nn2c1N[C@@H](c1ccccc1)CC2(C)C)c1ccc(OC)c(OC)c1.Cl,105.0,microL/min/mg,Stability,=,Metabolic stability in human liver microsome after 20 mins by HPLC in presence of NADPH,A,1,CHEMBL1687937,Scientific Literature,microsome,CCC(CC)(NC(=O)c1c(C)nn2c1N[C@@H](c1ccccc1)CC2(C)C)c1ccc(OC)c(OC)c1.Cl
CHEMBL1689040,CCC(CC)(NC(=O)c1c(C)nn2c1NC(c1ccccc1)CC2(C)C)c1ccc(C)cc1.Cl,118.0,microL/min/mg,Stability,=,Metabolic stability in human liver microsome after 20 mins by HPLC in presence of NADPH,A,1,CHEMBL1687937,Scientific Literature,microsome,CCC(CC)(NC(=O)c1c(C)nn2c1NC(c1ccccc1)CC2(C)C)c1ccc(C)cc1.Cl
CHEMBL1689047,CCC(CC)(NC(=O)c1c(C)nn2c1N[C@@H](c1ccccc1)CC2(C)C)c1ccc(C)cc1.Cl,124.0,microL/min/mg,Stability,=,Metabolic stability in human liver microsome after 20 mins by HPLC in presence of NADPH,A,1,CHEMBL1687937,Scientific Literature,microsome,CCC(CC)(NC(=O)c1c(C)nn2c1N[C@@H](c1ccccc1)CC2(C)C)c1ccc(C)cc1.Cl
CHEMBL1689043,CCCCc1nn2c(c1C(=O)NC(CC)(CC)c1ccc(C)cc1)NC(c1ccccc1)CC2(C)C.Cl,140.0,microL/min/mg,Stability,=,Metabolic stability in human liver microsome after 20 mins by HPLC in presence of NADPH,A,1,CHEMBL1687937,Scientific Literature,microsome,CCCCc1nn2c(c1C(=O)NC(CC)(CC)c1ccc(C)cc1)NC(c1ccccc1)CC2(C)C.Cl
CHEMBL1689041,CCc1nn2c(c1C(=O)NC(CC)(CC)c1ccc(C)cc1)NC(c1ccccc1)CC2(C)C.Cl,153.0,microL/min/mg,Stability,=,Metabolic stability in human liver microsome after 20 mins by HPLC in presence of NADPH,A,1,CHEMBL1687937,Scientific Literature,microsome,CCc1nn2c(c1C(=O)NC(CC)(CC)c1ccc(C)cc1)NC(c1ccccc1)CC2(C)C.Cl
CHEMBL1687956,CCC(CC)(NC(=O)c1c(C)nn2c1N[C@@H](c1ccccc1)CC2(C)C)c1ccc(Cl)c(OC)c1.Cl,153.0,microL/min/mg,Stability,=,Metabolic stability in human liver microsome after 20 mins by HPLC in presence of NADPH,A,1,CHEMBL1687937,Scientific Literature,microsome,CCC(CC)(NC(=O)c1c(C)nn2c1N[C@@H](c1ccccc1)CC2(C)C)c1ccc(Cl)c(OC)c1.Cl
CHEMBL1689042,CCCc1nn2c(c1C(=O)NC(CC)(CC)c1ccc(C)cc1)NC(c1ccccc1)CC2(C)C.Cl,157.0,microL/min/mg,Stability,=,Metabolic stability in human liver microsome after 20 mins by HPLC in presence of NADPH,A,1,CHEMBL1687937,Scientific Literature,microsome,CCCc1nn2c(c1C(=O)NC(CC)(CC)c1ccc(C)cc1)NC(c1ccccc1)CC2(C)C.Cl
CHEMBL1689056,CCC(CC)(NC(=O)c1c(C)nn2c1N[C@@H](c1ccccc1)CC2(C)C)c1ccc(F)c(OC)c1.Cl,170.0,microL/min/mg,Stability,=,Metabolic stability in human liver microsome after 20 mins by HPLC in presence of NADPH,A,1,CHEMBL1687937,Scientific Literature,microsome,CCC(CC)(NC(=O)c1c(C)nn2c1N[C@@H](c1ccccc1)CC2(C)C)c1ccc(F)c(OC)c1.Cl
CHEMBL1689049,CCC(CC)(NC(=O)c1c(C)nn2c1N[C@@H](c1ccccc1)CC2(C)C)c1ccccc1.Cl,183.0,microL/min/mg,Stability,=,Metabolic stability in human liver microsome after 20 mins by HPLC in presence of NADPH,A,1,CHEMBL1687937,Scientific Literature,microsome,CCC(CC)(NC(=O)c1c(C)nn2c1N[C@@H](c1ccccc1)CC2(C)C)c1ccccc1.Cl
CHEMBL227713,O=C(C[C@@H](NS(=O)(=O)c1cccc(C(F)(F)F)c1)c1ccc(F)cc1)N[C@@H]1CCOc2cc(CN3CCCCC3)ccc21,330.0,microL/min/mg,Stability,=,Metabolic stability in human liver microsomes assessed as compound degradation,A,1,CHEMBL1777801,Scientific Literature,microsome,O=C(C[C@@H](NS(=O)(=O)c1cccc(C(F)(F)F)c1)c1ccc(F)cc1)N[C@@H]1CCOc2cc(CN3CCCCC3)ccc21
CHEMBL381366,CC(C)(C)NCc1ccc2c(c1)CCC[C@H]2NC(=O)C[C@@H]1CCCCN1S(=O)(=O)c1cccc(C(F)(F)F)c1,900.0,microL/min/mg,Stability,=,Metabolic stability in human liver microsomes assessed as compound degradation,A,1,CHEMBL1777801,Scientific Literature,microsome,CC(C)(C)NCc1ccc2c(c1)CCC[C@H]2NC(=O)C[C@@H]1CCCCN1S(=O)(=O)c1cccc(C(F)(F)F)c1
CHEMBL504531,O=C(C[C@@H]1C(=O)Nc2ccccc2N1S(=O)(=O)c1ccc(Cl)c(Cl)c1)N[C@@H]1CCCc2cc(CN3CCCCC3)ccc21,417.0,microL/min/mg,Stability,=,Metabolic stability in human liver microsomes assessed as compound degradation,A,1,CHEMBL1777801,Scientific Literature,microsome,O=C(C[C@@H]1C(=O)Nc2ccccc2N1S(=O)(=O)c1ccc(Cl)c(Cl)c1)N[C@@H]1CCCc2cc(CN3CCCCC3)ccc21
CHEMBL1777879,O=C(CC1C(=O)NCCN1S(=O)(=O)c1ccc(Cl)c(Cl)c1)N[C@@H]1CCCc2cc(CN3CCCCC3)ccc21,369.0,microL/min/mg,Stability,=,Metabolic stability in human liver microsomes assessed as compound degradation,A,1,CHEMBL1777801,Scientific Literature,microsome,O=C(CC1C(=O)NCCN1S(=O)(=O)c1ccc(Cl)c(Cl)c1)N[C@@H]1CCCc2cc(CN3CCCCC3)ccc21
CHEMBL1777882,O=C(CC1C(=O)NCCN1S(=O)(=O)c1ccccc1Cl)N[C@@H]1CCCc2cc(CN3CCCCC3)ccc21,104.0,microL/min/mg,Stability,=,Metabolic stability in human liver microsomes assessed as compound degradation,A,1,CHEMBL1777801,Scientific Literature,microsome,O=C(CC1C(=O)NCCN1S(=O)(=O)c1ccccc1Cl)N[C@@H]1CCCc2cc(CN3CCCCC3)ccc21
CHEMBL1777883,O=C(CC1C(=O)NCCN1S(=O)(=O)c1ccc(Cl)cc1)N[C@@H]1CCCc2cc(CN3CCCCC3)ccc21,137.0,microL/min/mg,Stability,=,Metabolic stability in human liver microsomes assessed as compound degradation,A,1,CHEMBL1777801,Scientific Literature,microsome,O=C(CC1C(=O)NCCN1S(=O)(=O)c1ccc(Cl)cc1)N[C@@H]1CCCc2cc(CN3CCCCC3)ccc21
CHEMBL1777884,O=C(CC1C(=O)NCCN1S(=O)(=O)c1ccc(Cl)cc1Cl)N[C@@H]1CCCc2cc(CN3CCCCC3)ccc21,198.0,microL/min/mg,Stability,=,Metabolic stability in human liver microsomes assessed as compound degradation,A,1,CHEMBL1777801,Scientific Literature,microsome,O=C(CC1C(=O)NCCN1S(=O)(=O)c1ccc(Cl)cc1Cl)N[C@@H]1CCCc2cc(CN3CCCCC3)ccc21
CHEMBL1777885,Cc1ccc(S(=O)(=O)N2CCNC(=O)C2CC(=O)N[C@@H]2CCCc3cc(CN4CCCCC4)ccc32)cc1,176.0,microL/min/mg,Stability,=,Metabolic stability in human liver microsomes assessed as compound degradation,A,1,CHEMBL1777801,Scientific Literature,microsome,Cc1ccc(S(=O)(=O)N2CCNC(=O)C2CC(=O)N[C@@H]2CCCc3cc(CN4CCCCC4)ccc32)cc1
CHEMBL1777887,O=C(CC1C(=O)NCCN1S(=O)(=O)c1ccc(C(F)(F)F)cc1)N[C@@H]1CCCc2cc(CN3CCCCC3)ccc21,215.0,microL/min/mg,Stability,=,Metabolic stability in human liver microsomes assessed as compound degradation,A,1,CHEMBL1777801,Scientific Literature,microsome,O=C(CC1C(=O)NCCN1S(=O)(=O)c1ccc(C(F)(F)F)cc1)N[C@@H]1CCCc2cc(CN3CCCCC3)ccc21
CHEMBL1777954,O=C(CC1C(=O)NCCN1S(=O)(=O)c1cccc(C(F)(F)F)c1)N[C@@H]1CCCc2cc(CN3CCCCC3)ccc21,193.0,microL/min/mg,Stability,=,Metabolic stability in human liver microsomes assessed as compound degradation,A,1,CHEMBL1777801,Scientific Literature,microsome,O=C(CC1C(=O)NCCN1S(=O)(=O)c1cccc(C(F)(F)F)c1)N[C@@H]1CCCc2cc(CN3CCCCC3)ccc21
CHEMBL1777955,Cc1ccc(S(=O)(=O)N2CCNC(=O)C2CC(=O)N[C@@H]2CCCc3cc(CN4CCCCC4)ccc32)cc1C(F)(F)F,722.0,microL/min/mg,Stability,=,Metabolic stability in human liver microsomes assessed as compound degradation,A,1,CHEMBL1777801,Scientific Literature,microsome,Cc1ccc(S(=O)(=O)N2CCNC(=O)C2CC(=O)N[C@@H]2CCCc3cc(CN4CCCCC4)ccc32)cc1C(F)(F)F
CHEMBL1777956,O=C(CC1C(=O)NCCN1S(=O)(=O)c1sc(Cl)cc1Br)N[C@@H]1CCCc2cc(CN3CCCCC3)ccc21,415.0,microL/min/mg,Stability,=,Metabolic stability in human liver microsomes assessed as compound degradation,A,1,CHEMBL1777801,Scientific Literature,microsome,O=C(CC1C(=O)NCCN1S(=O)(=O)c1sc(Cl)cc1Br)N[C@@H]1CCCc2cc(CN3CCCCC3)ccc21
CHEMBL1777957,O=C(CC1C(=O)NCCN1S(=O)(=O)c1cc2cc(Cl)ccc2s1)N[C@@H]1CCCc2cc(CN3CCCCC3)ccc21,326.0,microL/min/mg,Stability,=,Metabolic stability in human liver microsomes assessed as compound degradation,A,1,CHEMBL1777801,Scientific Literature,microsome,O=C(CC1C(=O)NCCN1S(=O)(=O)c1cc2cc(Cl)ccc2s1)N[C@@H]1CCCc2cc(CN3CCCCC3)ccc21
CHEMBL1777967,O=C(C[C@@H]1C(=O)NCCN1S(=O)(=O)c1ccc(Cl)cc1)N[C@@H]1CCCc2cc(CN3CCCCC3)ccc21,124.0,microL/min/mg,Stability,=,Metabolic stability in human liver microsomes assessed as compound degradation,A,1,CHEMBL1777801,Scientific Literature,microsome,O=C(C[C@@H]1C(=O)NCCN1S(=O)(=O)c1ccc(Cl)cc1)N[C@@H]1CCCc2cc(CN3CCCCC3)ccc21
CHEMBL1777970,Cc1ccc(S(=O)(=O)N2CCNC(=O)[C@H]2CC(=O)N[C@@H]2CCCc3cc(CN4CCCC(C)(C)C4)ccc32)cc1,371.0,microL/min/mg,Stability,=,Metabolic stability in human liver microsomes assessed as compound degradation,A,1,CHEMBL1777801,Scientific Literature,microsome,Cc1ccc(S(=O)(=O)N2CCNC(=O)[C@H]2CC(=O)N[C@@H]2CCCc3cc(CN4CCCC(C)(C)C4)ccc32)cc1
CHEMBL1777977,Cc1ccc(S(=O)(=O)N2CCNC(=O)[C@H]2CC(=O)N[C@@H]2CCCc3cc(CNCC4CC4)ccc32)cc1,113.0,microL/min/mg,Stability,=,Metabolic stability in human liver microsomes assessed as compound degradation,A,1,CHEMBL1777801,Scientific Literature,microsome,Cc1ccc(S(=O)(=O)N2CCNC(=O)[C@H]2CC(=O)N[C@@H]2CCCc3cc(CNCC4CC4)ccc32)cc1
CHEMBL1777979,Cc1ccc(S(=O)(=O)N2CCNC(=O)[C@H]2CC(=O)N[C@@H]2CCCc3cc(CNCC(C)(C)C)ccc32)cc1,113.0,microL/min/mg,Stability,=,Metabolic stability in human liver microsomes assessed as compound degradation,A,1,CHEMBL1777801,Scientific Literature,microsome,Cc1ccc(S(=O)(=O)N2CCNC(=O)[C@H]2CC(=O)N[C@@H]2CCCc3cc(CNCC(C)(C)C)ccc32)cc1
CHEMBL3142227,Cc1ccc(-c2c(CN)c(CC(C)C)nc3ccc(N4CC(=O)NCC4=O)cc23)cc1.Cl.Cl,16.0,microL/min/mg,Stability,=,Metabolic stability in human liver microsomes at 1 uM after 60 mins by HPLC with UV detectors in presence of NADPH,A,1,CHEMBL1806361,Scientific Literature,microsome,Cc1ccc(-c2c(CN)c(CC(C)C)nc3ccc(N4CC(=O)NCC4=O)cc23)cc1.Cl.Cl
CHEMBL1836647,O=c1ccc2c([C@@H](O)CNCCCCCCCCCN3CCC(Oc4nn(-c5c(O)cccc5F)c5c4CCCC5)CC3)ccc(O)c2[nH]1,25.0,uL/min.mg,Stability,=,Metabolic stability in human liver microsomes,A,1,CHEMBL1833828,Scientific Literature,microsome,O=c1ccc2c([C@@H](O)CNCCCCCCCCCN3CCC(Oc4nn(-c5c(O)cccc5F)c5c4CCCC5)CC3)ccc(O)c2[nH]1
CHEMBL1834544,C[C@]12C=CC(=O)C=C1[C@@H](F)C[C@H]1[C@@H]3C[C@H]4O[C@@H](c5ccc(CSc6ccc(O)c(Cl)c6)cc5)O[C@@]4(C(=O)CO)[C@@]3(C)C[C@H](O)[C@@]12F,100.0,microL/min/mg,Stability,=,Metabolic stability in human liver microsomes assessed as phase 2 glucuronidation in presence of UDPGA,A,1,CHEMBL1833833,Scientific Literature,microsome,C[C@]12C=CC(=O)C=C1[C@@H](F)C[C@H]1[C@@H]3C[C@H]4O[C@@H](c5ccc(CSc6ccc(O)c(Cl)c6)cc5)O[C@@]4(C(=O)CO)[C@@]3(C)C[C@H](O)[C@@]12F
CHEMBL1911640,COc1ccc2c(c1)[C@H](C)N(C(=O)c1ccc(Cl)cc1)[C@H](C)CO2,98.0,microL/min/mg,Stability,=,Metabolic stability in human liver microsomes measured after 15 to 30 mins by LC-MS/MS analysis,A,1,CHEMBL1909552,Scientific Literature,microsome,COc1ccc2c(c1)[C@H](C)N(C(=O)c1ccc(Cl)cc1)[C@H](C)CO2
CHEMBL1911641,C[C@@H]1COc2ccccc2[C@H](C)N1C(=O)c1ccc(Cl)cc1,8.0,microL/min/mg,Stability,=,Metabolic stability in human liver microsomes measured after 15 to 30 mins by LC-MS/MS analysis,A,1,CHEMBL1909552,Scientific Literature,microsome,C[C@@H]1COc2ccccc2[C@H](C)N1C(=O)c1ccc(Cl)cc1
CHEMBL1911642,Cc1ccc2c(c1)[C@H](C)N(C(=O)c1ccc(Cl)cc1)[C@H](C)CO2,115.0,microL/min/mg,Stability,=,Metabolic stability in human liver microsomes measured after 15 to 30 mins by LC-MS/MS analysis,A,1,CHEMBL1909552,Scientific Literature,microsome,Cc1ccc2c(c1)[C@H](C)N(C(=O)c1ccc(Cl)cc1)[C@H](C)CO2
CHEMBL1911643,CCc1ccc2c(c1)[C@H](C)N(C(=O)c1ccc(Cl)cc1)[C@H](C)CO2,146.0,microL/min/mg,Stability,=,Metabolic stability in human liver microsomes measured after 15 to 30 mins by LC-MS/MS analysis,A,1,CHEMBL1909552,Scientific Literature,microsome,CCc1ccc2c(c1)[C@H](C)N(C(=O)c1ccc(Cl)cc1)[C@H](C)CO2
CHEMBL1911742,CSc1ccc2c(c1)[C@H](C)N(C(=O)c1ccc(Cl)cc1)[C@H](C)CO2,146.0,microL/min/mg,Stability,=,Metabolic stability in human liver microsomes measured after 15 to 30 mins by LC-MS/MS analysis,A,1,CHEMBL1909552,Scientific Literature,microsome,CSc1ccc2c(c1)[C@H](C)N(C(=O)c1ccc(Cl)cc1)[C@H](C)CO2
CHEMBL1911745,C[C@@H]1COc2ccc(F)cc2[C@H](C)N1C(=O)c1ccc(Cl)cc1,15.0,microL/min/mg,Stability,=,Metabolic stability in human liver microsomes measured after 15 to 30 mins by LC-MS/MS analysis,A,1,CHEMBL1909552,Scientific Literature,microsome,C[C@@H]1COc2ccc(F)cc2[C@H](C)N1C(=O)c1ccc(Cl)cc1
CHEMBL1911748,C[C@@H]1COc2ccc(C(F)(F)F)cc2[C@H](C)N1C(=O)c1ccc(Cl)cc1,30.0,microL/min/mg,Stability,=,Metabolic stability in human liver microsomes measured after 15 to 30 mins by LC-MS/MS analysis,A,1,CHEMBL1909552,Scientific Literature,microsome,C[C@@H]1COc2ccc(C(F)(F)F)cc2[C@H](C)N1C(=O)c1ccc(Cl)cc1
CHEMBL1911749,C[C@@H]1COc2ccc(OC(F)(F)F)cc2[C@H](C)N1C(=O)c1ccc(Cl)cc1,7.0,microL/min/mg,Stability,=,Metabolic stability in human liver microsomes measured after 15 to 30 mins by LC-MS/MS analysis,A,1,CHEMBL1909552,Scientific Literature,microsome,C[C@@H]1COc2ccc(OC(F)(F)F)cc2[C@H](C)N1C(=O)c1ccc(Cl)cc1
CHEMBL1911936,O=S(=O)(c1ccccc1)N1CCOC12CCN(c1cnc3ccccc3n1)CC2,100.0,ml/min/mg,Stability,=,Metabolic stability in human liver microsomes at 1 uM after 20 mins by LC/PDA in presence of NADPH,A,1,CHEMBL1909547,Scientific Literature,microsome,O=S(=O)(c1ccccc1)N1CCOC12CCN(c1cnc3ccccc3n1)CC2
CHEMBL1911937,O=C(Nc1ccccc1)N1CCC2(CC1)OCCN2S(=O)(=O)c1ccccc1,43.0,ml/min/mg,Stability,=,Metabolic stability in human liver microsomes at 1 uM after 20 mins by LC/PDA in presence of NADPH,A,1,CHEMBL1909547,Scientific Literature,microsome,O=C(Nc1ccccc1)N1CCC2(CC1)OCCN2S(=O)(=O)c1ccccc1
CHEMBL2092734,O=C(Nc1ccccc1)N1CCC2(OCCN2S(=O)(=O)c2ccccc2)[C@H](F)C1,34.0,ml/min/mg,Stability,=,Metabolic stability in human liver microsomes at 1 uM after 20 mins by LC/PDA in presence of NADPH,A,1,CHEMBL1909547,Scientific Literature,microsome,O=C(Nc1ccccc1)N1CCC2(OCCN2S(=O)(=O)c2ccccc2)[C@H](F)C1
CHEMBL2092888,O=C(Nc1ccccc1)N1CCC2(OCCN2S(=O)(=O)c2ccccc2)[C@@H](F)C1,2.0,ml/min/mg,Stability,=,Metabolic stability in human liver microsomes at 1 uM after 20 mins by LC/PDA in presence of NADPH,A,1,CHEMBL1909547,Scientific Literature,microsome,O=C(Nc1ccccc1)N1CCC2(OCCN2S(=O)(=O)c2ccccc2)[C@@H](F)C1
CHEMBL1911939,O=C(Nc1ccccc1)N1CCC2(OCCN2S(=O)(=O)c2ccccc2)C(F)(F)C1,84.0,ml/min/mg,Stability,=,Metabolic stability in human liver microsomes at 1 uM after 20 mins by LC/PDA in presence of NADPH,A,1,CHEMBL1909547,Scientific Literature,microsome,O=C(Nc1ccccc1)N1CCC2(OCCN2S(=O)(=O)c2ccccc2)C(F)(F)C1
CHEMBL1911940,COc1cccc(S(=O)(=O)N2CCOC23CCN(C(=O)Nc2ccccc2)CC3F)c1,64.0,ml/min/mg,Stability,=,Metabolic stability in human liver microsomes at 1 uM after 20 mins by LC/PDA in presence of NADPH,A,1,CHEMBL1909547,Scientific Literature,microsome,COc1cccc(S(=O)(=O)N2CCOC23CCN(C(=O)Nc2ccccc2)CC3F)c1
CHEMBL1911941,COc1ccc(S(=O)(=O)N2CCOC23CCN(C(=O)Nc2ccccc2)CC3F)cc1,4.0,ml/min/mg,Stability,=,Metabolic stability in human liver microsomes at 1 uM after 20 mins by LC/PDA in presence of NADPH,A,1,CHEMBL1909547,Scientific Literature,microsome,COc1ccc(S(=O)(=O)N2CCOC23CCN(C(=O)Nc2ccccc2)CC3F)cc1
CHEMBL1917850,COc1ccc(-n2nnnc2C(F)(F)F)cc1CN[C@H]1CCN(S(C)(=O)=O)C[C@H]1c1ccccc1,144.0,microL/min/mg,Stability,=,Metabolic stability in human liver microsomes at 1 uM,A,1,CHEMBL1914286,Scientific Literature,microsome,COc1ccc(-n2nnnc2C(F)(F)F)cc1CN[C@H]1CCN(S(C)(=O)=O)C[C@H]1c1ccccc1
CHEMBL1917851,COC(=O)N1CC[C@H](NCc2cc(-n3nnnc3C(F)(F)F)ccc2OC)[C@H](c2ccccc2)C1,199.0,microL/min/mg,Stability,=,Metabolic stability in human liver microsomes at 1 uM,A,1,CHEMBL1914286,Scientific Literature,microsome,COC(=O)N1CC[C@H](NCc2cc(-n3nnnc3C(F)(F)F)ccc2OC)[C@H](c2ccccc2)C1
CHEMBL1917852,COc1ccc(-n2nnnc2C(F)(F)F)cc1CN[C@H]1CCN(C(C)=O)C[C@H]1c1ccccc1.Cl,111.0,microL/min/mg,Stability,=,Metabolic stability in human liver microsomes at 1 uM,A,1,CHEMBL1914286,Scientific Literature,microsome,COc1ccc(-n2nnnc2C(F)(F)F)cc1CN[C@H]1CCN(C(C)=O)C[C@H]1c1ccccc1.Cl
CHEMBL1917853,CCNC(=O)N1CC[C@H](NCc2cc(-n3nnnc3C(F)(F)F)ccc2OC)[C@H](c2ccccc2)C1.Cl,159.0,microL/min/mg,Stability,=,Metabolic stability in human liver microsomes at 1 uM,A,1,CHEMBL1914286,Scientific Literature,microsome,CCNC(=O)N1CC[C@H](NCc2cc(-n3nnnc3C(F)(F)F)ccc2OC)[C@H](c2ccccc2)C1.Cl
CHEMBL1917855,CCNC(=O)N1CC[C@H](NCc2cc(-n3nnnc3C(F)(F)F)ccc2OCC)[C@H](c2ccccc2)C1.Cl,218.0,microL/min/mg,Stability,=,Metabolic stability in human liver microsomes at 1 uM,A,1,CHEMBL1914286,Scientific Literature,microsome,CCNC(=O)N1CC[C@H](NCc2cc(-n3nnnc3C(F)(F)F)ccc2OCC)[C@H](c2ccccc2)C1.Cl
CHEMBL1917856,CCNC(=O)N1CC[C@H](NCc2cc(-n3nnnc3C(F)(F)F)ccc2OC2CC2)[C@H](c2ccccc2)C1.Cl,217.0,microL/min/mg,Stability,=,Metabolic stability in human liver microsomes at 1 uM,A,1,CHEMBL1914286,Scientific Literature,microsome,CCNC(=O)N1CC[C@H](NCc2cc(-n3nnnc3C(F)(F)F)ccc2OC2CC2)[C@H](c2ccccc2)C1.Cl
CHEMBL1917857,CCNC(=O)N1CC[C@H](NCc2cc(-n3nnnc3C(F)(F)F)cc3c2OCC3)[C@H](c2ccccc2)C1,160.0,microL/min/mg,Stability,=,Metabolic stability in human liver microsomes at 1 uM,A,1,CHEMBL1914286,Scientific Literature,microsome,CCNC(=O)N1CC[C@H](NCc2cc(-n3nnnc3C(F)(F)F)cc3c2OCC3)[C@H](c2ccccc2)C1
CHEMBL1917858,COc1ccc(-n2nnnc2C(F)(F)F)cc1CN[C@H]1CCN(C(=O)NC(C)C)C[C@H]1c1ccccc1.Cl,167.0,microL/min/mg,Stability,=,Metabolic stability in human liver microsomes at 1 uM,A,1,CHEMBL1914286,Scientific Literature,microsome,COc1ccc(-n2nnnc2C(F)(F)F)cc1CN[C@H]1CCN(C(=O)NC(C)C)C[C@H]1c1ccccc1.Cl
CHEMBL1917859,COc1ccc(-n2nnnc2C(F)(F)F)cc1CN[C@H]1CCN(C(=O)NC2CC2)C[C@H]1c1ccccc1.Cl,107.0,microL/min/mg,Stability,=,Metabolic stability in human liver microsomes at 1 uM,A,1,CHEMBL1914286,Scientific Literature,microsome,COc1ccc(-n2nnnc2C(F)(F)F)cc1CN[C@H]1CCN(C(=O)NC2CC2)C[C@H]1c1ccccc1.Cl
CHEMBL1917860,COc1ccc(-n2nnnc2C(F)(F)F)cc1CN[C@H]1CCN(C(=O)NCC(F)(F)F)C[C@H]1c1ccccc1.Cl,155.0,microL/min/mg,Stability,=,Metabolic stability in human liver microsomes at 1 uM,A,1,CHEMBL1914286,Scientific Literature,microsome,COc1ccc(-n2nnnc2C(F)(F)F)cc1CN[C@H]1CCN(C(=O)NCC(F)(F)F)C[C@H]1c1ccccc1.Cl
CHEMBL1917861,COc1ccc(-n2nnnc2C(F)(F)F)cc1CN[C@H]1CCN(C(=O)N(C)C)C[C@H]1c1ccccc1.Cl,213.0,microL/min/mg,Stability,=,Metabolic stability in human liver microsomes at 1 uM,A,1,CHEMBL1914286,Scientific Literature,microsome,COc1ccc(-n2nnnc2C(F)(F)F)cc1CN[C@H]1CCN(C(=O)N(C)C)C[C@H]1c1ccccc1.Cl
CHEMBL1917862,COc1ccc(-n2nnnc2C(F)(F)F)cc1CN[C@H]1CCN(C(=O)C2CN(C(C)=O)C2)C[C@H]1c1ccccc1.Cl,27.0,microL/min/mg,Stability,=,Metabolic stability in human liver microsomes at 1 uM,A,1,CHEMBL1914286,Scientific Literature,microsome,COc1ccc(-n2nnnc2C(F)(F)F)cc1CN[C@H]1CCN(C(=O)C2CN(C(C)=O)C2)C[C@H]1c1ccccc1.Cl
CHEMBL1917863,COc1ccc(-n2nnnc2C(F)(F)F)cc1CN[C@H]1CCN(C(=O)C2CCN(C(C)=O)CC2)C[C@H]1c1ccccc1.Cl,76.0,microL/min/mg,Stability,=,Metabolic stability in human liver microsomes at 1 uM,A,1,CHEMBL1914286,Scientific Literature,microsome,COc1ccc(-n2nnnc2C(F)(F)F)cc1CN[C@H]1CCN(C(=O)C2CCN(C(C)=O)CC2)C[C@H]1c1ccccc1.Cl
CHEMBL1917864,COc1ccc(-n2nnnc2C(F)(F)F)cc1CN[C@H]1CCN(C(=O)CNC(C)=O)C[C@H]1c1ccccc1,32.0,microL/min/mg,Stability,=,Metabolic stability in human liver microsomes at 1 uM,A,1,CHEMBL1914286,Scientific Literature,microsome,COc1ccc(-n2nnnc2C(F)(F)F)cc1CN[C@H]1CCN(C(=O)CNC(C)=O)C[C@H]1c1ccccc1
CHEMBL1917865,COc1ccc(-n2nnnc2C(F)(F)F)cc1CN[C@H]1CCN(C(=O)CCNC(C)=O)C[C@H]1c1ccccc1.Cl,95.0,microL/min/mg,Stability,=,Metabolic stability in human liver microsomes at 1 uM,A,1,CHEMBL1914286,Scientific Literature,microsome,COc1ccc(-n2nnnc2C(F)(F)F)cc1CN[C@H]1CCN(C(=O)CCNC(C)=O)C[C@H]1c1ccccc1.Cl
CHEMBL1917866,COc1ccc(-n2nnnc2C(F)(F)F)cc1CN[C@H]1CCN(C(=O)CCCNC(C)=O)C[C@H]1c1ccccc1.Cl,146.0,microL/min/mg,Stability,=,Metabolic stability in human liver microsomes at 1 uM,A,1,CHEMBL1914286,Scientific Literature,microsome,COc1ccc(-n2nnnc2C(F)(F)F)cc1CN[C@H]1CCN(C(=O)CCCNC(C)=O)C[C@H]1c1ccccc1.Cl
CHEMBL1917867,COc1ccc(-n2nnnc2C(F)(F)F)cc1CN[C@H]1CCN(C(=O)CN(C)C(C)=O)C[C@H]1c1ccccc1.Cl,73.0,microL/min/mg,Stability,=,Metabolic stability in human liver microsomes at 1 uM,A,1,CHEMBL1914286,Scientific Literature,microsome,COc1ccc(-n2nnnc2C(F)(F)F)cc1CN[C@H]1CCN(C(=O)CN(C)C(C)=O)C[C@H]1c1ccccc1.Cl
CHEMBL1917864,COc1ccc(-n2nnnc2C(F)(F)F)cc1CN[C@H]1CCN(C(=O)CNC(C)=O)C[C@H]1c1ccccc1,8.0,microL/min/mg,Stability,=,Metabolic stability in human liver microsomes at 1 uM,A,1,CHEMBL1914286,Scientific Literature,microsome,COc1ccc(-n2nnnc2C(F)(F)F)cc1CN[C@H]1CCN(C(=O)CNC(C)=O)C[C@H]1c1ccccc1
CHEMBL1917869,COc1ccc(-n2nnnc2C(F)(F)F)cc1CN[C@@H]1CCN(C(=O)CNC(C)=O)C[C@H]1c1ccccc1.Cl,34.0,microL/min/mg,Stability,=,Metabolic stability in human liver microsomes at 1 uM,A,1,CHEMBL1914286,Scientific Literature,microsome,COc1ccc(-n2nnnc2C(F)(F)F)cc1CN[C@@H]1CCN(C(=O)CNC(C)=O)C[C@H]1c1ccccc1.Cl
CHEMBL129198,CN1CCN(C(=O)c2cc3cc(Cl)ccc3[nH]2)CC1,28.0,microL/min/mg,Stability,=,Metabolic stability in human liver microsomes,A,1,CHEMBL1914379,Scientific Literature,microsome,CN1CCN(C(=O)c2cc3cc(Cl)ccc3[nH]2)CC1
CHEMBL1915345,CN1C[C@@H]2CN(C(=O)c3cc4cc(Cl)ccc4[nH]3)C[C@@H]2C1,7.0,microL/min/mg,Stability,=,Metabolic stability in human liver microsomes,A,1,CHEMBL1914379,Scientific Literature,microsome,CN1C[C@@H]2CN(C(=O)c3cc4cc(Cl)ccc4[nH]3)C[C@@H]2C1
CHEMBL1915535,CN1CCN(c2cc(NCCC(C)(C)C)ncn2)CC1,16.0,microL/min/mg,Stability,=,Metabolic stability in human liver microsomes,A,1,CHEMBL1914410,Scientific Literature,microsome,CN1CCN(c2cc(NCCC(C)(C)C)ncn2)CC1
CHEMBL1914475,CC(=O)Nc1cn2cc(/C=C3\SC(=O)NC3=O)ccc2n1,10.0,microL/min/mg,Stability,=,Metabolic stability in human liver microsomes,A,1,CHEMBL1914382,Scientific Literature,microsome,CC(=O)Nc1cn2cc(/C=C3\SC(=O)NC3=O)ccc2n1
CHEMBL1922897,Clc1cc(Nc2ncnc3cc[nH]c23)ccc1Oc1ccccc1,122.0,microL/min/mg,Stability,=,Metabolic stability of the compound in human liver microsomes assessed as compound degraded after 20 mins,A,1,CHEMBL1921673,Scientific Literature,microsome,Clc1cc(Nc2ncnc3cc[nH]c23)ccc1Oc1ccccc1
CHEMBL1922898,Fc1ccccc1Oc1ccc(Nc2ncnc3cc[nH]c23)cc1Cl,87.0,microL/min/mg,Stability,=,Metabolic stability of the compound in human liver microsomes assessed as compound degraded after 20 mins,A,1,CHEMBL1921673,Scientific Literature,microsome,Fc1ccccc1Oc1ccc(Nc2ncnc3cc[nH]c23)cc1Cl
CHEMBL1922899,Fc1cccc(Oc2ccc(Nc3ncnc4cc[nH]c34)cc2Cl)c1,56.0,microL/min/mg,Stability,=,Metabolic stability of the compound in human liver microsomes assessed as compound degraded after 20 mins,A,1,CHEMBL1921673,Scientific Literature,microsome,Fc1cccc(Oc2ccc(Nc3ncnc4cc[nH]c34)cc2Cl)c1
CHEMBL1922900,Clc1ccccc1Oc1ccc(Nc2ncnc3cc[nH]c23)cc1Cl,66.0,microL/min/mg,Stability,=,Metabolic stability of the compound in human liver microsomes assessed as compound degraded after 20 mins,A,1,CHEMBL1921673,Scientific Literature,microsome,Clc1ccccc1Oc1ccc(Nc2ncnc3cc[nH]c23)cc1Cl
CHEMBL1921812,Clc1cccc(Oc2ccc(Nc3ncnc4cc[nH]c34)cc2Cl)c1,20.0,microL/min/mg,Stability,=,Metabolic stability of the compound in human liver microsomes assessed as compound degraded after 20 mins,A,1,CHEMBL1921673,Scientific Literature,microsome,Clc1cccc(Oc2ccc(Nc3ncnc4cc[nH]c34)cc2Cl)c1
CHEMBL1922901,N#Cc1ccccc1Oc1ccc(Nc2ncnc3cc[nH]c23)cc1Cl,97.0,microL/min/mg,Stability,=,Metabolic stability of the compound in human liver microsomes assessed as compound degraded after 20 mins,A,1,CHEMBL1921673,Scientific Literature,microsome,N#Cc1ccccc1Oc1ccc(Nc2ncnc3cc[nH]c23)cc1Cl
CHEMBL1922902,N#Cc1cccc(Oc2ccc(Nc3ncnc4cc[nH]c34)cc2Cl)c1,42.0,microL/min/mg,Stability,=,Metabolic stability of the compound in human liver microsomes assessed as compound degraded after 20 mins,A,1,CHEMBL1921673,Scientific Literature,microsome,N#Cc1cccc(Oc2ccc(Nc3ncnc4cc[nH]c34)cc2Cl)c1
CHEMBL1922905,FC(F)(F)c1cccc(Oc2ccc(Nc3ncnc4cc[nH]c34)cc2Cl)c1,7.0,microL/min/mg,Stability,=,Metabolic stability of the compound in human liver microsomes assessed as compound degraded after 20 mins,A,1,CHEMBL1921673,Scientific Literature,microsome,FC(F)(F)c1cccc(Oc2ccc(Nc3ncnc4cc[nH]c34)cc2Cl)c1
CHEMBL1922906,FC(F)(F)Oc1ccccc1Oc1ccc(Nc2ncnc3cc[nH]c23)cc1Cl,22.0,microL/min/mg,Stability,=,Metabolic stability of the compound in human liver microsomes assessed as compound degraded after 20 mins,A,1,CHEMBL1921673,Scientific Literature,microsome,FC(F)(F)Oc1ccccc1Oc1ccc(Nc2ncnc3cc[nH]c23)cc1Cl
CHEMBL1922998,FC(F)(F)Oc1cccc(Oc2ccc(Nc3ncnc4cc[nH]c34)cc2Cl)c1,15.0,microL/min/mg,Stability,=,Metabolic stability of the compound in human liver microsomes assessed as compound degraded after 20 mins,A,1,CHEMBL1921673,Scientific Literature,microsome,FC(F)(F)Oc1cccc(Oc2ccc(Nc3ncnc4cc[nH]c34)cc2Cl)c1
CHEMBL1922999,Cc1cccc(Oc2ccc(Nc3ncnc4cc[nH]c34)cc2Cl)c1,187.0,microL/min/mg,Stability,=,Metabolic stability of the compound in human liver microsomes assessed as compound degraded after 20 mins,A,1,CHEMBL1921673,Scientific Literature,microsome,Cc1cccc(Oc2ccc(Nc3ncnc4cc[nH]c34)cc2Cl)c1
CHEMBL1921813,COc1cccc(Oc2ccc(Nc3ncnc4cc[nH]c34)cc2Cl)c1,150.0,microL/min/mg,Stability,=,Metabolic stability of the compound in human liver microsomes assessed as compound degraded after 20 mins,A,1,CHEMBL1921673,Scientific Literature,microsome,COc1cccc(Oc2ccc(Nc3ncnc4cc[nH]c34)cc2Cl)c1
CHEMBL1923000,Fc1cccc(COc2ccc(Nc3ncnc4cc[nH]c34)cc2Cl)c1,36.0,microL/min/mg,Stability,=,Metabolic stability of the compound in human liver microsomes assessed as compound degraded after 20 mins,A,1,CHEMBL1921673,Scientific Literature,microsome,Fc1cccc(COc2ccc(Nc3ncnc4cc[nH]c34)cc2Cl)c1
CHEMBL1923001,Clc1cc(Nc2ncnc3cc[nH]c23)ccc1OCc1ccccn1,23.0,microL/min/mg,Stability,=,Metabolic stability of the compound in human liver microsomes assessed as compound degraded after 20 mins,A,1,CHEMBL1921673,Scientific Literature,microsome,Clc1cc(Nc2ncnc3cc[nH]c23)ccc1OCc1ccccn1
CHEMBL1923002,Cc1ccc(Oc2ccc(Nc3ncnc4cc[nH]c34)cc2C)cn1,70.0,microL/min/mg,Stability,=,Metabolic stability of the compound in human liver microsomes assessed as compound degraded after 20 mins,A,1,CHEMBL1921673,Scientific Literature,microsome,Cc1ccc(Oc2ccc(Nc3ncnc4cc[nH]c34)cc2C)cn1
CHEMBL1923003,Cn1ccc2ncnc(Nc3ccc(Oc4cccc(Cl)c4)c(Cl)c3)c21,37.0,microL/min/mg,Stability,=,Metabolic stability of the compound in human liver microsomes assessed as compound degraded after 20 mins,A,1,CHEMBL1921673,Scientific Literature,microsome,Cn1ccc2ncnc(Nc3ccc(Oc4cccc(Cl)c4)c(Cl)c3)c21
CHEMBL1923004,Cn1ccc2ncnc(Nc3ccc(Oc4cccc(C(F)(F)F)c4)c(Cl)c3)c21,14.0,microL/min/mg,Stability,=,Metabolic stability of the compound in human liver microsomes assessed as compound degraded after 20 mins,A,1,CHEMBL1921673,Scientific Literature,microsome,Cn1ccc2ncnc(Nc3ccc(Oc4cccc(C(F)(F)F)c4)c(Cl)c3)c21
CHEMBL1923005,Cn1ccc2ncnc(Nc3ccc(Oc4cccc(OC(F)(F)F)c4)c(Cl)c3)c21,1.0,microL/min/mg,Stability,=,Metabolic stability of the compound in human liver microsomes assessed as compound degraded after 20 mins,A,1,CHEMBL1921673,Scientific Literature,microsome,Cn1ccc2ncnc(Nc3ccc(Oc4cccc(OC(F)(F)F)c4)c(Cl)c3)c21
CHEMBL1923006,OCCn1ccc2ncnc(Nc3ccc(Oc4cccc(Cl)c4)c(Cl)c3)c21,23.0,microL/min/mg,Stability,=,Metabolic stability of the compound in human liver microsomes assessed as compound degraded after 20 mins,A,1,CHEMBL1921673,Scientific Literature,microsome,OCCn1ccc2ncnc(Nc3ccc(Oc4cccc(Cl)c4)c(Cl)c3)c21
CHEMBL1923007,OCCn1ccc2ncnc(Nc3ccc(Oc4cccc(C(F)(F)F)c4)c(Cl)c3)c21,35.0,microL/min/mg,Stability,=,Metabolic stability of the compound in human liver microsomes assessed as compound degraded after 20 mins,A,1,CHEMBL1921673,Scientific Literature,microsome,OCCn1ccc2ncnc(Nc3ccc(Oc4cccc(C(F)(F)F)c4)c(Cl)c3)c21
CHEMBL1923008,OCCn1ccc2ncnc(Nc3ccc(Oc4cccc(OC(F)(F)F)c4)c(Cl)c3)c21,16.0,microL/min/mg,Stability,=,Metabolic stability of the compound in human liver microsomes assessed as compound degraded after 20 mins,A,1,CHEMBL1921673,Scientific Literature,microsome,OCCn1ccc2ncnc(Nc3ccc(Oc4cccc(OC(F)(F)F)c4)c(Cl)c3)c21
CHEMBL1923009,OCCOCCn1ccc2ncnc(Nc3ccc(Oc4cccc(Cl)c4)c(Cl)c3)c21,73.0,microL/min/mg,Stability,=,Metabolic stability of the compound in human liver microsomes assessed as compound degraded after 20 mins,A,1,CHEMBL1921673,Scientific Literature,microsome,OCCOCCn1ccc2ncnc(Nc3ccc(Oc4cccc(Cl)c4)c(Cl)c3)c21
CHEMBL1923010,OCCOCCn1ccc2ncnc(Nc3ccc(Oc4cccc(C(F)(F)F)c4)c(Cl)c3)c21,63.0,microL/min/mg,Stability,=,Metabolic stability of the compound in human liver microsomes assessed as compound degraded after 20 mins,A,1,CHEMBL1921673,Scientific Literature,microsome,OCCOCCn1ccc2ncnc(Nc3ccc(Oc4cccc(C(F)(F)F)c4)c(Cl)c3)c21
CHEMBL1923011,OCCOCCn1ccc2ncnc(Nc3ccc(Oc4cccc(OC(F)(F)F)c4)c(Cl)c3)c21,53.0,microL/min/mg,Stability,=,Metabolic stability of the compound in human liver microsomes assessed as compound degraded after 20 mins,A,1,CHEMBL1921673,Scientific Literature,microsome,OCCOCCn1ccc2ncnc(Nc3ccc(Oc4cccc(OC(F)(F)F)c4)c(Cl)c3)c21
CHEMBL1614726,OCCOCCn1ccc2ncnc(Nc3cnc(Oc4cccc(C(F)(F)F)c4)c(Cl)c3)c21,96.0,microL/min/mg,Stability,=,Metabolic stability of the compound in human liver microsomes assessed as compound degraded after 20 mins,A,1,CHEMBL1921673,Scientific Literature,microsome,OCCOCCn1ccc2ncnc(Nc3cnc(Oc4cccc(C(F)(F)F)c4)c(Cl)c3)c21
CHEMBL1923012,OCCCCCn1ccc2ncnc(Nc3ccc(Oc4cccc(C(F)(F)F)c4)c(Cl)c3)c21,34.0,microL/min/mg,Stability,=,Metabolic stability of the compound in human liver microsomes assessed as compound degraded after 20 mins,A,1,CHEMBL1921673,Scientific Literature,microsome,OCCCCCn1ccc2ncnc(Nc3ccc(Oc4cccc(C(F)(F)F)c4)c(Cl)c3)c21
CHEMBL1923013,OCCNCCn1ccc2ncnc(Nc3ccc(Oc4cccc(C(F)(F)F)c4)c(Cl)c3)c21,45.0,microL/min/mg,Stability,=,Metabolic stability of the compound in human liver microsomes assessed as compound degraded after 20 mins,A,1,CHEMBL1921673,Scientific Literature,microsome,OCCNCCn1ccc2ncnc(Nc3ccc(Oc4cccc(C(F)(F)F)c4)c(Cl)c3)c21
CHEMBL1923014,OCCSCCn1ccc2ncnc(Nc3ccc(Oc4cccc(C(F)(F)F)c4)c(Cl)c3)c21,88.0,microL/min/mg,Stability,=,Metabolic stability of the compound in human liver microsomes assessed as compound degraded after 20 mins,A,1,CHEMBL1921673,Scientific Literature,microsome,OCCSCCn1ccc2ncnc(Nc3ccc(Oc4cccc(C(F)(F)F)c4)c(Cl)c3)c21
CHEMBL1923015,[O-][S+](CCO)CCn1ccc2ncnc(Nc3ccc(Oc4cccc(C(F)(F)F)c4)c(Cl)c3)c21,17.0,microL/min/mg,Stability,=,Metabolic stability of the compound in human liver microsomes assessed as compound degraded after 20 mins,A,1,CHEMBL1921673,Scientific Literature,microsome,[O-][S+](CCO)CCn1ccc2ncnc(Nc3ccc(Oc4cccc(C(F)(F)F)c4)c(Cl)c3)c21
CHEMBL1923016,O=S(=O)(CCO)CCn1ccc2ncnc(Nc3ccc(Oc4cccc(C(F)(F)F)c4)c(Cl)c3)c21,17.0,microL/min/mg,Stability,=,Metabolic stability of the compound in human liver microsomes assessed as compound degraded after 20 mins,A,1,CHEMBL1921673,Scientific Literature,microsome,O=S(=O)(CCO)CCn1ccc2ncnc(Nc3ccc(Oc4cccc(C(F)(F)F)c4)c(Cl)c3)c21
CHEMBL1923017,Cc1cc2ncnc(Nc3ccc(Oc4cccc(C(F)(F)F)c4)c(Cl)c3)c2n1CCOCCO,30.0,microL/min/mg,Stability,=,Metabolic stability of the compound in human liver microsomes assessed as compound degraded after 20 mins,A,1,CHEMBL1921673,Scientific Literature,microsome,Cc1cc2ncnc(Nc3ccc(Oc4cccc(C(F)(F)F)c4)c(Cl)c3)c2n1CCOCCO
CHEMBL1923018,N#Cc1cc2ncnc(Nc3ccc(Oc4cccc(C(F)(F)F)c4)c(Cl)c3)c2n1CCOCCO,34.0,microL/min/mg,Stability,=,Metabolic stability of the compound in human liver microsomes assessed as compound degraded after 20 mins,A,1,CHEMBL1921673,Scientific Literature,microsome,N#Cc1cc2ncnc(Nc3ccc(Oc4cccc(C(F)(F)F)c4)c(Cl)c3)c2n1CCOCCO
CHEMBL1923019,O=C(CO)NCCn1ccc2ncnc(Nc3ccc(Oc4cccc(C(F)(F)F)c4)c(Cl)c3)c21,16.0,microL/min/mg,Stability,=,Metabolic stability of the compound in human liver microsomes assessed as compound degraded after 20 mins,A,1,CHEMBL1921673,Scientific Literature,microsome,O=C(CO)NCCn1ccc2ncnc(Nc3ccc(Oc4cccc(C(F)(F)F)c4)c(Cl)c3)c21
CHEMBL1923020,CN(CCn1ccc2ncnc(Nc3ccc(Oc4cccc(C(F)(F)F)c4)c(Cl)c3)c21)C(=O)CO,31.0,microL/min/mg,Stability,=,Metabolic stability of the compound in human liver microsomes assessed as compound degraded after 20 mins,A,1,CHEMBL1921673,Scientific Literature,microsome,CN(CCn1ccc2ncnc(Nc3ccc(Oc4cccc(C(F)(F)F)c4)c(Cl)c3)c21)C(=O)CO
CHEMBL1923021,CC(C)(O)C(=O)NCCn1ccc2ncnc(Nc3ccc(Oc4cccc(C(F)(F)F)c4)c(Cl)c3)c21,18.0,microL/min/mg,Stability,=,Metabolic stability of the compound in human liver microsomes assessed as compound degraded after 20 mins,A,1,CHEMBL1921673,Scientific Literature,microsome,CC(C)(O)C(=O)NCCn1ccc2ncnc(Nc3ccc(Oc4cccc(C(F)(F)F)c4)c(Cl)c3)c21
CHEMBL1923022,CS(=O)(=O)O.O=C(CCO)NCCn1ccc2ncnc(Nc3ccc(Oc4cccc(C(F)(F)F)c4)c(Cl)c3)c21,27.0,microL/min/mg,Stability,=,Metabolic stability of the compound in human liver microsomes assessed as compound degraded after 20 mins,A,1,CHEMBL1921673,Scientific Literature,microsome,CS(=O)(=O)O.O=C(CCO)NCCn1ccc2ncnc(Nc3ccc(Oc4cccc(C(F)(F)F)c4)c(Cl)c3)c21
CHEMBL1614725,CC(C)(O)CC(=O)NCCn1ccc2ncnc(Nc3ccc(Oc4cccc(C(F)(F)F)c4)c(Cl)c3)c21,35.0,microL/min/mg,Stability,=,Metabolic stability of the compound in human liver microsomes assessed as compound degraded after 20 mins,A,1,CHEMBL1921673,Scientific Literature,microsome,CC(C)(O)CC(=O)NCCn1ccc2ncnc(Nc3ccc(Oc4cccc(C(F)(F)F)c4)c(Cl)c3)c21
CHEMBL1938739,CC(C)c1nnc2ccc(Sc3ccccc3CNC(=O)Nc3cc(C(C)(C)C)nn3-c3cccc(O)c3)cn12,385.0,microL/min/mg,Stability,=,Metabolic stability in human liver microsomes,A,1,CHEMBL1938287,Scientific Literature,microsome,CC(C)c1nnc2ccc(Sc3ccccc3CNC(=O)Nc3cc(C(C)(C)C)nn3-c3cccc(O)c3)cn12
CHEMBL1938740,CC(C)c1nnc2ccc(Sc3ccccc3CNC(=O)Nc3cc(C(C)(C)C)nn3-c3ccc(O)cc3)cn12,196.0,microL/min/mg,Stability,=,Metabolic stability in human liver microsomes,A,1,CHEMBL1938287,Scientific Literature,microsome,CC(C)c1nnc2ccc(Sc3ccccc3CNC(=O)Nc3cc(C(C)(C)C)nn3-c3ccc(O)cc3)cn12
CHEMBL1938744,CC(C)c1nnc2ccc(Sc3ccccc3CNC(=O)Nc3cc(C(C)(C)C)nn3-c3ccc(Cl)c(O)c3)cn12,303.0,microL/min/mg,Stability,=,Metabolic stability in human liver microsomes,A,1,CHEMBL1938287,Scientific Literature,microsome,CC(C)c1nnc2ccc(Sc3ccccc3CNC(=O)Nc3cc(C(C)(C)C)nn3-c3ccc(Cl)c(O)c3)cn12
CHEMBL1938745,Cc1ccc(-n2nc(C(C)(C)C)cc2NC(=O)NCc2ccccc2Sc2ccc3nnc(-c4ccccc4O)n3c2)cc1,279.0,microL/min/mg,Stability,=,Metabolic stability in human liver microsomes,A,1,CHEMBL1938287,Scientific Literature,microsome,Cc1ccc(-n2nc(C(C)(C)C)cc2NC(=O)NCc2ccccc2Sc2ccc3nnc(-c4ccccc4O)n3c2)cc1
CHEMBL1938746,Cc1cccc(-n2nc(C(C)(C)C)cc2NC(=O)NCc2ccccc2Sc2ccc3nnc(-c4cccc(Cl)c4O)n3c2)c1,126.0,microL/min/mg,Stability,=,Metabolic stability in human liver microsomes,A,1,CHEMBL1938287,Scientific Literature,microsome,Cc1cccc(-n2nc(C(C)(C)C)cc2NC(=O)NCc2ccccc2Sc2ccc3nnc(-c4cccc(Cl)c4O)n3c2)c1
CHEMBL1938750,Cc1ccc(-n2nc(C(C)(C)C)cc2NC(=O)NCc2ccccc2Sc2ccc3nnc(-c4ccc(O)cc4Cl)n3c2)cc1,132.0,microL/min/mg,Stability,=,Metabolic stability in human liver microsomes,A,1,CHEMBL1938287,Scientific Literature,microsome,Cc1ccc(-n2nc(C(C)(C)C)cc2NC(=O)NCc2ccccc2Sc2ccc3nnc(-c4ccc(O)cc4Cl)n3c2)cc1
CHEMBL1938751,CSc1ccccc1-c1nnc2ccc(Sc3ccccc3CNC(=O)Nc3cc(C(C)(C)C)nn3-c3cccc(O)c3)cn12,304.0,microL/min/mg,Stability,=,Metabolic stability in human liver microsomes,A,1,CHEMBL1938287,Scientific Literature,microsome,CSc1ccccc1-c1nnc2ccc(Sc3ccccc3CNC(=O)Nc3cc(C(C)(C)C)nn3-c3cccc(O)c3)cn12
CHEMBL1938757,CC(C)(C)c1cc(NC(=O)NCc2ccccc2Sc2ccc3nnc(-c4ccccc4OCCO)n3c2)n(-c2ccc(O)c(Cl)c2)n1,202.0,microL/min/mg,Stability,=,Metabolic stability in human liver microsomes,A,1,CHEMBL1938287,Scientific Literature,microsome,CC(C)(C)c1cc(NC(=O)NCc2ccccc2Sc2ccc3nnc(-c4ccccc4OCCO)n3c2)n(-c2ccc(O)c(Cl)c2)n1
CHEMBL1938758,CC(C)(C)c1cc(NC(=O)NCc2ccccc2Sc2ccc3nnc(-c4ccccc4OCCO)n3c2)n(-c2ccc(Cl)c(O)c2)n1,232.0,microL/min/mg,Stability,=,Metabolic stability in human liver microsomes,A,1,CHEMBL1938287,Scientific Literature,microsome,CC(C)(C)c1cc(NC(=O)NCc2ccccc2Sc2ccc3nnc(-c4ccccc4OCCO)n3c2)n(-c2ccc(Cl)c(O)c2)n1
CHEMBL1938737,CSC(C)(C)c1cc(NC(=O)NCc2ccccc2Sc2ccc3nnc(C(C)C)n3c2)n(-c2ccccc2)n1,1.7,microL/min/mg,Stability,=,Metabolic stability in human liver microsomes assessed as phase II glucuronidation in the presence of uridine diphosphate glucuronic acid and absence of NADPH,A,1,CHEMBL1938287,Scientific Literature,microsome,CSC(C)(C)c1cc(NC(=O)NCc2ccccc2Sc2ccc3nnc(C(C)C)n3c2)n(-c2ccccc2)n1
CHEMBL1938741,CSC(C)(C)c1cc(NC(=O)NCc2ccccc2Sc2ccc3nnc(C(C)C)n3c2)n(-c2cccc(O)c2)n1,2.0,microL/min/mg,Stability,=,Metabolic stability in human liver microsomes assessed as phase II glucuronidation in the presence of uridine diphosphate glucuronic acid and absence of NADPH,A,1,CHEMBL1938287,Scientific Literature,microsome,CSC(C)(C)c1cc(NC(=O)NCc2ccccc2Sc2ccc3nnc(C(C)C)n3c2)n(-c2cccc(O)c2)n1
CHEMBL1938743,CC(C)c1nnc2ccc(Sc3ccccc3CNC(=O)Nc3cc(C(C)(C)C)nn3-c3ccc(O)c(Cl)c3)cn12,155.0,microL/min/mg,Stability,=,Metabolic stability in human liver microsomes assessed as phase II glucuronidation in the presence of uridine diphosphate glucuronic acid and absence of NADPH,A,1,CHEMBL1938287,Scientific Literature,microsome,CC(C)c1nnc2ccc(Sc3ccccc3CNC(=O)Nc3cc(C(C)(C)C)nn3-c3ccc(O)c(Cl)c3)cn12
CHEMBL1938744,CC(C)c1nnc2ccc(Sc3ccccc3CNC(=O)Nc3cc(C(C)(C)C)nn3-c3ccc(Cl)c(O)c3)cn12,66.0,microL/min/mg,Stability,=,Metabolic stability in human liver microsomes assessed as phase II glucuronidation in the presence of uridine diphosphate glucuronic acid and absence of NADPH,A,1,CHEMBL1938287,Scientific Literature,microsome,CC(C)c1nnc2ccc(Sc3ccccc3CNC(=O)Nc3cc(C(C)(C)C)nn3-c3ccc(Cl)c(O)c3)cn12
CHEMBL1938746,Cc1cccc(-n2nc(C(C)(C)C)cc2NC(=O)NCc2ccccc2Sc2ccc3nnc(-c4cccc(Cl)c4O)n3c2)c1,41.0,microL/min/mg,Stability,=,Metabolic stability in human liver microsomes assessed as phase II glucuronidation in the presence of uridine diphosphate glucuronic acid and absence of NADPH,A,1,CHEMBL1938287,Scientific Literature,microsome,Cc1cccc(-n2nc(C(C)(C)C)cc2NC(=O)NCc2ccccc2Sc2ccc3nnc(-c4cccc(Cl)c4O)n3c2)c1
CHEMBL1938747,CSCC(C)(C)c1cc(NC(=O)NCc2ccccc2Sc2ccc3nnc(-c4ccccc4O)n3c2)n(-c2ccccc2)n1,27.0,microL/min/mg,Stability,=,Metabolic stability in human liver microsomes assessed as phase II glucuronidation in the presence of uridine diphosphate glucuronic acid and absence of NADPH,A,1,CHEMBL1938287,Scientific Literature,microsome,CSCC(C)(C)c1cc(NC(=O)NCc2ccccc2Sc2ccc3nnc(-c4ccccc4O)n3c2)n(-c2ccccc2)n1
CHEMBL1938749,Cc1ccc(-n2nc(C(C)(C)C)cc2NC(=O)NCc2ccccc2Sc2ccc3nnc(-c4cc(O)ccc4Cl)n3c2)cc1,43.0,microL/min/mg,Stability,=,Metabolic stability in human liver microsomes assessed as phase II glucuronidation in the presence of uridine diphosphate glucuronic acid and absence of NADPH,A,1,CHEMBL1938287,Scientific Literature,microsome,Cc1ccc(-n2nc(C(C)(C)C)cc2NC(=O)NCc2ccccc2Sc2ccc3nnc(-c4cc(O)ccc4Cl)n3c2)cc1
CHEMBL1938751,CSc1ccccc1-c1nnc2ccc(Sc3ccccc3CNC(=O)Nc3cc(C(C)(C)C)nn3-c3cccc(O)c3)cn12,11.0,microL/min/mg,Stability,=,Metabolic stability in human liver microsomes assessed as phase II glucuronidation in the presence of uridine diphosphate glucuronic acid and absence of NADPH,A,1,CHEMBL1938287,Scientific Literature,microsome,CSc1ccccc1-c1nnc2ccc(Sc3ccccc3CNC(=O)Nc3cc(C(C)(C)C)nn3-c3cccc(O)c3)cn12
CHEMBL1938753,CC(C)(C)c1cc(NC(=O)NCc2ccccc2Sc2ccc3nnc(-c4ccccc4O)n3c2)n(-c2cccc(OCCO)c2)n1,8.0,microL/min/mg,Stability,=,Metabolic stability in human liver microsomes assessed as phase II glucuronidation in the presence of uridine diphosphate glucuronic acid and absence of NADPH,A,1,CHEMBL1938287,Scientific Literature,microsome,CC(C)(C)c1cc(NC(=O)NCc2ccccc2Sc2ccc3nnc(-c4ccccc4O)n3c2)n(-c2cccc(OCCO)c2)n1
CHEMBL1938755,CC(C)(C)c1cc(NC(=O)NCc2ccccc2Sc2ccc3nnc(-c4cc(O)ccc4Cl)n3c2)n(-c2cccc(OCCO)c2)n1,53.0,microL/min/mg,Stability,=,Metabolic stability in human liver microsomes assessed as phase II glucuronidation in the presence of uridine diphosphate glucuronic acid and absence of NADPH,A,1,CHEMBL1938287,Scientific Literature,microsome,CC(C)(C)c1cc(NC(=O)NCc2ccccc2Sc2ccc3nnc(-c4cc(O)ccc4Cl)n3c2)n(-c2cccc(OCCO)c2)n1
CHEMBL1938756,CSCC(C)(C)c1cc(NC(=O)NCc2ccccc2Sc2ccc3nnc(-c4cc(O)ccc4Cl)n3c2)n(-c2cccc(OCCO)c2)n1,47.0,microL/min/mg,Stability,=,Metabolic stability in human liver microsomes assessed as phase II glucuronidation in the presence of uridine diphosphate glucuronic acid and absence of NADPH,A,1,CHEMBL1938287,Scientific Literature,microsome,CSCC(C)(C)c1cc(NC(=O)NCc2ccccc2Sc2ccc3nnc(-c4cc(O)ccc4Cl)n3c2)n(-c2cccc(OCCO)c2)n1
CHEMBL1938757,CC(C)(C)c1cc(NC(=O)NCc2ccccc2Sc2ccc3nnc(-c4ccccc4OCCO)n3c2)n(-c2ccc(O)c(Cl)c2)n1,130.0,microL/min/mg,Stability,=,Metabolic stability in human liver microsomes assessed as phase II glucuronidation in the presence of uridine diphosphate glucuronic acid and absence of NADPH,A,1,CHEMBL1938287,Scientific Literature,microsome,CC(C)(C)c1cc(NC(=O)NCc2ccccc2Sc2ccc3nnc(-c4ccccc4OCCO)n3c2)n(-c2ccc(O)c(Cl)c2)n1
CHEMBL1938758,CC(C)(C)c1cc(NC(=O)NCc2ccccc2Sc2ccc3nnc(-c4ccccc4OCCO)n3c2)n(-c2ccc(Cl)c(O)c2)n1,70.0,microL/min/mg,Stability,=,Metabolic stability in human liver microsomes assessed as phase II glucuronidation in the presence of uridine diphosphate glucuronic acid and absence of NADPH,A,1,CHEMBL1938287,Scientific Literature,microsome,CC(C)(C)c1cc(NC(=O)NCc2ccccc2Sc2ccc3nnc(-c4ccccc4OCCO)n3c2)n(-c2ccc(Cl)c(O)c2)n1
CHEMBL1938759,CSCC(C)(C)c1cc(NC(=O)NCc2ccccc2Sc2ccc3nnc(-c4ccccc4OCCO)n3c2)n(-c2ccc(O)c(Cl)c2)n1,310.0,microL/min/mg,Stability,=,Metabolic stability in human liver microsomes assessed as phase II glucuronidation in the presence of uridine diphosphate glucuronic acid and absence of NADPH,A,1,CHEMBL1938287,Scientific Literature,microsome,CSCC(C)(C)c1cc(NC(=O)NCc2ccccc2Sc2ccc3nnc(-c4ccccc4OCCO)n3c2)n(-c2ccc(O)c(Cl)c2)n1
CHEMBL1938761,CC(C)(C)c1cc(NC(=O)NCc2ccccc2Sc2ccc3nnc(-c4ccccc4SCCO)n3c2)n(-c2cccc(O)c2)n1,4.0,microL/min/mg,Stability,=,Metabolic stability in human liver microsomes assessed as phase II glucuronidation in the presence of uridine diphosphate glucuronic acid and absence of NADPH,A,1,CHEMBL1938287,Scientific Literature,microsome,CC(C)(C)c1cc(NC(=O)NCc2ccccc2Sc2ccc3nnc(-c4ccccc4SCCO)n3c2)n(-c2cccc(O)c2)n1
CHEMBL1938762,CSCC(C)(C)c1cc(NC(=O)NCc2ccccc2Sc2ccc3nnc(-c4ccccc4SCCO)n3c2)n(-c2ccc(O)c(Cl)c2)n1,264.0,microL/min/mg,Stability,=,Metabolic stability in human liver microsomes assessed as phase II glucuronidation in the presence of uridine diphosphate glucuronic acid and absence of NADPH,A,1,CHEMBL1938287,Scientific Literature,microsome,CSCC(C)(C)c1cc(NC(=O)NCc2ccccc2Sc2ccc3nnc(-c4ccccc4SCCO)n3c2)n(-c2ccc(O)c(Cl)c2)n1
CHEMBL1938400,CC(C)(C)c1cc(NC(=O)NCc2ccccc2Sc2ccc3nnc(-c4ccccc4SCCO)n3c2)n(-c2ccc(O)c(Cl)c2)n1,205.0,microL/min/mg,Stability,=,Metabolic stability in human liver microsomes assessed as phase II glucuronidation in the presence of uridine diphosphate glucuronic acid and absence of NADPH,A,1,CHEMBL1938287,Scientific Literature,microsome,CC(C)(C)c1cc(NC(=O)NCc2ccccc2Sc2ccc3nnc(-c4ccccc4SCCO)n3c2)n(-c2ccc(O)c(Cl)c2)n1
CHEMBL129198,CN1CCN(C(=O)c2cc3cc(Cl)ccc3[nH]2)CC1,28.0,microL/min/mg,Stability,=,Metabolic stability in human liver microsomes,A,1,CHEMBL1938302,Scientific Literature,microsome,CN1CCN(C(=O)c2cc3cc(Cl)ccc3[nH]2)CC1
CHEMBL185951,CN1CCN(C(=O)c2nc3ccc(Cl)cc3[nH]2)CC1,19.0,microL/min/mg,Stability,=,Metabolic stability in human liver microsomes,A,1,CHEMBL1938302,Scientific Literature,microsome,CN1CCN(C(=O)c2nc3ccc(Cl)cc3[nH]2)CC1
CHEMBL1950330,C=CCn1c2c(c3cc(C(=O)N4CCC(C)CC4)ccc31)CN(CC1CC1)CC2,66.0,microL/min/mg,Stability,=,Metabolic stability in human liver microsomes,A,1,CHEMBL1949601,Scientific Literature,microsome,C=CCn1c2c(c3cc(C(=O)N4CCC(C)CC4)ccc31)CN(CC1CC1)CC2
CHEMBL1950333,C=CCn1c2c(c3cc(C(=O)N4CCC(C)CC4)ccc31)CN(C1CCCC1)CC2,93.0,microL/min/mg,Stability,=,Metabolic stability in human liver microsomes,A,1,CHEMBL1949601,Scientific Literature,microsome,C=CCn1c2c(c3cc(C(=O)N4CCC(C)CC4)ccc31)CN(C1CCCC1)CC2
CHEMBL1950335,C=CCn1c2c(c3cc(C(=O)N4CCC(C)CC4)ccc31)CN(C1CCCCC1)CC2,135.0,microL/min/mg,Stability,=,Metabolic stability in human liver microsomes,A,1,CHEMBL1949601,Scientific Literature,microsome,C=CCn1c2c(c3cc(C(=O)N4CCC(C)CC4)ccc31)CN(C1CCCCC1)CC2
CHEMBL1950336,C=CCn1c2c(c3cc(C(=O)N4CCC(C)CC4)ccc31)CN(C1CCOCC1)CC2,42.0,microL/min/mg,Stability,=,Metabolic stability in human liver microsomes,A,1,CHEMBL1949601,Scientific Literature,microsome,C=CCn1c2c(c3cc(C(=O)N4CCC(C)CC4)ccc31)CN(C1CCOCC1)CC2
CHEMBL1950351,CCS(=O)(=O)n1c2c(c3cc(C(=O)N4CCC(C)CC4)ccc31)CN(C1CCOCC1)CC2,52.0,microL/min/mg,Stability,=,Metabolic stability in human liver microsomes,A,1,CHEMBL1949601,Scientific Literature,microsome,CCS(=O)(=O)n1c2c(c3cc(C(=O)N4CCC(C)CC4)ccc31)CN(C1CCOCC1)CC2
CHEMBL1760580,Cc1ccc(Cn2c(=O)[nH]c3c(N)nc(-c4ncco4)cc32)cn1,9.0,ml/min/mg,Stability,=,Metabolic stability in human liver microsomes,A,1,CHEMBL2021836,Scientific Literature,microsome,Cc1ccc(Cn2c(=O)[nH]c3c(N)nc(-c4ncco4)cc32)cn1
CHEMBL2030996,CC(=O)N[C@@H](Cc1cccc(F)c1)[C@H](O)CN[C@H]1CC2(CCC2)Oc2ncc(CC(C)(C)C)cc21,621.0,microL/min/mg,Stability,=,Metabolic stability in human liver microsomes at 1 uM,A,1,CHEMBL2029322,Scientific Literature,microsome,CC(=O)N[C@@H](Cc1cccc(F)c1)[C@H](O)CN[C@H]1CC2(CCC2)Oc2ncc(CC(C)(C)C)cc21
CHEMBL2030997,CC(=O)N[C@@H](Cc1ccc(F)cc1)[C@H](O)CN[C@H]1CC2(CCC2)Oc2ncc(CC(C)(C)C)cc21,107.0,microL/min/mg,Stability,=,Metabolic stability in human liver microsomes at 1 uM,A,1,CHEMBL2029322,Scientific Literature,microsome,CC(=O)N[C@@H](Cc1ccc(F)cc1)[C@H](O)CN[C@H]1CC2(CCC2)Oc2ncc(CC(C)(C)C)cc21
CHEMBL2030998,CC(=O)N[C@@H](Cc1cc(F)cc(F)c1)[C@H](O)CN[C@H]1CC2(CCC2)Oc2ncc(CC(C)(C)C)cc21,921.0,microL/min/mg,Stability,=,Metabolic stability in human liver microsomes at 1 uM,A,1,CHEMBL2029322,Scientific Literature,microsome,CC(=O)N[C@@H](Cc1cc(F)cc(F)c1)[C@H](O)CN[C@H]1CC2(CCC2)Oc2ncc(CC(C)(C)C)cc21
CHEMBL2030999,C=CC[C@H](NC(C)=O)[C@H](O)CN[C@H]1CC2(CCC2)Oc2ncc(CC(C)(C)C)cc21,79.0,microL/min/mg,Stability,=,Metabolic stability in human liver microsomes at 1 uM,A,1,CHEMBL2029322,Scientific Literature,microsome,C=CC[C@H](NC(C)=O)[C@H](O)CN[C@H]1CC2(CCC2)Oc2ncc(CC(C)(C)C)cc21
CHEMBL2031000,CC(=O)N[C@@H](Cc1ccc(F)cc1)[C@H](O)CN[C@H]1C[C@]2(CC[C@@H]2C)Oc2ncc(CC(C)(C)C)cc21,232.0,microL/min/mg,Stability,=,Metabolic stability in human liver microsomes at 1 uM,A,1,CHEMBL2029322,Scientific Literature,microsome,CC(=O)N[C@@H](Cc1ccc(F)cc1)[C@H](O)CN[C@H]1C[C@]2(CC[C@@H]2C)Oc2ncc(CC(C)(C)C)cc21
CHEMBL2031138,CC(=O)N[C@@H](Cc1ccc(F)cc1)[C@H](O)CN[C@H]1C[C@@]2(CC[C@H]2C)Oc2ncc(CC(C)(C)C)cc21,829.0,microL/min/mg,Stability,=,Metabolic stability in human liver microsomes at 1 uM,A,1,CHEMBL2029322,Scientific Literature,microsome,CC(=O)N[C@@H](Cc1ccc(F)cc1)[C@H](O)CN[C@H]1C[C@@]2(CC[C@H]2C)Oc2ncc(CC(C)(C)C)cc21
CHEMBL2029366,CC(=O)N[C@@H](Cc1ccc(F)cc1)[C@H](O)CN[C@H]1C[C@]2(CC[C@H]2C)Oc2ncc(CC(C)(C)C)cc21,68.0,microL/min/mg,Stability,=,Metabolic stability in human liver microsomes at 1 uM,A,1,CHEMBL2029322,Scientific Literature,microsome,CC(=O)N[C@@H](Cc1ccc(F)cc1)[C@H](O)CN[C@H]1C[C@]2(CC[C@H]2C)Oc2ncc(CC(C)(C)C)cc21
CHEMBL2031139,CC(=O)N[C@@H](Cc1ccc(F)cc1)[C@H](O)CN[C@H]1C[C@@]2(CC[C@@H]2C)Oc2ncc(CC(C)(C)C)cc21,590.0,microL/min/mg,Stability,=,Metabolic stability in human liver microsomes at 1 uM,A,1,CHEMBL2029322,Scientific Literature,microsome,CC(=O)N[C@@H](Cc1ccc(F)cc1)[C@H](O)CN[C@H]1C[C@@]2(CC[C@@H]2C)Oc2ncc(CC(C)(C)C)cc21
CHEMBL2031140,CC(=O)N[C@@H](Cc1ccc(F)cc1)[C@H](O)CN[C@H]1C[C@]2(C[C@@H](C)C2)Oc2ncc(CC(C)(C)C)cc21,246.0,microL/min/mg,Stability,=,Metabolic stability in human liver microsomes at 1 uM,A,1,CHEMBL2029322,Scientific Literature,microsome,CC(=O)N[C@@H](Cc1ccc(F)cc1)[C@H](O)CN[C@H]1C[C@]2(C[C@@H](C)C2)Oc2ncc(CC(C)(C)C)cc21
CHEMBL2031141,CC(=O)N[C@@H](Cc1ccc(F)cc1)[C@H](O)CN[C@H]1C[C@]2(C[C@H](C)C2)Oc2ncc(CC(C)(C)C)cc21,108.0,microL/min/mg,Stability,=,Metabolic stability in human liver microsomes at 1 uM,A,1,CHEMBL2029322,Scientific Literature,microsome,CC(=O)N[C@@H](Cc1ccc(F)cc1)[C@H](O)CN[C@H]1C[C@]2(C[C@H](C)C2)Oc2ncc(CC(C)(C)C)cc21
CHEMBL2031142,CC(=O)N[C@@H](Cc1ccc(F)c(F)c1)[C@H](O)CN[C@H]1C[C@]2(C[C@@H](C)C2)Oc2ncc(CC(C)(C)C)cc21,775.0,microL/min/mg,Stability,=,Metabolic stability in human liver microsomes at 1 uM,A,1,CHEMBL2029322,Scientific Literature,microsome,CC(=O)N[C@@H](Cc1ccc(F)c(F)c1)[C@H](O)CN[C@H]1C[C@]2(C[C@@H](C)C2)Oc2ncc(CC(C)(C)C)cc21
CHEMBL2031143,CC(=O)N[C@@H](Cc1ccc(F)c(F)c1)[C@H](O)CN[C@H]1C[C@]2(C[C@H](C)C2)Oc2ncc(CC(C)(C)C)cc21,399.0,microL/min/mg,Stability,=,Metabolic stability in human liver microsomes at 1 uM,A,1,CHEMBL2029322,Scientific Literature,microsome,CC(=O)N[C@@H](Cc1ccc(F)c(F)c1)[C@H](O)CN[C@H]1C[C@]2(C[C@H](C)C2)Oc2ncc(CC(C)(C)C)cc21
CHEMBL2031144,CC(=O)N[C@@H](Cc1ccc(F)cc1)[C@H](O)CN[C@H]1C[C@]2(C[C@@H](F)C2)Oc2ncc(CC(C)(C)C)cc21,223.0,microL/min/mg,Stability,=,Metabolic stability in human liver microsomes at 1 uM,A,1,CHEMBL2029322,Scientific Literature,microsome,CC(=O)N[C@@H](Cc1ccc(F)cc1)[C@H](O)CN[C@H]1C[C@]2(C[C@@H](F)C2)Oc2ncc(CC(C)(C)C)cc21
CHEMBL2030995,CC(=O)N[C@@H](Cc1ccc(F)cc1)[C@H](O)CN[C@H]1C[C@]2(C[C@H](F)C2)Oc2ncc(CC(C)(C)C)cc21,240.0,microL/min/mg,Stability,=,Metabolic stability in human liver microsomes at 1 uM,A,1,CHEMBL2029322,Scientific Literature,microsome,CC(=O)N[C@@H](Cc1ccc(F)cc1)[C@H](O)CN[C@H]1C[C@]2(C[C@H](F)C2)Oc2ncc(CC(C)(C)C)cc21
CHEMBL2030994,CC(=O)N[C@@H](Cc1cccc(F)c1)[C@H](O)CN[C@H]1C[C@]2(C[C@@H](F)C2)Oc2ncc(CC(C)(C)C)cc21,829.0,microL/min/mg,Stability,=,Metabolic stability in human liver microsomes at 1 uM,A,1,CHEMBL2029322,Scientific Literature,microsome,CC(=O)N[C@@H](Cc1cccc(F)c1)[C@H](O)CN[C@H]1C[C@]2(C[C@@H](F)C2)Oc2ncc(CC(C)(C)C)cc21
CHEMBL2031145,CC(=O)N[C@@H](Cc1cccc(F)c1)[C@H](O)CN[C@H]1C[C@]2(C[C@H](F)C2)Oc2ncc(CC(C)(C)C)cc21,706.0,microL/min/mg,Stability,=,Metabolic stability in human liver microsomes at 1 uM,A,1,CHEMBL2029322,Scientific Literature,microsome,CC(=O)N[C@@H](Cc1cccc(F)c1)[C@H](O)CN[C@H]1C[C@]2(C[C@H](F)C2)Oc2ncc(CC(C)(C)C)cc21
CHEMBL2031146,CC(=O)N[C@@H](Cc1ccc(F)cc1)[C@H](O)CN[C@H]1CC2(CC(F)(F)C2)Oc2ncc(CC(C)(C)C)cc21,408.0,microL/min/mg,Stability,=,Metabolic stability in human liver microsomes at 1 uM,A,1,CHEMBL2029322,Scientific Literature,microsome,CC(=O)N[C@@H](Cc1ccc(F)cc1)[C@H](O)CN[C@H]1CC2(CC(F)(F)C2)Oc2ncc(CC(C)(C)C)cc21
CHEMBL2031147,CC(=O)N[C@@H](Cc1ccc(F)cc1)[C@H](O)CN[C@H]1C[C@]2(C[C@@H](O)C2)Oc2ncc(CC(C)(C)C)cc21,90.0,microL/min/mg,Stability,=,Metabolic stability in human liver microsomes at 1 uM,A,1,CHEMBL2029322,Scientific Literature,microsome,CC(=O)N[C@@H](Cc1ccc(F)cc1)[C@H](O)CN[C@H]1C[C@]2(C[C@@H](O)C2)Oc2ncc(CC(C)(C)C)cc21
CHEMBL2031148,CC(=O)N[C@@H](Cc1ccc(F)cc1)[C@H](O)CN[C@H]1C[C@]2(C[C@H](O)C2)Oc2ncc(CC(C)(C)C)cc21,34.0,microL/min/mg,Stability,=,Metabolic stability in human liver microsomes at 1 uM,A,1,CHEMBL2029322,Scientific Literature,microsome,CC(=O)N[C@@H](Cc1ccc(F)cc1)[C@H](O)CN[C@H]1C[C@]2(C[C@H](O)C2)Oc2ncc(CC(C)(C)C)cc21
CHEMBL2031149,COCC(=O)N[C@@H](Cc1ccc(F)cc1)[C@H](O)CN[C@H]1C[C@]2(C[C@H](O)C2)Oc2ncc(CC(C)(C)C)cc21,115.0,microL/min/mg,Stability,=,Metabolic stability in human liver microsomes at 1 uM,A,1,CHEMBL2029322,Scientific Literature,microsome,COCC(=O)N[C@@H](Cc1ccc(F)cc1)[C@H](O)CN[C@H]1C[C@]2(C[C@H](O)C2)Oc2ncc(CC(C)(C)C)cc21
CHEMBL2031150,CC(C)(C)Cc1cnc2c(c1)[C@@H](NC[C@@H](O)[C@H](Cc1ccc(F)cc1)NC(=O)CF)C[C@]1(C[C@H](O)C1)O2,65.0,microL/min/mg,Stability,=,Metabolic stability in human liver microsomes at 1 uM,A,1,CHEMBL2029322,Scientific Literature,microsome,CC(C)(C)Cc1cnc2c(c1)[C@@H](NC[C@@H](O)[C@H](Cc1ccc(F)cc1)NC(=O)CF)C[C@]1(C[C@H](O)C1)O2
CHEMBL2048617,CCOCCOc1cc(C)c(-c2cccc(COc3ccc(CCC(=O)O)cc3)c2)c(C)c1,0.0,microL/min/mg,Stability,=,Metabolic stability in human hepatic microsomes,A,1,CHEMBL2046346,Scientific Literature,microsome,CCOCCOc1cc(C)c(-c2cccc(COc3ccc(CCC(=O)O)cc3)c2)c(C)c1
CHEMBL2048618,CCOCCOc1cc(C)c(-c2cccc(COc3ccc(CCC(=O)O)c(F)c3)c2)c(C)c1,8.0,microL/min/mg,Stability,=,Metabolic stability in human hepatic microsomes,A,1,CHEMBL2046346,Scientific Literature,microsome,CCOCCOc1cc(C)c(-c2cccc(COc3ccc(CCC(=O)O)c(F)c3)c2)c(C)c1
CHEMBL2048619,Cc1cc(OC2CCOCC2)cc(C)c1-c1cccc(COc2ccc(CCC(=O)O)c(F)c2)c1,0.0,microL/min/mg,Stability,=,Metabolic stability in human hepatic microsomes,A,1,CHEMBL2046346,Scientific Literature,microsome,Cc1cc(OC2CCOCC2)cc(C)c1-c1cccc(COc2ccc(CCC(=O)O)c(F)c2)c1
CHEMBL2048620,Cc1cccc(Oc2cc(C)c(-c3cccc(COc4ccc(CCC(=O)O)c(F)c4)c3)c(C)c2)n1.Cl,0.0,microL/min/mg,Stability,=,Metabolic stability in human hepatic microsomes,A,1,CHEMBL2046346,Scientific Literature,microsome,Cc1cccc(Oc2cc(C)c(-c3cccc(COc4ccc(CCC(=O)O)c(F)c4)c3)c(C)c2)n1.Cl
CHEMBL2048621,Cc1cc(OCCCN2CCCC2=O)cc(C)c1-c1cccc(COc2ccc(CCC(=O)O)c(F)c2)c1,7.0,microL/min/mg,Stability,=,Metabolic stability in human hepatic microsomes,A,1,CHEMBL2046346,Scientific Literature,microsome,Cc1cc(OCCCN2CCCC2=O)cc(C)c1-c1cccc(COc2ccc(CCC(=O)O)c(F)c2)c1
CHEMBL2048622,CCS(=O)(=O)CCOc1cc(C)c(-c2cccc(COc3ccc(CCC(=O)O)c(F)c3)c2)c(C)c1,6.0,microL/min/mg,Stability,=,Metabolic stability in human hepatic microsomes,A,1,CHEMBL2046346,Scientific Literature,microsome,CCS(=O)(=O)CCOc1cc(C)c(-c2cccc(COc3ccc(CCC(=O)O)c(F)c3)c2)c(C)c1
CHEMBL2048623,Cc1cc(OC2CCS(=O)(=O)CC2)cc(C)c1-c1cccc(COc2ccc(CCC(=O)O)c(F)c2)c1,3.0,microL/min/mg,Stability,=,Metabolic stability in human hepatic microsomes,A,1,CHEMBL2046346,Scientific Literature,microsome,Cc1cc(OC2CCS(=O)(=O)CC2)cc(C)c1-c1cccc(COc2ccc(CCC(=O)O)c(F)c2)c1
CHEMBL2048625,CCS(=O)(=O)CCOc1cc(C)c(-c2cccc(CNc3ccc(CCC(=O)O)c(F)c3)c2)c(C)c1,2.0,microL/min/mg,Stability,=,Metabolic stability in human hepatic microsomes,A,1,CHEMBL2046346,Scientific Literature,microsome,CCS(=O)(=O)CCOc1cc(C)c(-c2cccc(CNc3ccc(CCC(=O)O)c(F)c3)c2)c(C)c1
CHEMBL2048626,Cc1cc(OC2CCS(=O)(=O)CC2)cc(C)c1-c1cccc(CNc2ccc(CCC(=O)O)c(F)c2)c1,0.0,microL/min/mg,Stability,=,Metabolic stability in human hepatic microsomes,A,1,CHEMBL2046346,Scientific Literature,microsome,Cc1cc(OC2CCS(=O)(=O)CC2)cc(C)c1-c1cccc(CNc2ccc(CCC(=O)O)c(F)c2)c1
CHEMBL2048627,Cc1cc(OCC2(O)CCS(=O)(=O)CC2)cc(C)c1-c1cccc(CNc2ccc(CCC(=O)O)c(F)c2)c1,2.0,microL/min/mg,Stability,=,Metabolic stability in human hepatic microsomes,A,1,CHEMBL2046346,Scientific Literature,microsome,Cc1cc(OCC2(O)CCS(=O)(=O)CC2)cc(C)c1-c1cccc(CNc2ccc(CCC(=O)O)c(F)c2)c1
CHEMBL2048628,CCOCCOc1cc(C)c(-c2cccc(CNc3ccc(CCC(=O)O)c(F)c3)c2)c(C)c1.Cl,0.0,microL/min/mg,Stability,=,Metabolic stability in human hepatic microsomes,A,1,CHEMBL2046346,Scientific Literature,microsome,CCOCCOc1cc(C)c(-c2cccc(CNc3ccc(CCC(=O)O)c(F)c3)c2)c(C)c1.Cl
CHEMBL1688486,Cc1cccc(C)c1-c1cccc(COc2ccc(CCC(=O)O)cc2)c1,28.0,microL/min/mg,Stability,=,Metabolic stability in human hepatic microsomes,A,1,CHEMBL2046346,Scientific Literature,microsome,Cc1cccc(C)c1-c1cccc(COc2ccc(CCC(=O)O)cc2)c1
CHEMBL1688473,Cc1cccc(C)c1-c1cccc(COc2ccc(CCC(=O)O)c(F)c2)c1,69.0,microL/min/mg,Stability,=,Metabolic stability in human hepatic microsomes,A,1,CHEMBL2046346,Scientific Literature,microsome,Cc1cccc(C)c1-c1cccc(COc2ccc(CCC(=O)O)c(F)c2)c1
CHEMBL2048912,CC(C)(N)C(=O)NCCn1ccc2ncnc(Nc3ccc(Oc4cccc5sncc45)c(Cl)c3)c21,88.0,microL/min/mg,Stability,=,Metabolic stability in human liver microsomes at 1 umol/L after 20 mins by HPLC analysis,A,1,CHEMBL2046372,Scientific Literature,microsome,CC(C)(N)C(=O)NCCn1ccc2ncnc(Nc3ccc(Oc4cccc5sncc45)c(Cl)c3)c21
CHEMBL2048911,Cl.O=C(NCCn1ccc2ncnc(Nc3ccc(Oc4cccc5sncc45)c(Cl)c3)c21)[C@@H]1CCCN1,61.0,microL/min/mg,Stability,=,Metabolic stability in human liver microsomes at 1 umol/L after 20 mins by HPLC analysis,A,1,CHEMBL2046372,Scientific Literature,microsome,Cl.O=C(NCCn1ccc2ncnc(Nc3ccc(Oc4cccc5sncc45)c(Cl)c3)c21)[C@@H]1CCCN1
CHEMBL2048910,CC(C)(C)C(=O)NCCn1ccc2ncnc(Nc3ccc(Oc4cccc5sncc45)c(Cl)c3)c21.CS(=O)(=O)O,94.0,microL/min/mg,Stability,=,Metabolic stability in human liver microsomes at 1 umol/L after 20 mins by HPLC analysis,A,1,CHEMBL2046372,Scientific Literature,microsome,CC(C)(C)C(=O)NCCn1ccc2ncnc(Nc3ccc(Oc4cccc5sncc45)c(Cl)c3)c21.CS(=O)(=O)O
CHEMBL2048909,CC(C)(C(=O)NCCn1ccc2ncnc(Nc3ccc(Oc4cccc5sncc45)c(Cl)c3)c21)S(C)(=O)=O,113.0,microL/min/mg,Stability,=,Metabolic stability in human liver microsomes at 1 umol/L after 20 mins by HPLC analysis,A,1,CHEMBL2046372,Scientific Literature,microsome,CC(C)(C(=O)NCCn1ccc2ncnc(Nc3ccc(Oc4cccc5sncc45)c(Cl)c3)c21)S(C)(=O)=O
CHEMBL2048908,CC(C)(CO)C(=O)NCCn1ccc2ncnc(Nc3ccc(Oc4cccc5sncc45)c(Cl)c3)c21,113.0,microL/min/mg,Stability,=,Metabolic stability in human liver microsomes at 1 umol/L after 20 mins by HPLC analysis,A,1,CHEMBL2046372,Scientific Literature,microsome,CC(C)(CO)C(=O)NCCn1ccc2ncnc(Nc3ccc(Oc4cccc5sncc45)c(Cl)c3)c21
CHEMBL2048907,CC(C)(O)C(=O)NCCn1ccc2ncnc(Nc3ccc(Oc4cccc5sncc45)c(Cl)c3)c21.CS(=O)(=O)O,117.0,microL/min/mg,Stability,=,Metabolic stability in human liver microsomes at 1 umol/L after 20 mins by HPLC analysis,A,1,CHEMBL2046372,Scientific Literature,microsome,CC(C)(O)C(=O)NCCn1ccc2ncnc(Nc3ccc(Oc4cccc5sncc45)c(Cl)c3)c21.CS(=O)(=O)O
CHEMBL2048906,CC(=O)NCCn1ccc2ncnc(Nc3ccc(Oc4cccc5sncc45)c(Cl)c3)c21,133.0,microL/min/mg,Stability,=,Metabolic stability in human liver microsomes at 1 umol/L after 20 mins by HPLC analysis,A,1,CHEMBL2046372,Scientific Literature,microsome,CC(=O)NCCn1ccc2ncnc(Nc3ccc(Oc4cccc5sncc45)c(Cl)c3)c21
CHEMBL2048905,OCCn1ccc2ncnc(Nc3ccc(Oc4cccc5sncc45)c(Cl)c3)c21,129.0,microL/min/mg,Stability,=,Metabolic stability in human liver microsomes at 1 umol/L after 20 mins by HPLC analysis,A,1,CHEMBL2046372,Scientific Literature,microsome,OCCn1ccc2ncnc(Nc3ccc(Oc4cccc5sncc45)c(Cl)c3)c21
CHEMBL2048904,Cn1ncc2c(Oc3ccc(Nc4ncnc5ccn(CCO)c45)cc3Cl)cccc21,219.0,microL/min/mg,Stability,=,Metabolic stability in human liver microsomes at 1 umol/L after 20 mins by HPLC analysis,A,1,CHEMBL2046372,Scientific Literature,microsome,Cn1ncc2c(Oc3ccc(Nc4ncnc5ccn(CCO)c45)cc3Cl)cccc21
CHEMBL2048903,OCCn1ccc2ncnc(Nc3ccc(Oc4cccc5[nH]ncc45)c(Cl)c3)c21,114.0,microL/min/mg,Stability,=,Metabolic stability in human liver microsomes at 1 umol/L after 20 mins by HPLC analysis,A,1,CHEMBL2046372,Scientific Literature,microsome,OCCn1ccc2ncnc(Nc3ccc(Oc4cccc5[nH]ncc45)c(Cl)c3)c21
CHEMBL2048798,OCCn1ccc2ncnc(Nc3ccc(Oc4cccc5sccc45)c(Cl)c3)c21,144.0,microL/min/mg,Stability,=,Metabolic stability in human liver microsomes at 1 umol/L after 20 mins by HPLC analysis,A,1,CHEMBL2046372,Scientific Literature,microsome,OCCn1ccc2ncnc(Nc3ccc(Oc4cccc5sccc45)c(Cl)c3)c21
CHEMBL2048797,OCCn1ccc2ncnc(Nc3ccc(Oc4cccc5[nH]ccc45)c(Cl)c3)c21,204.0,microL/min/mg,Stability,=,Metabolic stability in human liver microsomes at 1 umol/L after 20 mins by HPLC analysis,A,1,CHEMBL2046372,Scientific Literature,microsome,OCCn1ccc2ncnc(Nc3ccc(Oc4cccc5[nH]ccc45)c(Cl)c3)c21
CHEMBL2048796,O=C1Cc2c(cccc2Oc2ccc(Nc3ncnc4ccn(CCO)c34)cc2Cl)N1,141.0,microL/min/mg,Stability,=,Metabolic stability in human liver microsomes at 1 umol/L after 20 mins by HPLC analysis,A,1,CHEMBL2046372,Scientific Literature,microsome,O=C1Cc2c(cccc2Oc2ccc(Nc3ncnc4ccn(CCO)c34)cc2Cl)N1
CHEMBL549220,Cc1cc(C(=O)OCC(N)=O)c(C)n1-c1ccc(F)cc1,29.0,uL min-1 mg-1,CLint,=,"OSM: Microsomal stability: 0.5 uM substrate, 0.4 mg/mL protein, NADPH cofactor). Analysed by LC/MS. In vitro CLint (uL/min/mg protein).",A,23,CHEMBL2113921,Open Source Malaria Screening,microsome,Cc1cc(C(=O)OCC(N)=O)c(C)n1-c1ccc(F)cc1
CHEMBL533269,Cc1cc(C(=O)OCC(=O)Nc2c(C)n(C)n(-c3ccccc3)c2=O)c(C)n1-c1ccc(F)cc1,60.0,uL min-1 mg-1,CLint,=,"OSM: Microsomal stability: 0.5 uM substrate, 0.4 mg/mL protein, NADPH cofactor). Analysed by LC/MS. In vitro CLint (uL/min/mg protein).",A,23,CHEMBL2113921,Open Source Malaria Screening,microsome,Cc1cc(C(=O)OCC(=O)Nc2c(C)n(C)n(-c3ccccc3)c2=O)c(C)n1-c1ccc(F)cc1
CHEMBL2113927,Cc1cc(/C=C2\S/C(=N\c3ccccc3)NC2=O)c(C)n1-c1ccc(F)cc1,15.0,uL min-1 mg-1,CLint,=,"OSM: Microsomal stability: 0.5 uM substrate, 0.4 mg/mL protein, NADPH cofactor). Analysed by LC/MS. In vitro CLint (uL/min/mg protein).",A,23,CHEMBL2113921,Open Source Malaria Screening,microsome,Cc1cc(/C=C2\S/C(=N\c3ccccc3)NC2=O)c(C)n1-c1ccc(F)cc1
CHEMBL2113948,Cc1cc(/C=C2\S/C(=N\c3ccccc3)N(C3CCCC3)C2=O)c(C)n1-c1ccc(C(F)(F)F)cc1,14.0,uL min-1 mg-1,CLint,=,"OSM: Microsomal stability: 0.5 uM substrate, 0.4 mg/mL protein, NADPH cofactor). Analysed by LC/MS. In vitro CLint (uL/min/mg protein).",A,23,CHEMBL2113921,Open Source Malaria Screening,microsome,Cc1cc(/C=C2\S/C(=N\c3ccccc3)N(C3CCCC3)C2=O)c(C)n1-c1ccc(C(F)(F)F)cc1
CHEMBL2148044,CS(=O)(=O)CC(=O)NCCn1ccc2ncnc(Nc3ccc(Oc4cccc(C(F)(F)F)c4)c(Cl)c3)c21,18.0,microL/min/mg,Stability,=,Metabolic stability in human hepatic microsomes at 1 umol/L after 20 mins,A,1,CHEMBL2146394,Scientific Literature,microsome,CS(=O)(=O)CC(=O)NCCn1ccc2ncnc(Nc3ccc(Oc4cccc(C(F)(F)F)c4)c(Cl)c3)c21
CHEMBL2148045,CCS(=O)(=O)CC(=O)NCCn1ccc2ncnc(Nc3ccc(Oc4cccc(C(F)(F)F)c4)c(Cl)c3)c21,26.0,microL/min/mg,Stability,=,Metabolic stability in human hepatic microsomes at 1 umol/L after 20 mins,A,1,CHEMBL2146394,Scientific Literature,microsome,CCS(=O)(=O)CC(=O)NCCn1ccc2ncnc(Nc3ccc(Oc4cccc(C(F)(F)F)c4)c(Cl)c3)c21
CHEMBL2148046,CC(C)S(=O)(=O)CC(=O)NCCn1ccc2ncnc(Nc3ccc(Oc4cccc(C(F)(F)F)c4)c(Cl)c3)c21,42.0,microL/min/mg,Stability,=,Metabolic stability in human hepatic microsomes at 1 umol/L after 20 mins,A,1,CHEMBL2146394,Scientific Literature,microsome,CC(C)S(=O)(=O)CC(=O)NCCn1ccc2ncnc(Nc3ccc(Oc4cccc(C(F)(F)F)c4)c(Cl)c3)c21
CHEMBL2148047,CC(C)(C)S(=O)(=O)CC(=O)NCCn1ccc2ncnc(Nc3ccc(Oc4cccc(C(F)(F)F)c4)c(Cl)c3)c21,45.0,microL/min/mg,Stability,=,Metabolic stability in human hepatic microsomes at 1 umol/L after 20 mins,A,1,CHEMBL2146394,Scientific Literature,microsome,CC(C)(C)S(=O)(=O)CC(=O)NCCn1ccc2ncnc(Nc3ccc(Oc4cccc(C(F)(F)F)c4)c(Cl)c3)c21
CHEMBL2148048,CC(C(=O)NCCn1ccc2ncnc(Nc3ccc(Oc4cccc(C(F)(F)F)c4)c(Cl)c3)c21)S(C)(=O)=O,30.0,microL/min/mg,Stability,=,Metabolic stability in human hepatic microsomes at 1 umol/L after 20 mins,A,1,CHEMBL2146394,Scientific Literature,microsome,CC(C(=O)NCCn1ccc2ncnc(Nc3ccc(Oc4cccc(C(F)(F)F)c4)c(Cl)c3)c21)S(C)(=O)=O
CHEMBL2148049,CC(C)(C(=O)NCCn1ccc2ncnc(Nc3ccc(Oc4cccc(C(F)(F)F)c4)c(Cl)c3)c21)S(C)(=O)=O,38.0,microL/min/mg,Stability,=,Metabolic stability in human hepatic microsomes at 1 umol/L after 20 mins,A,1,CHEMBL2146394,Scientific Literature,microsome,CC(C)(C(=O)NCCn1ccc2ncnc(Nc3ccc(Oc4cccc(C(F)(F)F)c4)c(Cl)c3)c21)S(C)(=O)=O
CHEMBL2148050,CS(=O)(=O)CC(=O)NCCn1ccc2ncnc(Nc3ccc(Oc4cccc(Cl)c4)c(Cl)c3)c21,11.0,microL/min/mg,Stability,=,Metabolic stability in human hepatic microsomes at 1 umol/L after 20 mins,A,1,CHEMBL2146394,Scientific Literature,microsome,CS(=O)(=O)CC(=O)NCCn1ccc2ncnc(Nc3ccc(Oc4cccc(Cl)c4)c(Cl)c3)c21
CHEMBL2148051,CC(C(=O)NCCn1ccc2ncnc(Nc3ccc(Oc4cccc(Cl)c4)c(Cl)c3)c21)S(C)(=O)=O,4.0,microL/min/mg,Stability,=,Metabolic stability in human hepatic microsomes at 1 umol/L after 20 mins,A,1,CHEMBL2146394,Scientific Literature,microsome,CC(C(=O)NCCn1ccc2ncnc(Nc3ccc(Oc4cccc(Cl)c4)c(Cl)c3)c21)S(C)(=O)=O
CHEMBL2148052,CC(C)(C(=O)NCCn1ccc2ncnc(Nc3ccc(Oc4cccc(Cl)c4)c(Cl)c3)c21)S(C)(=O)=O,21.0,microL/min/mg,Stability,=,Metabolic stability in human hepatic microsomes at 1 umol/L after 20 mins,A,1,CHEMBL2146394,Scientific Literature,microsome,CC(C)(C(=O)NCCn1ccc2ncnc(Nc3ccc(Oc4cccc(Cl)c4)c(Cl)c3)c21)S(C)(=O)=O
CHEMBL2172000,Cc1nn(C)c2cc(N3CCN(C(=O)[C@@H]4CCCC[C@H]4C(=O)NC4(C#N)CC4)[C@H](C)C3)ccc12,8.8,microL/min/mg,Drug metabolism,=,Metabolic stability of the compound in human liver microsomes assessed as compound turnover after 120 mins,A,1,CHEMBL2169826,Scientific Literature,microsome,Cc1nn(C)c2cc(N3CCN(C(=O)[C@@H]4CCCC[C@H]4C(=O)NC4(C#N)CC4)[C@H](C)C3)ccc12
CHEMBL2169908,Cc1noc2cc(N3CCN(C(=O)[C@@H]4CCCC[C@H]4C(=O)NC4(C#N)CC4)[C@H](C)C3)ccc12,9.3,microL/min/mg,Drug metabolism,=,Metabolic stability of the compound in human liver microsomes assessed as compound turnover after 120 mins,A,1,CHEMBL2169826,Scientific Literature,microsome,Cc1noc2cc(N3CCN(C(=O)[C@@H]4CCCC[C@H]4C(=O)NC4(C#N)CC4)[C@H](C)C3)ccc12
CHEMBL2172002,COc1ccc(N2CCN(C(=O)[C@@H]3CCCC[C@H]3C(=O)NC3(C#N)CC3)[C@H](C)C2)nc1OC,4.2,microL/min/mg,Drug metabolism,=,Metabolic stability of the compound in human liver microsomes assessed as compound turnover after 120 mins,A,1,CHEMBL2169826,Scientific Literature,microsome,COc1ccc(N2CCN(C(=O)[C@@H]3CCCC[C@H]3C(=O)NC3(C#N)CC3)[C@H](C)C2)nc1OC
CHEMBL2172003,COc1cc(N2CCN(C(=O)[C@@H]3CCCC[C@H]3C(=O)NC3(C#N)CC3)[C@H](C)C2)ccc1C1CC1,9.0,microL/min/mg,Drug metabolism,=,Metabolic stability of the compound in human liver microsomes assessed as compound turnover after 120 mins,A,1,CHEMBL2169826,Scientific Literature,microsome,COc1cc(N2CCN(C(=O)[C@@H]3CCCC[C@H]3C(=O)NC3(C#N)CC3)[C@H](C)C2)ccc1C1CC1
CHEMBL2172004,C[C@@H]1CN(c2ccc3c(c2)OCO3)CCN1C(=O)[C@@H]1CCCC[C@H]1C(=O)NC1(C#N)CC1,8.8,microL/min/mg,Drug metabolism,=,Metabolic stability of the compound in human liver microsomes assessed as compound turnover after 120 mins,A,1,CHEMBL2169826,Scientific Literature,microsome,C[C@@H]1CN(c2ccc3c(c2)OCO3)CCN1C(=O)[C@@H]1CCCC[C@H]1C(=O)NC1(C#N)CC1
CHEMBL2172006,C[C@@H]1CN(c2ccccc2)CCN1C(=O)[C@@H]1CCCC[C@H]1C(=O)NCC#N,16.0,microL/min/mg,Drug metabolism,=,Metabolic stability of the compound in human liver microsomes assessed as compound turnover after 120 mins,A,1,CHEMBL2169826,Scientific Literature,microsome,C[C@@H]1CN(c2ccccc2)CCN1C(=O)[C@@H]1CCCC[C@H]1C(=O)NCC#N
CHEMBL2172007,C[C@@H]1CN(c2ccccc2)CCN1C(=O)[C@@H]1CCCC[C@H]1C(=O)NC1(C#N)CC1,20.0,microL/min/mg,Drug metabolism,=,Metabolic stability of the compound in human liver microsomes assessed as compound turnover after 120 mins,A,1,CHEMBL2169826,Scientific Literature,microsome,C[C@@H]1CN(c2ccccc2)CCN1C(=O)[C@@H]1CCCC[C@H]1C(=O)NC1(C#N)CC1
CHEMBL2171995,C[C@@H]1CN(c2ccc(S(C)(=O)=O)cc2)CCN1C(=O)[C@@H]1CCCC[C@H]1C(=O)NC1(C#N)CC1,9.4,microL/min/mg,Drug metabolism,=,Metabolic stability of the compound in human liver microsomes assessed as compound turnover after 120 mins,A,1,CHEMBL2169826,Scientific Literature,microsome,C[C@@H]1CN(c2ccc(S(C)(=O)=O)cc2)CCN1C(=O)[C@@H]1CCCC[C@H]1C(=O)NC1(C#N)CC1
CHEMBL2171993,COc1ccc(N2CCN(C(=O)[C@@H]3CCCC[C@H]3C(=O)NC3(C#N)CC3)CC2)cc1OC,2.3,microL/min/mg,Drug metabolism,=,Metabolic stability of the compound in human liver microsomes assessed as compound turnover after 120 mins,A,1,CHEMBL2169826,Scientific Literature,microsome,COc1ccc(N2CCN(C(=O)[C@@H]3CCCC[C@H]3C(=O)NC3(C#N)CC3)CC2)cc1OC
CHEMBL2171991,N#CC1(NC(=O)[C@@H]2CCCC[C@H]2C(=O)N2CCN(c3ccccc3)CC2)CC1,6.9,microL/min/mg,Drug metabolism,=,Metabolic stability of the compound in human liver microsomes assessed as compound turnover after 120 mins,A,1,CHEMBL2169826,Scientific Literature,microsome,N#CC1(NC(=O)[C@@H]2CCCC[C@H]2C(=O)N2CCN(c3ccccc3)CC2)CC1
CHEMBL2171988,COc1ccc(N2CCN(C(=O)[C@@H]3CCCC[C@H]3C(=O)NCC#N)CC2)cc1OC,2.2,microL/min/mg,Drug metabolism,=,Metabolic stability of the compound in human liver microsomes assessed as compound turnover after 120 mins,A,1,CHEMBL2169826,Scientific Literature,microsome,COc1ccc(N2CCN(C(=O)[C@@H]3CCCC[C@H]3C(=O)NCC#N)CC2)cc1OC
CHEMBL2171987,COc1cccc(N2CCN(C(=O)[C@@H]3CCCC[C@H]3C(=O)NCC#N)CC2)c1,5.6,microL/min/mg,Drug metabolism,=,Metabolic stability of the compound in human liver microsomes assessed as compound turnover after 120 mins,A,1,CHEMBL2169826,Scientific Literature,microsome,COc1cccc(N2CCN(C(=O)[C@@H]3CCCC[C@H]3C(=O)NCC#N)CC2)c1
CHEMBL2171986,COc1ccc(N2CCN(C(=O)[C@@H]3CCCC[C@H]3C(=O)NCC#N)CC2)cc1,7.1,microL/min/mg,Drug metabolism,=,Metabolic stability of the compound in human liver microsomes assessed as compound turnover after 120 mins,A,1,CHEMBL2169826,Scientific Literature,microsome,COc1ccc(N2CCN(C(=O)[C@@H]3CCCC[C@H]3C(=O)NCC#N)CC2)cc1
CHEMBL2164676,N#CCNC(=O)[C@@H]1CCCC[C@H]1C(=O)N1CCN(c2ccccc2)CC1,7.7,microL/min/mg,Drug metabolism,=,Metabolic stability of the compound in human liver microsomes assessed as compound turnover after 120 mins,A,1,CHEMBL2169826,Scientific Literature,microsome,N#CCNC(=O)[C@@H]1CCCC[C@H]1C(=O)N1CCN(c2ccccc2)CC1
CHEMBL2348991,Cc1cc(C(=O)Nc2cc(Oc3ccc4nc(NC(=O)C5CC5)cn4n3)ccc2F)n(C)n1,9.0,microL/min/mg,Stability,=,Metabolic stability in human liver microsomes at 1 umol/L,A,1,CHEMBL2346507,Scientific Literature,microsome,Cc1cc(C(=O)Nc2cc(Oc3ccc4nc(NC(=O)C5CC5)cn4n3)ccc2F)n(C)n1
CHEMBL2180604,Cc1cc(C(=O)Nc2cc(Oc3ccc4nc(NC(=O)C5CC5)cn4n3)ccc2C)n(C)n1,2.0,microL/min/mg,Stability,=,Metabolic stability in human liver microsomes at 1 umol/L,A,1,CHEMBL2346507,Scientific Literature,microsome,Cc1cc(C(=O)Nc2cc(Oc3ccc4nc(NC(=O)C5CC5)cn4n3)ccc2C)n(C)n1
CHEMBL2348996,Cc1cc(C(=O)Nc2cccc(Oc3ccc4nc(NC(=O)C5CC5)cn4n3)c2)n(C)n1,6.0,microL/min/mg,Stability,=,Metabolic stability in human liver microsomes at 1 umol/L,A,1,CHEMBL2346507,Scientific Literature,microsome,Cc1cc(C(=O)Nc2cccc(Oc3ccc4nc(NC(=O)C5CC5)cn4n3)c2)n(C)n1
CHEMBL2409786,Cc1ccc(Oc2ccc3nc(NC(=O)C4CC4)nn3c2)cc1NC(=O)c1cn(C)nc1C,6.0,microL/min/mg,Stability,=,Metabolic stability in human liver microsomes,A,1,CHEMBL2407020,Scientific Literature,microsome,Cc1ccc(Oc2ccc3nc(NC(=O)C4CC4)nn3c2)cc1NC(=O)c1cn(C)nc1C
CHEMBL2409778,Cc1cc(C(=O)Nc2cc(Oc3ccc4nc(NC(=O)C5CC5)nn4c3)ccc2F)n(C)n1,10.0,microL/min/mg,Stability,=,Metabolic stability in human liver microsomes,A,1,CHEMBL2407020,Scientific Literature,microsome,Cc1cc(C(=O)Nc2cc(Oc3ccc4nc(NC(=O)C5CC5)nn4c3)ccc2F)n(C)n1
CHEMBL2348996,Cc1cc(C(=O)Nc2cccc(Oc3ccc4nc(NC(=O)C5CC5)cn4n3)c2)n(C)n1,6.0,microL/min/mg,Stability,=,Metabolic stability in human liver microsomes,A,1,CHEMBL2407020,Scientific Literature,microsome,Cc1cc(C(=O)Nc2cccc(Oc3ccc4nc(NC(=O)C5CC5)cn4n3)c2)n(C)n1
CHEMBL3142652,CN[C@@H](C)C(=O)N[C@H](C(=O)N1C[C@H]2CCCN2C[C@H]1C(=O)N[C@@H]1CCOc2ccccc21)C1CCCCC1.Cl.Cl,128.0,microL/min/mg,Stability,=,Metabolic stability in human liver microsomes assessed as compound remaining at 1 umol/L after 15 to 30 mins by LC/MS/MS analysis,A,1,CHEMBL2417358,Scientific Literature,microsome,CN[C@@H](C)C(=O)N[C@H](C(=O)N1C[C@H]2CCCN2C[C@H]1C(=O)N[C@@H]1CCOc2ccccc21)C1CCCCC1.Cl.Cl
CHEMBL3216147,CN[C@@H](C)C(=O)N[C@H](C(=O)N1C[C@H]2C[C@@H]3C[C@@H]3N2C[C@H]1C(=O)N[C@@H]1CCOc2ccccc21)C1CCCCC1.Cl.Cl,72.0,microL/min/mg,Stability,=,Metabolic stability in human liver microsomes assessed as compound remaining at 1 umol/L after 15 to 30 mins by LC/MS/MS analysis,A,1,CHEMBL2417358,Scientific Literature,microsome,CN[C@@H](C)C(=O)N[C@H](C(=O)N1C[C@H]2C[C@@H]3C[C@@H]3N2C[C@H]1C(=O)N[C@@H]1CCOc2ccccc21)C1CCCCC1.Cl.Cl
CHEMBL3216595,CN[C@@H](C)C(=O)N[C@H](C(=O)N1C[C@H]2C[C@H]3C[C@H]3N2C[C@H]1C(=O)N[C@@H]1CCOc2ccccc21)C1CCCCC1.Cl.Cl,39.0,microL/min/mg,Stability,=,Metabolic stability in human liver microsomes assessed as compound remaining at 1 umol/L after 15 to 30 mins by LC/MS/MS analysis,A,1,CHEMBL2417358,Scientific Literature,microsome,CN[C@@H](C)C(=O)N[C@H](C(=O)N1C[C@H]2C[C@H]3C[C@H]3N2C[C@H]1C(=O)N[C@@H]1CCOc2ccccc21)C1CCCCC1.Cl.Cl
CHEMBL3087341,Cc1cc(-c2ccc(NC(=O)Cc3cc(C(F)(F)F)cc(C(F)(F)F)c3)cc2)ccn1,18.0,microL/min/mg,Stability,=,Metabolic stability in human liver microsomes at 1 uM after 30 mins,A,1,CHEMBL3085750,Scientific Literature,microsome,Cc1cc(-c2ccc(NC(=O)Cc3cc(C(F)(F)F)cc(C(F)(F)F)c3)cc2)ccn1
CHEMBL3087340,Cc1cc(-c2ccc(NC(=O)c3cc(C(F)(F)F)cc(C(F)(F)F)c3)cc2)ccn1,106.0,microL/min/mg,Stability,=,Metabolic stability in human liver microsomes at 1 uM after 30 mins,A,1,CHEMBL3085750,Scientific Literature,microsome,Cc1cc(-c2ccc(NC(=O)c3cc(C(F)(F)F)cc(C(F)(F)F)c3)cc2)ccn1
CHEMBL3087339,Cc1cc(-c2ccc(NC(=O)c3cc(Cl)cc(Cl)c3)cc2)ccn1,91.0,microL/min/mg,Stability,=,Metabolic stability in human liver microsomes at 1 uM after 30 mins,A,1,CHEMBL3085750,Scientific Literature,microsome,Cc1cc(-c2ccc(NC(=O)c3cc(Cl)cc(Cl)c3)cc2)ccn1
CHEMBL3087043,CCCc1cc(-c2ccc(NS(=O)(=O)c3cc(C(F)(F)F)cc(C(F)(F)F)c3)cc2)ccn1,270.0,microL/min/mg,Stability,=,Metabolic stability in human liver microsomes at 1 uM after 30 mins,A,1,CHEMBL3085750,Scientific Literature,microsome,CCCc1cc(-c2ccc(NS(=O)(=O)c3cc(C(F)(F)F)cc(C(F)(F)F)c3)cc2)ccn1
CHEMBL3087042,CCc1cc(-c2ccc(NS(=O)(=O)c3cc(C(F)(F)F)cc(C(F)(F)F)c3)cc2)ccn1,371.0,microL/min/mg,Stability,=,Metabolic stability in human liver microsomes at 1 uM after 30 mins,A,1,CHEMBL3085750,Scientific Literature,microsome,CCc1cc(-c2ccc(NS(=O)(=O)c3cc(C(F)(F)F)cc(C(F)(F)F)c3)cc2)ccn1
CHEMBL3087041,C=Cc1cc(-c2ccc(NS(=O)(=O)c3cc(C(F)(F)F)cc(C(F)(F)F)c3)cc2)ccn1,193.0,microL/min/mg,Stability,=,Metabolic stability in human liver microsomes at 1 uM after 30 mins,A,1,CHEMBL3085750,Scientific Literature,microsome,C=Cc1cc(-c2ccc(NS(=O)(=O)c3cc(C(F)(F)F)cc(C(F)(F)F)c3)cc2)ccn1
CHEMBL3087040,COc1cc(-c2ccnc(C)c2)ccc1NS(=O)(=O)c1cc(C(F)(F)F)cc(C(F)(F)F)c1,306.0,microL/min/mg,Stability,=,Metabolic stability in human liver microsomes at 1 uM after 30 mins,A,1,CHEMBL3085750,Scientific Literature,microsome,COc1cc(-c2ccnc(C)c2)ccc1NS(=O)(=O)c1cc(C(F)(F)F)cc(C(F)(F)F)c1
CHEMBL3087038,Cc1cc(-c2ccc(NS(=O)(=O)c3cc(C(F)(F)F)cc(C(F)(F)F)c3)cc2)ccn1,399.0,microL/min/mg,Stability,=,Metabolic stability in human liver microsomes at 1 uM after 30 mins,A,1,CHEMBL3085750,Scientific Literature,microsome,Cc1cc(-c2ccc(NS(=O)(=O)c3cc(C(F)(F)F)cc(C(F)(F)F)c3)cc2)ccn1
CHEMBL3087037,Cc1cc(-c2ccc(NS(=O)(=O)c3cc(Cl)cc(Cl)c3)cc2)ccn1,497.0,microL/min/mg,Stability,=,Metabolic stability in human liver microsomes at 1 uM after 30 mins,A,1,CHEMBL3085750,Scientific Literature,microsome,Cc1cc(-c2ccc(NS(=O)(=O)c3cc(Cl)cc(Cl)c3)cc2)ccn1
CHEMBL3087036,O=S(=O)(Nc1ccc(-c2cncnc2)cc1)c1cc(Cl)cc(Cl)c1,45.0,microL/min/mg,Stability,=,Metabolic stability in human liver microsomes at 1 uM after 30 mins,A,1,CHEMBL3085750,Scientific Literature,microsome,O=S(=O)(Nc1ccc(-c2cncnc2)cc1)c1cc(Cl)cc(Cl)c1
CHEMBL3087355,O=S(=O)(Nc1ccc(-c2ccncc2)cc1)c1cc(Cl)cc(Cl)c1,35.0,microL/min/mg,Stability,=,Metabolic stability in human liver microsomes at 1 uM after 30 mins,A,1,CHEMBL3085750,Scientific Literature,microsome,O=S(=O)(Nc1ccc(-c2ccncc2)cc1)c1cc(Cl)cc(Cl)c1
CHEMBL3087353,Cc1nccn1-c1ccc(NS(=O)(=O)c2cc(Cl)cc(Cl)c2)cc1,22.0,microL/min/mg,Stability,=,Metabolic stability in human liver microsomes at 1 uM after 30 mins,A,1,CHEMBL3085750,Scientific Literature,microsome,Cc1nccn1-c1ccc(NS(=O)(=O)c2cc(Cl)cc(Cl)c2)cc1
CHEMBL3087351,O=S(=O)(Nc1ccc(-c2cc[nH]n2)cc1)c1cc(Cl)cc(Cl)c1,384.0,microL/min/mg,Stability,=,Metabolic stability in human liver microsomes at 1 uM after 30 mins,A,1,CHEMBL3085750,Scientific Literature,microsome,O=S(=O)(Nc1ccc(-c2cc[nH]n2)cc1)c1cc(Cl)cc(Cl)c1
CHEMBL3087349,O=S(=O)(Nc1ccc(-c2nnco2)cc1)c1cc(Cl)cc(Cl)c1,94.0,microL/min/mg,Stability,=,Metabolic stability in human liver microsomes at 1 uM after 30 mins,A,1,CHEMBL3085750,Scientific Literature,microsome,O=S(=O)(Nc1ccc(-c2nnco2)cc1)c1cc(Cl)cc(Cl)c1
CHEMBL3087347,O=S(=O)(Nc1ccc(-c2cnco2)cc1)c1cc(Cl)cc(Cl)c1,32.0,microL/min/mg,Stability,=,Metabolic stability in human liver microsomes at 1 uM after 30 mins,A,1,CHEMBL3085750,Scientific Literature,microsome,O=S(=O)(Nc1ccc(-c2cnco2)cc1)c1cc(Cl)cc(Cl)c1
CHEMBL3099950,NC(=O)Nc1ccc(F)cc1OC[C@@H](O)CN1CCC2(CC1)Cc1cc(Cl)ccc1O2,17.0,microL/min/mg,Stability,=,Metabolic stability in human liver microsomes,A,1,CHEMBL3098005,Scientific Literature,microsome,NC(=O)Nc1ccc(F)cc1OC[C@@H](O)CN1CCC2(CC1)Cc1cc(Cl)ccc1O2
CHEMBL3099949,NC(=O)Nc1ccccc1OC[C@@H](O)CN1CCC2(CC1)Cc1cc(Cl)ccc1O2,21.5,microL/min/mg,Stability,=,Metabolic stability in human liver microsomes,A,1,CHEMBL3098005,Scientific Literature,microsome,NC(=O)Nc1ccccc1OC[C@@H](O)CN1CCC2(CC1)Cc1cc(Cl)ccc1O2
CHEMBL3099947,O=C(Nc1ccc(O)cc1OC[C@@H](O)CN1CCC2(CC1)Cc1cc(F)ccc1O2)NC1CC1,15.1,microL/min/mg,Stability,=,Metabolic stability in human liver microsomes,A,1,CHEMBL3098005,Scientific Literature,microsome,O=C(Nc1ccc(O)cc1OC[C@@H](O)CN1CCC2(CC1)Cc1cc(F)ccc1O2)NC1CC1
CHEMBL3099946,COc1ccc(NC(=O)NC2CC2)c(OC[C@@H](O)CN2CCC3(CC2)Cc2cc(F)ccc2O3)c1,133.0,microL/min/mg,Stability,=,Metabolic stability in human liver microsomes,A,1,CHEMBL3098005,Scientific Literature,microsome,COc1ccc(NC(=O)NC2CC2)c(OC[C@@H](O)CN2CCC3(CC2)Cc2cc(F)ccc2O3)c1
CHEMBL3099944,COc1ccc(NC(=O)NC2CC2)c(OC[C@@H](O)CN2CCC3(CC2)Cc2cc(Cl)ccc2O3)c1,114.0,microL/min/mg,Stability,=,Metabolic stability in human liver microsomes,A,1,CHEMBL3098005,Scientific Literature,microsome,COc1ccc(NC(=O)NC2CC2)c(OC[C@@H](O)CN2CCC3(CC2)Cc2cc(Cl)ccc2O3)c1
CHEMBL3099941,CNC(=O)Nc1ccc(OC)cc1OC[C@@H](O)CN1CCC2(CC1)Cc1cc(Cl)ccc1O2,71.2,microL/min/mg,Stability,=,Metabolic stability in human liver microsomes,A,1,CHEMBL3098005,Scientific Literature,microsome,CNC(=O)Nc1ccc(OC)cc1OC[C@@H](O)CN1CCC2(CC1)Cc1cc(Cl)ccc1O2
CHEMBL3099960,CNC(=O)Nc1ccc(OC)cc1OC[C@@H](O)CN1CCC2(CC1)Cc1cc(F)ccc1O2,87.9,microL/min/mg,Stability,=,Metabolic stability in human liver microsomes,A,1,CHEMBL3098005,Scientific Literature,microsome,CNC(=O)Nc1ccc(OC)cc1OC[C@@H](O)CN1CCC2(CC1)Cc1cc(F)ccc1O2
CHEMBL3099955,Cc1cc2c(OC[C@@H](O)CN3CCC4(CC3)Cc3cc(Cl)ccc3O4)cccc2o1,15.0,microL/min/mg,Stability,=,Metabolic stability in human liver microsomes,A,1,CHEMBL3098005,Scientific Literature,microsome,Cc1cc2c(OC[C@@H](O)CN3CCC4(CC3)Cc3cc(Cl)ccc3O4)cccc2o1
CHEMBL3099953,O=c1ccc2cccc(OC[C@@H](O)CN3CCC4(CC3)Cc3cc(Cl)ccc3O4)c2[nH]1,12.5,microL/min/mg,Stability,=,Metabolic stability in human liver microsomes,A,1,CHEMBL3098005,Scientific Literature,microsome,O=c1ccc2cccc(OC[C@@H](O)CN3CCC4(CC3)Cc3cc(Cl)ccc3O4)c2[nH]1
CHEMBL3099952,O=C1CCc2cccc(OC[C@@H](O)CN3CCC4(CC3)Cc3cc(Cl)ccc3O4)c2N1,65.0,microL/min/mg,Stability,=,Metabolic stability in human liver microsomes,A,1,CHEMBL3098005,Scientific Literature,microsome,O=C1CCc2cccc(OC[C@@H](O)CN3CCC4(CC3)Cc3cc(Cl)ccc3O4)c2N1
CHEMBL3099951,O=C1COc2cccc(OC[C@@H](O)CN3CCC4(CC3)Cc3cc(Cl)ccc3O4)c2N1,33.7,microL/min/mg,Stability,=,Metabolic stability in human liver microsomes,A,1,CHEMBL3098005,Scientific Literature,microsome,O=C1COc2cccc(OC[C@@H](O)CN3CCC4(CC3)Cc3cc(Cl)ccc3O4)c2N1
CHEMBL1683934,O=C(Nc1ccccc1-c1ccccc1)OC1CCN(CCCCCCCCCNC[C@H](O)c2ccc(O)c3[nH]c(=O)ccc23)CC1,9.0,microL/min/mg,Drug metabolism,=,Drug metabolism of the compound in human liver microsomes assessed as glucuronidation in absence of NADPH and presence of microsomal activator Brij58 and UDPGA,A,1,CHEMBL3217601,Scientific Literature,microsome,O=C(Nc1ccccc1-c1ccccc1)OC1CCN(CCCCCCCCCNC[C@H](O)c2ccc(O)c3[nH]c(=O)ccc23)CC1
CHEMBL3219032,CS(=O)(=O)Nc1cc([C@@H](O)CNCCCCCCCCCN2CCC(OC(=O)Nc3ccccc3-c3ccc(O)cc3)CC2)ccc1O,4.0,microL/min/mg,Drug metabolism,=,Drug metabolism of the compound in human liver microsomes assessed as glucuronidation in absence of NADPH and presence of microsomal activator Brij58 and UDPGA,A,1,CHEMBL3217601,Scientific Literature,microsome,CS(=O)(=O)Nc1cc([C@@H](O)CNCCCCCCCCCN2CCC(OC(=O)Nc3ccccc3-c3ccc(O)cc3)CC2)ccc1O
CHEMBL3219037,CS(=O)(=O)Nc1cc([C@@H](O)CNCCCCCCCCCN2CCC(OC(=O)Nc3ccccc3-c3cc(C#N)ccc3O)CC2)ccc1O,3.7,microL/min/mg,Drug metabolism,=,Drug metabolism of the compound in human liver microsomes assessed as glucuronidation in absence of NADPH and presence of microsomal activator Brij58 and UDPGA,A,1,CHEMBL3217601,Scientific Literature,microsome,CS(=O)(=O)Nc1cc([C@@H](O)CNCCCCCCCCCN2CCC(OC(=O)Nc3ccccc3-c3cc(C#N)ccc3O)CC2)ccc1O
CHEMBL3219039,CS(=O)(=O)Nc1cc([C@@H](O)CNCCCCCCCCCN2CCC(OC(=O)Nc3ccccc3-c3cc(O)cc(F)c3)CC2)ccc1O,4.0,microL/min/mg,Drug metabolism,=,Drug metabolism of the compound in human liver microsomes assessed as glucuronidation in absence of NADPH and presence of microsomal activator Brij58 and UDPGA,A,1,CHEMBL3217601,Scientific Literature,microsome,CS(=O)(=O)Nc1cc([C@@H](O)CNCCCCCCCCCN2CCC(OC(=O)Nc3ccccc3-c3cc(O)cc(F)c3)CC2)ccc1O
CHEMBL3219040,CS(=O)(=O)Nc1cc([C@@H](O)CNCCCCCCCCCN2CCC(OC(=O)Nc3ccccc3-c3ccc(O)c(F)c3)CC2)ccc1O,30.0,microL/min/mg,Drug metabolism,=,Drug metabolism of the compound in human liver microsomes assessed as glucuronidation in absence of NADPH and presence of microsomal activator Brij58 and UDPGA,A,1,CHEMBL3217601,Scientific Literature,microsome,CS(=O)(=O)Nc1cc([C@@H](O)CNCCCCCCCCCN2CCC(OC(=O)Nc3ccccc3-c3ccc(O)c(F)c3)CC2)ccc1O
CHEMBL3219041,CS(=O)(=O)Nc1cc([C@@H](O)CNCCCCCCCCCN2CCC(OC(=O)Nc3ccccc3-c3cc(F)c(O)cc3F)CC2)ccc1O,90.0,microL/min/mg,Drug metabolism,=,Drug metabolism of the compound in human liver microsomes assessed as glucuronidation in absence of NADPH and presence of microsomal activator Brij58 and UDPGA,A,1,CHEMBL3217601,Scientific Literature,microsome,CS(=O)(=O)Nc1cc([C@@H](O)CNCCCCCCCCCN2CCC(OC(=O)Nc3ccccc3-c3cc(F)c(O)cc3F)CC2)ccc1O
CHEMBL3219042,CS(=O)(=O)Nc1cc([C@@H](O)CNCCCCCCCCCN2CCC(OC(=O)Nc3ccccc3-c3ccc(O)c(Cl)c3)CC2)ccc1O,24.0,microL/min/mg,Drug metabolism,=,Drug metabolism of the compound in human liver microsomes assessed as glucuronidation in absence of NADPH and presence of microsomal activator Brij58 and UDPGA,A,1,CHEMBL3217601,Scientific Literature,microsome,CS(=O)(=O)Nc1cc([C@@H](O)CNCCCCCCCCCN2CCC(OC(=O)Nc3ccccc3-c3ccc(O)c(Cl)c3)CC2)ccc1O
CHEMBL3219043,Cc1ccc(NC(=O)OC2CCN(CCCCCCCCCNC[C@H](O)c3ccc(O)c(NS(C)(=O)=O)c3)CC2)c(-c2ccc(O)c(Cl)c2)c1,19.0,microL/min/mg,Drug metabolism,=,Drug metabolism of the compound in human liver microsomes assessed as glucuronidation in absence of NADPH and presence of microsomal activator Brij58 and UDPGA,A,1,CHEMBL3217601,Scientific Literature,microsome,Cc1ccc(NC(=O)OC2CCN(CCCCCCCCCNC[C@H](O)c3ccc(O)c(NS(C)(=O)=O)c3)CC2)c(-c2ccc(O)c(Cl)c2)c1
CHEMBL3219044,Cc1ccc(-c2ccc(O)c(Cl)c2)c(NC(=O)OC2CCN(CCCCCCCCCNC[C@H](O)c3ccc(O)c(NS(C)(=O)=O)c3)CC2)c1,6.0,microL/min/mg,Drug metabolism,=,Drug metabolism of the compound in human liver microsomes assessed as glucuronidation in absence of NADPH and presence of microsomal activator Brij58 and UDPGA,A,1,CHEMBL3217601,Scientific Literature,microsome,Cc1ccc(-c2ccc(O)c(Cl)c2)c(NC(=O)OC2CCN(CCCCCCCCCNC[C@H](O)c3ccc(O)c(NS(C)(=O)=O)c3)CC2)c1
CHEMBL3219045,Cc1cc(C)c(NC(=O)OC2CCN(CCCCCCCCCNC[C@H](O)c3ccc(O)c(NS(C)(=O)=O)c3)CC2)c(-c2ccc(O)c(Cl)c2)c1,32.0,microL/min/mg,Drug metabolism,=,Drug metabolism of the compound in human liver microsomes assessed as glucuronidation in absence of NADPH and presence of microsomal activator Brij58 and UDPGA,A,1,CHEMBL3217601,Scientific Literature,microsome,Cc1cc(C)c(NC(=O)OC2CCN(CCCCCCCCCNC[C@H](O)c3ccc(O)c(NS(C)(=O)=O)c3)CC2)c(-c2ccc(O)c(Cl)c2)c1
CHEMBL3219046,CS(=O)(=O)Nc1cc([C@@H](O)CNCCCCCCCCCN2CCC(OC(=O)Nc3ccc(F)cc3-c3ccc(O)c(Cl)c3)CC2)ccc1O,17.0,microL/min/mg,Drug metabolism,=,Drug metabolism of the compound in human liver microsomes assessed as glucuronidation in absence of NADPH and presence of microsomal activator Brij58 and UDPGA,A,1,CHEMBL3217601,Scientific Literature,microsome,CS(=O)(=O)Nc1cc([C@@H](O)CNCCCCCCCCCN2CCC(OC(=O)Nc3ccc(F)cc3-c3ccc(O)c(Cl)c3)CC2)ccc1O
CHEMBL3219047,CS(=O)(=O)Nc1cc([C@@H](O)CNCCCCCCCCCN2CCC(OC(=O)Nc3cc(F)ccc3-c3ccc(O)c(Cl)c3)CC2)ccc1O,6.0,microL/min/mg,Drug metabolism,=,Drug metabolism of the compound in human liver microsomes assessed as glucuronidation in absence of NADPH and presence of microsomal activator Brij58 and UDPGA,A,1,CHEMBL3217601,Scientific Literature,microsome,CS(=O)(=O)Nc1cc([C@@H](O)CNCCCCCCCCCN2CCC(OC(=O)Nc3cc(F)ccc3-c3ccc(O)c(Cl)c3)CC2)ccc1O
CHEMBL3219048,CS(=O)(=O)Nc1cc([C@@H](O)CNCCCCCCCCN2CCC(OC(=O)Nc3ccccc3-c3ccc(O)c(Cl)c3)CC2)ccc1O,24.0,microL/min/mg,Drug metabolism,=,Drug metabolism of the compound in human liver microsomes assessed as glucuronidation in absence of NADPH and presence of microsomal activator Brij58 and UDPGA,A,1,CHEMBL3217601,Scientific Literature,microsome,CS(=O)(=O)Nc1cc([C@@H](O)CNCCCCCCCCN2CCC(OC(=O)Nc3ccccc3-c3ccc(O)c(Cl)c3)CC2)ccc1O
CHEMBL3219049,CS(=O)(=O)Nc1cc([C@@H](O)CNCCCCCCCCCCN2CCC(OC(=O)Nc3ccccc3-c3ccc(O)c(Cl)c3)CC2)ccc1O,22.0,microL/min/mg,Drug metabolism,=,Drug metabolism of the compound in human liver microsomes assessed as glucuronidation in absence of NADPH and presence of microsomal activator Brij58 and UDPGA,A,1,CHEMBL3217601,Scientific Literature,microsome,CS(=O)(=O)Nc1cc([C@@H](O)CNCCCCCCCCCCN2CCC(OC(=O)Nc3ccccc3-c3ccc(O)c(Cl)c3)CC2)ccc1O
CHEMBL3219050,CS(=O)(=O)Nc1cc([C@@H](O)CNCCCCCCCCCCCN2CCC(OC(=O)Nc3ccccc3-c3ccc(O)c(Cl)c3)CC2)ccc1O,16.0,microL/min/mg,Drug metabolism,=,Drug metabolism of the compound in human liver microsomes assessed as glucuronidation in absence of NADPH and presence of microsomal activator Brij58 and UDPGA,A,1,CHEMBL3217601,Scientific Literature,microsome,CS(=O)(=O)Nc1cc([C@@H](O)CNCCCCCCCCCCCN2CCC(OC(=O)Nc3ccccc3-c3ccc(O)c(Cl)c3)CC2)ccc1O
CHEMBL3219051,CS(=O)(=O)Nc1cc([C@@H](O)CNCCCCCCCCCN2CC[C@@H](OC(=O)Nc3ccccc3-c3ccc(O)c(Cl)c3)C2)ccc1O,51.0,microL/min/mg,Drug metabolism,=,Drug metabolism of the compound in human liver microsomes assessed as glucuronidation in absence of NADPH and presence of microsomal activator Brij58 and UDPGA,A,1,CHEMBL3217601,Scientific Literature,microsome,CS(=O)(=O)Nc1cc([C@@H](O)CNCCCCCCCCCN2CC[C@@H](OC(=O)Nc3ccccc3-c3ccc(O)c(Cl)c3)C2)ccc1O
CHEMBL3219052,CS(=O)(=O)Nc1cc([C@@H](O)CNCCCCCCCCCN2C[C@H]3C[C@@]3(COC(=O)Nc3ccccc3-c3ccc(O)c(Cl)c3)C2)ccc1O,28.0,microL/min/mg,Drug metabolism,=,Drug metabolism of the compound in human liver microsomes assessed as glucuronidation in absence of NADPH and presence of microsomal activator Brij58 and UDPGA,A,1,CHEMBL3217601,Scientific Literature,microsome,CS(=O)(=O)Nc1cc([C@@H](O)CNCCCCCCCCCN2C[C@H]3C[C@@]3(COC(=O)Nc3ccccc3-c3ccc(O)c(Cl)c3)C2)ccc1O
CHEMBL3219053,CS(=O)(=O)Nc1cc([C@@H](O)CNCCCCCCCCCN2C[C@@H]3[C@@H](COC(=O)Nc4ccccc4-c4ccc(O)c(Cl)c4)[C@@H]3C2)ccc1O,13.0,microL/min/mg,Drug metabolism,=,Drug metabolism of the compound in human liver microsomes assessed as glucuronidation in absence of NADPH and presence of microsomal activator Brij58 and UDPGA,A,1,CHEMBL3217601,Scientific Literature,microsome,CS(=O)(=O)Nc1cc([C@@H](O)CNCCCCCCCCCN2C[C@@H]3[C@@H](COC(=O)Nc4ccccc4-c4ccc(O)c(Cl)c4)[C@@H]3C2)ccc1O
CHEMBL3219054,CS(=O)(=O)Nc1cc([C@@H](O)CNCCCCCCCCCN2C3CCC2CC(OC(=O)Nc2ccccc2-c2ccc(O)c(Cl)c2)C3)ccc1O,7.8,microL/min/mg,Drug metabolism,=,Drug metabolism of the compound in human liver microsomes assessed as glucuronidation in absence of NADPH and presence of microsomal activator Brij58 and UDPGA,A,1,CHEMBL3217601,Scientific Literature,microsome,CS(=O)(=O)Nc1cc([C@@H](O)CNCCCCCCCCCN2C3CCC2CC(OC(=O)Nc2ccccc2-c2ccc(O)c(Cl)c2)C3)ccc1O
CHEMBL3219055,CS(=O)(=O)Nc1cc([C@@H](O)CNCCc2ccc(OCCN3CCC(OC(=O)Nc4ccccc4-c4ccc(O)c(Cl)c4)CC3)cc2)ccc1O,48.0,microL/min/mg,Drug metabolism,=,Drug metabolism of the compound in human liver microsomes assessed as glucuronidation in absence of NADPH and presence of microsomal activator Brij58 and UDPGA,A,1,CHEMBL3217601,Scientific Literature,microsome,CS(=O)(=O)Nc1cc([C@@H](O)CNCCc2ccc(OCCN3CCC(OC(=O)Nc4ccccc4-c4ccc(O)c(Cl)c4)CC3)cc2)ccc1O
CHEMBL3219056,CS(=O)(=O)Nc1cc([C@@H](O)CNCCc2ccc(OCCCN3CCC(OC(=O)Nc4ccccc4-c4ccc(O)c(Cl)c4)CC3)cc2)ccc1O,29.0,microL/min/mg,Drug metabolism,=,Drug metabolism of the compound in human liver microsomes assessed as glucuronidation in absence of NADPH and presence of microsomal activator Brij58 and UDPGA,A,1,CHEMBL3217601,Scientific Literature,microsome,CS(=O)(=O)Nc1cc([C@@H](O)CNCCc2ccc(OCCCN3CCC(OC(=O)Nc4ccccc4-c4ccc(O)c(Cl)c4)CC3)cc2)ccc1O
CHEMBL3629353,O=C(Nc1ccccc1-c1ccc(O)c(Cl)c1)OC1CCN(CCCCCCCCCNC[C@H](O)c2ccc(O)c3[nH]c(=O)ccc23)CC1,24.0,microL/min/mg,Drug metabolism,=,"Drug metabolism in human liver microsomes assessed as glucuronidation in absence of NADPH and presence of microsomal activator Brij58, UDPGA",A,1,CHEMBL3627605,Scientific Literature,microsome,O=C(Nc1ccccc1-c1ccc(O)c(Cl)c1)OC1CCN(CCCCCCCCCNC[C@H](O)c2ccc(O)c3[nH]c(=O)ccc23)CC1
CHEMBL3629358,O=c1ccc2c([C@@H](O)CNCCCCCCCCCN3CCC(Cn4cnc(C(O)(c5ccccc5)C5CCCCC5)n4)CC3)ccc(O)c2[nH]1,3.2,microL/min/mg,Drug metabolism,=,"Drug metabolism in human liver microsomes assessed as glucuronidation in absence of NADPH and presence of microsomal activator Brij58, UDPGA",A,1,CHEMBL3627605,Scientific Literature,microsome,O=c1ccc2c([C@@H](O)CNCCCCCCCCCN3CCC(Cn4cnc(C(O)(c5ccccc5)C5CCCCC5)n4)CC3)ccc(O)c2[nH]1
CHEMBL3629359,O=c1ccc2c([C@@H](O)CNCCCCCCCCCN3CCC(Cn4cnc([C@](O)(c5ccccc5)C5CCCCC5)n4)CC3)ccc(O)c2[nH]1,4.0,microL/min/mg,Drug metabolism,=,"Drug metabolism in human liver microsomes assessed as glucuronidation in absence of NADPH and presence of microsomal activator Brij58, UDPGA",A,1,CHEMBL3627605,Scientific Literature,microsome,O=c1ccc2c([C@@H](O)CNCCCCCCCCCN3CCC(Cn4cnc([C@](O)(c5ccccc5)C5CCCCC5)n4)CC3)ccc(O)c2[nH]1
CHEMBL3629360,O=c1ccc2c([C@@H](O)CNCCc3ccc(CCN4CCC(Cn5cnc([C@](O)(c6ccccc6)C6CCCCC6)n5)CC4)cc3)ccc(O)c2[nH]1,9.0,microL/min/mg,Drug metabolism,=,"Drug metabolism in human liver microsomes assessed as glucuronidation in absence of NADPH and presence of microsomal activator Brij58, UDPGA",A,1,CHEMBL3627605,Scientific Literature,microsome,O=c1ccc2c([C@@H](O)CNCCc3ccc(CCN4CCC(Cn5cnc([C@](O)(c6ccccc6)C6CCCCC6)n5)CC4)cc3)ccc(O)c2[nH]1
CHEMBL4062946,C=CC(=O)N1CCC[C@@H](Nc2ncnc3[nH]ccc23)C1,8.0,microL/min/mg,Stability,=,Stability in human liver microsomes,A,1,CHEMBL4004825,Scientific Literature,microsome,C=CC(=O)N1CCC[C@@H](Nc2ncnc3[nH]ccc23)C1
CHEMBL4064018,C=CC(=O)N1CC[C@H]2CCN(c3ncnc4[nH]ccc34)[C@H]2C1,12.2,microL/min/mg,Stability,=,Stability in human liver microsomes,A,1,CHEMBL4004825,Scientific Literature,microsome,C=CC(=O)N1CC[C@H]2CCN(c3ncnc4[nH]ccc34)[C@H]2C1
CHEMBL4085457,C=CC(=O)N1C[C@H](Nc2ncnc3[nH]ccc23)CC[C@@H]1C,8.0,microL/min/mg,Stability,=,Stability in human liver microsomes,A,1,CHEMBL4004825,Scientific Literature,microsome,C=CC(=O)N1C[C@H](Nc2ncnc3[nH]ccc23)CC[C@@H]1C
CHEMBL4060271,Cc1c(N2CC[C@](C)(O)[C@@H]2C)ccc(C#N)c1Cl,24.0,microL/min/mg,Stability,=,Metabolic stability in human liver microsomes at 1 uM after 20 mins in presence of NADPH by HPLC analysis,A,1,CHEMBL4011613,Scientific Literature,microsome,Cc1c(N2CC[C@](C)(O)[C@@H]2C)ccc(C#N)c1Cl
CHEMBL4090028,Cc1c(N2CC[C@H](O)[C@@H]2C)ccc(C#N)c1Cl,67.0,microL/min/mg,Stability,=,Metabolic stability in human liver microsomes at 1 uM after 20 mins in presence of NADPH by HPLC analysis,A,1,CHEMBL4011613,Scientific Literature,microsome,Cc1c(N2CC[C@H](O)[C@@H]2C)ccc(C#N)c1Cl
CHEMBL4075976,CN1C(=O)[C@@H](N2CCc3c(nn(Cc4ccccc4)c3Cl)C2=O)COc2ccccc21,101.0,microL/min/mg,Stability,=,Metabolic stability in human liver microsomes,A,1,CHEMBL4020836,Scientific Literature,microsome,CN1C(=O)[C@@H](N2CCc3c(nn(Cc4ccccc4)c3Cl)C2=O)COc2ccccc21
CHEMBL4061975,CN1C(=O)[C@@H](N2CCc3c(nn(Cc4ccccc4)c3Cl)C2=O)COc2ccc(C#N)cc21,27.0,microL/min/mg,Stability,=,Metabolic stability in human liver microsomes,A,1,CHEMBL4020836,Scientific Literature,microsome,CN1C(=O)[C@@H](N2CCc3c(nn(Cc4ccccc4)c3Cl)C2=O)COc2ccc(C#N)cc21
CHEMBL4069537,CNC(=O)c1ccc2c(c1)OC[C@H](N1CCc3c(nn(Cc4ccccc4)c3Cl)C1=O)C(=O)N2C,13.0,microL/min/mg,Stability,=,Metabolic stability in human liver microsomes,A,1,CHEMBL4020836,Scientific Literature,microsome,CNC(=O)c1ccc2c(c1)OC[C@H](N1CCc3c(nn(Cc4ccccc4)c3Cl)C1=O)C(=O)N2C
CHEMBL4073321,CN(C)C(=O)c1ccc2c(c1)OC[C@H](N1CCc3c(nn(Cc4ccccc4)c3Cl)C1=O)C(=O)N2C,19.0,microL/min/mg,Stability,=,Metabolic stability in human liver microsomes,A,1,CHEMBL4020836,Scientific Literature,microsome,CN(C)C(=O)c1ccc2c(c1)OC[C@H](N1CCc3c(nn(Cc4ccccc4)c3Cl)C1=O)C(=O)N2C
CHEMBL4070383,C[C@H]1[C@H](c2ccc(F)cc2)OC(=O)N1c1cccc(C#N)c1,0.0,ml/min/mg,Stability,=,Metabolic stability in human liver microsomes,A,1,CHEMBL4024749,Scientific Literature,microsome,C[C@H]1[C@H](c2ccc(F)cc2)OC(=O)N1c1cccc(C#N)c1
CHEMBL4073142,C[C@@H]1[C@H](c2ccc(F)cc2)OC(=O)N1c1cccc(C#N)c1,21.0,ml/min/mg,Stability,=,Metabolic stability in human liver microsomes,A,1,CHEMBL4024749,Scientific Literature,microsome,C[C@@H]1[C@H](c2ccc(F)cc2)OC(=O)N1c1cccc(C#N)c1
CHEMBL4062788,CC1(C)C(c2ccc(F)cc2)OC(=O)N1c1cccc(C#N)c1,0.0,ml/min/mg,Stability,=,Metabolic stability in human liver microsomes,A,1,CHEMBL4024749,Scientific Literature,microsome,CC1(C)C(c2ccc(F)cc2)OC(=O)N1c1cccc(C#N)c1
CHEMBL4066595,N#Cc1cccc(N2C[C@H](c3ccc(F)cc3)OC2=O)c1,4.0,ml/min/mg,Stability,=,Metabolic stability in human liver microsomes,A,1,CHEMBL4024749,Scientific Literature,microsome,N#Cc1cccc(N2C[C@H](c3ccc(F)cc3)OC2=O)c1
CHEMBL4087912,N#Cc1cccc(N2CC(c3ccc(F)cc3)OC2=O)c1,0.0,ml/min/mg,Stability,=,Metabolic stability in human liver microsomes,A,1,CHEMBL4024749,Scientific Literature,microsome,N#Cc1cccc(N2CC(c3ccc(F)cc3)OC2=O)c1
CHEMBL4104260,O=C1OC(c2ccc(F)cc2)CN1c1cccc(Cl)c1,72.0,ml/min/mg,Stability,=,Metabolic stability in human liver microsomes,A,1,CHEMBL4024749,Scientific Literature,microsome,O=C1OC(c2ccc(F)cc2)CN1c1cccc(Cl)c1
CHEMBL4080025,O=C1OC(c2ccc(F)cc2)CN1c1cccc(F)c1,81.0,ml/min/mg,Stability,=,Metabolic stability in human liver microsomes,A,1,CHEMBL4024749,Scientific Literature,microsome,O=C1OC(c2ccc(F)cc2)CN1c1cccc(F)c1
CHEMBL4085437,O=C1OC(c2ccc(F)cc2)CN1c1ccccc1,45.0,ml/min/mg,Stability,=,Metabolic stability in human liver microsomes,A,1,CHEMBL4024749,Scientific Literature,microsome,O=C1OC(c2ccc(F)cc2)CN1c1ccccc1
CHEMBL4060775,COc1cccc(N2CC(c3ccc(F)cc3)OC2=O)c1,201.0,ml/min/mg,Stability,=,Metabolic stability in human liver microsomes,A,1,CHEMBL4024749,Scientific Literature,microsome,COc1cccc(N2CC(c3ccc(F)cc3)OC2=O)c1
CHEMBL4073202,C[C@@H](COc1cnc(-c2ccc(Oc3cccc(OCC4CC4)c3)cc2)o1)NC(N)=O,47.0,microL/min/mg,Stability,=,Metabolic stability in human liver microsomes,A,1,CHEMBL4024776,Scientific Literature,microsome,C[C@@H](COc1cnc(-c2ccc(Oc3cccc(OCC4CC4)c3)cc2)o1)NC(N)=O
CHEMBL4082756,Cc1cc(-n2nc(Cc3cc(F)cc(C(F)(F)F)c3)nc2C)ccc1C(N)=O,17.0,microL/min/mg,Stability,=,Metabolic stability in human liver microsomes at 1 uM after 15 to 30 mins in presence of NADPH by LC/MS/MS analysis,A,1,CHEMBL4033652,Scientific Literature,microsome,Cc1cc(-n2nc(Cc3cc(F)cc(C(F)(F)F)c3)nc2C)ccc1C(N)=O
CHEMBL3114577,NCC(=O)Nc1cncc(-c2nn3c(=O)cc(N4CCNCC4)nc3s2)c1,23.2,microL/min/mg,Stability,=,Stability of the compound in human microsomes,A,1,CHEMBL4049383,Scientific Literature,microsome,NCC(=O)Nc1cncc(-c2nn3c(=O)cc(N4CCNCC4)nc3s2)c1
CHEMBL1472460,NCC(=O)Nc1cccc(-c2nn3c(=O)cc(N4CCNCC4)nc3s2)c1,-1.16,microL/min/mg,Stability,=,Stability of the compound in human microsomes,A,1,CHEMBL4049383,Scientific Literature,microsome,NCC(=O)Nc1cccc(-c2nn3c(=O)cc(N4CCNCC4)nc3s2)c1
CHEMBL4082092,N#CC1(c2ccc(Cl)cc2)CCN(c2ccc(-c3nc(CO)no3)nn2)CC1,-14.0,microL/min/mg,Stability,=,Stability in human liver microsomes,A,1,CHEMBL4052653,Scientific Literature,microsome,N#CC1(c2ccc(Cl)cc2)CCN(c2ccc(-c3nc(CO)no3)nn2)CC1
CHEMBL4100103,N#CC1(c2ccc([N+](=O)[O-])cc2)CCN(c2ccc(-c3nc(CO)no3)nn2)CC1,6.0,microL/min/mg,Stability,=,Stability in human liver microsomes,A,1,CHEMBL4052653,Scientific Literature,microsome,N#CC1(c2ccc([N+](=O)[O-])cc2)CCN(c2ccc(-c3nc(CO)no3)nn2)CC1
CHEMBL4071569,CC(C)(C)c1ccc(C2(C#N)CCN(c3ccc(-c4nc(CO)no4)nn3)CC2)cc1,0.0,microL/min/mg,Stability,=,Stability in human liver microsomes,A,1,CHEMBL4052653,Scientific Literature,microsome,CC(C)(C)c1ccc(C2(C#N)CCN(c3ccc(-c4nc(CO)no4)nn3)CC2)cc1
CHEMBL4092350,N#CC1(c2ccc(OC(F)(F)F)cc2)CCN(c2ccc(-c3nc(CO)no3)nn2)CC1,-12.0,microL/min/mg,Stability,=,Stability in human liver microsomes,A,1,CHEMBL4052653,Scientific Literature,microsome,N#CC1(c2ccc(OC(F)(F)F)cc2)CCN(c2ccc(-c3nc(CO)no3)nn2)CC1
CHEMBL4097690,N#CC1(c2ccc(C(F)(F)F)cc2)CCN(c2ccc(-c3nc(CO)no3)nn2)CC1,2.0,microL/min/mg,Stability,=,Stability in human liver microsomes,A,1,CHEMBL4052653,Scientific Literature,microsome,N#CC1(c2ccc(C(F)(F)F)cc2)CCN(c2ccc(-c3nc(CO)no3)nn2)CC1
CHEMBL4070522,N#CC1(c2ccc(S(F)(F)(F)(F)F)cc2)CCN(c2ccc(-c3nc(CO)no3)nn2)CC1,7.0,microL/min/mg,Stability,=,Stability in human liver microsomes,A,1,CHEMBL4052653,Scientific Literature,microsome,N#CC1(c2ccc(S(F)(F)(F)(F)F)cc2)CCN(c2ccc(-c3nc(CO)no3)nn2)CC1
CHEMBL4104190,OCc1noc(-c2ccc(N3CCC(c4ccc(C(F)(F)F)cc4)(C(F)(F)F)CC3)nn2)n1,20.0,microL/min/mg,Stability,=,Stability in human liver microsomes,A,1,CHEMBL4052653,Scientific Literature,microsome,OCc1noc(-c2ccc(N3CCC(c4ccc(C(F)(F)F)cc4)(C(F)(F)F)CC3)nn2)n1
CHEMBL4086275,OCc1nnc(-c2ccc(N3CCC(c4ccc(C(F)(F)F)cc4)(C(F)(F)F)CC3)nn2)o1,14.0,microL/min/mg,Stability,=,Stability in human liver microsomes,A,1,CHEMBL4052653,Scientific Literature,microsome,OCc1nnc(-c2ccc(N3CCC(c4ccc(C(F)(F)F)cc4)(C(F)(F)F)CC3)nn2)o1
CHEMBL4066506,OCc1nsc(-c2ccc(N3CCC(c4ccc(C(F)(F)F)cc4)(C(F)(F)F)CC3)nn2)n1,10.0,microL/min/mg,Stability,=,Stability in human liver microsomes,A,1,CHEMBL4052653,Scientific Literature,microsome,OCc1nsc(-c2ccc(N3CCC(c4ccc(C(F)(F)F)cc4)(C(F)(F)F)CC3)nn2)n1
CHEMBL4094042,OCc1nnc(-c2ccc(N3CCC(c4ccc(C(F)(F)F)cc4)(C(F)(F)F)CC3)nn2)s1,-16.0,microL/min/mg,Stability,=,Stability in human liver microsomes,A,1,CHEMBL4052653,Scientific Literature,microsome,OCc1nnc(-c2ccc(N3CCC(c4ccc(C(F)(F)F)cc4)(C(F)(F)F)CC3)nn2)s1
CHEMBL4217118,O=C(NCC(Cc1ccccc1)N1CCN(c2ccccn2)CC1)C1(c2ccc(Cl)cc2)CCCC1,312.0,microL/min/mg,Stability,=,Stability in human liver microsomes assessed as metabolic turnover number at 10 uM after 15 mins by LC-MS/UV analysis,A,1,CHEMBL4190175,Scientific Literature,microsome,O=C(NCC(Cc1ccccc1)N1CCN(c2ccccn2)CC1)C1(c2ccc(Cl)cc2)CCCC1
CHEMBL4203966,CN1CCC(CC(CNC(=O)C2(c3ccc(Cl)cc3)CCCC2)N2CCC(O)(C(F)(F)F)CC2)CC1,42.0,microL/min/mg,Stability,=,Stability in human liver microsomes assessed as metabolic turnover number at 10 uM after 15 mins by LC-MS/UV analysis,A,1,CHEMBL4190175,Scientific Literature,microsome,CN1CCC(CC(CNC(=O)C2(c3ccc(Cl)cc3)CCCC2)N2CCC(O)(C(F)(F)F)CC2)CC1
CHEMBL4216307,O=C(NCC(Cc1ccccc1)N1CCC(O)(C(F)(F)F)CC1)C1(C(F)(F)F)CC1,149.0,microL/min/mg,Stability,=,Stability in human liver microsomes assessed as metabolic turnover number at 10 uM after 15 mins by LC-MS/UV analysis,A,1,CHEMBL4190175,Scientific Literature,microsome,O=C(NCC(Cc1ccccc1)N1CCC(O)(C(F)(F)F)CC1)C1(C(F)(F)F)CC1
CHEMBL4204640,Cc1nc(C(=O)NCC(Cc2ccccc2)N2CCC(O)(C(F)(F)F)CC2)c(C(F)(F)F)o1,146.0,microL/min/mg,Stability,=,Stability in human liver microsomes assessed as metabolic turnover number at 10 uM after 15 mins by LC-MS/UV analysis,A,1,CHEMBL4190175,Scientific Literature,microsome,Cc1nc(C(=O)NCC(Cc2ccccc2)N2CCC(O)(C(F)(F)F)CC2)c(C(F)(F)F)o1
CHEMBL4212575,CC(C)(C(=O)NCC(Cc1ccccc1)N1CCC(O)(C(F)(F)F)CC1)C(F)(F)F,284.0,microL/min/mg,Stability,=,Stability in human liver microsomes assessed as metabolic turnover number at 10 uM after 15 mins by LC-MS/UV analysis,A,1,CHEMBL4190175,Scientific Literature,microsome,CC(C)(C(=O)NCC(Cc1ccccc1)N1CCC(O)(C(F)(F)F)CC1)C(F)(F)F
CHEMBL4207671,O=C(NCC(Cc1ccccc1)N1CCC(O)(C(F)(F)F)CC1)c1cc(C(F)(F)F)ccn1,285.0,microL/min/mg,Stability,=,Stability in human liver microsomes assessed as metabolic turnover number at 10 uM after 15 mins by LC-MS/UV analysis,A,1,CHEMBL4190175,Scientific Literature,microsome,O=C(NCC(Cc1ccccc1)N1CCC(O)(C(F)(F)F)CC1)c1cc(C(F)(F)F)ccn1
CHEMBL4216712,O=C(NCC(Cc1ccccc1)N1CCC(C(F)(F)F)CC1)C1(c2ccc(F)cc2)CCCC1,238.0,microL/min/mg,Stability,=,Stability in human liver microsomes assessed as metabolic turnover number at 10 uM after 15 mins by LC-MS/UV analysis,A,1,CHEMBL4190175,Scientific Literature,microsome,O=C(NCC(Cc1ccccc1)N1CCC(C(F)(F)F)CC1)C1(c2ccc(F)cc2)CCCC1
CHEMBL4216418,O=C(NCC(Cc1ccc(F)cc1)N1CCC(O)C1)C1(c2ccc(F)cc2)CCCC1,170.0,microL/min/mg,Stability,=,Stability in human liver microsomes assessed as metabolic turnover number at 10 uM after 15 mins by LC-MS/UV analysis,A,1,CHEMBL4190175,Scientific Literature,microsome,O=C(NCC(Cc1ccc(F)cc1)N1CCC(O)C1)C1(c2ccc(F)cc2)CCCC1
CHEMBL4209088,O=C1CCC2(CCN(C(CNC(=O)C3(c4ccc(F)cc4)CC3)Cc3ccc(F)cc3)CC2)N1,168.0,microL/min/mg,Stability,=,Stability in human liver microsomes assessed as metabolic turnover number at 10 uM after 15 mins by LC-MS/UV analysis,A,1,CHEMBL4190175,Scientific Literature,microsome,O=C1CCC2(CCN(C(CNC(=O)C3(c4ccc(F)cc4)CC3)Cc3ccc(F)cc3)CC2)N1
CHEMBL4208555,O=C(NC[C@@H](Cc1ccccc1)N1CCC(O)(C(F)(F)F)CC1)C1(c2ccc(Cl)cc2)CCCC1,246.0,microL/min/mg,Stability,=,Stability in human liver microsomes assessed as metabolic turnover number at 10 uM after 15 mins by LC-MS/UV analysis,A,1,CHEMBL4190175,Scientific Literature,microsome,O=C(NC[C@@H](Cc1ccccc1)N1CCC(O)(C(F)(F)F)CC1)C1(c2ccc(Cl)cc2)CCCC1
CHEMBL4208555,O=C(NC[C@@H](Cc1ccccc1)N1CCC(O)(C(F)(F)F)CC1)C1(c2ccc(Cl)cc2)CCCC1,38.0,microL/min/mg,Stability,=,Stability in human hepatocytes,A,1,CHEMBL4190175,Scientific Literature,microsome,O=C(NC[C@@H](Cc1ccccc1)N1CCC(O)(C(F)(F)F)CC1)C1(c2ccc(Cl)cc2)CCCC1
CHEMBL4218450,Cc1ccc2c(c1)CC(C)N2C(=O)c1ccc2c(n1)N(C1CC1)C(C)C(=O)N2C,74.0,microL/min/mg,Stability,=,Metabolic stability in human liver microsomes at 1 uM preincubated for 5 mins followed by NADPH addition measured up to 30 mins by LC-MS/MS analysis,A,1,CHEMBL4196075,Scientific Literature,microsome,Cc1ccc2c(c1)CC(C)N2C(=O)c1ccc2c(n1)N(C1CC1)C(C)C(=O)N2C
CHEMBL4213524,Cc1ccc2c(c1)CCN2C(=O)c1ccc2c(n1)N(C1CC1)C(C)C(=O)N2C,50.0,microL/min/mg,Stability,=,Metabolic stability in human liver microsomes at 1 uM preincubated for 5 mins followed by NADPH addition measured up to 30 mins by LC-MS/MS analysis,A,1,CHEMBL4196075,Scientific Literature,microsome,Cc1ccc2c(c1)CCN2C(=O)c1ccc2c(n1)N(C1CC1)C(C)C(=O)N2C
CHEMBL4213080,CC1C(=O)N(C)c2ccc(C(=O)N3CCc4ccccc43)cc2N1C1CCCC1,582.0,microL/min/mg,Stability,=,Metabolic stability in human liver microsomes at 1 uM preincubated for 5 mins followed by NADPH addition measured up to 30 mins by LC-MS/MS analysis,A,1,CHEMBL4196075,Scientific Literature,microsome,CC1C(=O)N(C)c2ccc(C(=O)N3CCc4ccccc43)cc2N1C1CCCC1
CHEMBL4208164,CC1C(=O)N(C)c2ccc(C(=O)N3CCc4cc(F)ccc43)cc2N1C1CC1,162.0,microL/min/mg,Stability,=,Metabolic stability in human liver microsomes at 1 uM preincubated for 5 mins followed by NADPH addition measured up to 30 mins by LC-MS/MS analysis,A,1,CHEMBL4196075,Scientific Literature,microsome,CC1C(=O)N(C)c2ccc(C(=O)N3CCc4cc(F)ccc43)cc2N1C1CC1
CHEMBL4217497,Cc1ccc2c(c1)CC(C)N2C(=O)c1ccc2c(c1)N(C1CC1)C(C)C(=O)N2C,114.0,microL/min/mg,Stability,=,Metabolic stability in human liver microsomes at 1 uM preincubated for 5 mins followed by NADPH addition measured up to 30 mins by LC-MS/MS analysis,A,1,CHEMBL4196075,Scientific Literature,microsome,Cc1ccc2c(c1)CC(C)N2C(=O)c1ccc2c(c1)N(C1CC1)C(C)C(=O)N2C
CHEMBL4212538,Cc1ccc2c(c1)CCN2C(=O)c1ccc2c(c1)N(C1CC1)C(C)C(=O)N2C,110.0,microL/min/mg,Stability,=,Metabolic stability in human liver microsomes at 1 uM preincubated for 5 mins followed by NADPH addition measured up to 30 mins by LC-MS/MS analysis,A,1,CHEMBL4196075,Scientific Literature,microsome,Cc1ccc2c(c1)CCN2C(=O)c1ccc2c(c1)N(C1CC1)C(C)C(=O)N2C
CHEMBL4212617,Cc1cccc2c1CCN2C(=O)c1ccc2c(c1)N(C1CC1)C(C)C(=O)N2C,210.0,microL/min/mg,Stability,=,Metabolic stability in human liver microsomes at 1 uM preincubated for 5 mins followed by NADPH addition measured up to 30 mins by LC-MS/MS analysis,A,1,CHEMBL4196075,Scientific Literature,microsome,Cc1cccc2c1CCN2C(=O)c1ccc2c(c1)N(C1CC1)C(C)C(=O)N2C
CHEMBL4208894,CC1Cc2ccccc2N1C(=O)c1ccc2c(c1)N(C1CC1)C(C)C(=O)N2C,218.0,microL/min/mg,Stability,=,Metabolic stability in human liver microsomes at 1 uM preincubated for 5 mins followed by NADPH addition measured up to 30 mins by LC-MS/MS analysis,A,1,CHEMBL4196075,Scientific Literature,microsome,CC1Cc2ccccc2N1C(=O)c1ccc2c(c1)N(C1CC1)C(C)C(=O)N2C
CHEMBL4211379,CC1C(=O)N(C)c2ccc(C(=O)N3CCc4ccccc43)cc2N1C1CC1,112.0,microL/min/mg,Stability,=,Metabolic stability in human liver microsomes at 1 uM preincubated for 5 mins followed by NADPH addition measured up to 30 mins by LC-MS/MS analysis,A,1,CHEMBL4196075,Scientific Literature,microsome,CC1C(=O)N(C)c2ccc(C(=O)N3CCc4ccccc43)cc2N1C1CC1
CHEMBL4207666,CC1CCC(N(C)C(=O)c2ccc3c(c2)N(C2CC2)C(C)C(=O)N3C)CC1,1275.0,microL/min/mg,Stability,=,Metabolic stability in human liver microsomes at 1 uM preincubated for 5 mins followed by NADPH addition measured up to 30 mins by LC-MS/MS analysis,A,1,CHEMBL4196075,Scientific Literature,microsome,CC1CCC(N(C)C(=O)c2ccc3c(c2)N(C2CC2)C(C)C(=O)N3C)CC1
CHEMBL4204578,CCN(C(=O)c1ccc2c(c1)N(C1CC1)C(C)C(=O)N2C)C1CCCCC1,1321.0,microL/min/mg,Stability,=,Metabolic stability in human liver microsomes at 1 uM preincubated for 5 mins followed by NADPH addition measured up to 30 mins by LC-MS/MS analysis,A,1,CHEMBL4196075,Scientific Literature,microsome,CCN(C(=O)c1ccc2c(c1)N(C1CC1)C(C)C(=O)N2C)C1CCCCC1
CHEMBL4204922,CC1C(=O)N(C)c2ccc(C(=O)N(C)C3CCCCC3)cc2N1C1CC1,1462.0,microL/min/mg,Stability,=,Metabolic stability in human liver microsomes at 1 uM preincubated for 5 mins followed by NADPH addition measured up to 30 mins by LC-MS/MS analysis,A,1,CHEMBL4196075,Scientific Literature,microsome,CC1C(=O)N(C)c2ccc(C(=O)N(C)C3CCCCC3)cc2N1C1CC1
CHEMBL4208320,CCN(C(=O)c1ccc2c(c1)N(C1CC1)C(C)C(=O)N2C)c1ccc(C)cc1,512.0,microL/min/mg,Stability,=,Metabolic stability in human liver microsomes at 1 uM preincubated for 5 mins followed by NADPH addition measured up to 30 mins by LC-MS/MS analysis,A,1,CHEMBL4196075,Scientific Literature,microsome,CCN(C(=O)c1ccc2c(c1)N(C1CC1)C(C)C(=O)N2C)c1ccc(C)cc1
CHEMBL4207810,Cc1ccc(N(C)C(=O)c2ccc3c(c2)N(C2CC2)C(C)C(=O)N3C)cc1,756.0,microL/min/mg,Stability,=,Metabolic stability in human liver microsomes at 1 uM preincubated for 5 mins followed by NADPH addition measured up to 30 mins by LC-MS/MS analysis,A,1,CHEMBL4196075,Scientific Literature,microsome,Cc1ccc(N(C)C(=O)c2ccc3c(c2)N(C2CC2)C(C)C(=O)N3C)cc1
CHEMBL4212712,CC1C(=O)N(C)c2ccc(C(=O)N(C)c3ccccc3)cc2N1C1CC1,525.0,microL/min/mg,Stability,=,Metabolic stability in human liver microsomes at 1 uM preincubated for 5 mins followed by NADPH addition measured up to 30 mins by LC-MS/MS analysis,A,1,CHEMBL4196075,Scientific Literature,microsome,CC1C(=O)N(C)c2ccc(C(=O)N(C)c3ccccc3)cc2N1C1CC1
CHEMBL4210440,Cc1ccc(NC(=O)c2ccc3c(c2)N(C2CC2)C(C)C(=O)N3C)cc1F,49.0,microL/min/mg,Stability,=,Metabolic stability in human liver microsomes at 1 uM preincubated for 5 mins followed by NADPH addition measured up to 30 mins by LC-MS/MS analysis,A,1,CHEMBL4196075,Scientific Literature,microsome,Cc1ccc(NC(=O)c2ccc3c(c2)N(C2CC2)C(C)C(=O)N3C)cc1F
CHEMBL4216192,Cc1ccc(NC(=O)c2ccc3c(c2)N(C2CCCC2)C(C)C(=O)N3C)c(C)c1,94.0,microL/min/mg,Stability,=,Metabolic stability in human liver microsomes at 1 uM preincubated for 5 mins followed by NADPH addition measured up to 30 mins by LC-MS/MS analysis,A,1,CHEMBL4196075,Scientific Literature,microsome,Cc1ccc(NC(=O)c2ccc3c(c2)N(C2CCCC2)C(C)C(=O)N3C)c(C)c1
CHEMBL4215726,Cc1ccc(NC(=O)c2ccc3c(c2)N(C2CCCC2)C(C)C(=O)N3C)cc1,48.0,microL/min/mg,Stability,=,Metabolic stability in human liver microsomes at 1 uM preincubated for 5 mins followed by NADPH addition measured up to 30 mins by LC-MS/MS analysis,A,1,CHEMBL4196075,Scientific Literature,microsome,Cc1ccc(NC(=O)c2ccc3c(c2)N(C2CCCC2)C(C)C(=O)N3C)cc1
CHEMBL4204052,Cc1ccc(NC(=O)c2ccc3c(c2)N(C2CC2)C(C)C(=O)N3C)c(C)c1,77.0,microL/min/mg,Stability,=,Metabolic stability in human liver microsomes at 1 uM preincubated for 5 mins followed by NADPH addition measured up to 30 mins by LC-MS/MS analysis,A,1,CHEMBL4196075,Scientific Literature,microsome,Cc1ccc(NC(=O)c2ccc3c(c2)N(C2CC2)C(C)C(=O)N3C)c(C)c1
CHEMBL4202403,Cc1ccc(NC(=O)c2ccc3c(c2)N(C2CC2)C(C)C(=O)N3C)cc1,43.0,microL/min/mg,Stability,=,Metabolic stability in human liver microsomes at 1 uM preincubated for 5 mins followed by NADPH addition measured up to 30 mins by LC-MS/MS analysis,A,1,CHEMBL4196075,Scientific Literature,microsome,Cc1ccc(NC(=O)c2ccc3c(c2)N(C2CC2)C(C)C(=O)N3C)cc1
CHEMBL4238408,COc1ccc(S(=O)(=O)N2CCC(Nc3ccc(C#N)cc3)CC2)cc1,69.0,microL/min/mg,Stability,=,Metabolic stability in human liver microsomes,A,1,CHEMBL4229521,Scientific Literature,microsome,COc1ccc(S(=O)(=O)N2CCC(Nc3ccc(C#N)cc3)CC2)cc1
CHEMBL4240720,COc1ccc(S(=O)(=O)N2CCC(Nc3ccc(C#N)cn3)CC2)cc1,19.0,microL/min/mg,Stability,=,Metabolic stability in human liver microsomes,A,1,CHEMBL4229521,Scientific Literature,microsome,COc1ccc(S(=O)(=O)N2CCC(Nc3ccc(C#N)cn3)CC2)cc1
CHEMBL4460278,C[C@]1(c2cc(NC(=O)c3ccc(Cl)cn3)cc(F)c2F)N=C(N)S[C@H]2C[C@H]21,21.0,microL/min/mg,Stability,=,Stability in human liver microsomes at 1 uM measured after 30 mins in presence of NADPH,A,1,CHEMBL4342420,Scientific Literature,microsome,C[C@]1(c2cc(NC(=O)c3ccc(Cl)cn3)cc(F)c2F)N=C(N)S[C@H]2C[C@H]21
CHEMBL4456863,COC[C@]12C[C@H]1[C@@](C)(c1cc(NC(=O)c3ccc(Cl)cn3)cc(F)c1F)N=C(N)S2,47.0,microL/min/mg,Stability,=,Stability in human liver microsomes at 1 uM measured after 30 mins in presence of NADPH,A,1,CHEMBL4342420,Scientific Literature,microsome,COC[C@]12C[C@H]1[C@@](C)(c1cc(NC(=O)c3ccc(Cl)cn3)cc(F)c1F)N=C(N)S2
CHEMBL4539909,C[C@]1(c2cc(NC(=O)c3ccc(Cl)cn3)cc(F)c2F)N=C(N)S[C@@]2(CF)C[C@H]21,58.0,microL/min/mg,Stability,=,Stability in human liver microsomes at 1 uM measured after 30 mins in presence of NADPH,A,1,CHEMBL4342420,Scientific Literature,microsome,C[C@]1(c2cc(NC(=O)c3ccc(Cl)cn3)cc(F)c2F)N=C(N)S[C@@]2(CF)C[C@H]21
CHEMBL4457316,C[C@]1(c2cc(NC(=O)c3ccc(Cl)cn3)cc(F)c2F)N=C(N)S[C@@]2(C(F)F)C[C@@H]12,21.0,microL/min/mg,Stability,=,Stability in human liver microsomes at 1 uM measured after 30 mins in presence of NADPH,A,1,CHEMBL4342420,Scientific Literature,microsome,C[C@]1(c2cc(NC(=O)c3ccc(Cl)cn3)cc(F)c2F)N=C(N)S[C@@]2(C(F)F)C[C@@H]12
CHEMBL4461994,COC[C@]12C[C@H]1[C@@](C)(c1cc(NC(=O)c3ccc(OCC(F)(F)F)cn3)cc(F)c1F)N=C(N)S2,35.0,microL/min/mg,Stability,=,Stability in human liver microsomes at 1 uM measured after 30 mins in presence of NADPH,A,1,CHEMBL4342420,Scientific Literature,microsome,COC[C@]12C[C@H]1[C@@](C)(c1cc(NC(=O)c3ccc(OCC(F)(F)F)cn3)cc(F)c1F)N=C(N)S2
CHEMBL4456778,C#CCOc1ccc(C(=O)Nc2cc(F)c(F)c([C@@]3(C)N=C(N)S[C@@]4(COC)C[C@H]43)c2)nc1,67.0,microL/min/mg,Stability,=,Stability in human liver microsomes at 1 uM measured after 30 mins in presence of NADPH,A,1,CHEMBL4342420,Scientific Literature,microsome,C#CCOc1ccc(C(=O)Nc2cc(F)c(F)c([C@@]3(C)N=C(N)S[C@@]4(COC)C[C@H]43)c2)nc1
CHEMBL4452318,C#CCOc1cnc(C(=O)Nc2cc(F)c(F)c([C@@]3(C)N=C(N)S[C@@]4(COC)C[C@H]43)c2)c(C)c1,20.0,microL/min/mg,Stability,=,Stability in human liver microsomes at 1 uM measured after 30 mins in presence of NADPH,A,1,CHEMBL4342420,Scientific Literature,microsome,C#CCOc1cnc(C(=O)Nc2cc(F)c(F)c([C@@]3(C)N=C(N)S[C@@]4(COC)C[C@H]43)c2)c(C)c1
CHEMBL4593414,CCOc1cnc(C(=O)Nc2cc(F)c(F)c([C@@]3(C)N=C(N)S[C@@]4(COC)C[C@H]43)c2)cn1,40.0,microL/min/mg,Stability,=,Stability in human liver microsomes at 1 uM measured after 30 mins in presence of NADPH,A,1,CHEMBL4342420,Scientific Literature,microsome,CCOc1cnc(C(=O)Nc2cc(F)c(F)c([C@@]3(C)N=C(N)S[C@@]4(COC)C[C@H]43)c2)cn1
CHEMBL4579155,COC[C@]12C[C@H]1[C@@](C)(c1cc(NC(=O)c3cnc(OCC(F)(F)F)cn3)cc(F)c1F)N=C(N)S2,26.0,microL/min/mg,Stability,=,Stability in human liver microsomes at 1 uM measured after 30 mins in presence of NADPH,A,1,CHEMBL4342420,Scientific Literature,microsome,COC[C@]12C[C@H]1[C@@](C)(c1cc(NC(=O)c3cnc(OCC(F)(F)F)cn3)cc(F)c1F)N=C(N)S2
CHEMBL4560579,C#CCOc1cnc(C(=O)Nc2cc(F)c(F)c([C@@]3(C)N=C(N)S[C@@]4(COC)C[C@H]43)c2)cn1,41.0,microL/min/mg,Stability,=,Stability in human liver microsomes at 1 uM measured after 30 mins in presence of NADPH,A,1,CHEMBL4342420,Scientific Literature,microsome,C#CCOc1cnc(C(=O)Nc2cc(F)c(F)c([C@@]3(C)N=C(N)S[C@@]4(COC)C[C@H]43)c2)cn1
CHEMBL4544525,COC[C@]12C[C@H]1[C@@](C)(c1cc(NC(=O)c3cnc(OCCC(F)(F)F)cn3)cc(F)c1F)N=C(N)S2,29.0,microL/min/mg,Stability,=,Stability in human liver microsomes at 1 uM measured after 30 mins in presence of NADPH,A,1,CHEMBL4342420,Scientific Literature,microsome,COC[C@]12C[C@H]1[C@@](C)(c1cc(NC(=O)c3cnc(OCCC(F)(F)F)cn3)cc(F)c1F)N=C(N)S2
CHEMBL4575413,CCCOc1cnc(C(=O)Nc2cc(F)c(F)c([C@@]3(C)N=C(N)S[C@@]4(COC)C[C@H]43)c2)cn1,88.0,microL/min/mg,Stability,=,Stability in human liver microsomes at 1 uM measured after 30 mins in presence of NADPH,A,1,CHEMBL4342420,Scientific Literature,microsome,CCCOc1cnc(C(=O)Nc2cc(F)c(F)c([C@@]3(C)N=C(N)S[C@@]4(COC)C[C@H]43)c2)cn1
CHEMBL4459222,COC[C@]12C[C@H]1[C@@](C)(c1cc(NC(=O)c3cnc(OCc4ncco4)cn3)cc(F)c1F)N=C(N)S2,42.0,microL/min/mg,Stability,=,Stability in human liver microsomes at 1 uM measured after 30 mins in presence of NADPH,A,1,CHEMBL4342420,Scientific Literature,microsome,COC[C@]12C[C@H]1[C@@](C)(c1cc(NC(=O)c3cnc(OCc4ncco4)cn3)cc(F)c1F)N=C(N)S2
CHEMBL4437161,C#CCOc1cnc(C(=O)Nc2cc(F)c(F)c([C@@]3(C)N=C(N)S[C@@]4(CF)C[C@H]43)c2)cn1,76.0,microL/min/mg,Stability,=,Stability in human liver microsomes at 1 uM measured after 30 mins in presence of NADPH,A,1,CHEMBL4342420,Scientific Literature,microsome,C#CCOc1cnc(C(=O)Nc2cc(F)c(F)c([C@@]3(C)N=C(N)S[C@@]4(CF)C[C@H]43)c2)cn1
CHEMBL4577527,C#CCOc1cnc(C(=O)Nc2cc(F)c(F)c([C@@]3(C)N=C(N)S[C@@]4(C(F)F)C[C@@H]34)c2)cn1,40.0,microL/min/mg,Stability,=,Stability in human liver microsomes at 1 uM measured after 30 mins in presence of NADPH,A,1,CHEMBL4342420,Scientific Literature,microsome,C#CCOc1cnc(C(=O)Nc2cc(F)c(F)c([C@@]3(C)N=C(N)S[C@@]4(C(F)F)C[C@@H]34)c2)cn1
CHEMBL4472708,C#CCOc1cnc(C(=O)Nc2cc(F)c(F)c([C@@]3(C)N=C(N)S[C@@]4(C(=O)N(C)C)C[C@H]43)c2)cn1,39.0,microL/min/mg,Stability,=,Stability in human liver microsomes at 1 uM measured after 30 mins in presence of NADPH,A,1,CHEMBL4342420,Scientific Literature,microsome,C#CCOc1cnc(C(=O)Nc2cc(F)c(F)c([C@@]3(C)N=C(N)S[C@@]4(C(=O)N(C)C)C[C@H]43)c2)cn1
CHEMBL4555750,C[C@H](CC[C@@H](O)C(F)(F)F)[C@H]1CC[C@H]2[C@@H]3CC=C4C[C@@](C)(O)CC[C@]4(C)[C@H]3CC[C@]12C,3.0,uL/min.mg,Stability,=,Stability in human liver microsomes,A,1,CHEMBL4406822,Scientific Literature,microsome,C[C@H](CC[C@@H](O)C(F)(F)F)[C@H]1CC[C@H]2[C@@H]3CC=C4C[C@@](C)(O)CC[C@]4(C)[C@H]3CC[C@]12C
CHEMBL4475011,C[C@H](CC[C@H](O)C(F)(F)F)[C@H]1CC[C@H]2[C@@H]3CC=C4C[C@@](C)(O)CC[C@]4(C)[C@H]3CC[C@]12C,4.0,uL/min.mg,Stability,=,Stability in human liver microsomes,A,1,CHEMBL4406822,Scientific Literature,microsome,C[C@H](CC[C@H](O)C(F)(F)F)[C@H]1CC[C@H]2[C@@H]3CC=C4C[C@@](C)(O)CC[C@]4(C)[C@H]3CC[C@]12C
CHEMBL4513977,C[C@H](CC[C@@H](O)C1CC1)[C@H]1CC[C@H]2[C@@H]3CC=C4C[C@@](C)(O)CC[C@]4(C)[C@H]3CC[C@]12C,10.0,uL/min.mg,Stability,=,Stability in human liver microsomes,A,1,CHEMBL4406822,Scientific Literature,microsome,C[C@H](CC[C@@H](O)C1CC1)[C@H]1CC[C@H]2[C@@H]3CC=C4C[C@@](C)(O)CC[C@]4(C)[C@H]3CC[C@]12C
CHEMBL4450472,CC[C@H](O)CC[C@@H](C)[C@H]1CC[C@H]2[C@@H]3CC=C4C[C@@](C)(O)CC[C@]4(C)[C@H]3CC[C@]12C,15.0,uL/min.mg,Stability,=,Stability in human liver microsomes,A,1,CHEMBL4406822,Scientific Literature,microsome,CC[C@H](O)CC[C@@H](C)[C@H]1CC[C@H]2[C@@H]3CC=C4C[C@@](C)(O)CC[C@]4(C)[C@H]3CC[C@]12C
CHEMBL4522435,C[C@H](CC[C@@H](C)O)[C@H]1CC[C@H]2[C@@H]3CC=C4C[C@@](C)(O)CC[C@]4(C)[C@H]3CC[C@]12C,11.0,uL/min.mg,Stability,=,Stability in human liver microsomes,A,1,CHEMBL4406822,Scientific Literature,microsome,C[C@H](CC[C@@H](C)O)[C@H]1CC[C@H]2[C@@H]3CC=C4C[C@@](C)(O)CC[C@]4(C)[C@H]3CC[C@]12C
CHEMBL4517382,C[C@H](CCC1(O)CC1)[C@H]1CC[C@H]2[C@@H]3CC=C4C[C@@](C)(O)CC[C@]4(C)[C@H]3CC[C@]12C,6.0,uL/min.mg,Stability,=,Stability in human liver microsomes,A,1,CHEMBL4406822,Scientific Literature,microsome,C[C@H](CCC1(O)CC1)[C@H]1CC[C@H]2[C@@H]3CC=C4C[C@@](C)(O)CC[C@]4(C)[C@H]3CC[C@]12C
CHEMBL4448829,C[C@H](CCC(C)(C)O)[C@H]1CC[C@H]2[C@@H]3CC=C4C[C@@](C)(O)CC[C@]4(C)[C@H]3CC[C@]12C,13.0,uL/min.mg,Stability,=,Stability in human liver microsomes,A,1,CHEMBL4406822,Scientific Literature,microsome,C[C@H](CCC(C)(C)O)[C@H]1CC[C@H]2[C@@H]3CC=C4C[C@@](C)(O)CC[C@]4(C)[C@H]3CC[C@]12C
CHEMBL4464781,C[C@H](CCC1(O)CC1)[C@H]1CC[C@H]2[C@@H]3CC=C4C[C@@H](O)CC[C@]4(C)[C@H]3CC[C@]12C,10.0,uL/min.mg,Stability,=,Stability in human liver microsomes,A,1,CHEMBL4406822,Scientific Literature,microsome,C[C@H](CCC1(O)CC1)[C@H]1CC[C@H]2[C@@H]3CC=C4C[C@@H](O)CC[C@]4(C)[C@H]3CC[C@]12C
CHEMBL169046,C[C@H](CCCC(C)(C)O)[C@H]1CC[C@H]2[C@@H]3CC=C4C[C@@H](O)CC[C@]4(C)[C@H]3CC[C@]12C,23.0,uL/min.mg,Stability,=,Stability in human liver microsomes,A,1,CHEMBL4406822,Scientific Literature,microsome,C[C@H](CCCC(C)(C)O)[C@H]1CC[C@H]2[C@@H]3CC=C4C[C@@H](O)CC[C@]4(C)[C@H]3CC[C@]12C
CHEMBL4579269,C[C@@H]([C@H]1CC[C@H]2[C@@H]3CC=C4C[C@@H](O)CC[C@]4(C)[C@H]3CC[C@]12C)C(C)(C)O,6.0,uL/min.mg,Stability,=,Stability in human liver microsomes,A,1,CHEMBL4406822,Scientific Literature,microsome,C[C@@H]([C@H]1CC[C@H]2[C@@H]3CC=C4C[C@@H](O)CC[C@]4(C)[C@H]3CC[C@]12C)C(C)(C)O
CHEMBL4446143,C[C@H](CC(C)(C)O)[C@H]1CC[C@H]2[C@@H]3CC=C4C[C@@H](O)CC[C@]4(C)[C@H]3CC[C@]12C,18.0,uL/min.mg,Stability,=,Stability in human liver microsomes,A,1,CHEMBL4406822,Scientific Literature,microsome,C[C@H](CC(C)(C)O)[C@H]1CC[C@H]2[C@@H]3CC=C4C[C@@H](O)CC[C@]4(C)[C@H]3CC[C@]12C
CHEMBL2419157,C[C@H](CCC(C)(C)O)[C@H]1CC[C@H]2[C@@H]3CC=C4C[C@@H](O)CC[C@]4(C)[C@H]3CC[C@]12C,10.0,uL/min.mg,Stability,=,Stability in human liver microsomes,A,1,CHEMBL4406822,Scientific Literature,microsome,C[C@H](CCC(C)(C)O)[C@H]1CC[C@H]2[C@@H]3CC=C4C[C@@H](O)CC[C@]4(C)[C@H]3CC[C@]12C
CHEMBL4464591,CC(O)CC[C@@H](C)[C@H]1CC[C@H]2[C@@H]3CC=C4C[C@@H](O)CC[C@]4(C)[C@H]3CC[C@]12C,7.0,uL/min.mg,Stability,=,Stability in human liver microsomes,A,1,CHEMBL4406822,Scientific Literature,microsome,CC(O)CC[C@@H](C)[C@H]1CC[C@H]2[C@@H]3CC=C4C[C@@H](O)CC[C@]4(C)[C@H]3CC[C@]12C
CHEMBL2419158,C[C@H](CCCO)[C@H]1CC[C@H]2[C@@H]3CC=C4C[C@@H](O)CC[C@]4(C)[C@H]3CC[C@]12C,13.0,uL/min.mg,Stability,=,Stability in human liver microsomes,A,1,CHEMBL4406822,Scientific Literature,microsome,C[C@H](CCCO)[C@H]1CC[C@H]2[C@@H]3CC=C4C[C@@H](O)CC[C@]4(C)[C@H]3CC[C@]12C
CHEMBL170154,CC(C)[C@H](O)CC[C@@H](C)[C@H]1CC[C@H]2[C@@H]3CC=C4C[C@@H](O)CC[C@]4(C)[C@H]3CC[C@]12C,28.0,uL/min.mg,Stability,=,Stability in human liver microsomes,A,1,CHEMBL4406822,Scientific Literature,microsome,CC(C)[C@H](O)CC[C@@H](C)[C@H]1CC[C@H]2[C@@H]3CC=C4C[C@@H](O)CC[C@]4(C)[C@H]3CC[C@]12C
CHEMBL171804,CC(C)[C@@H](O)CC[C@@H](C)[C@H]1CC[C@H]2[C@@H]3CC=C4C[C@@H](O)CC[C@]4(C)[C@H]3CC[C@]12C,10.0,uL/min.mg,Stability,=,Stability in human liver microsomes,A,1,CHEMBL4406822,Scientific Literature,microsome,CC(C)[C@@H](O)CC[C@@H](C)[C@H]1CC[C@H]2[C@@H]3CC=C4C[C@@H](O)CC[C@]4(C)[C@H]3CC[C@]12C
CHEMBL4060253,CC(=O)NC(C)c1ccc2nc(-c3ccc(Oc4cccc(OCC5CC5)c4)nc3)oc2c1,27.0,microL/min/mg,Stability,=,Metabolic stability in human Liver microsomes,A,1,CHEMBL4406889,Scientific Literature,microsome,CC(=O)NC(C)c1ccc2nc(-c3ccc(Oc4cccc(OCC5CC5)c4)nc3)oc2c1
CHEMBL4528475,CC(NC(N)=O)c1ccc2nc(-c3ccc(Oc4cccc(OCC5CC5)c4)nc3)oc2c1,11.0,microL/min/mg,Stability,=,Metabolic stability in human Liver microsomes,A,1,CHEMBL4406889,Scientific Literature,microsome,CC(NC(N)=O)c1ccc2nc(-c3ccc(Oc4cccc(OCC5CC5)c4)nc3)oc2c1
CHEMBL4640712,CC(C)(C#N)c1cc(Nc2nc(N3CCC[C@H](N)C3)ncc2C(N)=O)cc(C(C)(C)C#N)c1,13.0,microL/min/mg,Drug metabolism,=,Drug metabolism in human microsomes,A,1,CHEMBL4627396,Scientific Literature,microsome,CC(C)(C#N)c1cc(Nc2nc(N3CCC[C@H](N)C3)ncc2C(N)=O)cc(C(C)(C)C#N)c1
CHEMBL4635883,CC(C)c1cc(Nc2nc(N3CCC[C@H](N)C3)ncc2C(N)=O)cc(C(C)C)n1,7.0,microL/min/mg,Drug metabolism,=,Drug metabolism in human microsomes,A,1,CHEMBL4627396,Scientific Literature,microsome,CC(C)c1cc(Nc2nc(N3CCC[C@H](N)C3)ncc2C(N)=O)cc(C(C)C)n1
CHEMBL4760433,Cc1ccc(-c2cn(C(F)(F)F)cn2)cc1NC(=O)c1ccc(OCc2ccccn2)cc1,47.0,microL/min/mg,Stabilty,=,Metabolic stability in human liver microsomes,A,1,CHEMBL4665890,Scientific Literature,microsome,Cc1ccc(-c2cn(C(F)(F)F)cn2)cc1NC(=O)c1ccc(OCc2ccccn2)cc1
CHEMBL2059866,Cc1ccc(-c2cn(C)cn2)cc1NC(=O)c1ccc(OCc2ccccn2)cc1,4.8,microL/min/mg,Stabilty,=,Metabolic stability in human liver microsomes,A,1,CHEMBL4665890,Scientific Literature,microsome,Cc1ccc(-c2cn(C)cn2)cc1NC(=O)c1ccc(OCc2ccccn2)cc1
CHEMBL4783491,FC(F)(F)n1c(-c2cscn2)nc2ccccc21,39.0,microL/min/mg,Stabilty,=,Metabolic stability in human liver microsomes,A,1,CHEMBL4665890,Scientific Literature,microsome,FC(F)(F)n1c(-c2cscn2)nc2ccccc21
CHEMBL372564,Cn1c(-c2cscn2)nc2ccccc21,172.0,microL/min/mg,Stabilty,=,Metabolic stability in human liver microsomes,A,1,CHEMBL4665890,Scientific Literature,microsome,Cn1c(-c2cscn2)nc2ccccc21
CHEMBL4781436,COc1ccc(CC(=O)Nc2cnn(C(F)(F)F)c2)cc1OC,53.0,microL/min/mg,Stabilty,=,Metabolic stability in human liver microsomes,A,1,CHEMBL4665890,Scientific Literature,microsome,COc1ccc(CC(=O)Nc2cnn(C(F)(F)F)c2)cc1OC
CHEMBL4742115,CC(=O)NC(C)c1ccc(OCc2c(F)cc(Oc3cccc(OCC4CC4)c3)cc2F)cc1,30.0,microL/min/mg,Stabilty,=,Metabolic stability in human liver microsomes,A,1,CHEMBL4706693,Scientific Literature,microsome,CC(=O)NC(C)c1ccc(OCc2c(F)cc(Oc3cccc(OCC4CC4)c3)cc2F)cc1
CHEMBL4762802,CC(=O)NC(C)c1ccc(OCc2c(F)cc(Oc3cccc(OCC4CC4)c3)cc2F)nc1,12.0,microL/min/mg,Stabilty,=,Metabolic stability in human liver microsomes,A,1,CHEMBL4706693,Scientific Literature,microsome,CC(=O)NC(C)c1ccc(OCc2c(F)cc(Oc3cccc(OCC4CC4)c3)cc2F)nc1
CHEMBL3911017,Cc1cc(C)c(CN2CCc3c(Cl)cc(-c4c(C)noc4C)c(Cl)c3C2=O)c(=O)[nH]1,210.0,microL/min/mg,Stability,=,Metabolic stability in human liver microsomes at 1 uM in presence of NADPH generating system by LC/MS/MS analysis,A,1,CHEMBL5046305,Scientific Literature,microsome,Cc1cc(C)c(CN2CCc3c(Cl)cc(-c4c(C)noc4C)c(Cl)c3C2=O)c(=O)[nH]1
CHEMBL5078476,Cc1cc(C)n(C)c(=O)c1CN1CCc2c(Cl)cc(-c3c(C)noc3C)c(Cl)c2C1=O,449.0,microL/min/mg,Stability,=,Metabolic stability in human liver microsomes at 1 uM in presence of NADPH generating system by LC/MS/MS analysis,A,1,CHEMBL5046305,Scientific Literature,microsome,Cc1cc(C)n(C)c(=O)c1CN1CCc2c(Cl)cc(-c3c(C)noc3C)c(Cl)c2C1=O
CHEMBL5081796,Cc1noc(C)c1-c1cc(Cl)c2c(c1Cl)C(=O)N(Cc1c(C3CC3)cc(C)n(C)c1=O)CC2,490.0,microL/min/mg,Stability,=,Metabolic stability in human liver microsomes at 1 uM in presence of NADPH generating system by LC/MS/MS analysis,A,1,CHEMBL5046305,Scientific Literature,microsome,Cc1noc(C)c1-c1cc(Cl)c2c(c1Cl)C(=O)N(Cc1c(C3CC3)cc(C)n(C)c1=O)CC2
CHEMBL5093457,Cc1noc(C)c1-c1cc(Cl)c2c(c1Cl)C(=O)N(Cc1c(C(F)(F)F)cc(C)n(C)c1=O)CC2,287.0,microL/min/mg,Stability,=,Metabolic stability in human liver microsomes at 1 uM in presence of NADPH generating system by LC/MS/MS analysis,A,1,CHEMBL5046305,Scientific Literature,microsome,Cc1noc(C)c1-c1cc(Cl)c2c(c1Cl)C(=O)N(Cc1c(C(F)(F)F)cc(C)n(C)c1=O)CC2
CHEMBL5082529,COc1cc(C)n(C)c(=O)c1CN1CCc2c(Cl)cc(-c3c(C)noc3C)c(Cl)c2C1=O,117.0,microL/min/mg,Stability,=,Metabolic stability in human liver microsomes at 1 uM in presence of NADPH generating system by LC/MS/MS analysis,A,1,CHEMBL5046305,Scientific Literature,microsome,COc1cc(C)n(C)c(=O)c1CN1CCc2c(Cl)cc(-c3c(C)noc3C)c(Cl)c2C1=O
CHEMBL5088217,CSc1cc(C)n(C)c(=O)c1CN1CCc2c(Cl)cc(-c3c(C)noc3C)c(Cl)c2C1=O,235.0,microL/min/mg,Stability,=,Metabolic stability in human liver microsomes at 1 uM in presence of NADPH generating system by LC/MS/MS analysis,A,1,CHEMBL5046305,Scientific Literature,microsome,CSc1cc(C)n(C)c(=O)c1CN1CCc2c(Cl)cc(-c3c(C)noc3C)c(Cl)c2C1=O
CHEMBL5087917,COc1cc(C)[nH]c(=O)c1CN1CCNc2c(Cl)cc(-c3c(C)noc3C)c(Cl)c2C1=O,79.0,microL/min/mg,Stability,=,Metabolic stability in human liver microsomes at 1 uM in presence of NADPH generating system by LC/MS/MS analysis,A,1,CHEMBL5046305,Scientific Literature,microsome,COc1cc(C)[nH]c(=O)c1CN1CCNc2c(Cl)cc(-c3c(C)noc3C)c(Cl)c2C1=O
CHEMBL5085993,COc1cc(C)[nH]c(=O)c1CN1CCN(C)c2c(Cl)cc(-c3c(C)noc3C)c(Cl)c2C1=O,80.0,microL/min/mg,Stability,=,Metabolic stability in human liver microsomes at 1 uM in presence of NADPH generating system by LC/MS/MS analysis,A,1,CHEMBL5046305,Scientific Literature,microsome,COc1cc(C)[nH]c(=O)c1CN1CCN(C)c2c(Cl)cc(-c3c(C)noc3C)c(Cl)c2C1=O
CHEMBL5079717,COc1cc(C)[nH]c(=O)c1CN1CCN(C)c2ccc(-c3c(C)noc3C)c(Cl)c2C1=O,9.0,microL/min/mg,Stability,=,Metabolic stability in human liver microsomes at 1 uM in presence of NADPH generating system by LC/MS/MS analysis,A,1,CHEMBL5046305,Scientific Literature,microsome,COc1cc(C)[nH]c(=O)c1CN1CCN(C)c2ccc(-c3c(C)noc3C)c(Cl)c2C1=O
CHEMBL5072578,COc1cc(C)[nH]c(=O)c1CN1CCN(C)c2c(Cl)cc(OC(C)C)c(Cl)c2C1=O,29.0,microL/min/mg,Stability,=,Metabolic stability in human liver microsomes at 1 uM in presence of NADPH generating system by LC/MS/MS analysis,A,1,CHEMBL5046305,Scientific Literature,microsome,COc1cc(C)[nH]c(=O)c1CN1CCN(C)c2c(Cl)cc(OC(C)C)c(Cl)c2C1=O
CHEMBL5093442,COc1cc(C)[nH]c(=O)c1CN1CCN(C)c2c(Cl)cc(C(C)C3CCOCC3)c(Cl)c2C1=O,206.0,microL/min/mg,Stability,=,Metabolic stability in human liver microsomes at 1 uM in presence of NADPH generating system by LC/MS/MS analysis,A,1,CHEMBL5046305,Scientific Literature,microsome,COc1cc(C)[nH]c(=O)c1CN1CCN(C)c2c(Cl)cc(C(C)C3CCOCC3)c(Cl)c2C1=O
CHEMBL5091527,COc1cc(C)[nH]c(=O)c1CN1CCN(C)c2c(Cl)cc(C(O)C3CCOCC3)c(Cl)c2C1=O,34.0,microL/min/mg,Stability,=,Metabolic stability in human liver microsomes at 1 uM in presence of NADPH generating system by LC/MS/MS analysis,A,1,CHEMBL5046305,Scientific Literature,microsome,COc1cc(C)[nH]c(=O)c1CN1CCN(C)c2c(Cl)cc(C(O)C3CCOCC3)c(Cl)c2C1=O
CHEMBL5074786,CCN(c1cc(Cl)c2c(c1Cl)C(=O)N(Cc1c(OC)cc(C)[nH]c1=O)CCN2C)C1CCOCC1,181.0,microL/min/mg,Stability,=,Metabolic stability in human liver microsomes at 1 uM in presence of NADPH generating system by LC/MS/MS analysis,A,1,CHEMBL5046305,Scientific Literature,microsome,CCN(c1cc(Cl)c2c(c1Cl)C(=O)N(Cc1c(OC)cc(C)[nH]c1=O)CCN2C)C1CCOCC1
CHEMBL5092735,COc1cc(C)[nH]c(=O)c1CN1CCN(C)c2c(Cl)cc(-c3ccc(N4CCOCC4)cc3)c(Cl)c2C1=O,7.0,microL/min/mg,Stability,=,Metabolic stability in human liver microsomes at 1 uM in presence of NADPH generating system by LC/MS/MS analysis,A,1,CHEMBL5046305,Scientific Literature,microsome,COc1cc(C)[nH]c(=O)c1CN1CCN(C)c2c(Cl)cc(-c3ccc(N4CCOCC4)cc3)c(Cl)c2C1=O
CHEMBL5069417,COc1cc(C)[nH]c(=O)c1CN1CCN(C)c2c(Cl)cc(-c3ccc(Cl)cc3F)c(Cl)c2C1=O,97.0,microL/min/mg,Stability,=,Metabolic stability in human liver microsomes at 1 uM in presence of NADPH generating system by LC/MS/MS analysis,A,1,CHEMBL5046305,Scientific Literature,microsome,COc1cc(C)[nH]c(=O)c1CN1CCN(C)c2c(Cl)cc(-c3ccc(Cl)cc3F)c(Cl)c2C1=O
CHEMBL5079867,COc1cc(C)[nH]c(=O)c1CN1CCN(C)c2c(Cl)cc(-c3ccc(CN4CCOCC4)cc3)c(Cl)c2C1=O,41.0,microL/min/mg,Stability,=,Metabolic stability in human liver microsomes at 1 uM in presence of NADPH generating system by LC/MS/MS analysis,A,1,CHEMBL5046305,Scientific Literature,microsome,COc1cc(C)[nH]c(=O)c1CN1CCN(C)c2c(Cl)cc(-c3ccc(CN4CCOCC4)cc3)c(Cl)c2C1=O
CHEMBL5441417,CC(C)[C@H](Nc1ncnc2[nH]ccc12)c1ccc2c(c1)S(=O)(=O)CCC2,27.9,uL/min/1E6 cells,CLint,=,"To determine the metabolic stability in human hepatocytes the compounds are incubated in 1 uM concentration at 37 C. The hepatocytes are diluted to a concentration of 0.5x1E6 cells /mL and equilibrated at 37 C. Biotransformation is initiated by addition of compound and mixing. Standard time-points are used as 0, 5, 10, 20, 40, 60 min, and the final solvent concentrations are 0.99 % methanol and 0.01 % DMSO. At each specified time-point, a sample aliquot is removed from the test incubation mixture and combined into a cassette of up to 4 compounds, in methanol containing internal standards (Dextromethorphan, Diazepam, Midazolam, Phenacetin and Naloxone) to stop the reaction. The quenched samples are then centrifuged to precipitate the protein. The supernatants are analyzed by LC-MS/MS to measure the test parent compound remaining at each time-point. Clearance and half-life are calculated. The assay has been performed by Concept Life Sciences Ltd.",A,71,CHEMBL5442163,AI-driven Structure-enabled Antiviral Platform (ASAP),hepatocyte,CC(C)[C@H](Nc1ncnc2[nH]ccc12)c1ccc2c(c1)S(=O)(=O)CCC2
CHEMBL5441415,CC(C)[C@H](Nc1ncnc2[nH]c(-c3cnn(C)c3C#N)cc12)c1ccc2c(n1)OCCO2,28.7,uL/min/1E6 cells,CLint,=,"To determine the metabolic stability in human hepatocytes the compounds are incubated in 1 uM concentration at 37 C. The hepatocytes are diluted to a concentration of 0.5x1E6 cells /mL and equilibrated at 37 C. Biotransformation is initiated by addition of compound and mixing. Standard time-points are used as 0, 5, 10, 20, 40, 60 min, and the final solvent concentrations are 0.99 % methanol and 0.01 % DMSO. At each specified time-point, a sample aliquot is removed from the test incubation mixture and combined into a cassette of up to 4 compounds, in methanol containing internal standards (Dextromethorphan, Diazepam, Midazolam, Phenacetin and Naloxone) to stop the reaction. The quenched samples are then centrifuged to precipitate the protein. The supernatants are analyzed by LC-MS/MS to measure the test parent compound remaining at each time-point. Clearance and half-life are calculated. The assay has been performed by Concept Life Sciences Ltd.",A,71,CHEMBL5442163,AI-driven Structure-enabled Antiviral Platform (ASAP),hepatocyte,CC(C)[C@H](Nc1ncnc2[nH]c(-c3cnn(C)c3C#N)cc12)c1ccc2c(n1)OCCO2
CHEMBL5441414,CC(C)[C@@H](Nc1ncnc2[nH]c(-c3cnn(C)c3C#N)cc12)c1ccc2c(n1)OCCO2,182.0,uL/min/1E6 cells,CLint,=,"To determine the metabolic stability in human hepatocytes the compounds are incubated in 1 uM concentration at 37 C. The hepatocytes are diluted to a concentration of 0.5x1E6 cells /mL and equilibrated at 37 C. Biotransformation is initiated by addition of compound and mixing. Standard time-points are used as 0, 5, 10, 20, 40, 60 min, and the final solvent concentrations are 0.99 % methanol and 0.01 % DMSO. At each specified time-point, a sample aliquot is removed from the test incubation mixture and combined into a cassette of up to 4 compounds, in methanol containing internal standards (Dextromethorphan, Diazepam, Midazolam, Phenacetin and Naloxone) to stop the reaction. The quenched samples are then centrifuged to precipitate the protein. The supernatants are analyzed by LC-MS/MS to measure the test parent compound remaining at each time-point. Clearance and half-life are calculated. The assay has been performed by Concept Life Sciences Ltd.",A,71,CHEMBL5442163,AI-driven Structure-enabled Antiviral Platform (ASAP),hepatocyte,CC(C)[C@@H](Nc1ncnc2[nH]c(-c3cnn(C)c3C#N)cc12)c1ccc2c(n1)OCCO2
CHEMBL5441401,CNCc1cc(-c2cc3c(N[C@@H](c4ccc5c(c4)S(=O)(=O)CCC5)C(C)C)ncnc3[nH]2)co1,14.2,uL/min/1E6 cells,CLint,=,"To determine the metabolic stability in human hepatocytes the compounds are incubated in 1 uM concentration at 37 C. The hepatocytes are diluted to a concentration of 0.5x1E6 cells /mL and equilibrated at 37 C. Biotransformation is initiated by addition of compound and mixing. Standard time-points are used as 0, 5, 10, 20, 40, 60 min, and the final solvent concentrations are 0.99 % methanol and 0.01 % DMSO. At each specified time-point, a sample aliquot is removed from the test incubation mixture and combined into a cassette of up to 4 compounds, in methanol containing internal standards (Dextromethorphan, Diazepam, Midazolam, Phenacetin and Naloxone) to stop the reaction. The quenched samples are then centrifuged to precipitate the protein. The supernatants are analyzed by LC-MS/MS to measure the test parent compound remaining at each time-point. Clearance and half-life are calculated. The assay has been performed by Concept Life Sciences Ltd.",A,71,CHEMBL5442163,AI-driven Structure-enabled Antiviral Platform (ASAP),hepatocyte,CNCc1cc(-c2cc3c(N[C@@H](c4ccc5c(c4)S(=O)(=O)CCC5)C(C)C)ncnc3[nH]2)co1
CHEMBL5441391,Cn1ncc(-c2cc3c(N[C@@H](c4ccc5c(n4)OCCO5)C(C)(C)C)ncnc3[nH]2)c1C#N,171.0,uL/min/1E6 cells,CLint,=,"To determine the metabolic stability in human hepatocytes the compounds are incubated in 1 uM concentration at 37 C. The hepatocytes are diluted to a concentration of 0.5x1E6 cells /mL and equilibrated at 37 C. Biotransformation is initiated by addition of compound and mixing. Standard time-points are used as 0, 5, 10, 20, 40, 60 min, and the final solvent concentrations are 0.99 % methanol and 0.01 % DMSO. At each specified time-point, a sample aliquot is removed from the test incubation mixture and combined into a cassette of up to 4 compounds, in methanol containing internal standards (Dextromethorphan, Diazepam, Midazolam, Phenacetin and Naloxone) to stop the reaction. The quenched samples are then centrifuged to precipitate the protein. The supernatants are analyzed by LC-MS/MS to measure the test parent compound remaining at each time-point. Clearance and half-life are calculated. The assay has been performed by Concept Life Sciences Ltd.",A,71,CHEMBL5442163,AI-driven Structure-enabled Antiviral Platform (ASAP),hepatocyte,Cn1ncc(-c2cc3c(N[C@@H](c4ccc5c(n4)OCCO5)C(C)(C)C)ncnc3[nH]2)c1C#N
